x	y
-1.83255119284931	1.15215643502131
1.82148708414178	0.724579036933352
-0.21158767729877	0.0692522593193464
-0.512751206931149	0.19586842696468
0.157633323445896	0.0401249768572365
0.144983099103736	0.027824125638065
0.159825702589389	0.0405961444844569
0.162070178892022	0.0411144637566376
0.939853714804409	0.251002284675557
-2.58142672375403	0.684312616488773
-0.727665050071283	0.2526903198642
-1.27261442293622	0.579780704461
-1.8009224274669	0.401413641514774
0.144983099103736	0.027824125638065
1.44707333879815	0.486882965382531
1.44816685557941	0.487186600500996
0.144983099103736	0.027824125638065
1.45151622307992	0.488502446881907
1.9546069313489	0.460412245381477
0.944102727079701	0.251755733219961
2.74958998501656	0.787920507210083
0.939298703364537	0.250809511779044
0.158104109918261	0.0476970098800851
-0.515852566204875	0.197244185536905
-1.51684905918208	0.549966932484854
-0.210870083038772	0.0690051452148311
-1.14283325733795	0.352132388893513
0.940366139413571	0.250549017337595
-0.637509639132058	0.157280902410938
1.07311908937101	0.525676834317642
-1.80103877399874	0.401412128456168
-0.219428296929652	0.0715830137315331
0.144292720137753	0.0276888229156664
-1.80103877399874	0.401412128456168
-0.641217763381128	0.157896990579203
2.74958998501656	0.787920507210083
-0.347881275810247	0.101704932899344
-1.02347694248815	0.410248691257658
-1.02198006071152	0.411274533949238
-1.80497515009983	0.40204480448646
-1.80103877399874	0.401412128456168
0.148508541635756	0.0283091884660306
2.75257155834301	0.787872112571947
-0.635886909613779	0.156604724964807
-0.636990001200621	0.156817984288667
-1.8009224274669	0.401413641514774
-1.14241956815201	0.351807769829277
-1.80103877399874	0.401412128456168
0.145952781975537	0.027957432098957
-1.8009224274669	0.401413641514774
-0.723678625838308	0.25185170240566
-0.722656757230261	0.251937110505122
-1.81212667282209	0.748612465537256
-1.80103877399874	0.401412128456168
-0.638059916511872	0.157099877961465
-1.51867963642989	0.551199515777305
-1.81815462985932	0.752329885228272
-2.58142672375403	0.684312616488773
-1.14310865877862	0.351285302005725
-2.06367777838056	0.95401618839818
0.939298703364537	0.250809511779044
-1.81740649233114	0.752549709047675
0.159825702589389	0.0405961444844569
0.669903363513283	0.215634804708644
-3.46548192503542	1.25708114187766
0.940922493736804	0.250741724034319
-1.14851210229951	0.353384284502155
-3.09073773131398	0.977080546046746
-1.01982638852231	0.409294816847698
-1.524451922565	0.552456091331436
0.15372623772021	0.039243442264908
0.158104109918261	0.0476970098800851
-0.724429393801244	0.251996505115541
3.25819512813541	1.12540871646052
0.942469249206212	0.251285156498659
-2.58142672375403	0.684312616488773
0.15372623772021	0.039243442264908
-0.346051722995957	0.100990327474769
0.947302192663454	0.251880296760776
-0.636990001200621	0.156817984288667
-1.02753370414198	0.41314398527887
0.659936638860136	0.211580245845419
-0.636959492719679	0.156887069567616
-1.51867963642989	0.551199515777305
-0.636990001200621	0.156817984288667
-2.58142672375403	0.684312616488773
-3.08605931477026	0.975090216684496
-0.633263297544021	0.156213540903658
0.665631852900648	0.213765325882499
-2.58178332536446	0.682930522892635
2.75356411778207	0.788200953807627
-0.633263297544021	0.156213540903658
1.44598024938091	0.485455548198704
-1.80103877399874	0.401412128456168
-0.636990001200621	0.156817984288667
-3.08605931477026	0.975090216684496
0.144624243113007	0.0277697138706121
-2.58107011718166	0.682882000334415
0.940366139413571	0.250549017337595
-1.15174076397451	0.353721534917221
0.940922493736804	0.250741724034319
0.67023417962338	0.214944722788871
0.144624243113007	0.0277697138706121
-0.641217763381128	0.157896990579203
-3.45989362965761	1.25724083459984
-2.58142672375403	0.684312616488773
1.9546069313489	0.460412245381477
1.44816685557941	0.487186600500996
0.158036719368933	0.0402017101522864
-0.637509639132058	0.157280902410938
0.158036719368933	0.0402017101522864
-0.633819675881249	0.156036191470775
1.9546069313489	0.460412245381477
-0.345110153737869	0.100567839937822
0.148874773794293	0.0283648154803441
2.7486062124648	0.786021619850662
-0.636438389477554	0.156998062672413
-2.58550852264163	0.684811136427957
-1.51942044620827	0.551189226731038
-2.58178332536446	0.682930522892635
-3.46409750383962	1.2590838657058
2.74958998501656	0.787920507210083
2.75057603691244	0.786424841779512
1.45151622307992	0.488502446881907
1.44707333879815	0.486882965382531
1.03882026472922	0.400114292850008
1.9546069313489	0.460412245381477
-1.80103877399874	0.401412128456168
2.74958998501656	0.787920507210083
-1.8009224274669	0.401413641514774
1.95373899190972	0.460332693481441
-0.345110153737869	0.100567839937822
-0.731240767426322	0.974432440944377
-1.60609608837844	1.90125709101051
-0.942847214391238	1.07308856142614
0.586097808087915	0.560869140950702
0.044436918536133	0.0272047139314787
-0.597200345932485	0.285915897702369
0.665631852900648	0.213765325882499
-0.464644660529203	0.30898142049874
0.154761683036979	0.081478451940017
-0.424785212126082	0.364512417260038
-0.337384520061996	0.239463243121698
-1.12460592613455	1.4651814041173
-0.125122278524913	0.0735403903850225
-0.0126784897400386	0.0083887408934738
-0.0264510520811124	0.0125370165570672
-2.53931808287189	2.61107077682439
-0.886334429142615	0.816135776963263
-1.09216665613896	0.739408392048119
0.445254943515106	0.180826712699052
-0.527005736410662	0.435364188267028
-0.00390820977526369	0.00194916341334003
-0.0941717075536865	0.0375157318846001
-0.23729474973706	0.154326668877019
-0.295957371070717	0.214555234715738
-0.0527922450575438	0.0330533360106688
0.340069876266978	0.1884693738549
-0.102387349621704	0.0600461498883218
0.000716310707524069	0.000288822507236509
-0.553736051278602	0.348993571511669
-0.587927977267216	0.428708785547502
0.172780304595429	0.117374539390884
-1.60849575045906	1.22757790302188
0.544656167084842	0.450588830466428
-0.352972902975769	0.311958856715702
-0.79458473365251	0.608571726681465
-0.596951795536797	0.48206147113497
0.351700211038551	0.334908556138042
0.298234135588809	0.224396722529637
-0.691501887196829	0.546848131075519
0.174698443770519	0.124016206577585
-1.34308825822356	1.101194981721
-0.976311373514961	1.22341506582915
-0.972975213530755	0.483043609694177
-0.727179123195026	0.25354055255114
0.531223226643993	0.193578240394512
0.997251611825843	0.811087985332348
1.27109094746915	0.703995960312811
0.862837698538311	0.632544756372017
-0.101736091652399	0.0723149744115003
-0.278031046531632	0.230285269677735
0.293113351552809	0.229496713059861
-0.280343887286015	0.251304141865302
-0.0481972603630377	0.036530133611699
-0.0390193718734118	0.025062811667503
-0.535496795274913	0.334429582846177
0.0103090098690689	0.00715460201436214
0.281164546777627	0.219217730982598
-0.88759066845594	0.818163565356798
-0.784086244051327	0.792314406189417
0.156663930029466	0.0825088113940101
0.381587599477704	0.32407095933379
-0.677453842256246	0.473122184609945
-0.435712483845347	0.33515809626093
0.32297104098906	0.208682888016408
-0.600747276487568	0.488328649493755
0.449075656183903	0.32318572762969
0.174786120525641	0.118479951991299
-1.15750885100293	0.647904639842956
-0.231874778333661	0.150608683579645
0.156069922170982	0.0820994882712422
-0.0997297711314146	0.0708125743459821
-0.0872281781320394	0.0530078569001115
0.831947775377919	0.352785301442124
-0.390434209856965	0.26859207194371
-0.332512391333766	0.235030384121026
-0.986114529784868	0.970945109816194
-0.564199667117375	0.511631814131984
1.36645480031194	1.25244317645314
-0.109273750915967	0.0643264676806031
-0.467547979646458	0.31142677955389
-0.676676871811382	0.471982619674005
-0.0558377335975521	0.0243996633486558
-0.0503206674867377	0.0314890578601651
-1.45698068186415	1.29769079713268
0.402792231200448	0.332022189328711
-0.603677184356224	0.289289145380293
-0.336813100486733	0.201795449498443
-0.598441675329362	0.287154696749962
0.158477520444562	0.0905330976197884
-1.66878705254504	0.950527332740472
-0.397869601896913	0.166567008805953
-0.095402150947848	0.0379515117427209
0.786022615004188	0.616160618110327
-0.539508938014436	0.338620416162017
-1.1550139488976	0.995054811158283
-0.00945434127258673	0.00462572425334393
-0.346391761922432	0.101125986544327
0.787806431720793	0.467464141388399
-0.0554194880842625	0.0242288232428228
0.44931469059727	0.322350630794732
-0.18248411413294	0.0973184812767079
0.312700043865219	0.214365591267865
0.163157947203323	0.0934723714251513
0.359887980417947	0.180586006276706
-0.902659780244845	0.746716512028182
0.321726372332902	0.193635752285685
-1.28464647093999	1.57397540722961
0.154514436974317	0.0743218842570371
-0.678499657392202	0.472996306944998
0.0721823074892039	0.0466258073177521
-0.622763092702406	0.554320714785477
-1.94253047377117	2.86121231531433
0.706686898765273	0.459922964520591
-0.917388186884119	0.662588786146595
-0.186413963709079	0.0995843531960857
-0.0706220687712963	0.0428062117648815
1.35802992475747	1.23328277929964
-0.538553218273023	0.338029845767152
-0.0417126064053131	0.0194352750482395
-0.245380326984302	0.122484600829827
-0.303221842590552	0.139214145314529
0.0363010492857619	0.021063331580153
-1.72822649753179	1.44033770289623
0.151642818377152	0.0653830559041162
-0.693377011481878	0.54946551867813
-2.58107011718166	0.682882000334415
1.03531563070088	0.397416666916399
-0.0972811927858861	0.0386704976100476
0.168586424010521	0.103229855583162
-1.67756718796453	0.95456881275616
-1.54971093558643	1.47740432262897
-0.303329180433885	0.138788584005762
-0.0324392430513796	0.0152576537883895
0.15485559217632	0.0669495878539201
-1.93965040333118	1.88250954692332
1.86466660601081	2.4189889248725
-0.14816258989354	0.0534921286364973
-0.949112622756573	0.580940901573
-0.599206700712204	0.287129569997588
0.4517425053863	0.183423930317688
-0.306219302247256	0.140501347884307
0.396140212323834	0.179517366103042
0.153809731188108	0.0877271175595467
-0.40805872637964	0.23020960945646
-0.666663912810281	0.77207091296251
-1.28704280834094	1.73241156743443
-0.511096528857961	0.622395263705335
0.298681938138096	0.203932259998005
-1.06084633576688	1.31967645554123
-0.38321021176863	0.362688427449527
-0.410404407026763	0.413612049522794
-0.604210658327377	0.489447767699688
0.446294514616072	0.319599052450233
-0.0667621168278473	0.0289816571310525
-0.999526381007558	1.186097584199
0.0699056988014404	0.045206953409384
-0.114510372677377	0.0817752611245064
0.411088369308235	0.324664242298525
-0.462712250139071	0.305752079033168
0.172959461945184	0.111776060523542
-1.19569985874522	1.22715118348659
-1.23668379229336	0.929644878331493
-0.0671283828762093	0.029150163830711
-0.115871805657098	0.0682499307492108
-1.32558931424109	0.827371293184792
0.29416437837409	0.211173477400764
-0.957847402567038	0.586406495110411
-0.403950351573022	0.22707610705111
-0.49000876609842	0.255980721799169
-0.0948120336312452	0.0670514195684299
-0.606650468109225	0.494496517360424
-0.886461799690877	0.813809057663729
0.191915090226052	0.131287813198306
-0.673622763197831	0.468730774746653
1.4849950018411	1.47972232952592
-0.0948065474344911	0.0553704836817205
-0.924520824181069	0.670441921506615
0.613785551431771	0.46225932862023
-1.27525121355429	1.38594352046815
-0.538875906280889	0.448076353253949
-0.448313692263796	0.346489929679925
0.294045885890632	0.221049087443853
0.473348049988471	0.450510253090516
-0.579422002258333	0.42129454363534
0.692021694237966	0.600509961693512
0.301222398019267	0.205962357205668
-0.583647261309758	0.425264279953951
-1.66617887714548	2.06135334012617
-2.3582077861086	3.02957978146871
-0.545923484639135	0.343389498821573
-1.16088298991205	1.4319113613801
-1.18726406279386	1.21579686542706
-0.186668115650869	0.123977566106725
-0.679277859495655	0.474091598610491
-1.33033841776218	0.833301306316734
1.78770180945946	1.01536561229997
0.508642558527591	0.320473976105134
-0.578090118695974	0.420456922961052
-0.46984312278874	0.312743416746902
-0.388176521636088	0.304867108123189
-0.191827145378577	0.147438721385842
-0.414082850576303	0.386777240798042
-0.313422958255298	0.279195190904917
-0.195671344833911	0.167019685073438
-0.423902219215514	0.36216198503645
-0.174973228055435	0.136878326269092
-0.0427618100612314	0.027422326834863
-0.289934378397236	0.261556311874126
-0.489465323442002	0.486714657633045
-1.09851546380248	1.05182675689863
-0.680151022347377	0.473851085561309
-0.533017554863453	0.524953162239352
-0.467102139789697	0.495147798859567
-1.16588583121381	0.654824552022475
0.312747553276792	0.201265426175547
0.150763745232046	0.0725439188581271
0.15701153528841	0.0828353344436844
-0.408889583450121	0.230634265392077
0.600044336684499	0.449739394155007
-0.157931694665466	0.108150948640551
1.82317998866194	0.72570154697374
-1.19569985874522	1.22715118348659
0.157653769252957	0.0833545890936028
0.0177835196080755	0.00967258259358314
0.167275713416576	0.108227591427019
0.308984483008296	0.198360806099007
0.601700405551234	0.451345063702595
0.0394155255549688	0.0227973064484722
-0.491958590918373	0.256890515180804
0.150453728278255	0.0793498067389023
-0.228169682438021	0.148216607262013
0.16812292857103	0.102911932706206
-0.537254065761719	0.44722940160156
-0.674985804625452	0.468804605563437
-1.26084035310713	1.17589190279249
-0.554466650991666	0.350477948077413
-1.05065246722291	0.838972572899722
-0.403450697433707	0.226984504812721
-0.25257444096167	0.126067927931854
-0.148640114751383	0.0840498718072659
-0.337439546829127	0.238985209132811
-0.608471913105499	0.292595784142398
0.547764775128529	0.316002427800321
-0.402166227837495	0.168394233488215
-0.520489423661184	0.199119614912018
-1.23452041864055	0.927590728608008
-0.00615994800325297	0.00305821232901307
-0.315586650371659	0.145139832350916
-0.00602483950749858	0.00299699575081682
0.153405388703481	0.066400669654385
-0.543183882314581	0.341991410338625
-0.143250502561409	0.0809427476982403
-2.11854713887668	1.61941701362278
-1.22151596334026	0.913383628276364
0.449883640931861	0.182578552651238
-1.32268916622964	0.826166043456925
0.148426272076667	0.0712337484165861
-1.10526630091833	0.752299291431107
-1.27562101606895	0.583695327776066
-0.795962786872403	0.522421538771103
0.170995433841642	0.104611147932931
-0.234919462146274	0.11682381159622
-0.189498575789978	0.101475554466383
-0.794994739189858	0.52168108701005
0.150560591340052	0.0581713067257616
0.0662571855560104	0.0427998175635177
0.324404581943352	0.195418220491925
-1.55996564237325	1.49567872065129
1.76582620577564	1.3672051363132
-1.48252995664619	0.756663056048577
-1.4738394584269	1.02407684478155
-0.064232492036837	0.0279678825605393
0.157947849090495	0.0759036652756903
-0.64563737217389	0.379827877729799
-0.460890892697138	0.305800071946994
-0.675118286055228	0.468798830074327
0.388327205367813	0.175017898836851
-1.25614590410416	1.16820607041373
-0.948783074428195	0.578983513041556
0.472388590418167	0.319304083371967
-0.759464560325363	0.333463084710515
-1.80497515009983	0.40204480448646
-4.2144634652177	2.01161717724373
-1.33139887882688	0.833409406769247
0.163047529348944	0.0861323834226893
-0.306547851694833	0.141091468517231
-0.923567434122455	0.669552322068816
-0.599893929560631	0.287414789424181
-0.802109295098087	0.528555615929063
0.1620252355977	0.0855263925942179
0.0540278204922456	0.0330387608419894
-0.0231821198500429	0.0110312461491833
-0.881153598369732	0.805126692682349
-0.0311649181539749	0.0146613613890999
-0.793714444807651	0.745162396150931
0.396372696300784	0.17930892079227
-0.104323452080495	0.0413883183624972
-3.0411857280655	2.43720318019508
-0.482569060781375	0.251491332187584
0.00586019828992081	0.00276197839611388
-0.976125960936435	0.486927927519843
-0.783485766449426	0.425898606307403
0.905398556734975	0.490687363140464
0.36025468552045	0.180780446415884
0.173412204376881	0.117872851420968
-0.459489879881186	0.427192768694487
0.787201258885211	1.02241235975642
0.365375368768415	0.330279140718589
0.017424361849778	0.0125567808781695
1.33357135197068	1.39116596142247
0.0235766896777839	0.0126916306556475
-1.16179273669016	0.650992030959653
-2.06610393324234	0.955798962815659
-0.0900381040401055	0.0358845072944065
-0.0592550588701879	0.0258098889712065
1.46677637477626	0.92017993336171
1.06906023413505	0.52399481001835
-2.24142904429483	1.86220338317657
-0.884916411235914	0.81460781589565
0.685342489900612	0.321546307279139
-0.398367504797606	0.274602596376469
-0.540452547352192	0.339287819694429
-1.35164727911317	1.34930436390472
-0.281171199744483	0.176157095793094
-1.67508408156447	0.955476673818635
-0.391265768818464	0.163995996745211
1.81644367388164	0.72100435238493
-0.348964786734811	0.101837107016821
0.530405394773187	0.19293383980914
-0.767263189334117	0.336830311003372
-0.601809544147604	0.288906996366902
-3.75752848880672	1.51704168071265
-0.143179909679303	0.0516016538907498
-0.510471133847125	0.195363258012676
-0.602006756557341	0.289449153823694
1.57327417442575	0.792259118478057
-1.16231084577743	0.651530929339694
-2.0706505076459	0.959338347401984
-1.32088491271612	0.825639858099944
-0.523665023762813	0.199959115881049
-2.11389160517925	1.60977146483744
-1.33337308275358	0.833207208535723
-1.51833170548507	0.550474500519343
-0.175218437188468	0.137050156657393
-0.1561401868124	0.106834250044415
-1.13330691729892	1.24989898627028
-0.798160493230933	0.525641467402081
1.48038412282611	1.47698461531587
0.0517149014427947	0.0317493001633441
-0.693787407245148	0.605202308916317
-0.109344105366143	0.0778675781345005
0.586844384491766	0.563002962514818
-0.558303462555241	0.505725940848797
-0.697729170490392	0.609987861957312
-0.930009179834745	0.677048883094531
-0.147583335940051	0.0531786308870747
-0.500318586802007	0.261671857298226
-0.65426125568028	0.386458245905228
-0.301846933881068	0.244597432840415
-0.197039679532669	0.151624279774471
0.537315070706006	0.307010263544203
-0.950564205799766	0.58198163053543
-0.785490993138614	0.733513465481247
-0.980707175228182	0.48863605366341
-0.724429393801244	0.251996505115541
-1.14173074601379	0.351630194981725
-0.386057546772671	0.161751414839187
-3.08605931477026	0.975090216684496
-1.01774198098802	0.408465897919083
-1.01675590822062	0.407972067925741
2.36327322398366	1.20432357210114
1.07277333902931	0.526857200434305
-0.795835325868907	0.433487389421634
0.669151397214654	0.214915118766865
0.44434807454254	0.180334205480996
0.159873979297135	0.0482815097019209
-0.0605421636590245	0.0263589738390532
-0.143516882394247	0.0518303322908422
0.153538548176328	0.0592272382906352
0.159120665328247	0.048062202194274
-0.148785407254285	0.0536907631429728
-0.792971953625349	0.600728951770732
-1.82613817512577	0.754805614156922
-0.22040475323253	0.0720313901877078
0.450532391701879	0.183205964517695
-0.138243118194653	0.0500006706162779
0.149975860929304	0.0579241892206102
-0.721906540285296	0.25157399652224
0.15052959578156	0.051614574613139
-1.82013283681335	0.753499529716958
-2.58178332536446	0.682930522892635
-0.721156709968222	0.250838938542479
-1.51759082970521	0.54879582421027
-0.31284639078228	0.143398216651104
-0.636959492719679	0.156887069567616
-0.636438389477554	0.156998062672413
1.27876523122903	0.71155099017836
3.63553631715371	1.45516543033256
0.459229674353528	0.186708341659701
0.396702542158763	0.179290416391278
0.154845026185089	0.0670171161365225
1.82393551449113	0.726315315015904
0.153837644582369	0.0464855600138019
0.533895130806427	0.194581489771343
1.44816685557941	0.487186600500996
-1.27676803648149	0.581766483346834
0.457701392410892	0.185947828452328
1.46344638411409	0.917817301373533
0.68967449042098	0.598257698146607
-0.111313157223705	0.065591496627537
-1.27194474516084	0.579924971604282
-1.15640358556071	0.647190211436835
-2.27685490925588	1.16611776797245
0.158036719368933	0.0402017101522864
-0.386057546772671	0.161751414839187
-0.38754286036109	0.162377826217245
-0.584271373789742	0.425466207068625
0.183660820231154	0.119425687931477
1.33813720779684	0.59634854680219
-0.512751206931149	0.19586842696468
0.152333554816668	0.0588163373718562
-2.07953475677743	0.958377430469465
-1.14104219214391	0.350714860686515
-0.39036423870232	0.163650413054301
-0.637509639132058	0.157280902410938
0.666381294485655	0.214481042382208
0.6645527926843	0.213454144615325
2.11825875465965	0.964963255219529
-0.0547200876628438	0.0342985150004891
-0.305685997906007	0.140303200503559
1.78124037687442	1.00799019464972
-0.216543534622435	0.0706689190848181
0.607215353913124	0.317694808895259
1.33547122315643	0.593485432342235
0.703662838791789	0.332411621561813
-1.48345513317086	0.759410563089855
-0.759464560325363	0.333463084710515
-1.26682211368405	0.577178479347997
1.82041011870169	0.724546408240772
1.06933690227919	0.52417571767679
-0.972076748691069	0.951551611082672
-0.160882161193024	0.124855619879544
0.0184185059263727	0.0178778499616796
-0.324789623910436	0.522437990365097
-0.130241091479215	0.169350590963099
-0.155479639099126	0.106180527911316
-0.214123379998796	0.0699227235538962
-1.5211231585376	0.550885444723327
1.4454247852823	0.484840762250273
-0.514635039335923	0.197073437131208
1.28598209008686	0.714938091795542
-0.218710230536797	0.0713607252338727
-1.02374598899693	0.411135954461803
-1.14283325733795	0.352132388893513
-1.72436000206325	1.43363979887081
1.62146937533846	1.13518045357693
-0.052651609538182	0.0229950263375521
-0.402493398151782	0.226415072950549
-0.143681170190401	0.0809925204964124
-0.656189791886851	0.387532308065194
-0.719916676812819	0.25028316194156
-0.206365867327093	0.0673806420364606
0.824922848092663	0.35211027185909
0.159120665328247	0.048062202194274
-0.637509639132058	0.157280902410938
-1.51834057120307	0.550050642444883
-1.14214562413243	0.351215554477081
0.151745169358508	0.058587168086963
-0.721906540285296	0.25157399652224
-1.8009224274669	0.401413641514774
-1.51793915586182	0.550681864442582
-1.80497515009983	0.40204480448646
1.04204927283613	0.400028703678037
-0.137622313529336	0.049786449357193
-1.14671720971639	0.353197314225222
-0.636959492719679	0.156887069567616
-0.216172722976397	0.0706904380630048
-0.294532407862782	0.324004343236807
0.0549385493655141	0.0532246201233794
0.290365686621302	0.395744964868599
-0.352910447112339	0.336978864682882
-0.0587528491397358	0.0622108406023629
-0.148048961935753	0.206965361847345
-0.408977327921505	0.580325576001696
-0.330202945252086	0.447601729900862
0.104242259382599	0.14374528065169
0.158920868583168	0.162363201344544
-0.130205585891975	0.0908259249893639
1.79520498445262	1.01436881743124
-0.348626537089827	0.10172068619406
-1.10068563767564	1.05290643461065
-0.672030907131639	1.13514555280285
-1.52295784924345	0.552861579278889
-2.58142672375403	0.684312616488773
0.669903363513283	0.215634804708644
-3.76250403815349	1.51948581581053
1.44746976337709	0.486785860941538
0.166533308093854	0.0419929996668512
0.66209183440345	0.212643534404712
0.159825702589389	0.0405961444844569
0.666711334578513	0.213667593723057
1.95373899190972	0.460332693481441
1.95373899190972	0.460332693481441
1.81965712946419	0.72393570375632
-2.58142672375403	0.684312616488773
-0.636990001200621	0.156817984288667
-3.0855122183307	0.972756963025588
-1.8009224274669	0.401413641514774
0.154592632475222	0.0467595304777688
-0.352171048045609	0.102884554871845
-1.14602109676128	0.352462565358244
0.150336136980927	0.0454126573654921
0.938786187734731	0.250272333462114
0.158870112724068	0.0403250933632853
-1.8009224274669	0.401413641514774
-0.352171048045609	0.102884554871845
1.33716574216828	0.596130922443722
-0.723407361182732	0.252081836804318
-2.58550852264163	0.684811136427957
-1.14241956815201	0.351807769829277
0.694820154652511	0.327648647703803
-1.81787317417352	0.7502127413783
-0.352171048045609	0.102884554871845
2.12029460662934	0.965946921202229
0.159120665328247	0.048062202194274
-0.344362382759712	0.100549162971635
-1.14283325733795	0.352132388893513
2.7486062124648	0.786021619850662
-0.51396531615413	0.196814734006425
0.170426733110777	0.104130476228272
-0.598694811863245	0.48553583356319
1.8142953907822	0.720202227075537
-1.13976658402628	0.349898349308083
-0.516250072697604	0.197637497642431
-0.638059916511872	0.157099877961465
-0.139156719720498	0.0503235750897403
0.469548338295427	0.317928269224526
0.112495831395322	0.090493304529689
-1.83235434570023	1.15531147539716
0.145952781975537	0.027957432098957
-1.8009224274669	0.401413641514774
0.144983099103736	0.027824125638065
-0.637509639132058	0.157280902410938
-0.637509639132058	0.157280902410938
-0.243932079309698	0.224017609907124
-0.98649343448305	0.491361087548199
1.03806395636365	0.39882502542582
-0.391579871043955	0.163798466897451
-0.0990852040381045	0.0579257291859008
0.159120665328247	0.048062202194274
-1.32603124429498	0.830333865261929
0.152641938101793	0.0589243022830194
0.45050356191495	0.183147739723919
-0.388002549659647	0.338793759771635
-0.477279871471497	0.471286248987095
-1.82115855719938	0.754396487877528
1.03907598780005	0.399013432660369
0.606198013866531	0.316810449538264
-0.550746043096084	0.347927937937458
0.512719621831055	0.528390634579381
-0.122751045058004	0.0979344814234918
0.274078940694103	0.372744541867773
-0.291467925994981	0.341259777866884
0.528584868577847	0.192427149587019
-0.391265768818464	0.163995996745211
0.158729294236089	0.04043260950787
-2.06538713025603	0.955693446391778
-0.718143294445899	0.249734234417734
-0.215822966582871	0.0705622923402569
1.57955625735979	0.800243929979803
-2.06610393324234	0.955798962815659
-0.757308721194726	0.331528273447603
-0.201072483338521	0.107591126298857
1.23575738985831	1.03220413140759
-0.582136014441681	0.423826561530571
-0.35237099175998	0.283762078722194
-3.08605931477026	0.975090216684496
1.44637717898614	0.486482829772734
-0.512943067178434	0.195640386189636
-2.07953475677743	0.958377430469465
0.156941675224984	0.0398954425925589
-1.53309731520378	0.553408349636547
-0.722178250971348	0.25075614733526
-0.638059916511872	0.157099877961465
1.03531563070088	0.397416666916399
1.0385642363423	0.399078648892044
0.664222224803941	0.213409026485109
-0.640656975678056	0.157776356363176
-0.222358457614273	0.0725370670442538
0.666700173480009	0.213823752041035
-0.396706850288183	0.166365080981218
-0.936879663850888	1.34713130324308
-0.484907482177808	0.575758340608374
-0.403530249336148	0.319510210636799
1.07500489181189	1.75544106124681
-0.600792260227233	0.969177232281113
0.526295849861345	0.624794706990207
0.193120573511154	0.205679765991384
-0.323407911677025	0.418689711163027
0.500444969103323	0.61429700101955
0.0165505558218069	0.0114251483241073
0.156223133220794	0.0535100581703532
-1.02224709287202	0.410608941783725
-0.637475956974027	0.156989773793674
-1.02762505477722	0.412152135341901
-1.05210623743582	0.840128893080151
-1.51332145233629	0.547881190959341
-0.346797330227773	0.101185095553384
-1.52261793291458	0.552416088281882
-0.346391761922432	0.101125986544327
-3.09073773131398	0.977080546046746
0.145952781975537	0.027957432098957
-0.15162496595632	0.0546066218943689
1.95373899190972	0.460332693481441
0.940366139413571	0.250549017337595
0.6645527926843	0.213454144615325
-4.00298359640819	1.7665522786842
-0.637509639132058	0.157280902410938
-0.224290434892067	0.0730649421949737
-0.520217181433706	0.199453993404994
0.673775421395746	0.215711600754686
0.16089014359948	0.0485574624883246
0.158729294236089	0.04043260950787
0.938232517255131	0.250080666640462
0.541187874079923	0.196766181045122
0.661014028065539	0.212332873799895
2.11501415724733	0.962307404604812
0.158036719368933	0.0402017101522864
-3.08660653838605	0.975157312690119
-0.347893899096518	0.101384686373808
0.144292720137753	0.0276888229156664
0.145592290548819	0.0279027526196651
-2.58142672375403	0.684312616488773
-0.399516365480485	0.167536631567239
0.144624243113007	0.0277697138706121
-1.02276225125301	0.410642108899905
1.04230743707962	0.401611574259419
-0.761672956855191	0.334299583160001
-1.51833170548507	0.550474500519343
0.163169995607563	0.0413572276497282
-0.722656757230261	0.251937110505122
-1.14241956815201	0.351807769829277
1.9546069313489	0.460412245381477
0.666711334578513	0.213667593723057
0.797494068683248	0.627118919839365
0.398379158874168	0.180160829188768
-0.000412694233526391	0.000285619544970701
0.159873979297135	0.0482815097019209
-0.342526998757891	0.100043172269755
-0.636959492719679	0.156887069567616
-1.80497515009983	0.40204480448646
-1.14851210229951	0.353384284502155
-0.635886909613779	0.156604724964807
-1.02269870771255	0.411303674855888
0.536431293429806	0.195654703291124
-1.66787423201748	0.947017514983832
-1.01675590822062	0.407972067925741
0.159421595053514	0.0405224643025682
-0.0359317707833107	0.0167945067030988
-1.51793915586182	0.550681864442582
0.361876508246731	0.314598816967515
-0.614383635707764	0.54457441644078
0.153769419603378	0.0737479543330279
-0.958869409028634	0.587406556553626
-1.14104219214391	0.350714860686515
-0.386374130679002	0.161877087924867
-0.237763466782303	0.15495615566194
-0.0394417458978269	0.0298135487699678
0.00142032249385718	0.00132589501867251
-0.251231199688501	0.27690660783355
-0.040838867614681	0.0391662700762779
-0.540464145950855	0.338677358064659
0.153579839740872	0.0463985633570496
2.12179271638723	0.963118558344497
0.825597474038335	0.352498147547611
-0.215456639814682	0.0703666824038741
-0.512473332648715	0.195676863606696
-0.787309707596619	0.428364918737237
-0.107933129958658	0.0768243506519001
-0.238189683638641	0.11867551318794
-0.718143294445899	0.249734234417734
-0.717393763247237	0.249373645181193
-0.222358457614273	0.0725370670442538
-0.347881275810247	0.101704932899344
0.156530838902088	0.0537701104160248
-0.386641451754233	0.161965453975155
-1.27495473558411	0.58335694060492
0.16137422717943	0.0408817023262115
0.670248773455259	0.21459388901258
0.692733693329814	0.326479597718437
-1.01702628305176	0.407896565848327
-2.58142672375403	0.684312616488773
-1.81212667282209	0.748612465537256
-0.511339764594052	0.195084037833621
-0.607372860314525	0.292288849707055
-0.435786611170908	0.432445624250315
0.469367352659699	0.587622822110851
-0.342459348046207	0.395480022504332
-0.0346007861111677	0.0294826766651878
-0.400265950015117	0.516364615699355
-0.200017316052057	0.171176132274404
0.644003623548881	0.452910459096458
-0.250213152399034	0.124966717580636
-0.970389165271434	0.482297418223224
-1.66911605518225	0.948313308774744
-0.0437060948189804	0.0324651533194233
-0.517113089124255	0.197710010474898
-1.82190756498679	0.755058428004035
-2.58587528855637	0.684874790734986
-0.396149403960672	0.165903624451957
-0.347881275810247	0.101704932899344
0.661626989483136	0.21150729385075
-1.14781664720768	0.353699707342604
-0.352171048045609	0.102884554871845
-3.09018140585655	0.975319743554836
2.75057603691244	0.786424841779512
-0.147873446228401	0.0533861392609676
-0.136709656681081	0.0493940325850865
-1.14241956815201	0.351807769829277
-0.218710230536797	0.0713607252338727
-1.23193745517716	0.923819634206895
-0.770635516569406	0.33844765609771
0.163889412913727	0.0492247348281917
1.82393551449113	0.726315315015904
0.158729294236089	0.04043260950787
0.155608726416379	0.0470349393301069
-0.0941717075536865	0.0375157318846001
-0.353252610180752	0.103014720617828
0.15372623772021	0.039243442264908
-0.34327511670262	0.100238459904739
0.525669905031077	0.191020978232112
-0.516250072697604	0.197637497642431
0.164642263465142	0.0495275308334802
-0.635886909613779	0.156604724964807
3.63104293019025	1.45185522619522
1.33001401330453	0.588826264265166
0.665301548139678	0.214168982585133
-1.02243081627196	0.409335013447221
3.92758157346939	1.75250654263634
-4.005220656849	1.76581444626909
0.666381294485655	0.214481042382208
0.664222224803941	0.213409026485109
0.165129397966442	0.0496596498417191
-2.58107011718166	0.682882000334415
1.95373899190972	0.460332693481441
0.789303185157882	0.470713171994042
-0.146949374359874	0.0831253240955162
-0.380063082513804	0.297495923824358
-1.03114358999079	0.41466914140038
-0.265783059193589	0.198317452537618
0.160136994586442	0.0483380929433701
-0.349709365939262	0.101852718844327
-0.34327511670262	0.100238459904739
-2.58178332536446	0.682930522892635
0.150444843340374	0.0651197748675292
-0.139156719720498	0.0503235750897403
0.665301548139678	0.214168982585133
-1.14310865877862	0.351285302005725
-2.44531457512316	2.36468753108626
-0.515579268988547	0.197497779631055
-0.307841387401708	0.272779170671314
0.267421582642498	0.229357455465302
-0.228848686532131	0.147656047897429
-0.947152403916466	0.577753107832341
-1.51867963642989	0.551199515777305
-1.66594215432539	0.945895872627117
-0.791416583750242	0.604136688325384
-0.921789118078948	0.668663675805139
-1.16050726652835	0.650191977967804
-0.136482341198857	0.0767070289909729
0.150573898263238	0.0650730699472817
-0.0639972932282657	0.02782874834014
-2.34106450932973	2.09522290369707
-2.47300763516231	1.39350898780836
-0.596990639929682	0.286240851000462
-0.218967744087285	0.0714817642031414
-0.14816258989354	0.0534921286364973
-1.81665873624948	0.752232883970363
-0.396391553117065	0.222382316504603
-0.0651654928390194	0.0283611716221835
0.455788330014537	0.185537184077034
0.336289761871037	0.185904095891979
0.395253240501802	0.178283229404582
-0.794839489000481	0.4336915825128
-0.766265957379176	0.336344010691763
1.09253929615557	0.672225717389431
-0.598996074306805	0.287441542504263
-1.0567335961046	1.10108241913434
-0.302805763899598	0.138945858901311
0.149666200878186	0.0577426314122308
0.156316835097579	0.060329813065547
-0.0662488100197003	0.028719686231783
0.502298173285727	0.316094401090512
0.154325600467791	0.0667516663229477
-0.274870720839317	0.171617058014682
-0.94929410904817	0.579346013754557
-0.605966447363645	0.491877214661835
-0.613278701616484	0.29483281716489
-0.715994013382115	0.684393844744541
-0.00229944599247343	0.00118409313144388
-1.26039601333376	1.17518362804802
-1.35921471178282	1.92045671107622
-2.02586524366207	2.10047930244673
-0.515782684048713	0.197574022242274
-0.923567434122455	0.669552322068816
-1.01058773101919	0.905487066638499
-0.784401946989681	0.425878405308921
-0.0593189098868255	0.0258510792900574
-0.973798411439502	0.484339946364837
1.03705168717883	0.398261057696949
0.66746146314869	0.214381150055683
-0.221123830702358	0.0721545620197949
-0.393720936107961	0.164850558893986
-0.212685402617058	0.069336511565872
0.601059419276549	0.313230272646967
-0.51396531615413	0.196814734006425
-0.348316759950918	0.101484921632793
0.159873979297135	0.0482815097019209
-1.27533977086171	0.581560371416527
-0.217149785560933	0.0709085508975022
-1.27628763158757	0.583658225403998
-1.51867963642989	0.551199515777305
-1.81740649233114	0.752549709047675
0.163674195226776	0.0491371997006836
-0.975288553297247	0.485765853390852
-0.786925559733522	0.428186278802497
1.04129372424405	0.400498943475423
-0.14662958422798	0.0529534159724381
-0.103095194384598	0.0408936875368354
-1.14352115801698	0.352309794326609
-1.32233454427629	0.824880271864117
0.165129397966442	0.0496596498417191
-0.655195660299514	0.387169841341161
1.82317998866194	0.72570154697374
0.151172602395058	0.051995377151868
-0.787242105903612	0.429503820133249
0.154845026185089	0.0670171161365225
0.702160847605452	0.330291102962398
-1.01675590822062	0.407972067925741
-0.23797427827484	0.118247977447316
-0.188549995355648	0.100881696685799
-0.651418153311256	0.384839408595187
-1.60691641588264	1.22795457827845
-0.147873446228401	0.0533861392609676
0.163889412913727	0.0492247348281917
-0.762294852377534	0.334854539838056
-0.216082437585751	0.0706900588053257
-1.47475368927247	1.02519389960119
-0.636959492719679	0.156887069567616
-0.140442729242083	0.0507204684508811
-0.763496265043632	0.335525837916355
0.1579656300692	0.0540873766647275
-4.21517837518272	2.01197509787569
-0.0911490113525155	0.0363421310861702
0.155520410174332	0.0395661334713537
-0.0934912031556728	0.0371678091052094
-0.298412730800259	0.136658440166648
-0.0287911155274981	0.0135751476271762
0.157426877687479	0.054095802255857
0.152921677006695	0.0590114306768206
-0.602707554285428	0.289287770029279
-0.101310659887303	0.0402595504210943
-1.2338514782461	0.925331391959937
-0.481071392327504	0.407699275920645
-0.485184267270411	0.412252748447381
-0.340679771503242	0.204348260090284
0.291755972525722	0.219370450823756
0.53668704389391	0.195702410097146
0.0172972535943957	0.00940273112231153
0.104318053284702	0.0765435190622034
-0.92689843589501	0.672051503456679
-1.01774198098802	0.408465897919083
-0.802018392378069	0.526976752376123
-3.76176040838625	1.51993807033519
-0.684205125836566	0.478488025246833
-0.699774570043603	0.613524522532767
-0.469665592001303	0.31245349748265
-0.148852646142114	0.0842376395448589
-0.67403762902308	0.4687398472407
-1.4738394584269	1.02407684478155
-0.656626905925601	0.38782342715246
-0.795899946601841	0.434348461672426
-0.185118219706004	0.098687319407116
-0.244136025191451	0.158997563410246
-0.48634427255434	0.254227556483518
0.372167413725459	0.1871629198207
-0.514635039335923	0.197073437131208
-0.0594115711535523	0.0259476291405153
0.156231916499506	0.0675075868069099
2.5661383858767	1.44695172975005
1.0681107560213	0.523863359158871
0.536431293429806	0.195654703291124
0.540080766366113	0.310557890932496
-1.27032538013449	0.58045220816518
-0.487760060074019	0.25452083924383
-0.338922092630171	0.203393706341993
-0.15737247038239	0.107701675238065
0.0540156496535848	0.0331485384608157
-0.515317161736984	0.389355118415236
-0.275997551027494	0.173026328486252
-1.66444834961778	0.944939331968552
-0.545799274701506	0.344739583112614
-1.19064524449902	1.22181892623431
1.35704938342111	1.23565037992593
-0.246946584424869	0.123430557965825
0.861515102840647	0.63026450573768
-0.18501234076066	0.123118411519688
-0.118579252309425	0.0698655478112829
-0.459256160311104	0.303951134241925
0.391020428718766	0.176738874014979
0.157034645817188	0.0754390645528405
0.1555950782341	0.0534656175944203
-0.400683034708624	0.168043887403105
-1.33271050353359	0.836458145602786
0.156921781405718	0.067671456254569
-1.02896965906045	0.412887475855812
-1.67815373730335	0.952123680998703
-0.303221842590552	0.139214145314529
-0.181978499311539	0.0970036972670801
-0.543183882314581	0.341991410338625
-0.150118757932734	0.0848375318797681
-1.09749199277947	0.746833585708175
-0.762294852377534	0.334854539838056
-0.545799274701506	0.344739583112614
0.701603834422439	0.331337092316178
0.148488799588242	0.063980224767627
-0.523937564968149	0.200510104202262
-0.955388371342608	0.584721445190688
-0.147873446228401	0.0533861392609676
0.160626900474085	0.0484137065522702
-0.927246173714149	0.675328600448007
-0.388141742272179	0.162261261218061
-0.541755086163542	0.340844331037789
-0.801790863216281	0.528403340740719
-1.14352115801698	0.352309794326609
-1.02204793512445	0.410502951592421
0.665301548139678	0.214168982585133
0.614174837841314	0.32175165544901
0.360389581346754	0.180697512223701
-0.146961694718439	0.0530389221194111
0.151145060903721	0.0583778906974097
0.319113754537913	0.205945743011464
-0.395205440660837	0.165737391247133
-1.84010302746107	1.1598274127585
-0.352922420805713	0.102954332052563
-0.136709656681081	0.0493940325850865
0.150411831346825	0.0649758653945405
-0.976458875708344	0.486623205126517
0.149339408956512	0.0718095416667512
-0.386057546772671	0.161751414839187
-0.246015122762329	0.122929191728052
-0.329424252190357	0.197070022364334
-0.394935911720347	0.165820121050295
-1.8009224274669	0.401413641514774
1.57769338856191	0.79694733357431
1.06843221769041	0.52353032295169
-0.54995394878778	0.346966602300989
-0.762620267676328	0.334197124064447
-0.381173450018482	0.159026304288057
-3.08660653838605	0.975157312690119
-2.11702498426685	1.61886887387612
-1.83346058439706	1.15656648769259
-3.03507584114407	2.42754393377526
-0.779944546245364	0.341622573247252
-2.06612369183994	0.954939044744288
-0.14816258989354	0.0534921286364973
0.150763745232046	0.0725439188581271
1.82672124291949	0.724501146919248
-0.309383080562588	0.142287808111712
-0.58625305607186	0.427849975572454
-0.505823927690026	0.380800656494059
-0.464583270485052	0.308343932276616
-0.652282507850523	0.383738812835365
-0.493235094320533	0.258493480330153
-1.67483111610461	0.954428445336181
-0.347562155000387	0.101412477187396
-0.184166110442592	0.0982096861791059
-1.74381462718907	2.26826701020179
-0.18464460372998	0.0984584215935483
-0.508055615080588	0.382220545389803
0.0225891286323754	0.0121573337668343
0.145643744716827	0.0629347022840375
-0.764131054067611	0.335138115484785
-0.143192097426531	0.0517517934709728
-1.82190756498679	0.755058428004035
-1.35725640802885	1.35432004367817
0.0493592078384727	0.0303105659906103
-0.385811410999499	0.26347952142188
-0.652607619140482	0.384556672213146
-0.402008075708942	0.226046410882982
-0.689152986035715	0.543135323747394
-0.0820295029858465	0.059182259714473
-0.50633162447819	0.380719007930035
0.303314557741562	0.218515001133053
-0.76475469664406	0.335510040816294
0.900362919319571	0.487227095451419
0.835113861973658	0.356003428926739
1.04332248971287	0.402005344928024
0.161906078576276	0.04874952925091
0.832150841712845	0.355261276564174
-0.353252610180752	0.103014720617828
-0.217783773381529	0.0710710016312923
1.03882026472922	0.400114292850008
-1.83255119284931	1.15215643502131
-0.502942521695556	0.377197151030911
-0.646074518930247	0.380250824955143
0.39273901470178	0.321309266699961
-0.637632577112246	0.571974472403098
1.00082472134174	1.18787980030605
-0.345501119311805	0.245832640819588
-1.32524390624192	0.828825229159885
-0.151068599943891	0.10625670801741
-0.0760337791707002	0.0462097441320838
0.471070096715573	0.317561607912763
-0.195097591519036	0.104434263347805
-0.690332152913789	0.547466727961098
-0.0845805870832643	0.0515221707106056
1.33365346781733	0.593790400301544
1.0988486395183	0.824622816482847
0.655031188700379	0.46079871414195
-0.142603029870794	0.0515255055439621
-0.649550497755214	0.383444071634518
0.372167413725459	0.1871629198207
-0.144618733668662	0.0816530786800781
-0.795369615409253	0.4341271378675
-0.0647469355282453	0.028179859299211
-0.142900251552044	0.0516611632062222
-0.219943209277965	0.071802836068315
-0.798972602048265	0.526251801613382
-0.519549047944463	0.199118520659248
-1.16105818781118	0.650550150792748
0.51640685069857	0.444711437855308
-0.800420897520568	0.526805520312243
-0.520489423661184	0.199119614912018
-0.605707985064859	0.29119514591912
-0.2409714976249	0.119950597329896
-0.0892408809589559	0.035485629240612
0.611836858577922	0.320260265034914
-0.404686943920453	0.169413242130707
0.529297776070964	0.191503355155218
-0.304773891394667	0.139755609903264
-1.31943595660633	0.822779556033557
-1.25969212261883	1.16937591592548
-0.646570090054946	0.380707717828193
-0.385473899825453	0.161465497409722
-0.94645376631799	0.575109187345112
-0.242604117182927	0.121184400628264
0.827465419165181	0.353580301177974
-0.644853809617038	0.378591084471519
0.697321459402158	0.329525637027289
-0.194275939188894	0.103643746341892
0.163892784276019	0.0937767548060156
0.143200941801754	0.0551183489664687
-1.16144364257109	0.650194172814921
0.454594871922057	0.184978882106625
0.452066149749284	0.183799113193962
-0.0549065563738587	0.0240045907774995
-1.16050726652835	0.650191977967804
-0.300691232534932	0.137600753091774
-1.15605327987187	0.645784338390518
-0.51550579739168	0.197070762097224
-0.391853018895284	0.164211548410465
-0.520489423661184	0.199119614912018
-0.787384115603181	0.429329351458407
-0.392436710436679	0.164466860587076
-0.147540071935549	0.0532574291277169
-0.76786234970218	0.336590135264803
-0.487073980263349	0.254569911390512
-0.651178289299749	0.383713159647611
-0.0597688889188469	0.0260168070124319
-0.517195310680798	0.1976432330412
-0.791293640930917	0.431023572639481
0.448714670352937	0.181987479789199
-0.635886909613779	0.156604724964807
0.148629318798242	0.0643703013221288
-0.21158767729877	0.0692522593193464
-1.48562528429754	0.757924517569841
-0.0941725606771784	0.0374400624674564
-0.958437270486703	0.587032317765048
-0.140442729242083	0.0507204684508811
0.156530838902088	0.0537701104160248
0.158045553327572	0.068297894116889
-0.484006596030788	0.411398152091066
-0.331848706485284	0.198522361911093
-0.787378330931806	0.738603105779248
-0.68118817461342	0.475625681377705
-0.479007542346877	0.40627857989552
0.400613915068442	0.181626516118323
-0.975609282065102	0.48441663224042
0.154514436974317	0.0743218842570371
-0.46855932229105	0.311200236724252
-1.1498885962438	0.991685841548207
1.06933690227919	0.52417571767679
-0.223062908937134	0.144323887046117
-1.27060640130826	0.579256545559091
-1.09749199277947	0.746833585708175
-0.462424665283103	0.307433207220684
-0.306441709056637	0.140561022460213
-0.589478124071886	0.430134744232203
0.0358678661513209	0.0208110487570971
-0.78914151351276	0.601595531222219
-0.104598554195325	0.0612819438560209
-0.406011680598965	0.229082440503851
0.920803975511197	0.794035700931853
0.158604587725602	0.0838535532609463
0.9479252459743	0.925826414151157
-0.396106076052578	0.16623181269382
-1.02126179208727	0.410975081816502
0.935072365625058	0.249598704803732
0.3966958610729	0.179734062954689
-0.713130923311348	0.246540057922621
-0.0480948577768762	0.0301205955865533
0.337658561777131	0.186747301933701
-0.239118425830652	0.11917204662365
-0.0974004082979668	0.038727736724909
0.610918352078154	0.459721127775927
-1.22847509633637	0.922273858660409
0.352930975129982	0.17670372074592
-0.789762515829912	0.517862842022542
-0.531886734705469	0.441490029849341
-0.505441583190543	0.380606848651051
-0.0577915965985682	0.0252199456152219
0.705248436452846	0.459072058525646
1.23508881210278	1.02933467013698
-0.336029568649009	0.201500170380606
0.438247147286054	0.312522466709721
-0.655692638170653	0.387429195328088
-0.9466310045841	0.576141941446236
-0.975802295442171	0.48595166057885
-0.46238289919946	0.307136909172782
0.14963335244505	0.071687924091265
0.70468487263991	0.331742949115708
0.139621539580496	0.0601881661116567
-0.403464535985022	0.226934459459365
-0.000837859404348625	0.000489149476626068
-0.597544311937603	0.286643195496125
-0.0677892994311778	0.0294324523270517
-0.246015122762329	0.122929191728052
-1.09458142957203	0.740980101927546
-2.07423080807324	0.958838458573181
0.165339630296702	0.0873133687242114
-0.306219302247256	0.140501347884307
-0.393343377572618	0.164435010361713
-0.602559327916406	0.289804737386457
-0.137913941836983	0.0498665788800471
-0.799607947427348	0.526889245217901
-1.14602109676128	0.352462565358244
-1.22654425320129	0.918239554519319
1.96825021313851	1.24186341196235
-0.648494654237314	0.381745763607551
0.363080802516986	0.182632322834209
-0.104878984311157	0.0416165686233234
-0.0122815872279443	0.00601839337075749
-0.095402150947848	0.0379515117427209
-0.386374130679002	0.161877087924867
-0.0296205546640525	0.0139943053975959
-0.520170132112425	0.198627463107739
-0.788158074999507	0.429261032825292
-2.06510978050906	0.954740583732293
0.531223226643993	0.193578240394512
-0.192926097499102	0.103330715448645
-2.4631719135891	1.38596992519371
-0.659590883747258	0.389976343171419
-0.0264510520811124	0.0125370165570672
-0.247739853655073	0.123698114570864
-0.52416755402031	0.432102505862756
-2.0699351803891	0.958967476788261
-0.404297601983287	0.228262593380291
0.160687738671952	0.0549592963890096
-0.515579268988547	0.197497779631055
-0.720667146383334	0.250082090262524
-1.81287374791439	0.748928336132149
-0.778105608309062	0.341346123664265
-0.214641973229397	0.070099467632347
-0.199252476345289	0.106718599040395
-0.0583046868091208	0.0254267442196577
-0.307839552269052	0.141401520537444
0.16411177443756	0.0493132983349349
0.398379158874168	0.180160829188768
0.150946417064681	0.0652272035847707
-0.140153187769079	0.0505552442875205
0.152921677006695	0.0590114306768206
-0.216803244618851	0.0708846083253087
-0.519276339586016	0.199029682930515
-0.98011491957414	0.489418532086656
0.15324590724394	0.0662569164122701
-0.801308178456131	0.527549887364484
-0.789170879716921	0.430126849908685
-0.603663563031588	0.491500198412418
-1.07193783688433	1.34160062165994
0.410322711899538	0.413069953195889
-0.232689153634232	0.151504839267424
-0.599062655025636	0.485508406240541
1.36695333606417	1.96431147399479
0.574014981565363	0.454746214443085
0.152498872427494	0.0659691759344503
-0.21158767729877	0.0692522593193464
-0.2409714976249	0.119950597329896
-1.84698963390589	1.67408909611298
-1.46917300988251	1.01653460397661
-0.483371172176231	0.410513713843412
0.420459623905559	0.33304054633133
0.406607192070174	0.320454808216278
-0.0725714277418882	0.0440541498584313
-1.00317864001967	1.19481785160456
0.191881378243669	0.143135767119704
0.853584978699887	0.772357714522481
-0.474633614596015	0.401625985534229
0.0871326431548363	0.0652172586752209
0.167703133678121	0.102674931573122
-0.581101524995804	0.42288672013089
0.42150220201941	0.316283836752989
-0.550449953727942	0.347494442260966
0.709835897286022	0.463133960046912
0.791450994872228	0.621704247755314
-0.0264187244366007	0.0170023130742704
-0.279219484119728	0.249700176312705
-0.532948339480623	0.525322519849932
-0.394351218005163	0.165472682541389
-0.395835518436449	0.166165092035165
0.902614638554908	0.487800853081471
0.578937418812856	0.653404658018981
-0.0310782768526805	0.0146593997389231
0.162606586631393	0.0489632049155684
-0.607368247221203	0.291843556688772
-1.14352115801698	0.352309794326609
1.33910839248839	0.595740331254466
-0.139156719720498	0.0503235750897403
-0.645142110705752	0.379371995215867
-1.98462013332372	1.38542538882249
-0.0911490113525155	0.0363421310861702
-0.727179123195026	0.25354055255114
0.159369137366091	0.0766087140704491
-0.976125960936435	0.486927927519843
-0.394036461091162	0.16532634810801
2.74958998501656	0.787920507210083
-0.76877691010268	0.337612638002134
2.10849074553741	0.956627828456427
0.151108463610909	0.0652627059664072
0.156316835097579	0.060329813065547
0.156755264990959	0.0538881191673598
-0.597544311937603	0.286643195496125
-3.08660653838605	0.975157312690119
0.149951163395741	0.0577773263975144
-0.514360403666808	0.196404845633848
-0.795325507260589	0.745334481251429
-0.216543534622435	0.0706689190848181
-0.782479808833709	0.425497759383064
-0.0950664463688331	0.0378097886654273
-0.602707554285428	0.289287770029279
-0.50980441036982	0.194986448896893
-0.785937881244457	0.427720394467029
0.027673034331637	0.0161223299917799
-0.21688918582617	0.0709123691608258
-0.975545396972128	0.486210829047288
0.398610001573211	0.18016091882217
-0.0138461044950676	0.00676830857547507
-0.21438297968887	0.070119295219489
-1.51833170548507	0.550474500519343
-1.14214562413243	0.351215554477081
-0.78683013323606	0.514006989034052
-1.99315738664587	1.3854949116971
-0.717393763247237	0.249373645181193
1.03780816129706	0.399548214209553
-0.789314403191654	0.429331793513796
-0.975551761995295	0.485979489293663
0.952046809096609	0.639703902216667
-0.504446684951582	0.379429785838321
-0.306017148378831	0.140808131815514
-0.0314311209447812	0.0147864701061
-0.94929410904817	0.579346013754557
-1.27032538013449	0.58045220816518
-0.108847835026997	0.0878925939444409
-0.237521749764344	0.234021576173517
-0.36720222240891	0.498128302603866
0.345211100188959	0.503538601932355
-0.0100314853331062	0.00492689619872008
-0.520217181433706	0.199453993404994
-0.520612129387948	0.199165479104624
-0.635886909613779	0.156604724964807
-0.800092071479368	0.527071481182313
-0.891193457483104	1.2362105792337
0.0691325217182041	0.0754723034195346
-0.204392698891321	0.186612314915575
-0.833325792952178	1.4957444416342
0.162588692558475	0.190814397044377
-0.077942434218016	0.0811800243387961
0.434722837086414	0.57576062487902
-0.430941358650319	0.686263252551409
-0.177646178326845	0.185212042373099
-1.32927876828663	0.831828482540017
-1.27495473558411	0.58335694060492
0.157426877687479	0.054095802255857
-2.28704001579215	1.17161626133847
-1.6682036874702	0.949953325058717
0.655341369493797	0.462477380635149
-0.0497459708181963	0.0370794050352793
0.0198357405216767	0.016265793006396
0.398150599170447	0.179987787415266
1.95373899190972	0.460332693481441
0.156363426242974	0.047190420192791
-0.142891948035302	0.0516141016686805
0.430844695180476	0.32649864017938
0.6645527926843	0.213454144615325
0.662413762297901	0.212285506125273
-1.14214562413243	0.351215554477081
-3.08660653838605	0.975157312690119
-1.14352115801698	0.352309794326609
0.145592290548819	0.0279027526196651
-0.721906540285296	0.25157399652224
-1.52336582358888	0.551742344860982
-1.14283325733795	0.352132388893513
-0.732448219267861	0.254947157015597
-2.58142672375403	0.684312616488773
-3.46126356790247	1.25408085753242
-1.13907413243892	0.350415838742694
-2.58550852264163	0.684811136427957
3.64460331997422	1.44813966500711
-1.14214562413243	0.351215554477081
0.158324698427983	0.0402149964785429
-1.80103877399874	0.401412128456168
-0.718893212011047	0.2498793364648
1.03957617416576	0.399643236692894
1.03882026472922	0.400114292850008
-1.14283325733795	0.352132388893513
-1.15213425383188	0.353978519341629
-0.344023573934902	0.100257861428101
-1.81637684396232	0.751651715408043
-0.339428722484425	0.240780969417055
0.166148905746491	0.101645931020041
-0.210870083038772	0.0690051452148311
-1.14336638515137	0.351799503810815
0.145592290548819	0.0279027526196651
0.140400083006098	0.0271488262218611
0.148874773794293	0.0283648154803441
-0.638059916511872	0.157099877961465
0.145592290548819	0.0279027526196651
-0.637509639132058	0.157280902410938
-0.216803244618851	0.0708846083253087
-0.632707054239441	0.155821219725077
0.145592290548819	0.0279027526196651
-1.80103877399874	0.401412128456168
-0.703771899279728	0.617042280503213
-0.343614950418389	0.100353977595961
-0.608270874517165	0.29266939968196
0.159847267773209	0.0547803692268331
-1.51984106779859	0.54965404061661
0.150260321538223	0.0515859659670972
0.153579839740872	0.0463985633570496
0.157693836049591	0.0541708009160174
0.19146821208278	0.166139844145291
-0.111017639595966	0.0971463343090569
-0.0315195895221953	0.0206529472892615
-0.976721945588905	0.48596934273912
0.159383452529446	0.0480372790434797
-1.82190756498679	0.755058428004035
-0.721906540285296	0.25157399652224
-0.175376018129837	0.137299711607066
0.699486458633014	0.903010683830873
0.317493399492753	0.370701497660792
0.470463801251882	0.60439011470501
-0.232936572804969	0.115637906162272
-1.33736936739862	0.834330251122764
-0.347136350857903	0.101509886664517
-0.875650394654373	0.877314935476893
-1.51942044620827	0.551189226731038
-0.726427642398715	0.252868210726988
-3.0855122183307	0.972756963025588
-1.6730079871162	0.952557237971758
0.799356357484783	0.475838857193245
0.498013936209955	0.311064674975771
-0.5521660992571	0.349157417134831
-0.272249391645525	0.279903063991156
-0.251001810088616	0.24579451980573
-0.878249670428953	1.63955765382103
0.698394599700191	0.806046562572121
1.00872759867316	1.19931956022005
0.0296586670429518	0.0259687636168449
-0.0261050646093613	0.0222184147034773
-0.0099549437730457	0.00860914119873876
-0.269634716595423	0.310258308490662
-0.705900231647699	1.09470107469151
-1.56518970111136	2.07827490336302
0.452973749955339	0.184064823292599
-0.973042635537788	0.48365648985277
-0.394036461091162	0.16532634810801
-0.483504714261293	0.251632421187696
0.398009509202525	0.327408483824291
-0.115770489395759	0.0681544354519612
0.44326751733909	0.502613166129816
0.161944942452358	0.0985889486345812
0.162070178892022	0.0411144637566376
0.664537539501677	0.213141860355242
0.6645527926843	0.213454144615325
-0.317825858189338	0.187876490601144
0.154819554186086	0.039408070567956
0.161153094780194	0.048530513531666
1.03957617416576	0.399643236692894
-1.52261793291458	0.552416088281882
-0.721906540285296	0.25157399652224
-0.719916676812819	0.25028316194156
-0.214842941901008	0.070116645288276
-0.348220543213602	0.101642486260234
-0.516921217674498	0.197552845273465
-0.767559750032338	0.33778568629591
-1.27628763158757	0.583658225403998
-1.14173074601379	0.351630194981725
-0.723678625838308	0.25185170240566
-0.215362013913717	0.07044095074977
0.158366958173935	0.0477619066778733
-3.09073773131398	0.977080546046746
-0.143518895199953	0.0518583858402703
-0.213404200361392	0.0696750872019552
0.164377165872218	0.0495293176899797
-3.0855122183307	0.972756963025588
-0.343614950418389	0.100353977595961
-3.76324799684005	1.51668559551556
-0.604084777985237	0.49204051727381
-1.01890339291343	0.407829094949249
0.152333554816668	0.0588163373718562
2.74984678531864	1.71007731364029
-1.51759021741262	0.550484114851072
-0.21438297968887	0.070119295219489
-1.81665873624948	0.752232883970363
-3.08605931477026	0.975090216684496
-0.216172722976397	0.0706904380630048
0.144983099103736	0.027824125638065
0.527864222695785	0.191865893856924
-0.635886909613779	0.156604724964807
-0.341779219786228	0.0996625955420077
-1.13907413243892	0.350415838742694
0.152633350829298	0.0389395951664406
-0.464782262936398	0.432734873148325
-0.390048934740149	0.163373352279334
0.399725684178655	0.18119345596336
-1.14283325733795	0.352132388893513
1.27506069987766	0.709328572158562
-0.51396531615413	0.196814734006425
-1.26965711158767	0.579970689675105
1.28112852846568	0.71415185971748
-1.09320978429449	1.28858237356756
-0.065014758984892	0.0477641313624273
-0.299814397598074	0.218594186206646
0.395483738802146	0.178837343918571
1.10956735611546	0.837396835323222
0.889849554195972	0.903096464990879
0.144361728014979	0.0624240103865054
-0.883672776853516	0.806341272451363
-0.257254150384061	0.191200500274271
-0.602295310618653	0.48698655699752
0.0243168966940561	0.0131196188343959
-0.182923802369518	0.0974512954679649
-0.492384999343544	0.25782598121191
-1.22579788987179	0.916495577401371
0.499038648598747	0.313760861432011
-0.968396499406426	0.479533027936019
-0.310673589889918	0.142748149163149
-0.490364513251168	0.257104441322538
-0.616052528161644	0.503384623616962
-1.16676642539472	0.653693295787917
-0.46788294130731	0.310113275997181
0.0769955294947314	0.0497395211100735
-0.052176919491546	0.0326544197335451
-0.0678774929362651	0.0425696070805051
-0.979307546573368	0.961476903536049
-0.800526506259011	0.61337733785094
-0.0583538712032209	0.0254088752263263
0.328791280206863	0.197896054362606
0.453947313806393	0.18432102548982
-0.31029491523275	0.142745297488236
0.146177697743635	0.0632053924937036
0.401727651230253	0.182090164619813
0.823763733393036	0.351069197066921
-0.223517627775589	0.144301784503416
-0.789625179231532	0.673398829427098
-0.0348381759945145	0.0163665294113374
-0.550933453046475	0.34732331655038
-0.0108063207868691	0.00530026855869043
1.23460770390281	1.0276555038732
0.781431747478609	0.610786521065861
-0.435921394337463	0.334344171087791
-0.172389592730742	0.14772499929841
0.720249292521745	0.591179925829878
0.152479417975038	0.0804569563388339
0.545843765490528	0.314507642682176
-0.487760060074019	0.25452083924383
-0.873922638325485	0.942068797372404
-0.078066696272365	0.0475491269706087
1.06287617867629	0.519596188178555
-0.69237823396508	0.548339956482505
-0.143706436702556	0.0812057919132649
-1.0951401345907	0.745894843709305
-1.98554602273482	1.38248651582367
-1.84785173123265	1.16037897048171
-2.06610393324234	0.955798962815659
-1.67450165667541	0.956050045600831
-0.602707554285428	0.289287770029279
1.09656220369288	0.824528480097946
-0.487979277086051	0.255554910432527
0.152348851936178	0.0588465452810224
0.145966453036768	0.0562632178822865
0.146552581334617	0.0632796252294307
-0.727930992330886	0.25380129172308
-1.83899759052836	1.16318046138097
-0.647268536040891	0.381143199774583
-0.952504482074031	0.582845325381987
0.14568623297438	0.0562432171381234
0.392548788391773	0.177247241908452
-1.83324669686333	1.65223743711192
0.357946313269466	0.179387656978686
-0.242399179986945	0.120715215052534
-0.0920417047697756	0.0366750242689807
-0.983679522453378	0.489013004816369
0.160516143169782	0.0550975946447159
-0.795821159028318	0.524380588440523
-1.0075407831473	0.904089015036193
-0.0577915965985682	0.0252199456152219
-0.581206759811889	0.423631035651327
-0.604009459354612	0.290538482996762
-1.61318794721963	1.23045744844784
-0.215362013913717	0.07044095074977
-0.215195931048969	0.0702838847643204
-0.795962786872403	0.522421538771103
-0.489617073533807	0.255945220798258
0.389890302237457	0.175958828232677
-0.984105477957906	0.490668273213241
-4.5697424080623	2.5369987073396
-0.215362013913717	0.07044095074977
0.153779156651059	0.0665421583235274
0.776645096584899	0.602314955103025
0.324404581943352	0.195418220491925
-0.0974131098748721	0.0386715926296058
0.156626480514056	0.0604963463651501
-4.56282369037549	2.53114575562217
-0.519944065018575	0.199217167564696
1.33365346781733	0.593790400301544
-0.495800479015297	0.259197752801156
0.469689270134093	0.3165750373206
-0.391265768818464	0.163995996745211
-0.148785407254285	0.0536907631429728
-0.0254970283006112	0.0120985248019426
-0.105770885813429	0.0419412044140562
-4.71458775636752	2.82633934478319
-0.399687055138105	0.224733295010152
-1.46775082460525	1.0111969177692
-0.514908806238071	0.197238634697011
-0.515181706001003	0.196864636828337
-0.306597796794792	0.140759029028169
0.15660689857724	0.0676402455477112
-0.94499291362917	0.576236141885541
-0.45460363289775	0.299682171624373
-0.101533229128455	0.0403409770188983
-0.642287903988749	0.158179920711655
-1.67450165667541	0.956050045600831
0.149018507739907	0.064306462252641
-1.14671720971639	0.353197314225222
-0.100081491594973	0.0397785538829292
-0.758845021168351	0.333093507910706
0.664222224803941	0.213409026485109
-1.16832593392367	0.654134514886414
-1.45414338805407	1.28945589358373
-0.61071960408079	0.293581001485316
-0.656129616832361	0.387563927135416
-0.414359345661725	0.233684177319626
-0.400148505709449	0.225169915786821
-0.22040475323253	0.0720313901877078
-0.0948442081054409	0.0377295149269852
-0.516250072697604	0.197637497642431
-0.515181706001003	0.196864636828337
-0.511805594681335	0.195759647669945
-1.13838195218038	0.350237547909829
-0.494171611892078	0.258883975588938
-1.02126179208727	0.410975081816502
-0.672178891412253	0.467578946721715
0.0363010492857619	0.021063331580153
0.40595718110712	0.183854552956733
0.359083885538431	0.180666040495287
0.145966453036768	0.0562632178822865
-1.09887395139294	0.748376430830867
-0.191418303787382	0.102576061378687
-0.0992545159149912	0.0581400847881258
0.956062897038518	0.644844868548732
-0.347881275810247	0.101704932899344
-1.27127540471835	0.579737208933733
-0.973879687494048	0.483542535242062
-0.342304369559522	0.242886829679797
-0.607159726923454	0.292089164164453
-0.51738992593929	0.197865775918006
0.714017231658913	0.466193221472548
-0.600449055828485	0.287585908985274
0.157961656278045	0.0541365833526948
-4.40379440159852	2.2747228491944
-0.726912958073327	0.252820490715667
-0.100417777052136	0.0399342243603807
-1.48746364145455	0.762850768189531
1.78496771663273	1.00931821617884
-0.608056729319647	0.291967094027826
0.150848243830615	0.0582155963212491
-1.51867963642989	0.551199515777305
-0.306975394050471	0.140867364592611
-0.216082437585751	0.0706900588053257
-0.348626537089827	0.10172068619406
-0.139156719720498	0.0503235750897403
-0.717393763247237	0.249373645181193
0.165623266685478	0.0566441790580975
-0.73218192060803	0.253949745731516
0.828138202534691	0.353193354605651
-0.207080614725352	0.0676249337263236
0.154574110282451	0.0594824839543798
-0.152534068043015	0.0549540888678141
-0.100417777052136	0.0399342243603807
0.152333554816668	0.0588163373718562
0.161411857039557	0.0852960461147817
0.666381294485655	0.214481042382208
0.161184676470248	0.0553470097303974
-1.8009224274669	0.401413641514774
-0.137913941836983	0.0498665788800471
0.346514510283492	0.191872972741389
1.04658485729126	0.401153754729206
-0.714629277410309	0.247617368407835
1.03882026472922	0.400114292850008
-1.02224709287202	0.410608941783725
-0.762917044259969	0.335226279565195
0.527613487096402	0.192164364642399
-1.66937067132854	0.950734634291517
-1.51833170548507	0.550474500519343
-0.0580033021761175	0.0253116669166842
0.532920813071289	0.194317875052133
-0.981603959387169	0.490271397263528
0.830951835410689	0.355538325180902
0.154248339360632	0.0594734751614272
0.136822452682726	0.0526223470768304
-0.219428296929652	0.0715830137315331
0.16089014359948	0.0485574624883246
0.896083580408787	0.480667063734427
-0.217524435386888	0.0709909714876795
-1.16088881317188	0.650217800895839
-0.212685402617058	0.069336511565872
-0.487806777389222	0.254636179589634
0.159383452529446	0.0480372790434797
-0.724429393801244	0.251996505115541
-0.521158302962644	0.199454738124414
-1.32511024075208	0.831210858504437
-0.605475645288608	0.491067002585473
-2.11236349083277	2.93264988966527
-0.238491672291327	0.218380300938976
-0.655632503656984	0.387158823298164
-2.06823085425124	0.956878021317762
0.159211165838321	0.0911182856119647
-0.084445458628479	0.0335764612079042
-0.103093115712961	0.060391784004878
0.18064334198307	0.123147884760919
1.05681041030581	1.11733430914405
-0.196769859634263	0.131538161741062
-0.0781334016757721	0.04739705612305
-0.926913138982485	0.672256247337527
-0.680205888243175	0.474846793668362
-0.94929410904817	0.579346013754557
-0.333913297685148	0.199276208545625
-0.601467287066214	0.288528213478627
-0.647006487260644	0.380757682756595
-0.400148505709449	0.225169915786821
0.6945116005276	0.327849998261566
0.0363074690206112	0.0270386541931022
-0.37881193418214	0.357798271332399
0.116476018235857	0.08840175810123
-0.108176962578776	0.0635896643880302
-0.160393103810548	0.0906768374122487
-0.477478933489373	0.404877402765727
0.452185137742126	0.325691485623372
-0.187837031510748	0.100269363511848
0.155736999256109	0.0600435080713213
-1.33165417303619	0.834406870783564
0.157666147420961	0.0680667345993953
-0.290195272340444	0.18216730881226
-1.45841466326595	1.29752940385601
-0.701965865153702	1.01579286819391
-1.24861482141794	1.15688093206926
0.825597474038335	0.352498147547611
0.399725684178655	0.18119345596336
-1.53611847161463	1.72779679694267
0.458069904563897	0.432900298312266
-0.221381474348764	0.0723536757666175
0.149320732268583	0.045138597964669
0.145592290548819	0.0279027526196651
0.836981441472686	0.356364621553882
-1.13976658402628	0.349898349308083
-1.02171241051411	0.409806924167185
-0.772537929483362	0.338711737346635
-2.46472569001774	1.38749014093308
-0.0989685268805481	0.0393704401030059
-0.223078791885577	0.0726600358718125
-0.727179123195026	0.25354055255114
-0.762590236735665	0.334826851024763
-0.636959492719679	0.156887069567616
-4.40892892238831	2.27402185629541
0.612903400161451	0.321207167405034
-0.139156719720498	0.0503235750897403
-2.07565830503977	0.957506866964996
-0.60472028845529	0.289633246720274
-4.40313098113373	2.2732118189051
-0.143227535286128	0.0517130131549928
-1.27099398512007	0.58063946719774
-1.52295784924345	0.552861579278889
-0.51738992593929	0.197865775918006
2.56938090119753	1.45340677901211
-2.06894518817756	0.957909133523848
-0.716644618036395	0.248646064552887
1.44637717898614	0.486482829772734
0.163169995607563	0.0413572276497282
-0.240617546692706	0.120055409838279
0.821210492165555	0.350333919962237
-0.344023573934902	0.100257861428101
0.456410121981587	0.185748725968651
1.12910761478807	1.00981207120133
0.807070994555779	0.968751194095841
0.393808912204817	0.178187866130017
0.820287046585098	0.348849962671598
0.452066149749284	0.183799113193962
-0.514238684137278	0.196858589089476
-1.82190756498679	0.755058428004035
0.155520410174332	0.0395661334713537
0.149565732856636	0.0513767427904462
0.159873979297135	0.0482815097019209
-0.0637182386608087	0.0277444197112858
0.53668704389391	0.195702410097146
0.396603250930295	0.179302861353901
-1.02099438295529	0.409776652047704
-0.341779219786228	0.0996625955420077
0.53668704389391	0.195702410097146
-1.26587168520504	0.57659573259799
-0.762294852377534	0.334854539838056
0.67023417962338	0.214944722788871
-0.337258218387563	0.23920731566622
0.443733734767167	0.179354150374866
1.27995073916028	0.711340566064819
-0.605920149190153	0.291396872692447
-1.47070081382901	1.01833338602226
0.156755264990959	0.0538881191673598
-1.14781664720768	0.353699707342604
-0.653822757639455	0.385697849004953
-0.980436528867813	0.489615442131538
-0.781626821534523	0.788712944038595
-0.46238289919946	0.307136909172782
-1.48808247216032	0.763411251497296
-0.725176423035753	0.251859268486864
-2.58107011718166	0.682882000334415
-1.52295784924345	0.552861579278889
-0.91937925380349	0.664678357707104
-0.595749880941855	0.434773908878723
-1.49024521281023	0.762163263594681
-1.14173074601379	0.351630194981725
-0.238348866729638	0.118864095071033
0.528584868577847	0.192427149587019
0.15701153528841	0.0828353344436844
0.155325524100483	0.0670105037659824
-2.92237609658568	2.15387922662494
-0.111963252832548	0.0659385734855263
0.159873979297135	0.0482815097019209
-0.950341565597282	1.008986999066
0.0630260829631767	0.0406719999725099
0.537571906270414	0.308382075410664
-1.26898917918035	0.579150144945583
-0.974967055362518	0.485654316649321
1.07402219955754	0.526541861698728
-0.147251365806554	0.0531877126959508
-2.07136620778168	0.959054677783964
-0.0347200428040649	0.0163123379583385
0.364110595702729	0.183232083150519
-0.39073511796921	0.341997977692338
-0.281592878802243	0.176722955148617
-0.460933846669616	0.428395812533014
-0.122840599929708	0.0722679670110452
-0.787329566456614	0.957446907762944
-0.653343258508399	0.385359236910017
0.151415741900785	0.0726140412602604
1.07430154507785	0.527839664382674
-0.517195310680798	0.1976432330412
0.153938621408257	0.0666234968472352
0.445559395547962	0.180492007278685
-0.224268016978322	0.170092949646125
-0.666331688790197	0.734013621927313
-0.0657762335316122	0.028608347190578
0.16137422717943	0.0408817023262115
-1.14671720971639	0.353197314225222
-0.788374358506122	0.42869449473132
-1.4078635510528	1.87506494633169
-0.770007001973875	0.338200932251437
0.164683776397401	0.0563927862820418
-0.598652342162857	0.287100356186891
0.665618647197154	0.213793073260368
0.159383452529446	0.0480372790434797
1.03806395636365	0.39882502542582
0.144983099103736	0.027824125638065
-1.48777830918498	0.760819889603963
-1.8009224274669	0.401413641514774
-1.81665873624948	0.752232883970363
0.830281395788375	0.355150943185541
-3.45989362965761	1.25724083459984
-1.14283325733795	0.352132388893513
-0.726912958073327	0.252820490715667
-1.82013283681335	0.753499529716958
-1.26720245749258	0.576637775977831
-1.02303104447883	0.410996649608088
0.161184676470248	0.0553470097303974
0.599089536993305	0.312418599128068
0.159421595053514	0.0405224643025682
1.81965712946419	0.72393570375632
0.66746146314869	0.214381150055683
0.161642899961838	0.0486892383673852
2.75656983410044	0.786824865410408
-2.06296233663144	0.952804938107014
-0.723136371083305	0.250902518333636
-0.215362013913717	0.07044095074977
0.940922493736804	0.250741724034319
-0.141978824969554	0.0513095739208992
-0.520489423661184	0.199119614912018
-0.520217181433706	0.199453993404994
-1.55261323042244	1.48064480807136
-0.339734523359	0.0989645737139586
-1.02126179208727	0.410975081816502
-0.635886909613779	0.156604724964807
-0.215362013913717	0.07044095074977
-1.48283389884717	0.75904802450482
-0.391853018895284	0.164211548410465
-0.637509639132058	0.157280902410938
0.859631229375355	0.629270523857834
0.0608913426132884	0.0392765937449339
0.152498872427494	0.0659691759344503
-1.27099398512007	0.58063946719774
2.11953581520765	0.965145716833258
1.03252767803863	0.396301899722819
-3.08660653838605	0.975157312690119
-1.15174076397451	0.353721534917221
0.157633323445896	0.0401249768572365
1.32906700078086	0.589900984861052
0.826558974409073	0.352989133818377
-3.08605931477026	0.975090216684496
1.33340728777399	0.59245625933366
-0.391221006087443	0.164172689294787
0.159120665328247	0.048062202194274
1.33340728777399	0.59245625933366
-0.723678625838308	0.25185170240566
-1.14173074601379	0.351630194981725
-0.150865214753515	0.102722424617933
-0.350337336641319	0.1020232097432
1.04407793800765	0.401530572798881
0.163351755114383	0.0558259933105871
-0.774367578702865	0.340490598698834
0.390461625848725	0.176382553352596
-0.981341282031476	0.489036202673862
-0.354003293293564	0.103084269523368
-3.45920905368023	1.25640999767694
-3.08605931477026	0.975090216684496
-1.14310865877862	0.351285302005725
0.157426877687479	0.054095802255857
-0.641217763381128	0.157896990579203
-0.637509639132058	0.157280902410938
-0.484416639000392	0.253024859329898
-1.16367309360939	0.652735113629601
0.159421595053514	0.0405224643025682
-0.485626335781831	0.253818340992615
-0.953957591643586	0.584258121837317
-1.82115855719938	0.754396487877528
-0.240680282101182	0.120144189768699
0.445878762239819	0.181113668030301
-0.0962955273188297	0.0382766722020201
0.156941675224984	0.0398954425925589
0.159122325410511	0.0480117921042768
-1.14602109676128	0.352462565358244
0.549604525022168	0.317099719639758
-0.221381474348764	0.0723536757666175
1.07773741136724	0.528948010192096
-0.348626537089827	0.10172068619406
1.07367770331022	0.527375896233494
1.33619399827848	0.595395987953639
0.822812462503856	0.350564571310798
0.147168767139499	0.0568586827414826
-0.977888057573579	0.485234656923495
-0.141978824969554	0.0513095739208992
-2.46255257722404	1.38528167345487
-0.148720848528392	0.0840190764599256
-0.489737114748179	0.255778789177971
-0.141978824969554	0.0513095739208992
0.159120665328247	0.048062202194274
-1.0272685011115	0.413655990175607
-0.498234537579758	0.261282165054761
-0.062856989858396	0.0272722799561812
-1.04502979221309	0.830898564341168
0.940922493736804	0.250741724034319
-0.671875137548702	0.467949156499474
-0.950564205799766	0.58198163053543
-2.46348529100144	1.38666250507414
0.150848243830615	0.0582155963212491
-0.580353933715978	0.422318971200711
-1.01917450542754	0.408793596683385
-0.347881275810247	0.101704932899344
-0.347562155000387	0.101412477187396
-0.955388371342608	0.584721445190688
0.315149843529657	0.188775796636585
-0.14662958422798	0.0529534159724381
-1.66762057591264	0.948985781212687
-0.402655865291181	0.277569748493661
0.158366958173935	0.0477619066778733
-2.27752140043486	1.16650892624748
-0.306975394050471	0.140867364592611
-0.222101180610149	0.0724766815444861
0.156040866513106	0.060267234897955
0.16089014359948	0.0485574624883246
-0.985590007821122	0.491945039298103
-0.212568324340494	0.0694726774908008
-0.599893929560631	0.287414789424181
0.668211247777032	0.21423636425458
0.453062917398637	0.184070014684516
1.82317998866194	0.72570154697374
1.57488338169589	0.793718308017919
-1.81811777909537	0.751424160112118
-1.51759021741262	0.550484114851072
-2.0706505076459	0.959338347401984
-0.353252610180752	0.103014720617828
-2.27781283370872	1.16734388663456
-0.352171048045609	0.102884554871845
-2.28308153192309	1.17229193334453
-0.723678625838308	0.25185170240566
0.164377165872218	0.0495293176899797
0.692732319345477	0.32710229474396
-0.0897012534849223	0.0357634833940291
0.451440938272563	0.183586025165848
1.04358675612492	0.400439867421486
0.89614064685248	0.483376932372643
1.06720882094162	0.52300001451321
-0.766320493292693	0.336389703304775
-0.722656757230261	0.251937110505122
-2.58107011718166	0.682882000334415
-1.13907413243892	0.350415838742694
-1.02276225125301	0.410642108899905
0.145592290548819	0.0279027526196651
-2.58107011718166	0.682882000334415
-0.391265768818464	0.163995996745211
0.66209183440345	0.212643534404712
-3.75826609616582	1.51609845599333
0.668069038483228	0.21426135235768
0.533426538804183	0.193598763845595
-0.141689378848865	0.0511796456978854
0.531843076130347	0.193511668396616
-0.722656757230261	0.251937110505122
1.4452850207351	0.485057538595493
0.444322316735905	0.179942471683937
-0.305105498517252	0.14029827610038
0.157957745921697	0.0607599326229333
-0.213404200361392	0.0696750872019552
-0.724424172815078	0.251988281234418
0.449623635043644	0.182709849138681
-0.722656757230261	0.251937110505122
-1.14420932638858	0.351785528543761
-0.515579268988547	0.197497779631055
-1.14214562413243	0.351215554477081
-3.77104340813053	1.51447571335745
-0.343614950418389	0.100353977595961
-1.03212237026457	0.414294926993374
-0.51396531615413	0.196814734006425
-0.798640185995405	0.525955707509803
0.0371762235322434	0.0215671116889255
-1.05249932697235	0.838476049011132
-1.93308838961457	1.87496067757207
-0.949578059914681	0.577358552721081
-3.25483924306766	3.02521047320654
-0.650484545903187	0.384330804368097
0.160062099926435	0.0912060777344511
-0.348220543213602	0.101642486260234
-0.106006314724592	0.0419780258862788
3.63104293019025	1.45185522619522
1.00303786247997	0.816050067232617
0.156083307671789	0.0536388626462904
-0.0608573610445958	0.0265679691811687
1.81750581386737	0.721108485050186
1.81825742519256	0.721714939545741
-0.342978327822652	0.205498002782514
-0.763212857450417	0.335382860747056
0.155608726416379	0.0470349393301069
0.530151821487384	0.192827665875907
0.35489194845256	0.177854226689764
-0.922242921206389	0.669257591111527
-0.603479026089005	0.289395666824751
-0.347562155000387	0.101412477187396
-0.951505654180558	0.581473940047142
0.291947258207931	0.208649928526592
0.185275489128095	0.137764886038674
0.541481388609773	0.44776480857895
-0.278950702834148	0.174928661098928
-0.677509728775134	0.473217867781802
0.154843626744562	0.0597045824409547
0.317559597636251	0.189841437398444
-0.871709559075594	0.790571967974227
-0.0338640498778607	0.0159152620670689
0.326069488643688	0.196042945922256
0.0257178074195376	0.0150260763889917
-0.250355303072347	0.185450646461668
-0.691384064198688	0.544963072816083
-1.4748563875475	1.02531786052478
-0.492810500043983	0.258307671221628
-0.233432030495868	0.116003878749937
-1.00710478391671	0.904041281076599
1.12406640723937	1.00274947635443
-0.785907229246523	0.669952905812197
-0.953015386219752	0.583096671940291
-0.0274045538914575	0.0129701869822433
-0.623443355021843	0.556355984074363
-0.704936167439004	0.618366178572652
-3.25292851364038	3.02730532825541
-0.792065797412164	0.432287656024737
-3.08660653838605	0.975157312690119
-0.0555133494112556	0.0242420627392363
-0.38695836629556	0.162163500198277
-4.22473717851872	2.016016824524
-0.148395485841531	0.0839726621594002
-0.18831501865102	0.10059251087049
-0.407920378988075	0.229724418816433
0.0253244932020695	0.0136009160117146
0.162508531342804	0.0928594246814931
1.33547122315643	0.593485432342235
-0.489224496558537	0.255628768251627
-0.583494563650865	0.424590509222058
-0.651475233713182	0.384992405994925
0.321902540747841	0.192896657039729
-1.27261442293622	0.579780704461
-0.090929796907427	0.0362166152873234
-0.142891948035302	0.0516141016686805
0.792430310048112	0.473327613654925
-0.0617900149340499	0.0269508999408355
-0.0516279180702258	0.0225930858880601
1.06870931532798	0.522539480603252
-1.09843095171918	0.748279555131063
0.159120665328247	0.048062202194274
0.40117090037606	0.181917773205401
1.09518404963122	0.821902735720902
-0.395520864335434	0.166072991543779
-0.0623035288868257	0.0271624619706698
-0.346391761922432	0.101125986544327
1.9546069313489	0.460412245381477
-1.83789305080558	1.16331067401623
0.331000356607125	0.199337321939517
-1.1623480599227	0.650968305198471
0.605771202992635	0.45548993673998
0.611634475279002	0.319433163220304
-0.761003837130839	0.333618902533493
-0.945221482411286	0.576317095835151
-1.03875854055415	0.823269680663094
-1.11194866205961	0.75166221707232
-0.516250072697604	0.197637497642431
0.690539907543871	0.324537580023354
2.55964935886872	1.44058005564147
0.790274835307119	0.471082304903761
-1.67333756583943	0.955698409549507
0.536431293429806	0.195654703291124
1.3339002399907	0.591927981716306
0.827726572998535	0.353380486630744
-0.392120453501998	0.164585641771912
-1.16568144963459	0.655167690820231
-0.31044780109088	0.142793930717819
-1.09699711005257	0.746431748529318
-0.401535563566211	0.225721324581173
-0.137622313529336	0.049786449357193
-0.521731193475915	0.42883436755975
-0.67974180043894	0.474546919560807
0.426462827516722	0.42203089637085
-0.804689466532991	0.530435910682054
-0.558178747859182	0.505318786787533
-1.03248540558975	1.1594832176859
-2.23701466221205	1.86327460449224
0.298140705736721	0.214057952339969
-0.4084213111316	0.230592608839823
-0.0732243902778159	0.0444639214629893
0.153813158522128	0.0809519415343555
-1.18311814831736	1.20763197681305
-1.61464347259909	1.23567919171849
-0.189469988127868	0.101284657321966
-0.313610546303376	0.144092188807115
0.155816413428406	0.0535628127143977
-1.32893744832942	0.831782358900724
-0.0241192936564898	0.0114611227323366
-0.348220543213602	0.101642486260234
-0.510471133847125	0.195363258012676
-0.789556630535275	0.430280696755488
-1.83218037531538	1.64984817614722
0.411496314167393	0.324912088064115
-0.688464560498204	0.545038870603429
-0.156693125759899	0.0886514881826768
-1.34630831417898	1.10379143714341
-0.653764764896091	0.386053870185967
-1.48425183829788	1.0321195333085
-0.347881275810247	0.101704932899344
-1.34791451917336	1.33545238279948
-0.62868779282718	0.561571288047902
-0.0767992054760672	0.0467727449372172
-0.275942558951414	0.172351971414944
-0.0341367311652346	0.0219469807897541
0.294598831070984	0.20040260268919
-0.449141322988691	0.347032598076629
-0.793680129415784	0.681938697288128
-0.487294937012964	0.254302390318021
0.302784914892815	0.193846696439843
0.604569434835197	0.454466330466862
-0.188698659561007	0.125688398726418
-0.0394514572094739	0.018448155610473
-0.5068653450618	0.382208193290967
-0.551397562419362	0.348292131163992
-1.2581332634752	1.17127647162529
0.153684370755298	0.0874369844253812
-0.675081052574913	0.471307931730509
-0.0560961341355307	0.0351799947899185
0.656335785447252	0.463861810979125
-0.112260219962965	0.0659718447144133
0.600493928424317	0.449519313679288
1.4390509729175	1.61700622361876
0.0363010492857619	0.021063331580153
0.0188850105669657	0.0101815458468932
0.0275514921640466	0.0160424430395396
-1.08979862522346	0.739035587099458
0.300961400818912	0.216497795136869
-0.284490909227058	0.20595499929855
-0.499783276206396	0.375479484911618
-0.137622313529336	0.049786449357193
-0.399797014292979	0.275651282606885
-0.607887759682628	0.494610466507749
-0.0562103049396098	0.0352335393342224
-0.645787432773387	0.379934357065984
-0.955197410049279	1.01633685163078
1.90232705590041	1.62382981432333
0.151950193441804	0.0729312605237723
-0.761377040898841	0.333615133656104
-0.514635039335923	0.197073437131208
-1.83209046887821	1.6528507040695
-0.505640881614612	0.192284839405361
-0.981020116095944	0.490062948615881
-0.0292584894742917	0.0137936466374432
-0.302689882259949	0.138963015677871
-0.794033387462659	0.520812256673785
0.453652747908813	0.184215764139297
2.74958998501656	0.787920507210083
-0.0080295336127868	0.00395148915509399
0.991176732559374	1.08088666419999
-0.68989457905087	0.546809884200286
-0.762620267676328	0.334197124064447
-0.152075703560176	0.0861170152535393
-0.648561134689833	0.382132624828829
1.08920017432713	0.66993618324643
0.782291103886837	0.609849204996206
1.96339410738908	1.23799903461336
-1.16568144963459	0.655167690820231
1.23696061930458	1.03219730899348
-1.14420932638858	0.351785528543761
1.08160702240378	0.661204596100305
-0.0651654928390194	0.0283611716221835
-0.950316748093817	0.579446313548818
1.06530536060331	0.52073766886957
-0.0596419343152403	0.0259820600861762
-0.0244424180904111	0.0115950134118829
-0.932128178025463	0.678849066700979
-1.67450165667541	0.956050045600831
-0.143518895199953	0.0518583858402703
-0.0902563220048039	0.0359833350486778
-0.243827221479891	0.121377178699863
0.150030063366514	0.0719833689220882
-0.791559430829485	0.519629048160034
-0.216172722976397	0.0706904380630048
-0.598996074306805	0.287441542504263
-0.556481176736048	0.503640778436516
-0.79974504393506	0.752620226044235
-0.512191898040776	0.472364321308403
-0.763212857450417	0.335382860747056
-0.460215431705585	0.30480189927953
-0.281693847611101	0.175558126334039
0.450498409497903	0.324200760831927
-0.383851813145072	0.301437095837095
0.465796231593552	0.313915435233783
-0.0696591294622154	0.0302348461882469
-0.143716039700863	0.0810813176833836
0.69510717262521	0.327977453773444
-0.333973184923203	0.199370746034934
-0.48409759594538	0.252615388431069
-0.0957370866815653	0.0380544121371131
0.152741804792926	0.0388565669192884
0.661336234174573	0.212381115853655
1.96986393455245	1.24069765906539
-0.773748935616848	0.340319327114862
-0.601253510834328	0.288501903193898
0.448246468487657	0.321661293219004
-1.00645347206943	0.899759622775991
-0.0310707446159348	0.0199579793031276
-0.309112220290572	0.141439909161227
0.487082626769865	0.432155851600208
-0.713116114955557	0.681145561859996
-1.27885477565336	1.55975119262202
-0.0631283061693758	0.0396050061818042
-1.45289580962398	1.29032998007101
0.15973797296021	0.0914589719027398
-0.584466883400218	0.42633362844613
-0.0387736811682093	0.0249414896173125
0.441841240326827	0.411328427755188
-1.09092132078633	0.739960375338622
-1.93790436164152	1.88183457733431
-0.190938268517349	0.102298030946723
-0.0655282701549153	0.0410734271204795
0.90149222883647	0.486933094007087
0.287789756341293	0.225236469352255
0.170283449402257	0.10434235958416
-0.457263314853036	0.302852847808358
0.16676246476013	0.0880679053006958
-0.223481062739122	0.169338175012606
-0.794249217038144	0.682215356037642
0.300768267827825	0.205368234541402
-0.0697821080224679	0.0423556722130067
0.79348456305035	0.74589237520394
-0.186460271117986	0.124103064539284
-0.158637353294809	0.108487468020856
-0.0732286659000248	0.0444917363731775
-0.499800631231296	0.374553264081305
-0.295960998284561	0.238683605566067
-0.591628486496717	0.432032892138672
0.306320452465642	0.209493003483324
-0.405865865885268	0.228069730970958
-0.659220610658126	0.389047669963035
-1.34321446670341	1.09852497890506
0.140738925615387	0.0673560562137075
-0.793620840744404	0.680954239426398
0.736162234947874	0.611305992275612
0.0214592395931769	0.0115717885268738
-0.0610565894553378	0.0265757390658971
0.457031613175772	0.185686620353555
0.60880734478489	0.457450370776911
0.453971605986436	0.184766637057688
0.905460057495568	0.490167421395323
-0.21438297968887	0.070119295219489
-0.334889798829152	0.19995393307703
-1.33944725198316	1.3240440349577
0.0395316553101484	0.0228501423599849
0.161182924333726	0.0923614337513394
0.144983099103736	0.027824125638065
-0.232936572804969	0.115637906162272
0.149599686949473	0.0718190092317188
1.25835722416317	0.869733788515169
-1.0949689536277	0.742864252382889
0.992821693952905	1.16806142863042
0.161050081884521	0.085152132137981
-0.580760367849273	0.423252827193512
-0.277341263515788	0.17401287213089
1.10407763803807	0.832903907769619
0.165201164402241	0.0634158129043361
-0.062785100043684	0.0273392072180372
-0.0957370866815653	0.0380544121371131
-0.0587414233859123	0.0255937791832482
-0.175505837832579	0.0927864591976004
0.534616498293225	0.194497997065177
1.03679582276878	0.398327830113064
0.830688262236896	0.354571082181327
-1.01675590822062	0.407972067925741
-0.957053233742994	0.585296709777993
-1.04672806948334	0.833499568027739
0.155730891195915	0.0601356355216201
-1.27428878983577	0.582639355082303
0.165129397966442	0.0496596498417191
-2.03294447741324	2.11102052273121
-0.973301905712961	0.483918518491508
-0.142313153461298	0.0513669055242584
-1.55985797624793	1.4971748880792
-0.516058693284976	0.197346402094942
-0.395520864335434	0.166072991543779
-0.605377677791275	0.491126770263589
-0.404287630867487	0.228309475241669
-1.05019111353757	0.83818305671907
-0.195097591519036	0.104434263347805
-0.956472268403264	0.585405448916677
0.859648608057642	0.629449609766729
0.778055059153541	0.606703523806558
-1.09917415470999	1.05644474705231
0.450217606955478	0.183120596522533
0.155520410174332	0.0395661334713537
-0.0647469355282453	0.028179859299211
1.3335453866836	0.592444055979166
-1.02762505477722	0.412152135341901
-1.5211231585376	0.550885444723327
-2.58178332536446	0.682930522892635
0.151729269826885	0.0585153704114295
0.316623828404233	0.189708709799055
0.946132941626321	0.635080087092781
-1.34452230779728	1.10123922156622
0.410204234102502	0.323712807316908
-0.393026413659759	0.270607239306837
-0.0911490113525155	0.0363421310861702
-0.78315403621987	0.425587867987686
-1.94405791138886	1.89788979165148
-0.465321455586761	0.309372201158712
-0.144099275655186	0.0812489023443922
-0.678758935380647	0.473463766573332
-0.00647597174730837	0.00320762413842969
0.789282047176928	0.619052640565868
-1.03040205903699	1.15570257076625
0.150491074644363	0.0721641310009625
-0.544840496119835	0.343713388270121
0.167914135238197	0.102505621452267
0.571397104363919	0.453369712935185
-0.337940675435716	0.202890225675232
-0.187312200930194	0.124732319114833
0.293151789328248	0.220038631212175
-0.949692248054638	0.579430672939284
0.0787576553967116	0.0532763428820979
-0.230579168407596	0.149971265287604
0.358569131373354	0.180254540785345
-0.550449953727942	0.347494442260966
0.608113780385947	0.318467988322242
0.303319570792478	0.207557641199284
0.177126642961695	0.120778796445786
-0.536277758697749	0.446429506644185
-0.0609804979547359	0.0382602530960007
-0.934508008358216	0.681299972255719
-0.587480743972081	0.428400558896314
-0.400092355195934	0.224522210955812
1.09110739117834	0.671189520999694
-1.00061675037848	0.894124517169459
-2.78224388406029	1.88148795398821
-0.783009902203932	0.425899463734921
-0.240680282101182	0.120144189768699
0.326647437631479	0.196795607154151
-0.415330030331699	0.234527719198527
-0.311842726803639	0.143377740191685
-1.00910280146426	0.906042679153519
-0.953015386219752	0.583096671940291
-0.649989464204517	0.383772460093898
-1.57078940987812	2.08801036721661
-0.970065931127848	0.481668392537244
-0.918280917100744	0.661318417327851
-0.723678625838308	0.25185170240566
-0.0246046120271441	0.0116789849054166
0.604221873632434	0.315324948905561
-0.187674618818976	0.100383493979068
-0.238189683638641	0.11867551318794
-0.54639715989673	0.343778456302071
-0.330456854660316	0.197622779296542
-2.58142672375403	0.684312616488773
-1.02198006071152	0.411274533949238
0.835381168401762	0.356836995772204
-0.798760935548911	0.611523866153808
0.145384636092014	0.0560789982565731
-1.34496575672402	1.10546047051022
0.652658950068947	0.460528038630388
-0.649857418003563	0.382441521460811
-1.45315745453779	1.2888212348647
-0.0591905255692577	0.0257425986029346
-0.134459480013168	0.0484170837565498
-0.397790546943331	0.273108836399735
0.156083307671789	0.0536388626462904
0.905723118232228	0.490708837002594
-0.309340561096771	0.142108948616945
-0.306547851694833	0.141091468517231
1.27256695088026	0.706349452463665
-0.789217973500627	0.429728953001929
0.383662095729711	0.172044566984756
0.496400467070542	0.310592869317638
1.04306281920514	0.401137401202673
-0.137622313529336	0.049786449357193
-1.51793915586182	0.550681864442582
0.900285050669308	0.485762661563773
-0.61807687595642	0.296255455136959
-1.15248192510005	0.641263307273673
-0.146340352033991	0.052840837935371
-1.66933915211112	0.950027334354309
-0.301778934796358	0.138568363768412
-0.680776622944349	0.474674878834654
-0.599203858186641	0.287296105185425
-0.553993062799367	0.350207052556159
-0.953087269062096	0.583526138926534
-0.0920417047697756	0.0366750242689807
0.492334560715479	0.307710085641243
0.161852867988486	0.0555536777785083
-0.392703471515926	0.164743974393112
1.03679759387955	0.39762314485718
0.685474242678777	0.319891387419254
-0.0911490113525155	0.0363421310861702
-0.641728465892975	0.158059513381177
1.57746499235937	0.793524836645568
0.161583030692245	0.0553811342318149
0.714117622179215	0.466391902734052
0.148110354668448	0.0639357032458952
0.713592910444617	0.465744678245012
0.175204508773252	0.107335174720034
0.784554359605239	0.466949809728913
-0.497295558304382	0.260695688897805
0.40708602373513	0.320832832235208
-1.16957662979487	0.656400453451052
-0.709142234973395	0.675934453296927
-0.789898226793262	0.674785392134897
-0.956472268403264	0.585405448916677
0.53668704389391	0.195702410097146
0.651271698459659	0.58735057039046
-0.418765509567429	0.393071306817024
-0.493407366495932	0.258688150964674
0.360389581346754	0.180697512223701
0.752204814024165	0.734013872194764
-0.236763599452574	0.117869804237198
0.44334650418054	0.316545362018269
0.608484226785811	0.318528081020153
0.309366757267052	0.198509064754194
0.79179331266367	0.850093805978005
0.409162413420884	0.322910831845322
0.0601143548635681	0.0368679892681054
0.541092719357716	0.448009008278912
0.0306467002732988	0.0178054195949122
0.160332972304061	0.0846635143377623
1.57946623941516	1.69162519958416
-0.154252991589103	0.087271849168528
0.570127469740044	0.451960582066475
0.0425153781217897	0.0245705370763025
-0.0112733066878565	0.00552950502924058
-1.83679264344235	1.65688373993481
-1.00953923710973	0.906090405087986
-0.22903217230612	0.14877468354769
-0.141081534066745	0.0794153567789075
-0.278605536161481	0.174822293121654
-1.33086854677836	0.833531868826024
1.07059115341825	0.52387011515017
0.00472842434062362	0.00219959744500065
-0.0592550588701879	0.0258098889712065
0.337583143082757	0.186502531804621
0.154868853767515	0.0596768579674075
0.153736803516585	0.0735350839558349
-2.45336592287272	2.38680249950735
-0.342174744882362	0.204985777610422
-0.600697707575434	0.28795331432316
-0.305531014919253	0.140200743393718
-0.653948435984075	0.386333648769871
-0.394935911720347	0.165820121050295
-0.390092049604046	0.163335404835178
0.862843167292188	0.632524666644717
-1.17367918958836	0.657658374274116
-0.51396531615413	0.196814734006425
-1.09953436667633	0.749396690614908
-0.516447718221762	0.197760621289895
0.796190443033925	0.476240285686702
0.542334900568686	0.312493044688528
-0.280706123280837	0.175259978660643
-0.949112622756573	0.580940901573
0.512864555732502	0.323266169565172
1.9546069313489	0.460412245381477
-0.246015122762329	0.122929191728052
-2.62771907914405	1.61912753121142
-0.0954948692232397	0.0379055230340788
-1.26965711158767	0.579970689675105
0.148968937245827	0.0643157156779555
1.62391026985972	1.13360352947528
1.08810785888711	0.668737663581879
-0.724158352522838	0.251876501595264
-0.393623401166521	0.270476902243251
-0.984426563549479	0.490087795635554
1.03063391748446	0.968220677461161
-0.336298703631351	0.201253608216096
-0.929780026109812	0.678177052077024
0.364008716727639	0.183098892508901
0.36974218807819	0.185782313716895
-0.0952794052337123	0.0379617226555812
-0.76939181028435	0.338030972697882
0.67065498417138	0.215487616922184
0.788438454901457	0.469075856685387
-0.0281939431731733	0.0133305118721541
0.158729294236089	0.04043260950787
-1.66594215432539	0.945895872627117
-0.50980441036982	0.194986448896893
-0.338713260636143	0.270647147551015
-1.34970801574202	1.34308289304889
-0.403084149971626	0.226226453027948
-1.15413389262846	0.642701436121446
0.162651800833246	0.0488485521307266
-3.45920905368023	1.25640999767694
-0.0268266880818635	0.0127111387499436
1.44816685557941	0.487186600500996
-0.471636770284991	0.313671920737737
1.27537716650748	0.708249765316218
-0.791200160402018	0.741924148166569
-0.0721798390480511	0.0312349489530059
0.53957934307689	0.3101929353535
0.458321526621627	0.186318935304384
0.698297624619948	0.452080110120905
1.4599720558415	0.914153268307337
-1.48838565727803	0.761700246788856
-0.216433071770947	0.0705846860858828
0.156630186239734	0.0603057234423685
-0.396735279341107	0.166251133222359
-0.0568644161075437	0.0248403449950877
-0.673261655667086	0.46883589339058
-1.7225039478389	1.43358033812119
0.706127226339307	0.707849716803213
-1.55861019602293	1.49544515552146
0.166250477182214	0.0950262996531718
-0.247885277921883	0.183363057573817
-0.991650907839314	0.493034894730891
-1.66787423201748	0.947017514983832
-1.01202351172378	0.906993144553915
-0.0570702829986167	0.024924188046153
-0.503337904870795	0.378774863453244
-0.589478124071886	0.430134744232203
0.443866659033548	0.317834839083576
0.332481857505284	0.18341516119771
-0.154252991589103	0.087271849168528
-0.201612524438366	0.135163407112176
0.784894998232444	0.735818109148181
-0.401400565313454	0.226443712734553
-0.422145109155869	0.396908148266993
-2.27728506090355	1.1649683699909
-0.501769033618527	0.376945452773599
-0.219648855381051	0.141747706782819
-1.71553147844136	1.41610900975104
0.175133210074567	0.113741757065377
-0.92632217297043	0.67301035447359
-1.19148309209638	1.22219782117829
-0.67883267408274	0.473926301507199
-0.273722875978444	0.171166798497485
-0.580760367849273	0.423252827193512
-0.949556126163643	1.00735782846244
-0.950485241981576	0.580747497378275
-0.962320298214583	0.588778985874086
-0.772217138315866	0.339370153386499
-1.22927116861495	0.923402051833666
0.41675965000332	0.329111488810501
-0.342354558669788	0.243509254282668
-0.799101991105782	0.686391796416507
-0.651475233713182	0.384992405994925
-0.134794480254962	0.0487016005364355
0.160245495668551	0.0550404979204778
-0.328842522739074	0.196334605567435
-0.393623401166521	0.270476902243251
0.146273761586385	0.0564897105536409
0.829610609779693	0.354025605321639
0.336312114433048	0.186228830528361
-0.403803027190894	0.227971206424663
1.46224881907469	0.914917374222744
-1.9775336519076	1.37079095344087
-1.02198006071152	0.411274533949238
-0.191521933374089	0.102225857422514
-0.0922608458631115	0.0367356692084808
-0.0588179712984367	0.0256222844712266
-0.0025016943682405	0.00128147203468527
-0.616627812263421	0.295986710565974
-3.09129418995865	0.975610822572426
-0.786325828361772	0.42886214755177
0.437580972060636	0.31214933536182
-0.198638127934914	0.106400454909766
-1.16341491688365	0.651961755580813
0.695998303933016	0.328368689331616
-0.658158588756335	0.388930742629767
0.707083852478607	0.461504821223039
0.859648608057642	0.629449609766729
0.1555950782341	0.0534656175944203
0.706311493086613	0.459789976730697
-0.573480122396143	0.415283349879257
-1.27117045343692	0.579825727743365
-0.30745960780719	0.14148724347471
-0.791221663434541	0.430197702865356
-0.652156574813593	0.382864462710181
-0.313760115480051	0.144126945044686
0.365004262761271	0.183260345011158
-0.657745617213137	0.388076931806875
-0.653764764896091	0.386053870185967
-0.97728785092631	0.487579497608867
-4.00372890763927	1.76738115230511
-1.82115855719938	0.754396487877528
-1.16678926841605	0.655600676812176
-0.652717787110728	0.384075233885646
1.07449222371727	0.655118025958778
-0.243327973459351	0.121184027315214
-0.230670257097814	0.114326628927197
-0.196309199818306	0.105108221461129
-0.22669892624927	0.0738388034710055
-0.722928245021615	0.251489262306972
-0.142267314491114	0.0513692178786248
-1.55861019602293	1.49544515552146
0.167578571940201	0.0960086154920083
-0.186891697293859	0.0998119167910109
-0.0615712103035063	0.0267830291995861
0.172832090598116	0.111684389015276
0.727621869728938	0.600488665233007
0.708483697949168	0.4607553967473
-1.59823211528759	1.21645746531654
0.607581279719406	0.317975773517433
-0.602151025648749	0.288882306181663
2.36108815741373	1.2035255309015
-0.381491701672089	0.159246262819026
-0.307308247137663	0.141046509651752
1.96761279198868	1.23875644696858
3.93578320589483	1.7539529825166
-0.353252610180752	0.103014720617828
0.940922493736804	0.250741724034319
0.156364837626091	0.0751875652309698
1.46446133394645	0.918034511551497
0.178293418831089	0.115630694353112
0.318926879553459	0.205167245394266
-0.555901206612726	0.351271433944102
-0.151540519678045	0.0858079368222653
0.60925961322063	0.458017705782646
-0.570919706220925	0.412052757134799
-0.393137168453866	0.164599096831063
-0.395443958223746	0.272658288034534
-0.803724075739511	0.53002674084758
0.90688241636105	0.779766643836073
-0.858346875176118	0.845732820931366
0.795675330914257	0.475806097377803
1.23545347843941	1.19603629534976
0.411161729539792	0.324879216913703
2.3961529806419	2.01773749856873
-1.27187641751949	1.38074147626704
-0.470431632024896	0.396675441905644
-0.579762533170712	0.42214994664668
-0.104878984311157	0.0416165686233234
0.0337514586177153	0.0195669640874958
-0.332740752795988	0.235438150177715
-0.484416639000392	0.253024859329898
-0.32559116290954	0.194088225299848
0.564081200686504	0.445212295911809
0.745102622241904	0.61940077124761
-0.0329708956470932	0.0154966923021518
-0.887879918612956	0.816332400469333
-0.783684344392848	0.425457256972071
0.155715381622005	0.0820094936225922
1.35315539931533	1.23214667929413
0.473484387711864	0.320485069751048
-0.945221482411286	0.576317095835151
0.855989877535197	0.624523876386272
-0.187107578380355	0.124516353516661
-0.286424729988118	0.179054887027647
-0.801451521814408	0.615066766452988
0.0166177837136076	0.00902396553560653
-0.451387344706267	0.29717452551221
-0.276151758460806	0.172590753845221
0.146073687451661	0.0700968281384464
-1.71835715766702	1.42310394352545
0.454257246607656	0.184850448579938
-1.15215198431669	0.996743179940076
-0.952935340898032	0.583528390275705
0.146177697743635	0.0632053924937036
0.544256739065312	0.314062117678191
0.504221138356936	0.317716682763235
0.0214592395931769	0.0115717885268738
-1.26653422442284	1.18133939784809
0.863800012711244	0.633575850867242
1.9546069313489	0.460412245381477
0.444972633429835	0.180621127746924
1.61937637061215	1.13089092488019
-0.550377904976823	0.346899766082513
1.27741734965163	0.709782422099763
-0.396875329235619	0.222419158071871
0.914583222664991	0.787503461329246
-0.598996074306805	0.287441542504263
-0.764730750434994	0.336315068168277
-0.46323667817501	0.306554760465472
-2.07450402951586	0.959112073230256
-0.309915336981443	0.142572414774972
0.146581833070908	0.0566119657562545
-0.0979558893989005	0.0389414540948112
0.162606586631393	0.0489632049155684
0.793352928272574	0.474008068001009
-0.391221006087443	0.164172689294787
-0.25460278140362	0.127018384797469
-0.350337336641319	0.1020232097432
1.09021020061661	0.669879308111759
-1.27004348394699	0.578549734222855
-0.0421021676399113	0.0196443375831138
-1.16305747855297	0.649556106245305
-0.116423027210947	0.0832895998842335
-0.392125648212542	0.269115242554044
0.0497472496407847	0.0287771707978024
-0.490364513251168	0.257104441322538
-0.352922420805713	0.102954332052563
-1.13907413243892	0.350415838742694
-0.656810126692151	0.388223773144311
-0.489224496558537	0.255628768251627
0.163044983252504	0.0861662448081291
-0.0767090733161541	0.0466432131343828
-0.791538423264586	0.678848935193382
1.04700126993787	1.10171639034453
-0.0370323917136148	0.0173484917073785
-0.801790863216281	0.528403340740719
-0.547216981156012	0.34537486810969
-1.47971345378573	1.02601109734255
0.366959335214856	0.184678329931306
-0.340528863240424	0.240967322694365
-0.308522444914967	0.141857588223127
0.828674690258248	0.353451092036723
-0.727665050071283	0.2526903198642
1.8142953907822	0.720202227075537
-1.0949689536277	0.742864252382889
0.307853880202616	0.197408859026337
1.36860997679237	1.25450746453277
0.328902743407974	0.18100364127861
0.537071602233523	0.308152188481984
0.466144225250148	0.314599448597154
-0.0588816757525968	0.0368767655347362
-0.111963252832548	0.0659385734855263
-0.465063951062393	0.308661831065357
-1.15995657027121	0.649546766482322
-0.273179422022943	0.170709807525401
-0.134805633882091	0.094507951547024
0.637472002580252	0.444933463402309
0.444874367698457	0.318892024393883
-1.00606190038815	0.899175319597442
-0.438366998413011	0.336905828060872
-0.443982957612603	0.341826131928692
-1.09370797935048	0.744558942126431
-1.60642265297753	1.22815760993745
-0.40019149100386	0.275743221531678
0.600496955441516	0.45033456925036
1.46112776705756	0.916117138420401
0.170666568992285	0.104256169323557
-0.104542342252067	0.0414683511651629
-1.22151596334026	0.913383628276364
-0.553787149245103	0.348844031137354
-0.223062908937134	0.144323887046117
-0.759464560325363	0.333463084710515
-0.304393982770817	0.139236656241683
-0.182267394876778	0.0971832810219477
-1.15413389262846	0.642701436121446
-0.40062025109547	0.224958287425607
-0.187837031510748	0.100269363511848
-0.238348866729638	0.118864095071033
-0.157916366970489	0.0893263630050877
0.056743026680595	0.0347109764394027
-0.00598835492649211	0.00297828977140482
0.912823983263557	0.493747677079338
-1.03921969684374	0.824360894252752
-0.77907315908081	0.420707126200085
0.0269924602924022	0.0145094436972897
-0.034369368461814	0.0161426859274002
-0.514238684137278	0.196858589089476
0.390836033156191	0.175663065258788
-1.09986512967794	0.748905423800284
-0.613066283384416	0.294298984806365
1.28357955256535	0.712818115549994
-2.19590574328189	2.55029923898881
0.140400083006098	0.0271488262218611
-0.138535181662081	0.0501089737478327
-0.0348381759945145	0.0163665294113374
-0.797314791740448	0.610002791055812
0.391020428718766	0.176738874014979
-0.274456740445321	0.171895055304503
-1.22708907055456	0.920115134081015
0.902053553340603	0.487619411741115
0.492826507022426	0.307822927419867
-0.00268605849925839	0.00135237497762148
-0.395492107240186	0.165471708465166
-0.052559789150895	0.0229942718441422
0.337172547269917	0.18600766834331
-0.188668699043623	0.100573829428608
-1.02099438295529	0.409776652047704
0.903175484663109	0.487125181038342
0.550436987109	0.317337624805261
-0.940394180025596	0.68539591965019
-0.0945087687933719	0.0376036536917361
1.76773628021404	1.37313182983382
-0.71841689794844	0.249777152570215
-0.145683165564889	0.0523837210813956
-0.191746674864281	0.102116841467883
-0.0199050290510223	0.00953189676330101
-1.03185923747868	0.414980836560012
0.159369137366091	0.0766087140704491
-0.186888162171718	0.0998443302851959
-0.460096920760877	0.304769422794107
-1.98369390740794	1.37987871810459
-2.06894518817756	0.957909133523848
-3.75752848880672	1.51704168071265
0.164011931103219	0.100264255077441
1.25692399725761	0.868539409555391
-0.339747837239642	0.203536259825356
0.721472565827391	0.471039870258394
0.356539389535277	0.178846757155484
-0.790087209357706	0.431020861487529
-0.408544559964716	0.230549141863439
-0.143192097426531	0.0517517934709728
-0.402965133321868	0.226615380796014
0.359470857125102	0.180068069892726
-1.13838195218038	0.350237547909829
2.74397811473675	1.70027536733021
-1.26804088517302	0.577068127053539
-0.341779219786228	0.0996625955420077
0.939298703364537	0.250809511779044
-1.48375853349033	0.757911091286895
0.604403296747335	0.316337210750495
0.951715249767387	0.641567820815909
-0.38695836629556	0.162163500198277
0.152136889351152	0.0656665113625087
0.0675573287972331	0.0436498430831241
-0.4466917971277	0.345024866404731
-0.0558377335975521	0.0243996633486558
-0.542982654534089	0.341576648660742
-0.282715413743758	0.177380217591017
-1.24008142754031	0.929942751345718
-0.112478658838351	0.0662246912645731
-0.653764764896091	0.386053870185967
0.95071207361138	0.64055925203525
-0.469081916322738	0.311696761406296
-0.79204162288465	0.520282903698906
0.0172972535943957	0.00940273112231153
0.160020999152346	0.0616731974641735
-0.89533982612632	0.822747938748773
-0.759748843844109	0.332580562679932
-0.0293307967064995	0.0138300426475873
-1.24076681987631	0.931972322211739
-0.766939974307037	0.337285851834953
-1.32920012589807	0.830960421728324
-0.888429053568488	0.819360349115924
-0.387561440197504	0.161920216764908
-0.18831501865102	0.10059251087049
-0.6066044979255	0.291574679111263
-0.315205341162261	0.14485302845887
-1.16422593826288	0.653741388644674
-0.404893431624604	0.227704752949241
0.736323490750597	0.610426977336282
-0.650484545903187	0.384330804368097
0.718806658986385	0.469546134964664
-2.63004763759104	1.61689196949803
-0.056047229388476	0.0244936081693338
0.453062917398637	0.184070014684516
-0.637509639132058	0.157280902410938
-0.0925980068176476	0.0368806029120303
3.05015122633818	2.26999649110665
-0.270233509671303	0.168692884771207
0.454310618377414	0.184224189396158
0.612903400161451	0.321207167405034
0.00375438208567529	0.00172809563306817
1.95733767915288	0.46077898524688
0.531223226643993	0.193578240394512
-0.950203673587783	0.579793446877527
0.15748772556592	0.0831157111751269
-0.215362013913717	0.07044095074977
-0.79285702512605	0.605456494124159
0.358569131373354	0.180254540785345
1.77691435812792	1.00271393844755
-0.486461886265682	0.254182134501144
-0.0590277510038211	0.0256834310511626
0.786877819564715	0.469636605919575
-0.514635039335923	0.197073437131208
-0.77345264958552	0.339961971911318
0.716915029320065	0.468728685051828
-0.0957370866815653	0.0380544121371131
0.533895130806427	0.194581489771343
0.363183753363464	0.182678711121724
-1.51406510425906	0.548397333153719
0.156993065234417	0.089676483178151
-0.101645665119999	0.0403218449949219
-0.0511163550792792	0.0223790668552536
-0.0580567112317666	0.0253179011757868
0.152118089571059	0.0731131267532544
-0.47064106144803	0.312842844857039
-0.400148505709449	0.225169915786821
-0.638041567101684	0.157111298213115
-1.83698463468292	1.15886459711036
-0.471180132114151	0.31356598922943
-1.4523039566079	1.29280531683243
-0.933708302244767	0.681213975162001
-0.21688918582617	0.0709123691608258
-0.196612903539444	0.131551468972857
0.788179867048188	0.469045005322561
-0.485833167841123	0.253893865393645
0.502789949799994	0.316283086130178
-1.27004348394699	0.578549734222855
-0.0379899823847892	0.0177907878739765
2.12426159590341	1.48031790404342
-0.217062344939073	0.0708765351682746
0.665301548139678	0.214168982585133
0.163169995607563	0.0413572276497282
-3.09073773131398	0.977080546046746
-0.095402150947848	0.0379515117427209
-0.515305102872372	0.197213035707925
0.54291482461358	0.312830966539688
-0.762294852377534	0.334854539838056
0.167157875780304	0.108049748401284
-0.33618128128622	0.238445846653055
-0.409298561438682	0.231016912504294
-0.00684343746210753	0.00336771803875679
0.156040866513106	0.060267234897955
0.315951145675555	0.189598546798861
0.146850196733294	0.0705293502278957
-1.72410966071602	1.42943581356533
0.164348401544555	0.0865798157152202
-0.399202459468018	0.224591426357201
-0.494856879805538	0.259503012104793
1.07249407198733	0.52645293485323
-0.192474263856615	0.102727016116149
-2.27200931666704	1.15964510094156
-0.302536430596706	0.138490414882653
-0.944207906455591	0.571869463752638
0.471973367097542	0.319465256915062
-0.766939974307037	0.337285851834953
-0.638150455901237	0.6155751861023
-2.78574121241608	1.88313533301443
0.153837734904853	0.0738507928463661
0.601421774301395	0.31407687916765
-0.235770310436452	0.117280759161013
-0.236924256927282	0.118023478395596
-1.9335478178649	1.87578570903966
0.0146383712590279	0.00798503309702643
-0.673675910965454	0.468649376272294
0.144896280914455	0.0626596294935733
1.24052767353577	0.852046603721201
1.45778867860026	0.911220087912198
-0.214480479304506	0.0699616309976976
-0.601467287066214	0.288528213478627
0.542414519728227	0.312684883447288
-0.00695998906912987	0.0034481887367411
-0.96137609862829	0.588308726870737
0.661336234174573	0.212381115853655
0.615342976133315	0.321375893863305
3.26141769425846	1.12732988282303
0.598830485016963	0.3101291234955
0.309679279295577	0.199563800612729
-0.300336735413601	0.137758241966233
-0.390950902807037	0.163865741327239
-0.141689378848865	0.0511796456978854
-0.303600529176239	0.13916404880849
-0.603264313473487	0.289576273580065
-0.30139884606845	0.138312020328735
0.160136994586442	0.0483380929433701
-0.76445898984795	0.335968098647039
-2.06582634158933	0.954264857895796
0.397261650222179	0.179696179380157
-0.418938366557573	0.236255464368243
-0.976706778856474	0.487372497728726
-1.14781664720768	0.353699707342604
-0.438077945048151	0.337383830664596
-0.61226966812024	0.498679463076661
-0.9491227552474	1.00550930665888
-0.791003223663582	0.431446710857726
-1.51793915586182	0.550681864442582
-0.404287630867487	0.228309475241669
-0.0250720156351915	0.0118753337778508
0.798098475021803	0.476497776207995
1.24427867507676	0.855991165763228
0.306432102581682	0.209497970433886
0.990236615955381	0.79951332548271
-0.191897495319497	0.102759656595071
0.448996652727867	0.182338661350822
-0.520612129387948	0.199165479104624
0.614310790776899	0.320806873772646
0.449597240574579	0.182834116917075
-0.612169758011581	0.294425476124347
0.535362324857486	0.194189115394482
0.153538548176328	0.0592272382906352
0.155864682985526	0.0535446683405654
-1.02753370414198	0.41314398527887
0.530499832462958	0.192903879235124
-0.095402150947848	0.0379515117427209
-0.00476076918952691	0.00237861754829182
-0.105931277468772	0.0417616670593349
-1.34421967384005	1.10136956016379
-0.00549972480916224	0.00273167658492722
0.0269230597932467	0.0145074447357667
-0.296008569905066	0.215822103593152
-0.950831507195643	0.575960501261908
-0.227827687629457	0.112531873336028
-1.14569924827997	1.27002203143249
-0.326054766403534	0.194357878962202
0.785038202677796	0.615424602304753
-1.44053988285746	1.52601847445782
0.311786722083899	0.200188881495594
-0.339624450692087	0.241305809073222
-0.244031910878842	0.12183443726006
0.162516604806974	0.0928393008338626
-0.0254970283006112	0.0120985248019426
0.909946991741422	0.492936462501295
0.0453499282575985	0.0262266263246144
-0.0604371360718973	0.0263808762856811
2.1403973076059	2.18081691680782
0.156182846160695	0.0750125070546686
-0.799123985631241	0.526517201621746
-2.11946743044242	1.61568992881073
-1.10474368684923	1.06176186410758
1.44084678119667	1.62441088841733
-0.183692737714628	0.0979808496520925
-0.0559326090351956	0.0244445320452892
-0.671352708064407	0.467257885661977
-0.00986756154125598	0.00485799968401533
-1.16105818781118	0.650550150792748
0.336312114433048	0.186228830528361
-1.16586565623097	0.654257008970129
-0.980375454382895	0.487791257016207
2.11501415724733	0.962307404604812
-0.694906451043344	0.551846759242081
-0.397637547406796	0.223793094566827
0.355201079453652	0.178050283306523
-0.647998423354637	0.381544352712931
-2.58142672375403	0.684312616488773
-0.096508744195952	0.0384424509230555
-0.391423517502354	0.269098553408573
0.39859212523904	0.180412378495209
0.14864968543755	0.0574012460397016
-0.344483136038826	0.206670648688118
-1.47052679751289	1.01930068982633
-1.04719044181844	0.833947885235395
-1.67242665412852	0.952165483938077
0.397261650222179	0.179696179380157
-0.766939974307037	0.337285851834953
-0.513022098417711	0.196007452163567
-0.215102781729368	0.0703679315225032
-0.611061731279052	0.293158216832681
-1.66911605518225	0.948313308774744
-0.317564907851607	0.145689290700516
0.156536429990366	0.0751885273863745
-0.606817672308445	0.292067119296631
-1.26302194373869	0.57267678940045
-1.8009224274669	0.401413641514774
0.141371543201342	0.027282216107575
0.31880943202682	0.206102462653158
-0.342126398506209	0.205279743572571
0.15433684253209	0.0740365347829833
-0.239710893248809	0.119301063557685
-0.483992205601174	0.252767178955988
-2.11874552156637	2.34340874805761
-0.48605362568269	0.254095896860715
-0.133881168230212	0.0483328791068119
0.702468213209671	0.331111345805726
0.39859212523904	0.180412378495209
-2.47362270984403	1.39355394142428
2.7486062124648	0.786021619850662
0.453971605986436	0.184766637057688
-0.00940010200924689	0.00463010002093287
0.155835402306973	0.0823937896553621
0.550515971063685	0.317744481482344
-0.496356114554604	0.259919418616837
-0.032854276066669	0.0211219710889759
-0.802068805214008	0.615056708904121
0.511896764681262	0.322636889284694
-0.800176573814732	0.525534408510699
-0.245018796634332	0.180682249780722
-1.09736328459054	1.05514488364997
0.910177622275709	0.493211393168189
0.335384581247551	0.185416813196518
-0.183542608079504	0.121807930600084
-0.0231660553912872	0.0110335976228706
0.546579654136961	0.315469342632616
0.735610604617167	0.710629246317718
-0.597544311937603	0.286643195496125
0.0699514069563197	0.0452448617039706
-0.380113751180398	0.296765906058897
-0.275703228703383	0.17233562395998
0.392367272970389	0.335219889982456
-0.546353937615348	0.454560169051696
-0.949406100191792	0.578321110937991
-1.22799307465144	0.921341396565078
-0.676841476347194	0.47059738483607
-0.2387824394216	0.119011059996319
-0.502493982774065	0.377394709796022
1.13372771048889	1.1540078882225
-1.43011739740884	1.72912822485843
-0.105770885813429	0.0419412044140562
1.39416035816049	1.06461925579672
0.790474309979616	0.471937981770944
0.993596910886839	0.807291489781323
-0.403812916205571	0.228095197434214
-0.0978541457489037	0.0388427656874681
-0.414366361620337	0.233952258354908
-0.689045189643791	0.544616504353063
-0.406626206575466	0.229551273036955
0.91059290909385	0.782981274101693
-0.0952794052337123	0.0379617226555812
1.44620534473057	0.895895263711005
-0.514841514771698	0.196884496743197
1.12679145960369	1.14168617997322
-0.143516882394247	0.0518303322908422
-1.27099398512007	0.58063946719774
0.603318795364971	0.31464709471682
-0.910313131955883	0.757514714026737
-1.32392048083211	0.825142904136243
-0.594182265535834	0.284144784258734
0.430806473054696	0.325257427865362
-1.80103877399874	0.401412128456168
0.158729294236089	0.04043260950787
0.162439019871134	0.0930070765959019
0.954320811774029	0.642529356117302
-0.603456156456361	0.290317741805968
-0.643349072518436	0.377403275399529
-0.142229541113277	0.0801341387524454
-0.759464560325363	0.333463084710515
-0.51738992593929	0.197865775918006
-0.97862746010403	0.48720056173569
1.33619399827848	0.595395987953639
0.156936880277468	0.0605850035962117
1.57769338856191	0.79694733357431
-0.398768455339568	0.166697143145537
-0.313760115480051	0.144126945044686
-0.789701262636954	0.430638498336157
-0.335882330947624	0.201125130794618
-0.789217973500627	0.429728953001929
-1.15640358556071	0.647190211436835
-1.17886319806958	1.1947528979548
-0.90454790032514	0.748829494531728
0.189377795294724	0.140969651567755
1.09660488495285	0.822600711963263
-0.7971964552233	0.524314502727079
-0.598996074306805	0.287441542504263
-1.48375853349033	0.757911091286895
-0.302310494522008	0.13881925142612
0.158106662910899	0.0610075848223268
0.537406575730244	0.196009920523317
2.11403819225034	0.961070967604642
-0.40855732429262	0.230548396146383
-0.802105019348105	0.526463822324797
1.45419579160677	0.907899103512534
0.157178123814678	0.083054806925667
-0.0537492422973668	0.0336422912761109
-0.231254538468187	0.150269274059967
0.177119090265484	0.120215829947394
-0.342174744882362	0.204985777610422
-0.560251823192238	0.508609506567195
-0.645767024144262	0.377460588359098
-1.09546492794808	0.743144794083816
0.735178355833256	0.60741638918657
-0.187365980232538	0.100102494923443
0.0281127253490916	0.0151020014630787
0.990147360254976	0.799485728261414
0.15737302961722	0.089816143807908
-0.0335539085516458	0.0215701769328614
1.13178177089398	1.15139622416227
0.183794087155334	0.119673151849606
-0.545812685157561	0.344455458178628
0.148643031620369	0.0711747247933852
-0.792071447987085	0.803314417054235
-0.105236811064445	0.0617891685851368
-0.191521933374089	0.102225857422514
-0.702081952097372	0.557029707434757
-0.15344781508105	0.086763249824021
-0.795899946601841	0.434348461672426
-0.161188848527172	0.110440735854637
0.017746817208208	0.009640545728794
-0.0239582559551677	0.0113758855027052
-0.345534155354481	0.277514847025574
-1.31982822110286	0.824564420176428
-0.0770793303712138	0.0468936345069813
-0.305685997906007	0.140303200503559
-0.7895120171658	0.739949203312941
0.441383265879303	0.31442757674886
-0.464832656334659	0.308778544305558
-0.395332879314323	0.272707095976776
-1.82265695551501	0.755060218180958
0.305197381940293	0.209048720005808
0.00643869208829602	0.00371575411355113
-0.145687925246695	0.0823005766928752
-0.787425909849379	0.51499387223911
-1.25452355096191	1.16349157306473
0.158545550108871	0.0905286058862815
-0.22746412002763	0.147597450509985
-0.335562892981032	0.201180491304454
0.0208807726928823	0.0113038049542309
0.509950406176384	0.319732000142621
1.28628192103557	0.716357873214773
-0.0287717813712785	0.0135659370806764
-0.650354384742137	0.382771636332045
-0.192474263856615	0.102727016116149
-0.387274519225095	0.162013901064326
0.144790471210878	0.0558101595947239
-0.241469947608742	0.120186286715383
0.353447746972189	0.177000221522693
-0.689075913924223	0.544179879933625
1.9546069313489	0.460412245381477
0.146277488596093	0.0564341706800335
1.45803424311969	0.909123255445469
-0.798644211621625	0.526013086843439
-1.6702841984141	0.949094005979184
0.999183997088899	0.81315098694965
0.954417928702792	0.936618570111343
-0.352171048045609	0.102884554871845
-0.3878593428986	0.162300202543048
0.157693836049591	0.0541708009160174
-1.84798737891092	1.67601477398683
-0.352922420805713	0.102954332052563
-1.01818718855491	0.408299416064853
-0.595540825136552	0.284687770764522
-0.236763599452574	0.117869804237198
-1.51942044620827	0.551189226731038
0.360818180094437	0.180989265928049
0.155520410174332	0.0395661334713537
-0.412668618741471	0.233017545966436
-1.02511814143824	0.41200820059487
-0.653215722074743	0.384133426673604
-0.858659232615969	0.918263223961612
0.479610680913724	0.325398117835545
-0.797344115755395	0.611736789383254
0.152108068416228	0.0523180707573953
-0.389029125737836	0.161886172602727
0.541232558795364	0.310968077454331
-0.0606701907883097	0.0264056931275092
0.159825702589389	0.0405961444844569
-2.58142672375403	0.684312616488773
-3.76027413444552	1.51546191462451
-0.98011491957414	0.489418532086656
-0.0632990365005817	0.0275622284651316
0.171119336005436	0.116317440532324
0.278447584107971	0.224653432040057
-0.676377338236401	0.470361358114712
-0.726928863210391	0.79375942987558
-0.396441578067928	0.165684621632509
-1.65019010897547	1.67895719188584
0.447136981194751	0.321076552104969
0.036865448679407	0.0212980117695952
0.156599327454333	0.0750743018454224
-0.0651654928390194	0.0283611716221835
-1.01314351651492	0.908659883510732
0.158685428503525	0.0907019628403377
0.911569322951882	0.784308160335671
-0.0600279327839153	0.026132927563054
0.018105995524185	0.00980692020840919
0.0308853663117613	0.0179244157407149
0.541348296055986	0.448124573229011
-0.705915977418156	0.619781960104745
-0.410637444478959	0.348259992547063
-0.0828394282659685	0.0504941657118621
-0.0555636682896159	0.0348194097540437
-1.34462631954157	1.10045373991042
0.542162630177697	0.311358661327811
-0.155665902877839	0.106351562731904
-0.334498850522322	0.236881732201763
-0.475015421846596	0.401956648443665
-0.200092486161622	0.106756965046098
-0.794999353617525	0.80833491109153
-0.574579865703888	0.415889613185697
-0.0185395267755121	0.0121917500595458
-0.133574856357673	0.0932566132942798
-0.503169000474483	0.378396719340385
0.617618071306777	0.465040221626238
-0.295437474952798	0.215267025361305
0.171917850216314	0.105153096319014
0.162643256106481	0.093158339438381
0.447548968469787	0.321048895569084
-0.0383333152139744	0.0246487516820863
-0.242540241337843	0.121219271310486
-0.897980471785577	0.742296797896971
-0.0481751413133456	0.0210955824661181
-1.01910152122941	1.13744602692598
0.174331590153311	0.113092800849372
-0.401892354442491	0.226670557569007
0.500976584762652	0.315176953848191
0.785555613296807	0.735898982808006
0.710348216459636	0.464146838691907
1.46557855891719	0.916828676145266
0.0242723422284094	0.0130964175796214
2.02954117085597	1.90022529714146
-1.04863920133046	0.835355679119832
-1.67450165667541	0.956050045600831
1.24505873647115	0.856282887095497
0.0126945040544009	0.00698505469909897
0.913070744979061	0.785122681454127
0.580020997838685	0.461328740559354
-0.183219521919635	0.0977222985934117
0.452085827165729	0.325620330242204
-2.58142672375403	0.684312616488773
-0.398243804377489	0.223807522090269
-0.0610548493852521	0.0382388374531459
-0.694814845155448	0.550778008308094
0.612370235180162	0.320847899570939
0.797113363822704	0.476802329345302
-0.382477223230997	0.299062497480449
-1.16977937141431	0.657069110109831
-1.0301650740028	0.413168838752643
-1.04449350432638	0.832447809661205
-0.796619635396105	0.684695266963009
-0.393932852504871	0.270328646627827
0.147721991478246	0.0639406169439748
0.177583993129375	0.11537661323871
2.27160691434767	1.75710023915791
0.334784449624605	0.184544192153172
-1.04868858410573	0.833257877871922
-2.58107011718166	0.682882000334415
0.158104109918261	0.0476970098800851
-0.650979802369976	0.384734070954028
-0.151618620171244	0.0858363124870308
-0.439962194607404	0.339310916321135
0.0842136149302275	0.0569954007866082
-0.0894814265876174	0.0355398207912855
-0.791272873882767	0.743806047585211
0.151745169358508	0.058587168086963
0.544256739065312	0.314062117678191
-0.769717752575689	0.338699512066309
-0.50717696556477	0.192534079482027
-0.215456639814682	0.0703666824038741
-1.02296597963264	0.410908197770573
-0.298942746288391	0.136907547425309
0.451158336600182	0.183419403196117
-0.188642605523439	0.125896972937818
0.795468439938814	0.473459006463426
-0.0620256242712149	0.0388713386891772
-0.683154026292653	0.477777085598027
-1.34048164673262	1.09298507695541
-1.09029277114416	0.739314570191516
-1.34907262643382	1.34030818024642
-0.79607864319584	0.748369242033643
-0.929992087916381	0.677468988104035
0.163113700955913	0.0783076736633491
-0.095402150947848	0.0379515117427209
-0.686204464600581	0.542027228709484
-0.188832547654462	0.125993828511063
-0.7967849542283	0.524959779448407
1.23674271347611	1.35022476821984
-0.0814990497615807	0.0496964717990791
0.0963862668825513	0.0726629095339584
-0.189152501909141	0.101001985829434
0.0207195018644259	0.0112076919363195
-0.544368481367904	0.343257742638255
0.19711659810025	0.152505769780092
0.75910923165388	0.741999503350257
-0.340629120362768	0.204266811835334
0.907723686895637	0.492038355261913
-1.15641192433671	1.00081895905658
0.167261284818038	0.102347821235771
0.062300978626057	0.0382170722488958
-2.23356892292815	1.84680504437047
-0.546580849825252	0.456788165253118
-0.501743046751228	0.376796057949077
-0.222074696845803	0.143604914527626
-0.143716039700863	0.0810813176833836
0.180920448400996	0.128674991617592
0.175869610144172	0.124862530123704
-0.189024207840437	0.10119702669564
0.516252628768822	0.444694162992374
0.16380885445949	0.0866298223888911
-0.435661240414421	0.376594290262996
0.709918599071138	0.460844706724225
0.4319042963101	0.326654096499391
0.143593393530254	0.0688111759404829
0.0110287017504802	0.00610346936340219
-0.289103285391107	0.209992369474601
-0.306928499822549	0.141203586714641
-0.520885654160255	0.199641734514241
-1.83290735276733	1.1561472364467
-2.24234208612559	1.86478994490929
-2.11803956924605	1.61982469612185
-0.0869025545059569	0.0346424907904693
-0.396388235118016	0.27268228990597
-0.282068051788689	0.176704015030613
-1.94505499312107	1.89286167044629
0.527613487096402	0.192164364642399
-0.0287911155274981	0.0135751476271762
-0.658158588756335	0.388930742629767
0.801790294255358	0.478346709058396
0.149990506614946	0.0718864778338146
0.958589772782783	0.647152984783658
0.535967126388868	0.195023784147857
0.401502132458753	0.181950983909145
-0.805169853473072	0.52965724302693
-0.0731156196439407	0.0316298513686647
0.447358953149894	0.320728103177195
-0.334347251563035	0.236256326038613
1.9546069313489	0.460412245381477
0.398708969549274	0.180278347553308
-0.545914092269372	0.343194460320473
0.146781903360016	0.0704295466457092
-0.608702158014038	0.291266105799879
0.60105421818041	0.313750400557326
-1.97608102098781	1.36956577524169
0.154290329920582	0.0812310644378297
-0.311312493024096	0.143205839866208
-0.22872772042987	0.148632072422005
-0.151997688150687	0.0860265000795076
-0.347136350857903	0.101509886664517
-0.401118178349242	0.225688422727985
-1.84232896801206	1.16584108778371
-0.759464560325363	0.333463084710515
-1.17068133545217	0.657843294254402
-1.15977983657183	0.649500065308071
-0.482180403556589	0.250590634520347
-0.307078761751849	0.141312290583752
-0.140731315688552	0.0507658490792591
-0.389029767038697	0.162646995963619
-0.270066418168394	0.168504666204789
-0.726427642398715	0.252868210726988
0.50071056494523	0.313813142360404
-0.979792534250883	0.487853014850325
-1.09936945375189	0.748779223526523
-0.657745617213137	0.388076931806875
0.310820233785291	0.200208668487461
-0.595839023711327	0.284629755904329
-0.543172941323663	0.341688636138243
-0.0881322740719432	0.0350630173334744
0.958389651639925	0.646942492966846
-0.597544311937603	0.286643195496125
-1.81740649233114	0.752549709047675
-3.46409750383962	1.2590838657058
-0.481122741655135	0.250683829991949
-0.0911666551428766	0.0362486653465125
-1.27099398512007	0.58063946719774
-0.783499387796576	0.424464885523175
0.0481851617331673	0.0278203690475443
-0.533441168259969	0.443246186962485
-1.32563803490107	0.831439589392411
-0.798372156623158	0.611363957454753
-1.4911148838264	0.760048368610647
-0.544602926389128	0.34249569363615
-0.236924256927282	0.118023478395596
0.305740182072632	0.196210271102856
1.40241061949964	1.078726443548
-0.338556254932318	0.239537816416448
0.306526115309574	0.182233391791346
-0.165639460076061	0.11381557580147
-0.627897467186027	0.560581403312595
0.547001756448149	0.315806710462559
1.27990709716744	0.710766526885626
0.170304741892054	0.115636337676598
-0.168987898212923	0.116019493002091
-1.24894288469553	1.1575552455696
-0.436832832529117	0.335669814898469
-0.304620013427933	0.139745816533205
0.493292414801129	0.308250275607218
0.0394263138858535	0.0241627982782698
-0.512575996507787	0.386312751894649
-0.0338640498778607	0.0159152620670689
0.445850387119009	0.319192290640898
-0.228023317562292	0.148041518019625
-0.0444021701029112	0.019468169144285
-0.0306777242835947	0.0144326952757266
-0.489938870374996	0.256934648460468
-1.33837224258897	0.839449743227902
-0.784456157218631	0.425912610063884
0.149144040740526	0.071424123312521
0.304254208631538	0.207390450665863
-1.22628045767161	0.916934181780596
-0.0570702829986167	0.024924188046153
-0.54782736598745	0.344720125735067
0.608652653454104	0.318862720273431
-1.16977937141431	0.657069110109831
0.322404645823792	0.193037179010726
0.295118018489637	0.21178816964286
0.165129397966442	0.0496596498417191
-0.39036423870232	0.163650413054301
-0.144512439784459	0.0815898511517696
-0.0931545411722076	0.0370687776305407
-0.254105327874393	0.126760237246471
0.391350090845568	0.176852229199589
-0.233927664542262	0.116317409589171
1.7668221027846	1.37154818870518
-2.77792475215535	1.87401393782993
-0.550439241672516	0.347625082386429
-1.98620439404584	1.3851323611542
1.52530958725331	1.29028511443203
-0.118290127774141	0.0696036077265665
0.866576473724997	0.634881291199122
0.370313539130137	0.18613082222191
-0.276445318195355	0.173407909099438
0.149548008067313	0.0645618165729259
-0.924870451460585	0.673818198199838
-0.507351790585427	0.193278627473992
1.07739959992266	0.527160562504604
0.796441431291507	0.475871056655782
0.337094864028241	0.186009456046276
1.24018275914046	1.03639844465808
-0.221381474348764	0.0723536757666175
-1.32286379188232	0.824655366099588
-1.80103877399874	0.401412128456168
-2.06367777838056	0.95401618839818
0.542162630177697	0.311358661327811
0.951017929772245	0.638189807139106
-0.480612711878866	0.250352924625211
-0.238123536931539	0.118661866366604
0.472848629467335	0.319907211045218
-0.14443056977508	0.0521818046496702
-0.0860106212672238	0.0342556865798735
-0.134470588502009	0.0485151227986078
-0.142607439261305	0.0514620109498091
-0.651126624061861	0.383568507980776
-0.522336182772252	0.199162253741103
0.782367233136868	0.464482646814055
-0.485439608393421	0.253787608467094
-0.77498651611097	0.340252895417242
-0.146961694718439	0.0530389221194111
-2.27794624791247	1.16638662875416
-1.16214104577659	0.649782359675678
0.532920813071289	0.194317875052133
1.78336767156261	1.01050612851749
1.24832672230419	0.858925399235436
-0.394036461091162	0.16532634810801
0.396140212323834	0.179517366103042
-1.98069903879063	1.37761359974558
0.363467830868141	0.182845911228983
-1.22895972279411	0.921892238789281
-0.607715185731628	0.292447442782102
0.0691193105102675	0.0446948374015958
-0.950995355784714	0.5812231287938
-0.596990639929682	0.286240851000462
-0.492896674326615	0.258193976529709
-0.64563737217389	0.379827877729799
-0.767559750032338	0.33778568629591
-0.803240111600756	0.529760291665182
0.575922835706908	0.458378496427332
-0.547344978020533	0.344236446773307
-0.196048694732208	0.104959534513664
0.187161822632839	0.144258748733698
-0.154252991589103	0.087271849168528
0.0776632401351996	0.0523317449999427
0.711093220012762	0.714330468126467
0.37590755242669	0.317479779091798
-0.428755452683269	0.36879966748739
-0.793561125569485	0.808301467034059
-0.189615712768795	0.145441396084035
0.290960004351691	0.217513544915684
0.30430286919403	0.208205325700889
-0.577982449332285	0.419850847829034
-1.2102013324394	1.41201404486048
-0.510720622243589	0.385021896069567
-0.110228106133728	0.0786248462258476
0.888287656845039	0.897124374064561
-0.667896798896609	0.695221128127823
-0.15387103556147	0.0869021532025127
-0.186907395544055	0.12459848029502
-0.537111656791058	0.532144127848213
0.173512802224391	0.112303673679242
0.748887422011548	0.72866261038253
-0.162295180956652	0.111322246842535
-0.106689999233096	0.0626434094412366
-0.252864510145342	0.187968207022742
-0.149368993876097	0.0844244600756269
0.53640598143361	0.442989334333762
-0.0819160201135062	0.0498484731808182
-0.791014842356988	0.678604870820282
0.311786722083899	0.200188881495594
0.0974157822304492	0.0712373548997017
-0.475562682363389	0.402535728649619
0.516302042968229	0.444881011447985
-0.792162602697873	0.677606058970302
-0.0164032167445099	0.0107960758176992
0.607223965263036	0.455655419436633
0.604336576348391	0.453283096405456
-0.957944509139984	1.01806841657069
-0.787387225669251	0.733765814934353
0.149161905752438	0.0646063741901696
-0.336169496110933	0.237808744877657
-0.338645999409306	0.240460068453601
1.27506069987766	0.709328572158562
-0.0329086672355838	0.0154755062808305
-0.189024207840437	0.10119702669564
-0.20252948527512	0.108396937480823
-0.0877945019250214	0.0349856709541034
-0.150090457934657	0.0849609395829628
0.36488974660435	0.33000571321113
0.957200738745852	0.645572500378402
0.0869667613468556	0.0612433862660506
-1.10232457784226	0.751503576493597
0.160334983279708	0.0846543858374531
-0.141000930296514	0.0794908254857276
-0.186727037455865	0.0998629431439036
-0.0108409447275229	0.00532833995335491
1.24342041636169	1.03955482004317
-1.34694253220748	1.34013133032219
-0.23166099922556	0.150455950953188
0.684756170973623	0.321618444116674
0.310870241605667	0.200235584608449
1.95373899190972	0.460332693481441
0.339508278199733	0.187870180347209
-0.224631934747833	0.145394756112678
0.838094479620136	0.7555255159714
-0.595839023711327	0.284629755904329
-0.0834580188521021	0.0508149246050949
-1.09083231165494	1.04210176850497
0.165787145115853	0.0951273595053984
0.549369304292826	0.455455805267513
-1.60312323187153	1.22519374103777
-0.0324392430513796	0.0152576537883895
0.396140212323834	0.179517366103042
1.96339410738908	1.23799903461336
-1.14934296481286	0.989534499608323
1.02763023429573	0.963471614145697
0.694215873988063	0.327424576825269
-0.30745960780719	0.14148724347471
-0.105770885813429	0.0419412044140562
-2.12268582190548	2.33900509508243
-0.902001355272216	0.744410147431354
-1.04344294139512	0.830670424574004
0.318360738892975	0.205883117900136
-0.493407366495932	0.258688150964674
0.786877819564715	0.469636605919575
-0.924828050743693	0.670467125416149
-1.0098735065956	0.905205082409853
-1.98316250513664	2.52950482774891
-0.489427537992001	0.25664341486965
-0.674618315478718	0.470692797871503
-0.762917044259969	0.335226279565195
-0.19414379663825	0.103930519662649
-0.336540770225551	0.201418370610254
0.302214149522381	0.178747607395614
0.54634473508328	0.314962520081388
0.179399730643862	0.132921932470225
-0.15346894677767	0.0867565000354631
-0.640573294006319	0.373899966417712
-0.102514656797897	0.0727511140105703
-0.00374204283700425	0.00188427979278171
-0.398590355980674	0.224086125110145
-0.396606853805958	0.273585358105544
-0.335626944441696	0.238082726939516
-0.140070529647515	0.0505699186920027
-1.66878705254504	0.950527332740472
0.158732424211168	0.0685878121206475
-0.309002793256867	0.142020795073276
-0.976357366985382	0.961328166632017
-1.03838655243062	0.823432332854562
-0.192949606966435	0.102613420174767
-0.11748217187266	0.0691958339685137
-0.113578025435289	0.0669467726927749
-0.332120648286344	0.234459227792921
-1.22579788987179	0.916495577401371
0.96596738213871	0.950520270939833
-0.0808024301651521	0.0492550457296668
0.513340026944253	0.323496299342489
-0.337792121701087	0.202479017683026
-0.527519105628809	0.434627604611379
-0.909867349515537	0.757062270567656
-0.00471810651547207	0.00235877057027332
-1.71360503375466	1.41411263829852
0.69022290614881	0.597798507861322
-0.519549047944463	0.199118520659248
-0.105987692776298	0.0622714158631564
0.904839126636664	0.489997989894102
-0.331435459442794	0.197896756376961
-0.94572972453378	0.57678923130708
-0.0828394282659685	0.0504941657118621
0.144022294714881	0.0689863812457418
0.149768371972301	0.0787129927630384
0.15822650815512	0.090437129457884
0.149291216561788	0.0785193220513793
-1.16676642539472	0.653693295787917
0.547764775128529	0.316002427800321
1.9036344049955	1.63009385781459
0.504047775758032	0.316860901275687
0.164091725886387	0.0863780006318843
-2.11895946964954	1.61609246918806
-0.27228809088951	0.170163143618863
-0.786777690845513	0.427961217618323
0.15891533827273	0.0837706463313597
-0.38695836629556	0.162163500198277
-0.349106674034742	0.248664475170365
0.905744185602439	0.777741531678699
0.393353893356509	0.17781278837139
-0.104878984311157	0.0416165686233234
-0.14231634099591	0.0802507541707614
-0.191582203004197	0.102478161134928
-1.48400802964695	0.758811048932772
-0.9240488776669	0.669827054137031
-0.00327606725861532	0.00165842543375812
-0.692816603593991	0.548833645036948
-0.307665412155666	0.141089536072012
0.911995766898243	0.786655011383502
0.144624243113007	0.0277697138706121
-0.790617993123266	0.431533736915007
0.353342586436455	0.176965299425204
0.316922580890279	0.204870041769497
-0.902310711884852	0.746770784902368
-0.2413336424766	0.120248806417061
-0.778190132218209	0.421585302839661
-1.15234361092342	0.996286088791943
0.860110058673068	0.629996830992852
-2.03341495947532	2.12069535972384
0.15666025707806	0.0824470590679199
0.785177966364755	0.613303067082562
-2.28807528644984	1.17160718803582
0.612903400161451	0.321207167405034
-0.0272369805679392	0.0128698193037628
-1.59966574798447	1.21524025390375
-0.399516365480485	0.167536631567239
-0.493747795767238	0.258892786625757
-0.276445318195355	0.173407909099438
0.82518348314435	0.351651318769727
-0.778718290567539	0.421983217691614
-0.486480015082583	0.253839716771427
-0.144618733668662	0.0816530786800781
-0.605365691783786	0.291039737825185
-0.396322414585234	0.2734162934836
-0.986172112341912	0.492274249557995
-0.657124371046074	0.387926684811391
0.154996350708002	0.0884732382288454
0.165197704840971	0.100977394417377
0.653456151315334	0.462005218599202
-0.789828940235922	0.676203235339123
-1.2612848248679	1.17622003127759
-0.396421062608657	0.166418251931146
-0.930787753970185	0.677699479369965
-0.584265212473333	0.571238492259754
-1.13717244646972	1.25717792995187
-0.680865205323725	0.476127833622919
-0.0558377335975521	0.0243996633486558
-0.0264510520811124	0.0125370165570672
-0.185426104077491	0.123381862146471
-0.470047256889014	0.396166390284392
-0.684872030519062	0.541222319919264
-0.906270343260086	0.752793455055712
-0.464189816554514	0.308407573414454
-0.57780417931487	0.417455264516966
0.0822269039535344	0.0556834895591536
0.30350652252907	0.228929808002977
-0.677046432601268	0.472763179096593
-0.248734094953081	0.18416087874021
-0.196842867473109	0.131815024403984
1.02861229710916	0.964448026673615
0.481716020372743	0.443510523578849
-0.00864664780301883	0.00422844051755881
-0.57853582966351	0.420705408644673
0.604654864340684	0.45268573325548
0.0371769915135716	0.0199202228255596
-0.683612101778113	0.477672713568417
0.47612697104533	0.321169721980874
0.711726144671498	0.465038039343914
-1.0468569727534	0.835457138466888
-0.30139884606845	0.138312020328735
-0.331586503267361	0.197617574066951
0.605825833550417	0.560771972946198
-0.00458647266195847	0.00230111600130032
-0.15429051646541	0.0873461601062699
-0.0522978446847375	0.0327828744090543
-1.05007462689646	0.837191734401835
-0.281001253891952	0.176259547596669
-0.793620840744404	0.680954239426398
-0.107382861443621	0.06306556993025
-0.587216740388732	0.427586433775078
-0.552829637889559	0.348932630992413
-0.114898529842586	0.0677399772511567
-0.305105498517252	0.14029827610038
-0.466513404764055	0.309933678131643
-0.423318873669562	0.362613726734336
-0.408071405847751	0.23038096954262
-1.26852497854778	1.3776362852388
0.314508802334307	0.188469171538081
0.652189584699904	0.460070100293522
-0.579034621605948	0.420555560648387
0.654432106675375	0.461255257701036
1.82041011870169	0.724546408240772
-0.142267314491114	0.0513692178786248
0.476985522334305	0.32328233532479
0.538877644748726	0.446128129197704
0.448633363795561	0.322844533530994
-0.905716044486954	0.751810384550412
2.75057603691244	0.786424841779512
0.450217606955478	0.183120596522533
0.614987319481418	0.463370242799396
-0.0977391269333095	0.0387992901722613
1.66328081280817	1.55297682567354
-0.918459232104359	0.764830976532504
-0.300381414076467	0.218984231887229
-0.0245866176175262	0.0116540763626502
-0.245745812673075	0.122561173631982
-1.25455618198872	1.16872091603677
-0.0894829976554101	0.0356122180857467
1.58048723866495	0.800795987972636
0.452066149749284	0.183799113193962
0.955648762662227	0.644697082214403
1.27478473948667	0.706006397450877
-0.643349072518436	0.377403275399529
-0.608826793447379	0.292735931233086
-0.0573780416387989	0.0250474844388543
-0.787242105903612	0.429503820133249
-1.59827595935669	1.21309938183455
0.0411866829822202	0.0236694495402183
-0.238523727731958	0.155262667292566
-0.396382132573302	0.222543624484231
0.442239113736808	0.316733962908105
0.157426877687479	0.054095802255857
1.06658565622431	0.521713959968118
-0.240765987729418	0.119925532669051
-0.496306762038164	0.259793460888509
-0.695152819427001	0.606249163660744
0.548184284265834	0.31633844832987
0.164284705301233	0.105919385135289
0.843446836845731	0.762722780770551
-0.191998448422409	0.10249683196194
0.634532499688521	0.561380887850658
-0.140070529647515	0.0505699186920027
0.149758705024531	0.0788730249839909
0.084954828145112	0.0597779246925849
-0.509947101419744	0.46984704023704
-1.18624359873871	1.20887378746119
-0.0108409447275229	0.00532833995335491
0.0200218421352728	0.0108047130641087
-0.542711178428179	0.341603362344661
-0.0801942019253096	0.0579150047902406
-0.793236691881366	0.746210212181339
-0.798344014627379	0.612830191351203
-1.10581943351449	1.06648685133776
-0.505305176961995	0.380536429814532
0.0576978115825428	0.0354517834473634
0.494483243489523	0.440903650174987
0.83755637156728	0.7541523821857
0.89758976681469	0.912640867911913
-0.235592041948829	0.117114920946358
-0.106748077680906	0.062743539340268
0.311721648398625	0.2010542305139
-0.338922092630171	0.203393706341993
0.037599819701214	0.0217843662827003
-1.36208563139988	1.56735437347571
0.791666441355457	0.473267771543649
0.796656731550526	0.750412726366505
-0.108018138832742	0.0635134309041765
-0.402604096205387	0.278331342103033
-0.279500860730375	0.175486794474079
-0.186223706087539	0.0995833269794514
-0.38825107577706	0.304729085846672
0.855428406725143	0.776481917105479
0.330760128655509	0.182494917145077
-0.00157078619324808	0.000831346794346945
0.358462555100863	0.179730391029047
-0.67974180043894	0.474546919560807
-0.917903136738531	0.661790628144798
1.23539336279786	1.20002385863054
0.403628938718973	0.182811518185001
-1.46085870683857	1.30220065863749
-1.09087402277507	0.738489129356133
-0.10727780518944	0.063046455514691
-0.0274045538914575	0.0129701869822433
-0.947661388596429	0.578466672455565
-0.147329738607302	0.0833261927820447
-0.545327016320638	0.344282693123848
-0.136321466569301	0.0766247482351087
0.788318821429897	0.470969551917387
-0.194619025931632	0.104210643234151
0.718305080744432	0.469236716352384
0.547683943717638	0.315882791645432
-1.02099438295529	0.409776652047704
-1.25467719793422	1.16143741045155
-0.723407361182732	0.252081836804318
0.141413202122226	0.061018737698014
-0.795470979729196	0.606445603008194
-0.785268356707605	0.42761639066378
0.737235303529614	0.612330415550645
-0.242174202385188	0.15778627412758
1.9546069313489	0.460412245381477
0.390221459592943	0.176211290080987
-1.22847169138481	0.921359378423402
-0.0406557392810558	0.0189665276939105
0.605125242518638	0.315867997868287
-0.280103559339375	0.17554625123537
-0.780124808662732	0.421526105084408
0.499516798112029	0.314229385667815
0.351205281323471	0.194430844569114
0.298310462264085	0.214447616237197
0.14864968543755	0.0574012460397016
-0.0595302644704144	0.0372964001278423
0.70528283678411	0.458832599302079
0.600493928424317	0.449519313679288
-0.221638506503658	0.0723137933689917
-0.7684758491305	0.338314891656376
-0.648494654237314	0.381745763607551
0.331590322241744	0.182894000848477
-1.32519942823285	0.829206647171541
0.594847592215601	0.308783662159106
0.342359718888358	0.189607927057281
-0.799291738507284	0.612180398082792
-0.0914856348568854	0.0364543695011356
1.63044620029913	1.13968948729117
-0.789282503939403	0.516318579869725
-0.348964786734811	0.101837107016821
0.453971605986436	0.184766637057688
-0.514238684137278	0.196858589089476
-0.514635039335923	0.197073437131208
-0.957926306479596	0.586934090859484
-1.26615648919643	0.576700733308464
-1.48375853349033	0.757911091286895
-2.63200529227303	1.62434615658224
0.834446453008072	0.748111339394726
-0.00940010200924689	0.00463010002093287
-0.337804889202685	0.239864980008997
-0.152298074112461	0.086111616537804
0.158445451209838	0.0761543325036495
-0.786925559733522	0.428186278802497
-0.585873549203874	0.426847435030883
-0.469892743779348	0.311887935867478
0.0391411841933554	0.0227126590020634
-1.65150238811069	1.6952378980902
0.426580492137666	0.322517265967634
-0.141774802210747	0.0798865298173897
0.85006087968269	0.618476043328919
-0.0127938909877773	0.00845708999188954
-0.280532809280348	0.175967075049171
-0.803520982293513	0.615984538589014
-0.806182581942393	0.618732396733758
-0.801305876397412	0.525927671429991
-0.97503491391148	0.957192294190577
-1.13465577173633	1.2460797418142
-1.43011978489314	1.73309925180742
0.423840572628094	0.319888239293973
-1.94361187357951	1.89627247523609
-0.799617717198643	0.612109943994496
-0.332090211037132	0.234698810849477
-1.22529232092262	1.58602521812586
-0.424719528085863	0.36487697643596
-0.0768955031300906	0.0467197356582952
-0.906716099845756	0.753358453636231
0.535995281355288	0.442260432978945
0.1867771115954	0.143934670025771
0.16990587868588	0.110019932116
0.383318055671989	0.325881076263765
-0.496783423920451	0.260340920038421
0.470997510766144	0.447430898299038
0.00153392891065369	0.000654129375283475
0.00328935590198134	0.00150380114426774
0.507288121941288	0.31878073321224
0.408944509204992	0.322320532372483
-0.192371981448055	0.103038955335847
0.420010831795399	0.333185453877175
0.70243978915198	0.456226510038798
-0.140930326917866	0.0793758905068271
-0.282319010154583	0.203695195627204
-0.194139613706454	0.103906047349582
-0.545784990787408	0.344266144925228
-1.04725147099286	0.834009853999543
-1.72678312410277	1.44197475370123
-0.727930992330886	0.25380129172308
-0.249279133728833	0.184487950760226
1.23244055563857	1.19364458784095
0.609548194337894	0.319234676893604
0.5089166627754	0.320687910008467
0.60275883980116	0.452087868670687
-0.954366736613314	0.58446214274432
0.169878220521929	0.103868356130524
-0.0394342814425465	0.0184536009156692
-0.187840420654019	0.100362763977902
-0.782479808833709	0.425497759383064
-1.4688310979055	1.01422881775072
-0.6112732266732	0.294046482184377
1.27626515987078	0.709189250950167
0.739162756982104	0.614024023659831
0.144983099103736	0.027824125638065
-0.924032019798468	0.669213087434619
-0.278818777711253	0.174287600329294
-0.109713666761359	0.0645618388404453
0.707048645961964	0.459845733307659
-0.795038741226393	0.608584572680684
0.0191797030071376	0.0104104337687041
-1.34563291534731	1.10286315879405
0.909891571755331	0.491174885452586
-0.240702945562332	0.119856836702384
-0.0914856348568854	0.0364543695011356
0.953818382359317	0.642562865837105
1.0768339155904	0.528209093762265
-1.4763831839634	1.02401575236479
0.40340548398394	0.182616252433243
0.155611432412973	0.074791118980851
-0.619617676996784	0.506521121905285
-0.09651873690779	0.0383462904271667
-0.0639972932282657	0.02782874834014
-0.00777521769789364	0.00381756901239471
-0.0826082991242481	0.050279501736737
-1.25857797700622	1.17107584694593
-0.339236388358391	0.203302650293442
-0.0596419343152403	0.0259820600861762
-0.406151487835008	0.22910737336819
-1.83290735276733	1.1561472364467
-0.958506619780346	0.586603980263233
-3.09129418995865	0.975610822572426
0.44030680543195	0.178006364112326
-2.11895946964954	1.61609246918806
-0.247739853655073	0.123698114570864
-1.67448519221034	0.952625230965565
-0.574476084746712	0.416240142230766
0.503087476846433	0.316008735473109
0.0375799498615025	0.0217835446535904
-0.962423530565609	0.934321354236055
-0.508581822144048	0.468084432742011
-0.30590823240024	0.140188568181304
-0.221117650261418	0.167366215039972
-0.79570793627299	0.68095169379739
-0.0529897890269827	0.0331685418873121
0.544176880440219	0.451330303216573
0.472848629467335	0.319907211045218
0.302972306469804	0.217410264214267
-0.143250502561409	0.0809427476982403
-0.295258375684953	0.238434472295371
-0.235377717827405	0.179293504029373
-1.34496575672402	1.10546047051022
-0.0811965977180431	0.0493513466185072
-0.506586434187919	0.381092202275968
0.00235885385869014	0.00105413828808261
0.147319030981638	0.063499710653736
-0.076436726953264	0.0464193244448817
-0.325127707220738	0.193762302595975
-1.45979644444383	1.30045684524222
-0.467578884656866	0.310737540301511
-0.438641952797522	0.33752606480025
-0.00975106020496508	0.00650234488053381
0.858915417018488	0.780326648848654
-0.554817930545364	0.499913438543458
0.568372264264173	0.562024283323674
-0.228709652389989	0.14862202991279
0.706105469329413	0.708681382296801
-0.311312493024096	0.143205839866208
-0.104044945735282	0.0740669223035946
-0.873083685900271	0.871079305241249
0.174288598439073	0.106891960745067
0.1362446905868	0.0522516181721926
-0.0702665038596658	0.030453069982296
-0.150090457934657	0.0849609395829628
0.149977183799743	0.0791038026087955
-0.55543925643263	0.350890949092762
-0.981281684020936	0.48956308680362
-0.489737114748179	0.255778789177971
-0.793714387584902	0.607341050800635
-0.798382535677658	0.611154616721711
-0.493835835377091	0.258785325873774
-0.67902792286781	0.473674033277487
-0.111108362106749	0.0653106432362556
-0.48595079362501	0.254032512276028
-0.27738081240489	0.173378905209008
-0.783485766449426	0.425898606307403
-0.0558377335975521	0.0243996633486558
-0.325076144525671	0.193556065492249
1.62027111486262	1.13134963008567
-0.23633090369097	0.117395846017532
0.82518348314435	0.351651318769727
-0.336028059513789	0.201415585061779
-0.147863152195262	0.0836805210631705
0.907165506557419	0.491859853112975
-0.0347200428040649	0.0163123379583385
1.25167964312363	0.864482480741205
0.158729294236089	0.04043260950787
0.151745169358508	0.058587168086963
0.0578265867181287	0.0372436655246926
-0.927613816404424	0.674840696387837
-0.955049455468169	0.584778572489304
-0.464784566477394	0.309038472839771
0.427222673806657	0.322777341336165
0.954231070478789	0.643255079155362
1.4024230914034	1.08009470805031
-0.390315767824379	0.268018913829692
0.534508317046147	0.305767944167365
0.150573898263238	0.0650730699472817
-0.893131211268934	0.821083915373661
-0.306547851694833	0.141091468517231
0.159963264536997	0.0843708354920717
-0.983679522453378	0.489013004816369
-0.00709727285022936	0.00350011161086498
0.153779156651059	0.0665421583235274
-0.779246652320639	0.422228527691542
0.163522619128352	0.0864144352865941
-0.394949529429064	0.221525234056053
0.356711387811075	0.179051560352988
-1.02628576158792	0.412152659857664
0.551934265067992	0.318728893257379
-0.676933464204462	0.472147796857274
0.311059544221488	0.199963572605974
-0.388561626240162	0.162436600949212
-0.406483577424334	0.229619829213961
-0.981020116095944	0.490062948615881
-1.14781664720768	0.353699707342604
-0.769096652976814	0.338609468695455
0.531946232023591	0.193886067853674
-1.60449278425116	1.22215061514527
-0.582650687272546	0.424723705126901
-0.648057853688511	0.381296180137194
-0.65191372257384	0.385242980468721
0.0509032650144002	0.0294137046719181
-0.391597782673805	0.269038844273834
-0.0539096967266382	0.0235227281960251
0.278483036304799	0.2164238602056
-0.58220396375827	0.424474545206877
-0.390048934740149	0.163373352279334
-0.184982114519981	0.098655545940929
-0.184842645487836	0.12287558663899
-0.336298703631351	0.201253608216096
0.50354266002433	0.316490249182684
-0.285869253985658	0.20716744260147
0.892729284907478	0.904999373633468
-1.0099265208031	0.90669313724274
-0.299506301599298	0.218639926773901
-0.343876485150269	0.302011549590487
-0.801260235386767	0.611948346547014
-0.542227549310382	0.341231826024419
-1.16102486991103	1.00773906312174
-0.901110288497867	0.743718102743321
-0.271126168608366	0.169290996500626
-0.267505974608546	0.166473101858954
0.0345808599186658	0.0199680235129008
-0.035662542318084	0.0167346288377624
0.293534576240536	0.21020958727674
-0.399080454308603	0.224848622263506
-0.190443338536849	0.127251416943092
-0.154180845865464	0.105274668262994
-0.867382125240352	0.865031914426309
0.290246432117854	0.207751259704044
-0.583805232462499	0.425734427892719
0.752748660835723	0.734260333068131
-0.0607635556657976	0.02649319207991
0.863095898909836	0.631375927721765
0.304673858696883	0.195536067934144
0.336289761871037	0.185904095891979
-0.626201494849976	0.558166915030449
0.510944921779747	0.321713980335795
-0.956183070729832	1.01671528240641
0.792428794097881	0.62267679664098
0.168907718078981	0.10920919625509
-0.185839987625405	0.123615904879575
-0.301247582102517	0.138264319014484
-0.789013125930242	0.675297281845683
-0.958948419654777	0.586802442641747
-0.0655831525335855	0.0285154609343212
0.293003330917522	0.219938821854338
-0.0249149183594006	0.0118306312607827
-0.184501953442878	0.098153227334505
-0.797408583993395	0.522946740094964
0.454880077555229	0.185222631284087
-1.98422139735853	1.38032761478938
-0.499686011220606	0.261903983372357
-1.09502362707333	0.742673691836324
-1.15591420291925	1.00275626877492
-0.234423475055307	0.11658985657614
3.25711819118569	1.12516204396806
-1.16734351853012	0.655317487706668
-0.103812166720313	0.0609377086432324
-0.925812459704568	0.674638088463039
-0.804689466532991	0.530435910682054
-1.47536513253648	1.02536071648027
1.03806395636365	0.39882502542582
-0.472711745935999	0.314477149450294
-1.66937067132854	0.950734634291517
0.312384648735721	0.214196345369908
-1.04620361135696	0.831908676858292
-1.02198006071152	0.411274533949238
-1.14104219214391	0.350714860686515
-1.81591136124749	0.751370102486519
0.147477269600241	0.0569474987210093
1.53270820617883	1.30140920528395
-0.493835835377091	0.258785325873774
0.64833972381248	0.457473185966848
0.863806656669778	0.633286837579013
0.79550711467694	0.750913642764204
-1.05386791508518	0.840688218122517
-0.109820566673417	0.0646184509290886
-3.0411857280655	2.43720318019508
-2.79603819339682	1.88440441275612
1.46821142902584	0.918275260808039
0.153762707087432	0.0738860778183168
-0.396421062608657	0.166418251931146
0.157693836049591	0.0541708009160174
-0.141065904193988	0.0509641882307141
-1.32427845876303	0.828259284544803
0.502102779366518	0.315073763576128
-0.772834747188078	0.339790976354383
-1.14283325733795	0.352132388893513
-0.791210469035314	0.518714410924428
-0.959126566373334	0.928598477921172
-0.0184535289783904	0.00888326839076919
-0.33832407356596	0.202635449407395
-0.595538532243612	0.48111299557194
-0.151083494679837	0.0855572711972288
-1.47008638183116	1.01764457331484
-0.459338731064759	0.304206098701271
-0.604130590048849	0.489805967191848
-0.801525509047152	0.61468830639451
0.299983475881641	0.204145870806174
-0.332096866190875	0.197741169906056
-0.194958177801837	0.130538033952157
-0.68118817461342	0.475625681377705
0.315359659178763	0.203600466408311
0.170697257919723	0.110601783107886
0.544002426133993	0.31282810292555
0.040398309889894	0.0233681336349768
-0.341377836186027	0.241695426479384
-1.4348755177574	1.51509939177742
-0.547353295395031	0.344436178547474
1.69693294592305	2.26709671650874
-0.00217556358825191	0.00113493828925026
-0.700594384358604	0.614570507242351
0.917063091633073	0.791001529957286
0.547500345807422	0.31617274856919
0.313907342345831	0.202293965526006
0.854590177783859	0.62269033303842
-0.39379031938264	0.271149527615667
-0.181744231732554	0.120658701997082
-0.303116093266638	0.246539699492585
0.991189797785071	0.802765758588821
0.648809196056359	0.458064141475275
-0.308043389628243	0.141318146805589
0.16696999275763	0.107390837348951
0.961221026522882	0.648706840426843
0.321003232756958	0.220564013933469
-1.48838565727803	0.761700246788856
-0.143785465538964	0.0812245761484111
0.652654554884041	0.460354476442811
-0.185935393475015	0.099277061548556
-0.78315403621987	0.425587867987686
-0.549392188388505	0.346285174839523
-0.486038384895492	0.253524555451114
0.0571414445189439	0.0351035701431228
-0.334063683972092	0.199902494607571
0.156755264990959	0.0538881191673598
-0.77345264958552	0.339961971911318
-0.755091143130416	0.33003368927006
-0.306219302247256	0.140501347884307
0.157575750523619	0.0900039302837136
0.148596738057561	0.0641934669348287
-1.09989207667428	1.29937834411345
-1.97608102098781	1.36956577524169
0.940922493736804	0.250741724034319
-0.673783221068605	0.469375482440255
0.341323848482051	0.188587982382714
-0.499173052246403	0.261672509114728
-0.461430759882515	0.306522641886663
-1.23258072043471	0.925241406047656
-0.471261554389023	0.313662180404671
0.161711764670835	0.0926360136441428
-1.04336658609415	0.827517153097752
-0.685866617611321	0.542324709352351
1.97045215282631	1.24216536093489
-0.975288553297247	0.485765853390852
-0.968396499406426	0.479533027936019
-0.795821159028318	0.524380588440523
-0.764131054067611	0.335138115484785
-1.52016158549368	0.55033415003984
-1.1623480599227	0.650968305198471
-0.344023573934902	0.100257861428101
0.453971605986436	0.184766637057688
1.44425804733379	0.483972343914854
-0.615940866066966	0.295521758845856
0.363467830868141	0.182845911228983
0.901803463510536	0.488358403403657
0.151835851140329	0.0864758847645137
-0.655254764019105	0.386820545148985
-0.187730565312952	0.100050505452933
-0.106896460353291	0.0422583637937288
-2.27618875006974	1.16518605546208
-1.09272118873642	0.742899904696998
-0.0962955273188297	0.0382766722020201
0.157196654793446	0.0539177080753225
0.146581833070908	0.0566119657562545
0.149975860929304	0.0579241892206102
-0.791148981971235	0.431861214511164
0.858708979124926	0.628340945473381
-0.494684628003157	0.259283486578468
-0.721906540285296	0.25157399652224
-1.02133399374474	0.410034538747514
0.150946417064681	0.0652272035847707
-1.67424861171895	0.954035506619628
-0.276346989576358	0.173294663300094
-0.505620025784102	0.380843281750795
-0.493410078316837	0.258066773745604
-0.30375401035138	0.139411934742237
-0.19308130192143	0.128658089524053
-0.405181123478462	0.228512925375427
-0.601809544147604	0.288906996366902
0.444209774088005	0.316775426379058
-0.492896674326615	0.258193976529709
-0.192523608248837	0.128479670742376
-1.66670891516094	0.945485136316005
0.0421168666960275	0.0244128767810938
0.171378817867663	0.104720388202638
0.0192266644636497	0.0104375247920888
0.407954008822203	0.320214284824663
-0.437246190396667	0.335995975357955
-0.796163838358173	0.523446191695597
-0.227161734972366	0.14748446753333
0.402904261313131	0.331342282640397
-0.117102030253897	0.0688175621717199
-0.187171175879723	0.100032823557184
-0.0959303503087924	0.0584981412428822
-0.187840420654019	0.100362763977902
0.338632155411808	0.187574290296525
0.337264367438987	0.186729853261908
-0.453420785448019	0.350709890396499
-0.649136369177789	0.381804170596459
-0.0343510296087432	0.0161437469953035
-0.782479808833709	0.425497759383064
0.166516723942012	0.107469589189651
0.174623381078359	0.118804646460391
-0.676120279578765	0.471344901890897
0.360305996733813	0.180764266499751
0.788457688136113	0.741242731895319
0.158439626962282	0.0835890833080543
-0.400458736615201	0.276544702619767
-1.52149634610182	1.70618922246866
-0.455546089160493	0.301271734244497
1.63116281431288	1.1433092901694
1.11949881173837	0.998556579959317
0.134458133807946	0.0578464281177054
-1.32690912833048	0.830971076182268
0.164621141302135	0.0631886619971651
2.15739202377795	2.84335711399877
0.29623486613342	0.223209721321789
-0.516527215117547	0.389709270386372
-0.507251135861543	0.382215154020198
-1.60592906114768	1.2279102410131
0.164876201142645	0.0943808568087575
0.609257206215705	0.45871627921569
0.451158336600182	0.183419403196117
-0.765647538128022	0.336254034875293
-0.762917044259969	0.335226279565195
-0.652959751561401	0.385120141365292
-0.0292779130335731	0.0137940356650398
-0.0610565894553378	0.0265757390658971
-0.481548185208905	0.250915970222523
-1.09335890754099	1.04759286951742
-1.80103877399874	0.401412128456168
0.551934265067992	0.318728893257379
-0.780162451401766	0.422214693689549
-0.494429310573807	0.259272277177102
-1.23571995805361	0.927920514032119
-1.48585739972257	0.759269078836586
1.06558235609236	0.521564264741471
0.143785183602114	0.0554112943027136
0.954449140348568	0.644165515321674
0.33814544257247	0.187213933644931
-0.245083227914798	0.122350275174725
-0.236266866461435	0.117596083915139
-0.109447776099638	0.0641966525130026
0.143106667840965	0.0617167710225532
0.159866246158409	0.0768294298024279
0.44990614258087	0.18283441542229
-1.56451527871584	1.50501036652416
-0.0539749324748425	0.0235963914608786
1.03882026472922	0.400114292850008
0.701298197691315	0.33124326491493
-0.144142117823968	0.0520179795440079
-0.761672956855191	0.334299583160001
-0.0928236621603767	0.0369595519922198
0.00329063994125754	0.00210753230165136
-1.10182988102938	0.750945116951384
-0.677601609982493	0.472558990383015
0.535711132992892	0.195347083049004
0.609019974615804	0.319130134428792
-2.58587528855637	0.684874790734986
-0.788301199182056	0.429971534547643
-0.00425192217368351	0.00213250666159161
-0.303221842590552	0.139214145314529
-1.14214562413243	0.351215554477081
-0.097302733043053	0.0386431429351416
-0.543491854070099	0.342423533903037
0.943549099105114	0.631204444655753
0.284379923082301	0.222243884985249
-0.340930245971771	0.242320364689704
-0.0830437669284023	0.0505724000708409
-0.503635370735566	0.379079995998459
0.00421925849217127	0.00195170957355464
-0.0825593524086082	0.0502738175613184
0.292651424738936	0.220131482122991
0.681576007586647	0.7032116507817
-0.478555699939191	0.403270498530123
-0.275497429413753	0.172607020536866
-0.538445674011439	0.53266542207336
-0.0819055856661828	0.0498963921531054
0.584194527349397	0.561281355096155
-0.535704415573633	0.44564530069745
0.384783604272383	0.313129520073326
0.857750501018509	0.627292903078454
0.282767650225124	0.228719414888689
-0.278503034838085	0.174684935998466
-0.0607671565043064	0.0380896127818543
-1.10222480213337	1.05881084001649
0.0284670573409341	0.0152630164495569
-0.145871544412187	0.0821692153533682
-0.508301941704718	0.382329065816252
-0.0382980362811711	0.024577705659967
0.652163419600621	0.459749207060536
0.191044716809034	0.130777167831729
-0.293749472923329	0.213803178303076
-0.0512083225537906	0.0320372184675607
-0.0550506844171521	0.0344985363913328
1.13651930359702	1.15606709620014
-0.699168037553326	0.610598938535597
-0.142891948035302	0.0516141016686805
1.08000787105272	1.35184644242535
-0.674139264871745	0.469024817293495
-1.8220337173138	2.09905574359386
0.784601256877772	0.615754553836985
-1.00552554582497	0.901336015294575
0.317371615056738	0.205174676657165
-0.331331125609623	0.19812083651018
-0.913567882543229	0.759960977373
-0.061956931216502	0.026939006504978
-1.83612355810009	1.66373272416358
0.164269893964095	0.0941098189631867
0.474041471970273	0.32074778244943
-0.225481529505081	0.146081478122444
-0.921300501794839	0.668647075938239
-1.47493661310848	1.02517497657364
-0.544472465253582	0.34303592318392
0.155259632993836	0.0745435999123728
0.175050238305924	0.113346527273363
-0.308470940111496	0.141736890446516
-0.641728465892975	0.158059513381177
-0.468915413761737	0.311704988195326
-0.312606558598894	0.143544202274661
-0.467962563624674	0.310949775889904
-0.110978091986292	0.0653683044751088
-0.463468561697512	0.307758424083244
0.543500530972207	0.312374998066717
-0.0833338351297959	0.0507852997660053
0.873523934634459	0.640294224384722
-0.476009272905861	0.403087151452318
0.955648762662227	0.644697082214403
0.510453676795051	0.321453797020433
-0.543183882314581	0.341991410338625
1.82425955121577	0.726135704741858
-0.649857418003563	0.382441521460811
-0.970971203315627	0.483077229419228
0.145643744716827	0.0629347022840375
-1.66787423201748	0.947017514983832
-3.46057846766198	1.25673296266012
-2.06894518817756	0.957909133523848
-1.83603245675444	1.15280713377958
-0.23862089265837	0.118936662664624
-0.806374521691474	0.531469324583789
-0.54399999848268	0.342819194295733
-0.671197537453901	0.46628620332455
-0.900974572248631	0.746053813955116
0.464352747872054	0.312941602209185
-0.0563509801355513	0.0246243392287184
0.364395962429881	0.183358948132316
-1.05624770869442	0.842215233586625
-0.055114409442728	0.0240897628912549
-0.396421062608657	0.166418251931146
-0.724429393801244	0.251996505115541
-0.603048525267644	0.288768196747248
-2.46900999935507	1.39208488429023
-0.647214464327725	0.381168792033132
-0.246015122762329	0.122929191728052
-0.538539627733376	0.337792747115117
-0.276794970309155	0.173517391556035
-0.791491974522449	0.603498014220507
-0.393026413659759	0.270607239306837
-1.98275671827962	2.52808995774213
-0.619737964866776	0.551762190165173
-0.395883480303502	0.272978856446948
0.54450413837406	0.313110599461041
0.161432546043754	0.0983519030319314
-0.977366126560698	0.486054814054359
-0.803065921527994	0.615460414897687
-0.165364542540385	0.113322672740021
-0.231932375267912	0.150689972232393
-1.0508981202328	1.08937957117793
-0.219089499107849	0.141380786731765
-0.489001121326161	0.256241998376587
-0.791202608513509	0.518940290483717
-0.389996506730729	0.268094520800434
-0.225187525373809	0.145790418247308
-0.646570090054946	0.380707717828193
0.740213887062012	0.613345031317584
1.09497362666726	0.672454362207209
1.23278464096826	1.02332986924861
-0.917600089384384	0.663446694169599
-0.147481595438067	0.0833620688481656
0.0460915660745187	0.0282553614545148
0.173053795911905	0.117807132284862
-0.689880437430939	0.546818172509539
-0.685004794809924	0.478808965712346
-1.23452393900694	0.925460115023956
-0.301247582102517	0.138264319014484
-1.48900521658917	0.762259539823454
-0.336028245642904	0.237952543647906
-0.242540241337843	0.121219271310486
2.11403819225034	0.961070967604642
-0.24587847793342	0.122693462941025
-0.0254794308090017	0.0120882157087435
0.0658601784710589	0.0425318864061142
-0.239118425830652	0.11917204662365
0.151145060903721	0.0583778906974097
0.150601086719783	0.0651986647049669
-2.1972047050246	2.55220928547182
-1.21820330771925	0.906876915811242
-0.796924076179117	0.52283172106303
-0.51550579739168	0.197070762097224
-0.301778934796358	0.138568363768412
0.137340262261349	0.0655994122947116
0.537916225917502	0.444989058274449
1.06224954739142	0.518318115705146
0.154686858037972	0.0743552610538433
0.532814768867822	0.193864204311051
0.15680090013021	0.0537739854857312
0.160915784427684	0.0620137122114517
0.830281395788375	0.355150943185541
-0.643787202922542	0.377881168914001
-1.81287374791439	0.748928336132149
1.08398019301855	0.662008170152786
0.155377646606879	0.0672055412534232
0.147477269600241	0.0569474987210093
-1.28026782015807	0.585048846712041
-0.215822966582871	0.0705622923402569
1.44637717898614	0.486482829772734
1.23933577067407	1.03426053022362
-0.304247242208753	0.13954277095695
-0.392120453501998	0.164585641771912
-0.399675908886266	0.224996953765401
-0.0305922034081004	0.0144428604793472
-0.225725161463613	0.0735173183111699
0.155454991000138	0.0600038955313648
-0.213024008685103	0.069553537621224
0.354375687404613	0.177669815840091
0.14510958120252	0.0625984006180194
-0.64279833918889	0.377101061512218
-0.766939974307037	0.337285851834953
-0.49052178548857	0.256316059995221
-0.951112937508594	0.579066392358594
-0.309534853835524	0.142241955376967
-0.214123379998796	0.0699227235538962
-1.15660552951121	0.646019881766231
-0.545799274701506	0.344739583112614
-0.307969464113988	0.251302751082555
-0.0389023277742973	0.0249930919851134
-0.0588494123237191	0.036850112998408
-0.0497070375903861	0.0217337896018111
-1.48467700492756	1.86074475659593
0.162810296798448	0.0992004525207472
-0.117810496160255	0.0816381852469196
-0.303581004173797	0.246326250304498
0.438340275447955	0.313075613579066
0.0192266644636497	0.0104375247920888
0.290904833470707	0.236105418053884
0.690522341160252	0.32496801717721
-0.0246046120271441	0.0116789849054166
-1.1032644863597	0.752001424844403
-0.0590000552752249	0.0256341857866115
0.946328800819914	1.33640359463992
-0.15898796424241	0.0898878963563342
-0.585936660574039	0.426873093508579
-0.144142117823968	0.0520179795440079
0.152139658523775	0.0801933718642538
0.952810272886872	0.640235800587933
0.150593018313883	0.0722729895463769
-0.289875276789141	0.210113479029037
-2.45527595001647	2.37986052503352
-0.241309438070548	0.15712745852038
-0.180706318552656	0.119754725210656
-0.891505771595407	0.821274031043551
-0.642367886558598	0.575549987420552
1.76786250123531	1.36904727477461
-0.490934518649369	0.256414619899957
0.649766335246435	0.456901770704236
-0.457128628837465	0.301278465747684
-0.285637360564228	0.206634072015219
-2.54757435592547	2.63732152935744
-0.528988770017715	0.437685387380188
-0.925465178204378	0.671053108926306
-0.603799406755818	0.289928781269972
-0.647494428102377	0.379410327757647
-0.918472603329269	0.764726914824934
2.02586124976517	1.89691124171456
-0.0712693253898242	0.0432451671053693
-1.47941735759728	1.02368806209484
0.845525053283655	0.610669183334184
-0.332675762752651	0.199382842394383
-0.242540241337843	0.121219271310486
-0.942757733852508	0.572388291012788
-1.81287374791439	0.748928336132149
1.57420679590277	0.795081686955481
-1.02099438295529	0.409776652047704
0.900362919319571	0.487227095451419
-0.48634427255434	0.254227556483518
0.918596735449267	0.793776307366051
0.334089115017904	0.184327506863918
0.161852867988486	0.0555536777785083
0.153837644582369	0.0464855600138019
1.77628667229479	1.00215260630849
0.340513237252478	0.187414799882877
-0.0959603271575975	0.0381579035224532
-1.27099398512007	0.58063946719774
-0.0553246763684024	0.0241645367742121
-0.0395512310152106	0.0184192335281224
-0.0292584894742917	0.0137936466374432
-0.796924076179117	0.52283172106303
-0.307078761751849	0.141312290583752
-0.142891948035302	0.0516141016686805
0.161387578095567	0.0852791551199566
-0.000412694233526391	0.000285619544970701
-0.14816258989354	0.0534921286364973
0.145723929833453	0.0698037308532087
0.153367554338333	0.0590399223917814
-0.236489202030842	0.117636425030504
-0.300691232534932	0.137600753091774
-2.46870609851613	1.39328601696668
-0.396382132573302	0.222543624484231
-0.0231491536425748	0.0110151517541888
-0.0820600500229705	0.0500401621259819
0.164799427085877	0.0945352125098618
0.339508278199733	0.187870180347209
0.172176309700746	0.0987295052099734
0.944751169116679	0.920904753592347
-0.605229917556464	0.492812110483027
0.086942389618377	0.0589599717355422
-1.60252407774994	1.21997677961473
-1.34139721340016	1.09789518646574
1.41059826399631	1.74813014309973
-0.281001253891952	0.176259547596669
-0.13503640034911	0.0946901202053828
-0.309383080562588	0.142287808111712
0.313456411316833	0.20188098234827
0.0153895870078533	0.00834249377138037
0.156389904762311	0.0674838967871824
-0.485322254504648	0.253465153366494
0.301869020163897	0.193020039284568
-0.0394514572094739	0.018448155610473
-0.489567276108921	0.363646472342303
0.706104266407126	0.458744410951167
0.176197858656932	0.114178033133798
-1.64702439143716	1.68536667722233
-0.947661388596429	0.578466672455565
-0.665949182449	0.459239148342965
-0.587688967913264	0.427307297422095
-0.676758766673989	0.470312952470683
1.41939078239021	1.75259822733038
1.5345804303028	1.30537199697972
-0.323686397029343	0.192578375208611
-0.342935281663266	0.2439140453361
0.165833024403837	0.0417580936341313
-0.922122842224461	0.669684391201715
-0.18961857723155	0.101190316902895
-0.157431161573767	0.0563306583014662
0.718251967751374	0.469781579870305
0.365741377251497	0.183773666602986
0.699821572533346	0.329689434451034
-0.189498575789978	0.101475554466383
-0.14816258989354	0.0534921286364973
0.147499812674114	0.0708112286076327
0.150069116114406	0.0649994481708726
0.159576214720181	0.0547910896912197
0.79202473502776	0.471771195317939
0.147440861278127	0.0506143769039443
0.542077717688682	0.311058103818312
0.901074659908708	0.7694754842323
-1.22579771009786	0.916534369479005
-0.222101180610149	0.0724766815444861
-0.768476810413841	0.337006908526865
1.24997659202744	0.86331365171086
0.793760122035964	0.474415353462089
1.25208131816755	0.864701814660993
-0.392120453501998	0.164585641771912
0.339020581920579	0.187555614300722
-0.951993762841733	0.582368210709497
0.603211702950055	0.453068305694282
-3.75752848880672	1.51704168071265
-0.191760069528289	0.102473573330147
-0.391853018895284	0.164211548410465
-0.955787591120751	0.583970126946329
-0.722928245021615	0.251489262306972
-1.60164663295618	1.22314642766214
-0.274409620618532	0.171139295318417
-0.190464114002734	0.102054117076289
-2.27618875006974	1.16518605546208
-1.33218223737032	0.835671513699384
-1.15546203755698	1.00192697937236
-0.548315367119385	0.343877221198345
0.583085936808821	0.55981228004515
-0.60315593840813	0.489197627730901
0.161711764670835	0.0926360136441428
0.159884749602695	0.0974441672373941
0.310305932609604	0.212239798177724
0.859169696740948	0.629126792363362
-0.190469977731953	0.101980621891197
1.22952611642473	1.18679127898294
-0.671197537453901	0.46628620332455
0.358978599307102	0.179984492209759
-0.00134502052394895	0.000735083028226616
-0.115430153854012	0.0679753017601414
-0.486783288421113	0.253873701028508
0.30165560278257	0.20627379462956
0.851062769509005	0.618548305338774
1.62325608894487	1.13793644012564
0.355820017013279	0.178433679689945
-0.293882880651217	0.21394428088201
0.177645859946514	0.126567900046759
-0.240624086003217	0.156731143300907
-0.0569796085155055	0.0248806464996189
-0.305152901680909	0.140051339492395
-0.464689341318701	0.30815348265892
-0.0399035689396914	0.0186525948836264
-0.282715413743758	0.177380217591017
0.90451505109364	0.489688091204855
-1.68078957149504	0.954047490275958
-0.553519630438968	0.349800091686934
-0.0646509228710535	0.0281373735429023
-1.835881982115	1.15706013332556
-0.0830030118487088	0.0330532339752559
-0.411707507147328	0.232592865185374
0.150976615635835	0.0653557203467313
0.150336929189547	0.0723083022294253
0.601589849209934	0.313507334284169
0.696126339529472	0.328261940765784
0.467374338562507	0.315866531970536
-0.119020627348019	0.0701533309253093
-0.416778996084013	0.235194335007144
0.823072577608599	0.350940450101536
1.09159876078649	0.669216719344479
0.600518373894723	0.313533408246893
-1.22676318556994	0.917084635256968
-1.81562925100544	0.751335139968759
0.156755264990959	0.0538881191673598
0.603869020518488	0.316121256627672
0.605141343651425	0.316725815416835
-1.02296597963264	0.410908197770573
0.163077400221755	0.0557743262298403
-0.721156709968222	0.250838938542479
-0.720885051656636	0.250598309067814
1.78283237228878	1.81053074124359
0.160136994586442	0.0483380929433701
0.385108319767917	0.17332363078254
-0.034369368461814	0.0161426859274002
1.3339002399907	0.591927981716306
1.24840615659575	0.861257223458879
0.35764003957787	0.179701956608891
-0.611827078149116	0.294337080765376
-0.550746043096084	0.347927937937458
-0.244384558556537	0.121923238956622
-0.672641983300702	0.467814387408471
-2.58587528855637	0.684874790734986
-0.215102781729368	0.0703679315225032
-0.347543274432262	0.101202259443342
0.0571965339783051	0.0368554872068748
0.0422408031576817	0.0244897072900635
-0.335882330947624	0.201125130794618
0.154017337010159	0.0740890024245985
-0.106308823481134	0.0625085964151455
-0.65581947819805	0.387731929995822
-0.239773860244242	0.119567061543345
-0.307078761751849	0.141312290583752
-1.16441554404786	0.651455390564002
-0.351822755380799	0.282285725481204
-0.191047292109757	0.101943362286769
-0.389413931893439	0.306853389071448
-1.72533143970988	1.43986556110593
0.335273376192336	0.184857443848528
-0.27278863631313	0.170803792097372
-0.51396531615413	0.196814734006425
-0.492979152804144	0.258347238008783
0.552432995168422	0.318808599339377
1.23203421619031	1.02691625260962
-0.00698455607226322	0.00345480167417894
-0.758225776380592	0.332541805218628
-0.103432062818853	0.0410391839351181
0.790334005850126	0.471563715755048
-0.785971797442194	0.596713132435354
-0.331723635440729	0.198172398895323
0.153813158522128	0.0809519415343555
-0.231567207829147	0.150608619918756
-1.004926716732	0.899295501616378
-0.676064133302383	0.472231500758923
-0.984105477957906	0.490668273213241
0.955146780218327	0.644181308132012
-0.951112937508594	0.579066392358594
0.795000986651152	0.625958628248758
-1.16068277339694	0.650273274268608
-1.82260927900805	0.752059691064891
-0.60992091312819	0.292675274079391
-0.346391761922432	0.101125986544327
-0.0103351722711186	0.0050845205415206
0.149667302500565	0.064667457069557
-0.769096652976814	0.338609468695455
-0.100753287335091	0.0400445225634532
-0.187712300656247	0.099966012636641
0.156182846160695	0.0750125070546686
-1.47628054253882	1.02647944378184
0.156318055976099	0.0602487066108992
-0.00982836922615573	0.00483614712557306
0.143593393530254	0.0688111759404829
-0.141065904193988	0.0509641882307141
2.13322734827994	1.49242633094934
1.78364022254183	1.00735750976543
0.609019974615804	0.319130134428792
0.503744235128091	0.317421133775792
-0.395424490994483	0.222017847917377
0.361284989405333	0.18118491276506
0.533642805684197	0.194234863625944
0.151854009934363	0.0655712316592993
-0.490876162304148	0.257395902006223
-1.34756083217245	1.10804259978306
0.159132199857942	0.0403652499117015
0.0181354218193103	0.00985054050815995
0.391350090845568	0.176852229199589
-0.442262535128198	0.340517237545119
-1.02198006071152	0.411274533949238
-0.0908284006484276	0.0361729008706567
-0.38265437676667	0.159894213366175
-0.649857418003563	0.382441521460811
-0.599339032800012	0.287128074007026
-1.83022537282208	1.14876748518825
-0.297649584921653	0.13601766934975
-0.606262713947481	0.29170917412794
0.146508812090748	0.0502952414219459
-1.51942044620827	0.551189226731038
-0.613278701616484	0.29483281716489
-0.106967903270367	0.0629331332785701
-0.330610251573064	0.196851796343069
0.150336929189547	0.0723083022294253
0.14714833755288	0.0704354668721226
0.337681240189473	0.186840757540272
0.155730891195915	0.0601356355216201
-0.489427537992001	0.25664341486965
0.800457081793905	0.478631389533088
0.155238612394072	0.0817578448429648
0.157832724937022	0.0608330937906591
1.07449222371727	0.655118025958778
1.1118659256711	0.837626059508303
0.689346451286098	0.324840596495388
-0.785862113589565	0.427534955195118
-0.0826216782032813	0.0503538495414378
-1.23040832281857	0.921226436515766
-0.241828279261775	0.120530460984741
0.161852867988486	0.0555536777785083
-1.27723576102661	0.58293567232368
-0.242399179986945	0.120715215052534
2.11400416457401	0.961849520633849
0.15778252880588	0.0833454720286678
-0.540452547352192	0.339287819694429
-0.339698178639039	0.203661177728135
-0.48634427255434	0.254227556483518
-1.0335553038325	0.414320332911909
0.819095998476706	0.347556718732076
-0.46198808835278	0.305692612819461
-0.100088981249221	0.0397814202564071
-0.927613816404424	0.674840696387837
2.12713892125115	1.48671177912213
0.788179867048188	0.469045005322561
-0.491872740961109	0.257534435506858
-1.0925461545128	0.740008884506934
-0.0905934418821428	0.036121792375747
-1.16088881317188	0.650217800895839
-0.0939513242499082	0.0373820643222157
-0.976706778856474	0.487372497728726
-1.82163090587372	0.754162693237932
0.694215873988063	0.327424576825269
-0.0936153822407014	0.037234297410612
-0.401482722426373	0.225830988616559
0.711784186442274	0.465706853283947
-0.307959636711799	0.141287952581776
-0.064232492036837	0.0279678825605393
-0.21158767729877	0.0692522593193464
1.45840405478624	0.913287234779797
-0.727179123195026	0.25354055255114
1.57606850871826	0.79709034488913
0.154470666375079	0.0529990853054005
0.601021927143127	0.450302783797866
-0.791685420325928	0.519563584118766
0.457317415049891	0.185835593224191
-1.60785973143617	1.22931032174041
0.331127555563321	0.182642952118518
-0.213286924508017	0.0696664262975339
-0.0321398060985282	0.01510503999015
-0.651475233713182	0.384992405994925
0.907904175250986	0.490495445012555
0.156530838902088	0.0537701104160248
-0.0877945019250214	0.0349856709541034
-0.637509639132058	0.157280902410938
0.148061138980038	0.0639106364599315
0.150560591340052	0.0581713067257616
-0.307509287526157	0.141119756272309
-1.0458037590233	0.831767938574496
-0.492468594512837	0.257994386185527
-0.636438389477554	0.156998062672413
0.154426155420695	0.0394015396377603
-0.38695836629556	0.162163500198277
-1.02583455098012	0.413043803481388
-0.792168393712537	0.52001521460747
-0.244384558556537	0.121923238956622
-0.485014921601791	0.253345398933276
-0.250213152399034	0.124966717580636
-0.783540200154742	0.426146369274006
-0.385156886244799	0.161083522806076
0.151642818377152	0.0653830559041162
-0.497807880066967	0.260926847427046
-1.3283584733707	0.833288890400322
-0.953011701909285	0.582726609527033
-1.03921969684374	0.824360894252752
-0.803724075739511	0.53002674084758
-0.516724141095655	0.1976790103462
-1.27127540471835	0.579737208933733
-0.0984123930303247	0.0391352360800113
-0.481038026584151	0.250491081463773
-4.0081000526726	1.77106539749408
0.013880969415702	0.00757254567403315
-0.787242105903612	0.429503820133249
-0.144090732859464	0.0518897838345355
-0.308043389628243	0.141318146805589
-0.106327158247981	0.0421429167490894
-0.978949177737726	0.488251197847747
-0.407573057344442	0.229781427454295
-0.718143294445899	0.249734234417734
-1.81938437581974	0.751723210527727
-0.219428296929652	0.0715830137315331
-1.83215639941747	1.14987394973627
0.16089014359948	0.0485574624883246
-0.223318216634416	0.0726168422578091
-0.519549047944463	0.199118520659248
-0.975873586042442	0.486297529129953
-1.52016158549368	0.55033415003984
-0.394036461091162	0.16532634810801
1.0385642363423	0.399078648892044
-0.212568324340494	0.0694726774908008
-0.216803244618851	0.0708846083253087
-1.60981854405075	1.23193117012239
0.165349277551262	0.0565982916185137
-0.770013684048696	0.338356895893683
-0.0688185241165153	0.0298423214518154
-0.514635039335923	0.197073437131208
-2.20898453951612	2.57650117176357
-0.38471948205018	0.160445174123043
-0.298412730800259	0.136658440166648
-0.718143294445899	0.249734234417734
-0.400683034708624	0.168043887403105
1.03983213015104	0.400302023323061
-1.16713816328352	0.6545394097211
1.57581363557876	0.794966455252864
-1.81637684396232	0.751651715408043
0.669903363513283	0.215634804708644
-1.02753370414198	0.41314398527887
-0.521158302962644	0.199454738124414
1.0385642363423	0.399078648892044
1.03957617416576	0.399643236692894
0.397491207197731	0.179774092061848
-0.139778556264901	0.050510440696469
-1.51759021741262	0.550484114851072
-0.243327973459351	0.121184027315214
-0.216082437585751	0.0706900588053257
-0.529938536354164	0.202171621895775
-0.138243118194653	0.0500006706162779
-0.385473899825453	0.161465497409722
-0.721906540285296	0.25157399652224
0.954865849114723	0.644130463758095
-0.225980737566007	0.0736878678331904
1.34068855477734	0.59651233156247
0.665301548139678	0.214168982585133
-0.396390015988625	0.166147326157686
-0.723672302673316	0.251728336614369
-0.220662150695417	0.0721303089573529
-3.0855122183307	0.972756963025588
0.152824685555751	0.0461257210544005
1.06933690227919	0.52417571767679
-0.638059916511872	0.157099877961465
0.159975713550132	0.0548588370938941
0.16089014359948	0.0485574624883246
-0.496948488992967	0.260113337591605
0.147755438806649	0.0570658689249526
0.161906078576276	0.04874952925091
1.03780816129706	0.399548214209553
-0.347543274432262	0.101202259443342
-0.216803244618851	0.0708846083253087
-0.541293997929707	0.339693417049866
-0.581930669712778	0.423034512604748
0.150202268163998	0.0648573533397257
1.34925475759734	1.4138424337172
-0.388271348278601	0.266269682873337
-0.0122932726808176	0.00601946592792579
-0.408071405847751	0.23038096954262
0.907297394342497	0.489903157898915
-0.662983105687473	0.391598734303422
0.153240507220072	0.0808209261650725
0.330176596055185	0.181964327408761
1.28290113256568	0.714604967581856
-1.82190756498679	0.755058428004035
0.0172972535943957	0.00940273112231153
-0.525541086339137	0.20119647762255
0.155816413428406	0.0535628127143977
0.152139658523775	0.0801933718642538
0.334471614678452	0.184534016881829
1.62462145121398	1.13476706768411
0.363883174601484	0.183177733565162
-0.758845021168351	0.333093507910706
-0.722656757230261	0.251937110505122
-0.0324392430513796	0.0152576537883895
-0.211850105553722	0.0692255268891727
-0.769717752575689	0.338699512066309
-0.0637182386608087	0.0277444197112858
-0.975551761995295	0.485979489293663
-0.144430934366853	0.0520628013112706
-0.243966932602299	0.121896649713798
-0.0942864984574503	0.0374898102943186
-0.29452629671942	0.134181454946984
-1.02583455098012	0.413043803481388
-1.47424511231869	1.02394917609879
-0.610597709949003	0.292347337685032
-0.0264510520811124	0.0125370165570672
-0.92649345378093	0.673452584189134
-1.83734111700493	1.16265447163054
-0.496108968406869	0.259567788291106
0.161184676470248	0.0553470097303974
0.159421595053514	0.0405224643025682
-0.88433795858769	0.813253010604376
0.307630343499684	0.197716573362112
0.357810356205382	0.178858696706916
0.156626480514056	0.0604963463651501
-0.516523767661567	0.197503227221547
0.448690692037347	0.182381129521223
-0.397288097755451	0.166559985092832
-0.391853018895284	0.164211548410465
-0.151914456871281	0.0547376712442449
0.315651878907577	0.189067743945719
0.154942647034189	0.0745433551349342
-0.923577084701669	0.668991227834528
-0.0579115466191481	0.0252378379287146
-1.22233404187209	0.913426495622461
-0.0959603271575975	0.0381579035224532
-0.138535181662081	0.0501089737478327
0.162070178892022	0.0411144637566376
-0.726912958073327	0.252820490715667
-0.212568324340494	0.0694726774908008
-0.787628432422425	0.428751280014022
-1.02655133741802	0.413516459136083
-0.50980441036982	0.194986448896893
-0.136709656681081	0.0493940325850865
-0.141371931118965	0.051034167331855
-0.0986320091688413	0.0392128935635027
0.532451233543806	0.193598482908107
1.62146937533846	1.13518045357693
2.36680631808946	1.20453008104327
-0.71841689794844	0.249777152570215
-0.144722336172665	0.052228208814284
-2.11772421786821	2.32725242688333
-0.381491701672089	0.159246262819026
-1.81637684396232	0.751651715408043
-0.220662150695417	0.0721303089573529
-0.720885051656636	0.250598309067814
-0.2098903203841	0.0686010473884186
-0.905097383919275	0.74876669953747
-0.433420387555509	0.332518679933178
-0.484928030311263	0.253453685044182
-1.28570334797083	1.57213088192966
0.30135515694831	0.206066854353954
0.600518373894723	0.313533408246893
0.943029051172106	0.251479485037243
1.33243685070475	0.591571944031132
-0.0297453639966367	0.014017053859268
-0.00880207699616796	0.00431485219375379
-0.211132267777269	0.0688879741647544
0.158165836302949	0.0401659252594738
-0.214641973229397	0.070099467632347
-0.0506049804180817	0.0221572267416145
0.156755264990959	0.0538881191673598
-0.146050154808727	0.0526254078407853
-1.26870808245147	0.577883497327535
-1.82190756498679	0.755058428004035
-0.309762463751207	0.142387832540182
-4.01323572716825	1.76954849338846
-0.719916676812819	0.25028316194156
-1.81712481822928	0.751432729760429
-1.14173074601379	0.351630194981725
-0.986172112341912	0.492274249557995
-2.78409413311884	1.88049551120249
-1.48900521658917	0.762259539823454
-0.0612766905687833	0.0267282662857739
-0.343614950418389	0.100353977595961
-0.392440529557039	0.164344094694467
-0.949622290958682	0.581191372480998
0.531946232023591	0.193886067853674
-0.214123379998796	0.0699227235538962
-0.315586650371659	0.145139832350916
-0.0975213867230322	0.0570284048486826
-0.467674698467861	0.310015451133575
-0.304773891394667	0.139755609903264
-0.976458875708344	0.486623205126517
-1.80103877399874	0.401412128456168
-1.27428878983577	0.582639355082303
-0.722656757230261	0.251937110505122
0.144624243113007	0.0277697138706121
-0.716644618036395	0.248646064552887
-0.514635039335923	0.197073437131208
-1.27428878983577	0.582639355082303
-0.762294852377534	0.334854539838056
-0.139106568101592	0.0783298782781385
-0.651475233713182	0.384992405994925
1.2507609619724	0.863800424061936
0.821470561221444	0.349856755101541
0.365552168453662	0.183847552741375
1.44816685557941	0.487186600500996
0.15145480900655	0.0585297563438858
1.57513779972863	0.796335217996603
-0.23498909530134	0.15277144370341
0.948230932436165	0.634960789445745
0.539416058293488	0.310056921729186
-0.153441368654648	0.104797754784468
-1.48315076141217	0.756691810281742
2.75057603691244	0.786424841779512
-1.15640358556071	0.647190211436835
-1.10293120476358	0.751428494716355
0.150039122185617	0.0648502450161375
-0.778412481273888	0.341580404534438
-1.51684905918208	0.549966932484854
-1.14283325733795	0.352132388893513
0.161153094780194	0.048530513531666
-0.769096652976814	0.338609468695455
-1.14241956815201	0.351807769829277
-1.82115855719938	0.754396487877528
-1.51907352369701	0.549621946077532
-0.968141953239474	0.479592176505172
-0.235770310436452	0.117280759161013
-1.81287374791439	0.748928336132149
-0.519944065018575	0.199217167564696
0.158942874364468	0.0763751685829441
-0.234779139158927	0.152694685531001
-0.483103686361988	0.517229863637186
-0.336493950506098	0.201919678909412
1.44637717898614	0.486482829772734
0.67065498417138	0.215487616922184
-0.660664974746008	0.3886991025281
0.163635742387962	0.0936646459451097
0.69510717262521	0.327977453773444
-0.717393763247237	0.249373645181193
-0.225007607727559	0.0733663688875627
-0.493834668950202	0.258654450573901
-1.52261793291458	0.552416088281882
-0.215362013913717	0.07044095074977
0.157633323445896	0.0401249768572365
0.155736999256109	0.0600435080713213
0.939298703364537	0.250809511779044
-0.977044422492539	0.486743487685973
-0.21438297968887	0.070119295219489
0.164017935688693	0.0561438501226078
-0.531813112598055	0.202589629268692
-1.02171241051411	0.409806924167185
0.161906078576276	0.04874952925091
0.144983099103736	0.027824125638065
0.158036719368933	0.0402017101522864
-0.222101180610149	0.0724766815444861
-1.09469545971871	0.745084893553968
0.151480792163378	0.0654499002693817
-0.641217763381128	0.157896990579203
-0.726912958073327	0.252820490715667
0.144983099103736	0.027824125638065
-0.445640180324625	0.3444161008356
0.158729294236089	0.04043260950787
-1.8009224274669	0.401413641514774
-1.82088168004202	0.754160517946843
-0.388877039243228	0.162870942102531
1.45151622307992	0.488502446881907
0.162070178892022	0.0411144637566376
-1.52221131494962	0.551599382638492
0.162765853660276	0.0412041418868207
-1.14173074601379	0.351630194981725
1.45041930837423	0.487336762252141
1.03430080604135	0.397225968697929
-0.386057546772671	0.161751414839187
-0.222964492596761	0.168904444505963
-0.515579268988547	0.197497779631055
1.33910839248839	0.595740331254466
-1.44762552767927	1.27607805995035
-1.2270258732174	0.919551013388354
0.159873979297135	0.0482815097019209
-0.100642089585741	0.0400077999772352
1.46977266382409	1.4545140138199
0.827465419165181	0.353580301177974
0.785581157825564	0.61661960606093
0.287692175772411	0.233703051059497
0.850497500874857	0.772336424978161
-1.98409244633125	1.38444795373806
-0.0961715583055109	0.0383226667889411
-1.51833170548507	0.550474500519343
-2.28308153192309	1.17229193334453
-0.39036423870232	0.163650413054301
-0.732448219267861	0.254947157015597
-0.637509639132058	0.157280902410938
-0.511138195182615	0.195620508789569
-0.515393582204401	0.196768047467314
-1.66911605518225	0.948313308774744
-1.81562925100544	0.751335139968759
-1.14173074601379	0.351630194981725
-1.82641519417566	0.755357071711488
-2.06439359288975	0.95463510943463
-0.0236341408953462	0.0112398610638295
-0.197801635262696	0.152358527973037
-0.395614153541843	0.272607351968083
-0.302033456465606	0.245187351139193
0.161852867988486	0.0555536777785083
-0.727930992330886	0.25380129172308
-0.719916676812819	0.25028316194156
0.161993668910619	0.0925463923457485
-0.0519256792381271	0.0324348076193998
-1.8009224274669	0.401413641514774
-1.51867963642989	0.551199515777305
-0.51396531615413	0.196814734006425
-0.7597630059276	0.333038039824014
-2.06922022566155	0.957934577158216
-0.100196147738987	0.0398084260885434
0.150260321538223	0.0515859659670972
-0.218967744087285	0.0714817642031414
-1.14741359740666	0.352883231159087
-0.348647465724826	0.101723259540307
-0.513295933018928	0.19643545895166
-0.0558377335975521	0.0243996633486558
0.152633350829298	0.0389395951664406
0.939853714804409	0.251002284675557
-0.514238684137278	0.196858589089476
-1.80103877399874	0.401412128456168
0.16006292009542	0.0614554976636817
-1.01890339291343	0.407829094949249
0.162765853660276	0.0412041418868207
0.164642263465142	0.0495275308334802
-0.392436710436679	0.164466860587076
-1.52261793291458	0.552416088281882
-2.58178332536446	0.682930522892635
-0.764431115281432	0.335381318245473
-0.0121504609289087	0.00587754639218191
-0.496227284293668	0.371653269946494
-4.00372890763927	1.76738115230511
-0.514453624677751	0.196662412564974
-1.26235938680316	0.572491611501038
-1.4831368712248	0.757214073923297
0.149667302500565	0.064667457069557
-0.0531448724685995	0.0332632168452209
-0.33376179883556	0.199953812633856
-0.138535181662081	0.0501089737478327
-0.521158302962644	0.199454738124414
-4.2144634652177	2.01161717724373
-1.14602109676128	0.352462565358244
-1.14352115801698	0.352309794326609
0.666381294485655	0.214481042382208
0.159421595053514	0.0405224643025682
-0.348220543213602	0.101642486260234
0.15854202185698	0.0610225659901141
-1.27127540471835	0.579737208933733
-0.633263297544021	0.156213540903658
1.33716574216828	0.596130922443722
1.07249407198733	0.52645293485323
-0.294960488769325	0.23853147227535
0.154928167439297	0.0532400543451358
-0.142267314491114	0.0513692178786248
-0.55020114242316	0.347855405995639
-2.62311663707024	1.61135668110147
0.66209183440345	0.212643534404712
0.797113363822704	0.476802329345302
-4.40000585231211	2.26758286539387
-0.765029412622472	0.335961690168067
0.0927093745398777	0.0654523932468178
-0.141228251315499	0.0991575360207204
-0.081018621051176	0.0583933704761021
0.703078894809755	0.332210790348258
0.452438612949004	0.183699045351648
0.159877043029677	0.0481664355066161
-0.352171048045609	0.102884554871845
-1.8009224274669	0.401413641514774
-3.45852473952099	1.25330010570648
1.82041011870169	0.724546408240772
1.45261356648711	0.488099477529611
-1.14768077006288	0.352082943164405
-0.928557474359159	0.67612984240809
-1.51942044620827	0.551189226731038
-1.149970899627	0.99174755332481
-0.977611417319252	0.487091304289586
1.24485886266396	1.04157911733734
-0.153876180005619	0.105050953380452
-0.0976392869761825	0.0798232014503011
-0.00390820977526369	0.00194916341334003
0.16137422717943	0.0408817023262115
-1.51942044620827	0.551189226731038
0.151438453850196	0.0520921659930463
-0.215102781729368	0.0703679315225032
-0.721906540285296	0.25157399652224
-0.137001806541775	0.0495446265793543
0.457031613175772	0.185686620353555
-1.14283325733795	0.352132388893513
-1.51759021741262	0.550484114851072
1.57581363557876	0.794966455252864
0.158364705061637	0.0543781718203855
1.34140806303024	0.595630219758559
0.939298703364537	0.250809511779044
0.689346451286098	0.324840596495388
0.145592290548819	0.0279027526196651
0.153836339020918	0.0390962941022736
-3.09129418995865	0.975610822572426
-0.637509639132058	0.157280902410938
-1.14712146603742	0.35296389743942
1.44707333879815	0.486882965382531
3.26033581954854	1.12492242320153
0.666700173480009	0.213823752041035
0.991597185406817	0.80143905945018
3.93221277578082	1.75680245378688
-1.81815462985932	0.752329885228272
0.164642263465142	0.0495275308334802
-1.8009224274669	0.401413641514774
-0.726427642398715	0.252868210726988
-0.136709656681081	0.0493940325850865
0.67065498417138	0.215487616922184
-1.81637684396232	0.751651715408043
-0.115887412098248	0.0683401434481119
-1.51789000855763	1.69205121257502
-0.722928245021615	0.251489262306972
-0.636438389477554	0.156998062672413
0.158324698427983	0.0402149964785429
0.157633323445896	0.0401249768572365
-0.977030008297578	0.486647207067339
0.141690439541227	0.0546357834306762
0.0364312229851512	0.0210486361014921
-0.170406330996939	0.133161497588964
-2.63374649483033	1.62900977844485
-1.26615648919643	0.576700733308464
0.145592290548819	0.0279027526196651
2.11403819225034	0.961070967604642
-0.210957838283869	0.068738298296467
0.145592290548819	0.0279027526196651
0.159421595053514	0.0405224643025682
0.159873979297135	0.0482815097019209
-1.14602109676128	0.352462565358244
-1.81591136124749	0.751370102486519
0.57241743850726	0.661744542446366
0.95029670580827	0.640466389918622
-0.347881275810247	0.101704932899344
-0.0671829919665487	0.029125518030688
-1.32313473631508	0.827255415223399
3.9332958335108	1.75639060655003
0.147161610352481	0.0703973279107928
0.696604281276515	0.327698197929459
1.07802028667147	0.528803639166012
-0.630362654064597	0.73829667615996
-0.946461587932722	1.07301064894283
-1.3510090843898	1.9068609652709
0.654093647565079	0.461579007193426
-1.01774198098802	0.408465897919083
0.167233311085895	0.0420824369080308
0.158324698427983	0.0402149964785429
-1.14602109676128	0.352462565358244
-1.14241956815201	0.351807769829277
-1.14241956815201	0.351807769829277
0.943029051172106	0.251479485037243
0.144624243113007	0.0277697138706121
0.152641938101793	0.0589243022830194
-0.140442729242083	0.0507204684508811
-1.02485306183988	0.411542674464278
0.822812462503856	0.350564571310798
-1.82002427753241	2.09245578130348
-1.83098867628244	1.65649292385972
0.280612628948489	0.21828493016757
-0.795998953788185	0.607167810495454
-0.224433987643499	0.169869874148177
1.23341358464515	1.1950809697302
-0.243966932602299	0.121896649713798
-0.524874987781082	0.200933052994701
-0.397288097755451	0.166559985092832
-0.938930863628151	0.683569511812704
-0.945654049155856	0.575426706435315
-2.9243588381312	2.15689699645164
0.162080659814295	0.0623283245377446
-1.72773585678977	1.43675411426496
0.687565156255462	0.323554543046697
0.455788330014537	0.185537184077034
0.450250312571145	0.182923552644081
-0.983524477005553	0.489448272185893
-1.33310373117641	0.836620292385383
0.400283172936224	0.181484775537511
1.26085146665127	0.868726615514448
-0.0283369066375137	0.0133574980194364
-0.399201458449907	0.167353642833043
1.06906023413505	0.52399481001835
-3.45989362965761	1.25724083459984
-0.519944065018575	0.199217167564696
-0.719916676812819	0.25028316194156
-1.14352115801698	0.352309794326609
0.606028901462685	0.316276687063205
0.399146368828594	0.18062814295671
-0.345306452425536	0.100608479618864
1.06405538147305	0.519908228968784
-0.385790153309993	0.161507939066906
-0.230670257097814	0.114326628927197
0.155143712679243	0.0533136788534507
-0.594526625804789	0.283855074176356
1.09518404963122	0.821902735720902
-0.117042262252353	0.0689691976296381
-1.02296597963264	0.410908197770573
-2.28175203851727	1.17015294733225
-2.63885825309197	1.63126592531782
0.153779156651059	0.0665421583235274
-0.794130865558122	0.608350414733585
-1.60010417630512	1.89338818984453
-0.487760060074019	0.25452083924383
-1.81665873624948	0.752232883970363
-0.791471541797045	0.43167844883418
1.33292908935071	0.591884606497793
-0.143805271337669	0.0518465760520897
-0.98011491957414	0.489418532086656
-0.520885654160255	0.199641734514241
-0.242540241337843	0.121219271310486
-0.00549972480916224	0.00273167658492722
0.0595772126305768	0.0366053709238291
-1.15158076823259	0.640695939728626
-0.352171048045609	0.102884554871845
0.159120665328247	0.048062202194274
-2.12653690479054	1.62656384422094
-1.14214562413243	0.351215554477081
-1.27099398512007	0.58063946719774
-0.0577915965985682	0.0252199456152219
-0.0316522787248734	0.0148854347919461
0.78882078464242	0.618517014145782
0.57241376736481	0.451802906373997
-0.337804889202685	0.239864980008997
-0.598837623391157	0.485313218195688
0.165336058989075	0.100758482091667
0.661336234174573	0.212381115853655
-0.50980441036982	0.194986448896893
-3.08660653838605	0.975157312690119
0.157350237927289	0.0473981260583164
-2.27860776310131	1.16709184125902
-0.412182773821183	0.232718581508738
-1.27032538013449	0.58045220816518
0.827465419165181	0.353580301177974
-1.48500273978502	0.758302386104218
0.708938938770903	0.461520155025971
-1.47110550823595	1.0191869890738
0.548421445901621	0.316715613912567
-0.763212857450417	0.335382860747056
-0.467962563624674	0.310949775889904
-0.187141053557462	0.143192271745549
-1.27754554308416	1.39191622033941
-0.698536516858056	0.612205045056113
-0.186888162171718	0.0998443302851959
-0.28656994472472	0.207483645379036
-4.40067222998414	2.26648552037974
-0.394912062050065	0.165277442199772
-0.650922758998938	0.3842806323091
-0.966347411132926	0.590527470780259
-0.148785407254285	0.0536907631429728
-0.296972584655287	0.135912716727512
-0.142891948035302	0.0516141016686805
-0.650484545903187	0.384330804368097
-1.98790148137309	1.38292319908476
0.69392783840352	0.327256868185279
-0.607928278132688	0.292355276299328
0.906206105009373	0.776895163362654
0.15126209936992	0.0727771576670532
-0.763212857450417	0.335382860747056
0.907723686895637	0.492038355261913
-0.146008101240069	0.052659109635858
-0.245393997087265	0.122371425409399
-0.601797617642981	0.288618484895952
-0.975024181362499	0.483088159635418
0.360112818268282	0.181146727103624
-0.0274045538914575	0.0129701869822433
-0.933051442886961	0.680003782229925
-0.723136371083305	0.250902518333636
-0.0594115711535523	0.0259476291405153
0.153405388703481	0.066400669654385
0.466647182121983	0.314873820514757
0.144765939190236	0.0625621516146272
0.614707188367606	0.322110587785914
1.27168105355701	0.705734582510771
-0.979805255046569	0.487218320275361
0.160759066608913	0.0917161763047378
-0.407458853790717	0.229957624423688
1.07061701945913	0.648882177846208
0.992829171536163	0.805569850238317
-0.90450992670728	0.750962390467246
-0.48814448564749	0.361723672111375
-0.242758726404225	0.120750264443512
0.180901088565618	0.11092229288748
0.153573443210371	0.0662866605645546
-2.77617775873737	1.870836789781
-0.347881275810247	0.101704932899344
0.541686713216342	0.311243141796895
-0.308371064513332	0.141685009766175
-0.386057546772671	0.161751414839187
1.39110068961002	1.06822471253531
-0.142891948035302	0.0516141016686805
-0.602491732521586	0.288220355878263
-0.39847585671728	0.274629643647933
-0.238348866729638	0.118864095071033
0.341002001615246	0.188810636920071
0.312348663845259	0.200653159860378
-0.134176358060072	0.0484891500537458
-0.769392147831315	0.338062472995489
-1.1085853757022	0.753492623245547
-1.48345513317086	0.759410563089855
-0.0805278020065273	0.0489318672003733
-0.390755829696899	0.268689388423664
-0.185118219706004	0.098687319407116
-0.976125960936435	0.486927927519843
0.15292174715335	0.0659826351094016
-2.7169721263213	3.16522410506703
-0.791003223663582	0.431446710857726
1.24840615659575	0.861257223458879
-0.308043389628243	0.141318146805589
0.159873979297135	0.0482815097019209
0.151438453850196	0.0520921659930463
0.162070178892022	0.0411144637566376
-0.79023185038661	0.430965368516678
-0.953345860632388	0.583264229566345
-0.97239428818846	0.48250841189123
-0.00842615952688014	0.00415733393948937
1.76330053976847	1.77688027081656
-0.152754598475291	0.0863768624887434
-1.28209137410171	0.582669620397052
-1.02485306183988	0.411542674464278
-1.05746471086245	1.10260024454959
-0.549193383334494	0.458653757931696
-0.00278419751998569	0.00142999484179894
-0.258460807778039	0.192644568392633
-0.102933408124963	0.060334503927388
0.0195769345140272	0.0106066035079175
0.336312114433048	0.186228830528361
-0.190469977731953	0.101980621891197
-0.188283736541753	0.125453813136477
-0.491034997507622	0.2565620689911
0.150202268163998	0.0648573533397257
-0.685524690336639	0.479030822133342
-0.933071900597842	0.680486650454705
-1.52295784924345	0.552861579278889
-0.974644787289905	0.484218430760984
-0.545327016320638	0.344282693123848
0.0170676324701381	0.00925850357679202
-0.304723443571461	0.139889098699163
-0.489104446765901	0.25561008857299
-1.22516329283308	0.919730639223693
-0.0142359818847842	0.00696672401834929
-0.551407265207939	0.347917450262561
0.361284989405333	0.18118491276506
0.958063417840529	0.643719397710418
0.155816413428406	0.0535628127143977
-0.909264919596393	0.753272531786306
-0.682834478634505	0.536997072283743
-0.278934468213008	0.174550248547721
1.24162174624214	1.03818033973228
-0.540440088334162	0.338919421000028
-0.0600279327839153	0.026132927563054
-1.47978555088657	1.02979291111824
-1.09558390940257	0.744641044177853
-0.600568753001909	0.28741185549538
-1.51793915586182	0.550681864442582
-1.09518945882268	0.74490164260121
0.605675013525442	0.317217991230918
-0.0319527553094411	0.0150302141752695
0.14473520550234	0.0625580557471067
1.27537716650748	0.708249765316218
0.909946991741422	0.492936462501295
0.141738951006288	0.0678875391415331
0.533173376017961	0.194273902958868
0.156530838902088	0.0537701104160248
-0.986172112341912	0.492274249557995
-0.0917187611314774	0.0365165674531815
-0.602006756557341	0.289449153823694
-0.98309457724324	0.489629484686196
0.153042842083588	0.0661608157273667
-1.84268528721892	1.16259263678228
-0.519820883897615	0.198536352412549
0.159873979297135	0.0482815097019209
-0.549291760219887	0.346676324426495
-0.033882301472433	0.0159259849100061
-0.524602909006563	0.200773062617646
0.698213155936331	0.330003570818779
0.397261650222179	0.179696179380157
-0.722928245021615	0.251489262306972
-0.095402150947848	0.0379515117427209
1.86699802814658	2.43052649080962
0.604647623705946	0.45472942856148
1.39524049153979	1.07316005670607
-2.27860776310131	1.16709184125902
-0.765029412622472	0.335961690168067
-1.16623524550492	0.655529150841431
-0.803724075739511	0.53002674084758
-0.0259651584981183	0.0123145250453466
-0.920811034070925	0.667668534897768
-0.100974879439173	0.040127995064392
-1.82265695551501	0.755060218180958
-2.46994229552001	1.39346832569875
-0.00119216551805592	0.000631773239610317
0.00195698011572631	0.000854262094731193
-0.606049498570849	0.290737428387795
-1.34684567492162	1.10310851402625
0.44990614258087	0.18283441542229
-0.517941904306001	0.198111769037771
-0.516250072697604	0.197637497642431
-0.346061770950109	0.246144541642412
0.161641242696519	0.0926269468718874
-0.795512065074312	0.433428760488058
-2.46368487611894	1.38632384570726
-0.077349015209786	0.0470893822852015
-0.163646089562435	0.112242567546575
-0.676006965578891	0.472060902742265
0.487082626769865	0.432155851600208
-0.611759534991727	0.500041440812395
-0.701318174212666	0.615261710393555
1.53625810849502	1.84351941485572
0.145573410056074	0.0697971058093083
-1.05297661268384	0.839724735949244
-0.88687924821666	0.815538908972896
-0.586495142515593	0.427903487073163
-1.4865418151937	0.760090988436568
-1.09397776808374	1.04718402073892
-0.800092071479368	0.527071481182313
0.852693553081943	0.622495683630386
0.163044983252504	0.0861662448081291
-0.672233313602873	0.467605198084368
0.145803712099116	0.063064274482338
-0.0399216883429316	0.0186733175346856
-0.0617900149340499	0.0269508999408355
0.0260144457414322	0.0151677115068496
-0.322449114175214	0.191516984382854
-0.0297648770220515	0.0140083612740561
-0.0558377335975521	0.0243996633486558
0.0161233320023704	0.00879467629121224
-1.23602444218735	0.926680204869985
-1.83199845224736	1.15173872588187
0.452066149749284	0.183799113193962
-0.0559326090351956	0.0244445320452892
-1.93268983190056	1.88140714147968
-0.0577915965985682	0.0252199456152219
0.149144040740526	0.071424123312521
-1.22992581778759	0.920297400678051
-0.00357576108764932	0.00181083411524147
-0.305459616105222	0.139362173650595
-0.981341282031476	0.489036202673862
0.149852791050495	0.0577366596550624
-0.403464535985022	0.226934459459365
-0.215362013913717	0.07044095074977
-1.46409453742724	1.00740686939627
-0.33744626924956	0.23934826931333
0.299098859265344	0.203680054608966
-1.67450165667541	0.956050045600831
1.45968683408594	0.911944195752201
-0.727930992330886	0.25380129172308
0.336250722500762	0.185224236168255
-0.332624622843697	0.199316288703792
-0.95005422233772	0.581730930079566
-0.243534510267352	0.121684358465095
-0.950564205799766	0.58198163053543
-0.646280959919001	0.380486784605247
-0.481632957428815	0.250927591902793
-2.03101209919252	2.11884582118338
0.612370235180162	0.320847899570939
-0.933051442886961	0.680003782229925
-0.303177076340257	0.138554365025594
-0.399516365480485	0.167536631567239
0.159122325410511	0.0480117921042768
0.335847925649094	0.185915619154983
0.606734079336554	0.31694107594329
0.360527338485851	0.181431433865948
-0.187365980232538	0.100102494923443
0.690796939935703	0.324499980580957
-1.04632838082247	0.834345727325647
0.862843167292188	0.632524666644717
-0.0577915965985682	0.0252199456152219
2.1215341947917	1.48124352489209
-0.141989537347061	0.0512652961916329
-1.48838565727803	0.761700246788856
0.462673234440248	0.187627691466998
0.142738254586193	0.0682288147383619
0.020942996966723	0.0113319826610821
-0.190938268517349	0.102298030946723
-0.71841689794844	0.249777152570215
-0.949622290958682	0.581191372480998
0.916084605793849	0.790073274206319
0.545160143117271	0.314216839775124
-0.0989685268805481	0.0393704401030059
-0.114445785238315	0.0673884273322369
-0.143811185198742	0.0519843113185563
-0.766265957379176	0.336344010691763
-0.386057546772671	0.161751414839187
-0.947251108709783	0.57655372047118
-0.0278711518329468	0.0131735003449107
-0.33376179883556	0.199953812633856
-0.346391761922432	0.101125986544327
-0.289270659026725	0.210097470238038
-0.275591788054506	0.228006011494728
-0.109445506058175	0.0644452825465559
-0.192446887510505	0.128613998789751
0.304161659922601	0.218780095801803
-0.561819446860344	0.509706429236545
-0.24303728712423	0.121475654649862
-0.157489873488849	0.107760531697881
-0.799619262141229	0.869703623130843
-0.786393733909004	0.42793836880696
-0.6066044979255	0.291574679111263
-0.395520864335434	0.166072991543779
-0.70263878607503	0.617232731383884
-0.395772087835632	0.272967471330569
-1.27509410004517	1.3859155879681
0.156971905156412	0.0897886435860509
-1.35032805967472	1.10903814268458
0.40537504634804	0.319017202614181
0.173532309061437	0.118046161399346
0.0582552275749476	0.0357808498522161
-0.787242105903612	0.429503820133249
0.719197162502546	0.47067750279799
0.329807479005965	0.181744280162693
-0.069049990989062	0.0298960180268975
0.148275015738667	0.0711718481810197
-0.492039602772391	0.257283163098553
0.497252695460309	0.311853561487368
-0.40044075680162	0.225654623508527
-1.1527005942743	0.998430777827098
-0.242540241337843	0.121219271310486
0.151620010065376	0.0728103327597842
-0.281790746044194	0.203363317174326
1.08740515355463	0.668198476397688
0.362257349370139	0.182025812604321
-0.593078897706654	0.28320705148585
-1.43138842141927	1.51373002161235
-0.79300494330968	0.520081729110844
-0.791344144999107	0.675184891410311
-1.16123764123585	0.650754614292679
-0.601454413124656	0.28893874748557
-0.673622763197831	0.468730774746653
-0.143516882394247	0.0518303322908422
0.853241021380365	0.62368257815151
-0.489617073533807	0.255945220798258
-0.551407265207939	0.347917450262561
-0.386374130679002	0.161877087924867
0.648222768822647	0.584011218238549
-0.474251911777543	0.401196590325892
-1.72486083630458	1.43687007492941
0.138297688295396	0.0532218040196628
-1.45926370299282	1.29488235634814
-0.788340901643696	0.673426884220425
-1.80103877399874	0.401412128456168
0.146337649644028	0.0632643446902965
-1.15213070165124	0.641425137571665
-0.0947299719826344	0.0376281956386043
-0.000412694233526391	0.000285619544970701
0.909338595929337	0.491704928970119
-1.82861007142801	1.14956918751283
0.299233544821595	0.204067445518719
0.149221243352169	0.0847943606312645
-0.7967849542283	0.524959779448407
0.152415713608906	0.0730855424245118
-0.68216967748058	0.476048543373565
0.479152445896111	0.324932134286463
0.455217835956066	0.184918668410377
0.989691743014995	0.798058792461399
0.325674724620265	0.195981811237632
0.6065476611348	0.455985169776337
0.157521902035835	0.0608139560500287
0.153661280365597	0.0592110803100596
-0.391537827081547	0.163998203339572
-0.794108448511145	0.682490622786673
0.149763115655363	0.0788783328454074
-0.211324638578633	0.0690407324292403
-0.0882533053138131	0.0537271057606834
-1.67731666120161	0.95623567666548
-0.306975394050471	0.140867364592611
-1.81488203899203	0.750473718254322
-1.83381621724277	1.15390995354952
-0.0784302632521377	0.0477104562264849
-0.160110217970789	0.0904445522430306
-0.00936081485361689	0.00461132205052486
-1.16055610161487	1.00628404975671
0.160246974360102	0.0913630857102747
-0.794308741488775	0.607091308153539
0.603024360274089	0.557492769061615
-0.146949374359874	0.0831253240955162
-0.280906651143104	0.176074916370949
-0.501603136745813	0.376326170619708
-0.674618315478718	0.470692797871503
-0.668506580788152	0.463857927107142
-0.143516882394247	0.0518303322908422
-0.0627952742986814	0.0393263139626933
-0.550449953727942	0.347494442260966
-0.405043809997672	0.228585846607067
-0.0945087687933719	0.0376036536917361
-0.143516882394247	0.0518303322908422
0.59899306139481	0.31139797833979
-0.769096652976814	0.338609468695455
-0.281690648408349	0.176098316412429
-0.0976189276981618	0.0388495386395529
-0.14557978168169	0.0820075187313694
-0.0968542016587712	0.0384832044595299
2.26928738032079	1.74643860548662
1.39393248068212	1.06936736449554
-1.04737316120785	0.832936146080283
0.996023449950204	0.809769423320767
-0.0603443547667109	0.0263455849771063
0.0000532433765343666	0.0000611995156651688
0.365037876208391	0.183698589996
1.6227181426644	1.13719865880179
-0.986451812323696	0.49095581776309
-1.09546492794808	0.743144794083816
-0.801790863216281	0.528403340740719
-0.789448642004605	0.601487988363017
-0.141354920327139	0.0510651509736396
-0.540452547352192	0.339287819694429
-0.784560835443911	0.425431274242408
-0.727930992330886	0.25380129172308
-0.100196147738987	0.0398084260885434
-0.556872444334374	0.351205094568317
0.390132462492252	0.176172988205755
-0.312606558598894	0.143544202274661
-0.0989685268805481	0.0393704401030059
-0.329771399794549	0.19705084027604
-0.334018698413178	0.199774432998732
-0.141354920327139	0.0510651509736396
-1.83935617775308	1.66826464107796
-2.11696864889541	2.33765496478921
-1.81063366362509	0.745845479779578
-0.784510552849148	0.731696158711318
-0.147583335940051	0.0531786308870747
0.451440938272563	0.183586025165848
-0.795818831368306	0.524407004976777
-1.82088168004202	0.754160517946843
-1.02152858466472	0.41003633195509
-0.0586144565531583	0.0255197612871535
-0.762917044259969	0.335226279565195
0.64833972381248	0.457473185966848
0.850965538251611	0.618561766218143
1.04053777709864	0.399211852400284
-2.06439359288975	0.95463510943463
-0.0217276392904941	0.010379151762058
1.06780389299257	0.521895946921961
-0.725180549290759	0.251792447855791
-1.04908522893844	0.835144586479426
1.34455628885275	1.40590660588047
0.462971646578107	0.312044694998987
0.150039122185617	0.0648502450161375
-0.147540071935549	0.0532574291277169
0.163361494435021	0.0863127829757915
-0.276893222333638	0.173736107360431
1.24696919673846	0.858225400411652
-0.0369022011995859	0.0172742009700582
-0.38207291106068	0.159610816081495
-1.48838565727803	0.761700246788856
-0.142313153461298	0.0513669055242584
-0.223078791885577	0.0726600358718125
0.151339495677382	0.072401687819244
-0.651784881040662	0.383680757477504
-0.47970952445263	0.40741194036826
-0.15387103556147	0.0869021532025127
-0.458713156981871	0.30427647755339
0.151108463610909	0.0652627059664072
-0.922493623404101	1.10845176666929
1.27685672182814	0.709735633620896
-0.0656802531175438	0.028573319912516
-0.456931649566815	0.302058950740561
0.167115038136695	0.107979630606912
-1.13838195218038	0.350237547909829
-0.510471133847125	0.195363258012676
0.159437577768447	0.0614447720303482
-0.191285642666141	0.102109750914776
0.45081542313859	0.183214483609203
-0.146340352033991	0.052840837935371
-0.220662150695417	0.0721303089573529
-0.108705439358878	0.0639026368941648
-0.930481567179811	0.677574926854816
-0.39205973244915	0.21919293070149
0.956365569957701	0.644186292793203
0.15303050381557	0.0658246997102153
0.689044564874805	0.324641738430295
0.365139621619399	0.183312227056569
1.33340728777399	0.59245625933366
1.34447832841387	0.594866962015333
-0.786325828361772	0.42886214755177
0.906607088898415	0.491170045800994
0.153762707087432	0.0738860778183168
-0.777274832482879	0.420389673535079
-0.214480479304506	0.0699616309976976
-0.344362382759712	0.100549162971635
0.154767341052622	0.081482640578212
-0.0249022377598954	0.0118200816508535
-1.08930465194614	0.738516408507673
-0.21158767729877	0.0692522593193464
-0.974060664295869	0.483894472955633
-0.483055925173704	0.251720836051341
0.322536888542343	0.193907450546523
-0.193902292705263	0.103366574974116
-0.538068229925166	0.337511293492744
-0.78858515429099	0.674851801976795
1.09196419018633	0.670851180338783
-1.34763216437174	1.10432445824705
-0.607715185731628	0.292447442782102
0.157961656278045	0.0541365833526948
-0.243469572440709	0.121640086940565
-0.216341300405611	0.0706275337190599
1.08441087986244	0.666393409512352
0.838216594667672	0.356960131725907
-0.774367578702865	0.340490598698834
0.163359376675397	0.0491825169151302
-0.500830125042276	0.261964817978604
1.08722946237737	0.668191160058478
-0.389147116574959	0.162650995065843
0.903394941450883	0.487496056711746
0.447690361235438	0.181757190662039
0.353859233442666	0.177372939197894
1.11815918410994	0.998269800571179
1.32809975659763	0.589445113951956
1.06843221769041	0.52353032295169
-1.83789305080558	1.16331067401623
-0.49519783192992	0.259576133277492
0.613334449794605	0.461891181906634
-1.00460968465137	0.896321741581643
0.15912603740286	0.0612507223559392
-1.03692630967701	0.820331529105633
-0.510244665105176	0.385079248784235
-0.0605421636590245	0.0263589738390532
0.155347225808938	0.0469152262497133
-0.515579268988547	0.197497779631055
-0.386057546772671	0.161751414839187
-1.72072150688025	1.42474189788405
-0.520885654160255	0.199641734514241
-0.544493785207067	0.342025423396329
-0.245812635058794	0.122760369667185
-0.216921019860927	0.1394960049474
-0.71621733546615	0.686401419174788
-1.14292380441401	1.26872556034372
-0.607159726923454	0.292089164164453
-0.104542342252067	0.0414683511651629
0.481509038563557	0.32670212866195
-0.227814853702458	0.172775086124497
-1.31996400644681	0.823170125254251
-1.01982638852231	0.409294816847698
-0.217062344939073	0.0708765351682746
-0.389029767038697	0.162646995963619
0.830951835410689	0.355538325180902
-1.28187679840853	0.584437589685732
0.461200249770374	0.310277185154845
-0.497969207247996	0.260540651003792
0.15514468556827	0.0599065447102182
1.38997244256382	1.06191787482133
0.146550290835623	0.0564547430006204
0.153043243304895	0.0525994638842455
1.57490494567969	0.79522669798621
-0.94997531265372	0.58003113474946
2.41999085277504	2.05351828996737
0.39492247659388	0.178762333936207
-0.766320493292693	0.336389703304775
0.161914811103546	0.0986406927086967
-0.76445898984795	0.335968098647039
0.151770461330144	0.0799448770380761
-0.489104446765901	0.25561008857299
-0.0923778309891661	0.0367416098088541
-1.15922568904619	0.648758219491063
-0.394351218005163	0.165472682541389
-0.0259651584981183	0.0123145250453466
-0.97953192092757	0.488971745774085
-0.596402958684066	0.284345219659374
0.168483977450557	0.0967074555300696
-1.6823796970737	2.41217798992456
-2.07521784841092	0.959891949668061
0.329060670977333	0.198428594142153
-0.00372391088725453	0.00265060085149584
-0.336602819422846	0.238809836315359
-0.798372156623158	0.611363957454753
-0.786540505895813	0.427377822473515
0.150502237232393	0.0517694433165819
-0.306017148378831	0.140808131815514
0.456124834919805	0.185373171183353
-0.0605421636590245	0.0263589738390532
0.157426877687479	0.054095802255857
0.362257349370139	0.182025812604321
-1.26993773463048	0.578438416169099
-0.784946219529639	0.426646176787655
-0.0259828431642861	0.0123169843334593
-0.5068653450618	0.382208193290967
1.35749139848332	1.24108172670847
-0.145425131809366	0.0821963030669108
-1.47223030469344	1.01669969792961
0.307630343499684	0.197716573362112
0.14568623297438	0.0562432171381234
0.605675013525442	0.317217991230918
-0.306928499822549	0.141203586714641
0.14877236159695	0.0713000903452856
-0.382265003819036	0.29938947580896
-0.892370160315793	1.11074952894887
-0.709566694699422	0.676726056775562
-0.395220703154092	0.272299560336995
-0.21158767729877	0.0692522593193464
1.06996418155248	0.524640045916601
0.152374380215692	0.0523737819250446
-0.770007001973875	0.338200932251437
-1.83678940703583	1.16149486711607
-0.0952794052337123	0.0379617226555812
-1.60440690392657	1.21867970862193
-0.48827194273578	0.254670783307635
0.0421168666960275	0.0244128767810938
-0.791997550913309	0.602812158475794
-1.47096482816067	1.02204949492412
-0.0572787005368992	0.0250041521626887
-0.113028871650924	0.066608903718933
-0.520489423661184	0.199119614912018
0.14806360850737	0.0571942588723571
0.152108068416228	0.0523180707573953
-0.491532976386798	0.365845229909868
-0.0927219926806566	0.0368256574251114
1.34068855477734	0.59651233156247
0.549104681302545	0.316817712556498
2.7486062124648	0.786021619850662
-1.1615856852523	0.649302054491071
1.33813720779684	0.59634854680219
0.368499423860211	0.185007536913246
-0.394665207840982	0.165287147471021
3.63104293019025	1.45185522619522
-1.26898917918035	0.579150144945583
0.155816413428406	0.0535628127143977
2.56752188983128	1.45035531201696
2.11476331684021	0.962649218894054
-1.14712146603742	0.35296389743942
-1.27523469172028	0.58191737664116
0.835113861973658	0.356003428926739
-0.975288553297247	0.485765853390852
-0.789633743872113	0.517762484979764
1.34237983797541	0.59612042924536
-0.601110431914501	0.288428678233059
-0.650484545903187	0.384330804368097
1.07711628178215	0.528486442400621
0.604758769355008	0.315907972175834
-0.598784365379956	0.286725568802725
-0.141065904193988	0.0509641882307141
-0.347136350857903	0.101509886664517
-0.79085636982102	0.429095634744967
0.354375687404613	0.177669815840091
-0.726161254656457	0.252560499450293
-1.22943961935468	0.923153613701468
-0.980698173873248	0.489626676436646
-0.0676966189174087	0.0293885138542332
-0.278818777711253	0.174287600329294
-0.195358901020033	0.104718995363352
-0.0913671536075907	0.0363764162252558
-0.527383577318866	0.200820446327895
0.153851801367006	0.046384434694194
-0.515305102872372	0.197213035707925
-0.0928371335689325	0.0368675906575118
-0.720885051656636	0.250598309067814
-0.195573064036721	0.104714714805133
-0.216341300405611	0.0706275337190599
-0.976194639700552	0.485199002275023
1.28142676140688	0.714044054375297
-0.727179123195026	0.25354055255114
0.830017418371817	0.35496212946458
0.610623514981351	0.319298647770529
-0.887048466676212	0.890677717605047
-0.150576396465682	0.0851292056285478
0.155872663061889	0.0469561103081932
-0.489531143278388	0.255657043509584
-0.391537827081547	0.163998203339572
-0.218710230536797	0.0713607252338727
-0.239118425830652	0.11917204662365
-0.773130586609426	0.339897719920206
0.01868050387994	0.0101473181417503
-0.0120465851445368	0.00796100606330466
0.158435638738083	0.0836650477119219
-0.698293811638248	0.610857441862817
-1.14104219214391	0.350714860686515
0.450250312571145	0.182923552644081
0.158729294236089	0.04043260950787
-0.723407361182732	0.252081836804318
-2.47856342471334	1.39394472981983
1.04058787371703	0.399831169158897
0.694792309668378	0.32769902722342
0.90850656675854	0.490833193376765
0.306192184235013	0.196669512296773
-0.388403702165206	0.162465136549524
-0.910313131955883	0.757514714026737
-1.16476619395198	0.651655676788009
0.551156598406749	0.31817268818617
-0.954765546852681	0.583242219761226
-0.474384503207798	0.31587046884829
-1.32413890813543	0.828125663215551
-0.544494664086069	0.454055850121347
-1.32558931424109	0.827371293184792
-1.22628045767161	0.916934181780596
-0.406490157208199	0.229677989841632
1.09790724315905	0.823538422985353
0.692732319345477	0.32710229474396
0.711726144671498	0.465038039343914
-0.48595079362501	0.254032512276028
0.901673234834818	0.771120489040039
-0.535470341871252	0.445633975415787
-0.107846626181381	0.0634931248237034
-0.599339032800012	0.287128074007026
1.96589375666919	1.24237456383769
-0.00573488556534487	0.00284988159211734
0.546579654136961	0.315469342632616
-0.0202893639022887	0.00971723528856291
1.10313425820086	0.83212590479957
-0.242399179986945	0.120715215052534
0.1564887689413	0.0537706581930758
1.35626422274706	1.23499428901093
0.63794243967416	0.445175029732669
-1.81665873624948	0.752232883970363
-1.32374849194297	0.827865968081847
-1.34462631954157	1.10045373991042
-0.0971888965265525	0.0385562779993818
-0.549018788417598	0.346234986755248
0.959305138060342	0.647742363557632
0.148414031005773	0.0713041429004418
-1.02027673323395	0.409478238556457
-1.16841882042174	0.654230038629157
-0.0662892998789079	0.0288258520917789
-0.593837135792949	0.283574537686612
-0.949692248054638	0.579430672939284
-0.220662150695417	0.0721303089573529
0.158906591061253	0.0544742610766247
0.325602134937673	0.19567571850841
-2.58178332536446	0.682930522892635
-1.33521962051234	0.837338300458352
1.46144689776789	0.913861705938429
2.5661383858767	1.44695172975005
0.154558218006742	0.0596434642894441
-0.139156719720498	0.0503235750897403
-0.604352983834939	0.290284574150108
0.145269564101328	0.0628285892375078
0.315117887205244	0.188574951531578
-1.16422593826288	0.653741388644674
0.152053878698423	0.0586618420366476
-0.482970235925541	0.251790658580785
-0.344426719426197	0.244669372448659
-0.246607564033822	0.122541329859638
0.864549862881444	0.634504882772933
-0.0370323917136148	0.0173484917073785
-0.395835518436449	0.166165092035165
-0.0628835176546872	0.027334493464908
-1.08471162832783	0.726949368281632
-1.67731666120161	0.95623567666548
-0.188075938244742	0.100519494624824
-0.647708479948853	0.381568952878025
0.153716173375307	0.0810667509125947
-0.104542342252067	0.0414683511651629
-1.27562101606895	0.583695327776066
-1.27099398512007	0.58063946719774
0.604771876600505	0.316747851379352
-0.078990550506668	0.0480574779392631
-0.602903081981925	0.289961604449161
-0.147873446228401	0.0533861392609676
0.151745169358508	0.058587168086963
0.153851801367006	0.046384434694194
-0.513691081166878	0.19626521346256
-0.731390953503151	0.849915500261611
-0.793025136454475	0.802752627257964
-1.04304584551746	0.83102684917276
-0.687297132160809	0.543630915974464
-0.67797317149878	0.473517275331146
-0.546870990993828	0.34406240175651
-0.309915336981443	0.142572414774972
-0.233675088849733	0.116076034090918
-0.201043851755709	0.10742124117648
0.655830211887202	0.463454943707578
0.391578995776495	0.176956792507077
-0.656314714967892	0.388063845232923
0.860093578101116	0.628718378534238
0.517156349753774	0.446022648231367
-0.411231370521774	0.232218132291817
-0.142714457090183	0.0805957799839963
-0.300867687352712	0.138061582932551
-0.382826523669334	0.261459926054358
-0.46196953749151	0.306943411306459
0.538740122798942	0.309236361101723
0.151981014561171	0.0657267334483004
0.448714670352937	0.181987479789199
-1.72515125088858	1.43727857250711
-0.605365691783786	0.291039737825185
0.143989147435421	0.0622231728257938
0.897261446681286	0.4832872322448
0.165632269399587	0.107019533383654
-0.928085568587901	0.675604549569384
-0.309383080562588	0.142287808111712
-0.602707554285428	0.289287770029279
0.951068956779815	0.638350026700091
-1.27495473558411	0.58335694060492
-0.709560429087065	0.677123468830649
-0.304773891394667	0.139755609903264
-0.554965490742771	0.350337800596196
-0.516921217674498	0.197552845273465
0.151884403717902	0.0656419988111487
0.601790220442435	0.313997005220295
0.15635159742891	0.060321656388433
-1.22248082071805	0.91217895308592
0.147000030686198	0.0705466289955605
-0.94572972453378	0.57678923130708
1.35534900801525	1.23505067229231
-0.298942746288391	0.136907547425309
-0.0572787005368992	0.0250041521626887
-3.14867210909365	2.71878864348939
0.31423214672827	0.215616058559082
0.317092564271164	0.19012068481886
-1.34769373193183	1.10600130738814
-0.606817672308445	0.292067119296631
-0.577044737958306	0.418625256811907
-0.604009459354612	0.290538482996762
-0.308043389628243	0.141318146805589
-1.09464616926907	0.745493654326501
-1.48838565727803	0.761700246788856
-0.0818041377338867	0.0496968753145638
0.95289985004619	0.640161058935629
0.389573154144047	0.175817201041182
0.716885561701456	0.468985820718723
-1.27004348394699	0.578549734222855
0.468673440875638	0.315848030205819
0.539416058293488	0.310056921729186
0.790567584932029	0.743307372114718
-0.653012252582694	0.384839734960113
-0.604811463523876	0.290527070090448
-0.356482262612355	0.103788921703605
-0.389592676762133	0.306818546634524
-0.116875546252129	0.0689139978225553
-0.79331195895699	0.744595282032958
-0.231135378113132	0.150308191301607
-0.471439984219118	0.397392468088301
0.710374521940316	0.462101295771364
-1.02198006071152	0.411274533949238
-0.306519265082839	0.14058934918775
-0.0917187611314774	0.0365165674531815
-0.101645665119999	0.0403218449949219
-1.22661147227721	0.919102062394618
-1.4738394584269	1.02407684478155
-0.767855340790427	0.337814115120684
-1.47719564343717	1.0244268012757
1.08172263040199	0.661471572732121
0.65630642066106	0.463611481655486
-0.0568644161075437	0.0248403449950877
1.08794176927936	0.66706343477379
-0.0568644161075437	0.0248403449950877
-0.765647538128022	0.336254034875293
-1.3475111218365	1.10847652830436
0.912953961057673	0.49394014680712
1.08722946237737	0.668191160058478
0.694820154652511	0.327648647703803
1.03882026472922	0.400114292850008
-0.0776440734252021	0.0473021046664781
-0.606262713947481	0.29170917412794
-0.657124371046074	0.387926684811391
-0.0696591294622154	0.0302348461882469
1.06377846418786	0.520548536472797
-0.539496343701504	0.338696754134587
-2.34851582388451	2.11811371307114
-0.243966932602299	0.121896649713798
-0.926067420340636	0.671805436876286
-0.30606430174352	0.140506815388475
-0.485833167841123	0.253893865393645
-1.32088491271612	0.825639858099944
-1.02296597963264	0.410908197770573
-0.394993540957405	0.271755103566181
-0.391265768818464	0.163995996745211
0.160399718081772	0.0482300098666194
-0.0708198087385725	0.03062983512253
-3.46478958027201	1.25928131143948
0.358326596258016	0.179506004107533
-0.51396531615413	0.196814734006425
0.162473111348855	0.041123724112904
-0.606015088273379	0.29032398668326
-0.514238684137278	0.196858589089476
0.902376967423749	0.48751279559689
-0.250845768570322	0.125231769104348
-0.306752814848808	0.140633633662106
-0.0967262598556494	0.0385159371578034
-0.334467779503334	0.199725052353223
0.358155113984451	0.180112887860171
0.653653037421474	0.460866687736797
-1.26966722015439	1.374216723911
-0.645519895669413	0.37815193646084
-0.598441675329362	0.287154696749962
0.154592632475222	0.0467595304777688
-1.27400836223229	0.581258703136909
1.03780816129706	0.399548214209553
-0.511618741536272	0.195125838582677
-0.76939181028435	0.338030972697882
0.357946313269466	0.179387656978686
0.150236847737236	0.051602371349838
-1.09605800464564	0.743501075856123
-0.144968714288511	0.0819071261234416
-0.102203540119022	0.0405368193591293
0.16089014359948	0.0485574624883246
-0.239887152495451	0.156092241851987
-0.300024408394177	0.243307657706111
-0.306448071587551	0.249545874042921
-0.076457050706133	0.0550513905821436
-0.382123912585056	0.332214698253016
0.190628979134727	0.161133227258907
-0.198832949514588	0.133100095299188
-0.244882353896093	0.122227797924901
-0.606262713947481	0.29170917412794
-0.141354920327139	0.0510651509736396
-0.7635077089444	0.334583367942072
0.161906078576276	0.04874952925091
-0.388605805373413	0.162445868757486
-0.206365867327093	0.0673806420364606
-0.514635039335923	0.197073437131208
-0.147540071935549	0.0532574291277169
-0.144722336172665	0.052228208814284
0.828186951506785	0.352590584369547
1.6260517258645	1.14009450755124
0.540928569054861	0.196926465061172
-1.81562925100544	0.751335139968759
-1.83935408892097	1.16122969354832
-0.408328848427599	0.230105392706732
0.69510717262521	0.327977453773444
1.57074734642616	0.791590665888046
-1.48932100954578	0.763311198004635
0.149992025188819	0.0513760517981371
-0.248737943762952	0.123869025783913
-1.10571394262116	0.752977568231802
-1.82613817512577	0.754805614156922
-0.632707054239441	0.155821219725077
-0.635886909613779	0.156604724964807
-0.148450768676438	0.0534870023392263
0.140400083006098	0.0271488262218611
0.367886521359726	0.185191354806975
-1.8009224274669	0.401413641514774
-0.211850105553722	0.0692255268891727
-1.02152858466472	0.41003633195509
1.04332248971287	0.402005344928024
0.151172602395058	0.051995377151868
2.11927682222776	0.965901658271386
-0.514908806238071	0.197238634697011
-0.725176423035753	0.251859268486864
0.664222224803941	0.213409026485109
-1.82115855719938	0.754396487877528
-0.985008158288638	0.491309861338566
-1.3283584733707	0.833288890400322
-1.28189502030527	1.39339319496668
-1.60355873467993	1.20920331690883
-0.976706778856474	0.487372497728726
-0.779246652320639	0.422228527691542
-0.338872965128923	0.24035017269899
-0.536926834704602	0.446861002492478
-1.82265695551501	0.755060218180958
1.57513779972863	0.796335217996603
-1.14173074601379	0.351630194981725
-0.71841689794844	0.249777152570215
-0.514908806238071	0.197238634697011
0.390461625848725	0.176382553352596
-0.650851527230847	0.382973517800739
-0.948272229580064	0.578420898950815
-1.66878705254504	0.950527332740472
0.394365811673668	0.178545210862587
-1.83659280213144	1.6639954317868
-0.514238684137278	0.196858589089476
-0.335049202239056	0.200914025095751
-0.315054644915992	0.144885881153883
-0.636438389477554	0.156998062672413
0.150763745232046	0.0725439188581271
-0.387274519225095	0.162013901064326
-0.0609597391083582	0.0382031382174155
0.394957161614907	0.324015018809474
-0.582988003243233	0.42396826351113
-3.03507584114407	2.42754393377526
-0.983326658608073	0.968388714023629
-0.649299385403106	0.381296328817011
-0.291217253166016	0.21140726903364
-0.394620821533815	0.165578696918499
-0.345306452425536	0.100608479618864
1.07835823830561	0.528165310374035
-1.02027673323395	0.409478238556457
0.793244074071201	0.473981244390954
1.06933690227919	0.52417571767679
0.653624645432686	0.461358485508226
-0.722656757230261	0.251937110505122
-1.52187037799917	0.552145600192979
0.149975860929304	0.0579241892206102
-0.520217181433706	0.199453993404994
-1.47434782955037	1.02488978075624
1.09110739117834	0.671189520999694
-0.765348432802001	0.336404476995029
-2.46870609851613	1.39328601696668
0.153043243304895	0.0525994638842455
-0.215362013913717	0.07044095074977
0.156083307671789	0.0536388626462904
0.145803712099116	0.063064274482338
1.54149336527346	1.31261024366441
-0.14662958422798	0.0529534159724381
-0.949692248054638	0.579430672939284
-0.401896283348977	0.168274721898926
-0.51396531615413	0.196814734006425
1.25370416775	0.863768279503877
1.95373899190972	0.460332693481441
0.835113861973658	0.356003428926739
-2.27333604651083	1.16216010172965
0.89614064685248	0.483376932372643
-0.347562155000387	0.101412477187396
0.156755264990959	0.0538881191673598
0.154853640575486	0.0467605063072903
-1.14173074601379	0.351630194981725
0.158036719368933	0.0402017101522864
1.06961451940582	0.522914856549704
0.665301548139678	0.214168982585133
-0.68989457905087	0.546809884200286
-0.24226461628934	0.120791369710479
-0.489611499108541	0.255929453789194
-0.15315397661533	0.0551033895762713
-2.46892265067883	1.38821736340957
-0.357561857283125	0.103917445694499
-0.0249149183594006	0.0118306312607827
-0.107718405140814	0.063308928916083
-0.765966408607655	0.336110691267425
-0.784070702824939	0.426227421569885
-0.950203673587783	0.579793446877527
-0.0346014392440664	0.0161993608348981
-0.395809369346302	0.165952663716827
-1.02198006071152	0.411274533949238
-0.510193603406986	0.194934000466999
-0.022212300783252	0.0105997967077508
0.158036719368933	0.0402017101522864
-0.384107862796462	0.159888285126877
0.152108068416228	0.0523180707573953
-0.7597630059276	0.333038039824014
0.545926684446715	0.314316864519506
-0.0362606984377738	0.0170035067735801
-0.489495939210446	0.255549751228657
-1.9856761070502	1.38579914079315
-0.300185497238798	0.137384864218066
-1.3545652958628	1.74504014698538
0.40117090037606	0.181917773205401
-1.02054390147798	0.410401139638387
-0.60269293820313	0.288588309693354
-0.0604371360718973	0.0263808762856811
1.76372211065496	1.36865664410813
-0.873981055591258	0.942884630392561
-0.724736755543368	0.744162329103205
-0.00327000942614196	0.00218536836741621
-0.792251922049219	0.677406901732759
-0.792679663839054	0.678166304162189
-0.6100116509805	0.498185163986434
-0.44744561808775	0.345553235856792
-1.09727038989144	1.04919423742697
-0.459256160311104	0.303951134241925
-0.511805594681335	0.195759647669945
0.79479163560168	0.473807388375584
-0.461600479454088	0.305749006648135
-1.09129034640139	0.738928625111019
-0.0362606984377738	0.0170035067735801
-0.647708479948853	0.381568952878025
1.25318723539707	0.865461153327174
0.830951835410689	0.355538325180902
0.695409362280478	0.328164450416817
-0.486783288421113	0.253873701028508
0.159873979297135	0.0482815097019209
0.953563110018434	0.935810479724679
0.159873979297135	0.0482815097019209
-0.656626905925601	0.38782342715246
-3.03364657012119	2.42193848929235
-1.02126179208727	0.410975081816502
1.78742710423363	1.01301914410524
-0.644647023919741	0.378773968561179
-1.25399592151049	1.1680444095308
-0.492453607940002	0.256707182467767
-0.801952614371927	0.436154484905672
-0.143227535286128	0.0517130131549928
1.95373899190972	0.460332693481441
1.04306281920514	0.401137401202673
1.24623506610738	0.860061630957613
-1.04204974593545	0.826841971894888
0.16089014359948	0.0485574624883246
0.327592573844557	0.180174210671341
-1.51406510425906	0.548397333153719
-0.0945087687933719	0.0376036536917361
-1.4738394584269	1.02407684478155
-0.210607289339738	0.0688473290252904
-0.985590007821122	0.491945039298103
0.333031039538958	0.183795062698331
-0.0686306657681296	0.0297823902942405
0.159857512324759	0.0843824952565431
-0.760383273948645	0.333407415026847
1.24092825287807	0.850792466973875
-0.316072382467529	0.145125791500596
-0.76445898984795	0.335968098647039
-0.519944065018575	0.199217167564696
0.311721648398625	0.2010542305139
0.154386643672046	0.0815985447375872
-0.336439976205255	0.201783743184294
-1.83255975928099	1.65337890326119
-0.806375063571228	0.531348921590869
-1.16641572417226	0.654783910829574
-1.27467389932892	0.581595777089794
-0.0950664463688331	0.0378097886654273
-0.354003293293564	0.103084269523368
1.33171160901013	0.592443644170249
0.790334005850126	0.471563715755048
-1.10373840576868	1.06271915316652
-0.786393733909004	0.42793836880696
-1.83738442930456	1.66182901806266
-1.32941732653771	0.834766722893349
-0.456995649070352	0.302233678530479
-0.132646693669163	0.0478826811546858
-0.236763599452574	0.117869804237198
-0.514908806238071	0.197238634697011
-0.311739505321106	0.143391278291556
0.157633323445896	0.0401249768572365
-0.793922287616076	0.432795846798072
0.310255529065891	0.212965698970498
-0.638809460415836	0.572437319764462
-1.9398041724575	1.89125120772387
-0.080651539162914	0.0491626944310127
0.951953415586196	0.930866628259641
1.3603929194353	1.24404805607674
-0.759784547828299	0.332688575377202
-0.606621140484134	0.493384996814136
0.862837698538311	0.632544756372017
-0.574865737988101	0.416157576294501
-0.352502268480792	0.102674771115327
-0.516250072697604	0.197637497642431
0.362668636317357	0.182424191753031
2.12626381129251	1.48482556475871
-0.514908806238071	0.197238634697011
0.159361263405312	0.0545892183314205
0.536431293429806	0.195654703291124
0.160626900474085	0.0484137065522702
0.395155153654539	0.178559461364
-0.60472028845529	0.289633246720274
0.163359376675397	0.0491825169151302
0.692428866313259	0.326770368044481
0.532198432599625	0.194009998264973
-0.767559750032338	0.33778568629591
-1.35139024133683	1.11187899407931
-1.23668379229336	0.929644878331493
-0.601253510834328	0.288501903193898
-1.14781664720768	0.353699707342604
0.140129376460519	0.0604947776855656
-1.47475368927247	1.02519389960119
-1.02583455098012	0.413043803481388
-0.213286924508017	0.0696664262975339
0.160914434221123	0.0552474007488785
1.04407793800765	0.401530572798881
-1.27211821321347	0.580408422501073
-0.302310494522008	0.13881925142612
-1.01675590822062	0.407972067925741
-1.27495473558411	0.58335694060492
-4.39867408291343	2.26681285160345
0.693035356054243	0.32670390801441
-0.521109089928133	0.199317622816067
-0.786854869965055	0.429187836405264
-0.978193080901284	0.487298612728869
1.06933690227919	0.52417571767679
-0.220662150695417	0.0721303089573529
-0.0989685268805481	0.0393704401030059
-3.45920905368023	1.25640999767694
-1.02126179208727	0.410975081816502
0.161153094780194	0.048530513531666
-0.677453842256246	0.473122184609945
-0.404287630867487	0.228309475241669
1.25399007089191	0.866411437369413
0.404848247509645	0.183393564798113
-0.302276822900946	0.138726503938083
-1.48407666103806	0.759438031046279
-0.602006756557341	0.289449153823694
0.831216267921091	0.355437715318776
0.152348851936178	0.0588465452810224
-0.142891948035302	0.0516141016686805
0.161546569445984	0.0980873417514954
-0.984686733291016	0.491302403590035
-0.489104446765901	0.25561008857299
0.827465419165181	0.353580301177974
-0.484416639000392	0.253024859329898
0.605295451242082	0.316267020943986
0.665301548139678	0.214168982585133
-0.984973763205251	0.489026988730679
1.0631525768679	0.519267507101529
-0.250408737148515	0.124986540523434
0.366032580831527	0.18405321288793
-0.258846199509789	0.192960900837793
-0.345694070382984	0.277077213503247
-0.882972834724365	0.808777966706983
-1.7308930916996	1.44702637827328
-0.0622085783887501	0.0270801545356494
-0.14523158979148	0.0820370654052702
-1.42656980551785	1.72632976106572
-0.509527285836048	0.194677535004504
-0.208777743365759	0.0681213967263795
-0.214123379998796	0.0699227235538962
-1.27079133119985	0.57936096462064
-0.761672956855191	0.334299583160001
1.03882026472922	0.400114292850008
0.39325177801091	0.177604214267126
1.8142953907822	0.720202227075537
-0.514635039335923	0.197073437131208
-1.16088881317188	0.650217800895839
-1.02825149252086	0.413283993547182
-1.52801043708842	0.553669292297474
-0.650727808363053	0.382481095616462
-0.607715185731628	0.292447442782102
-0.520217181433706	0.199453993404994
-1.27723576102661	0.58293567232368
0.532814768867822	0.193864204311051
-1.14283325733795	0.352132388893513
-0.402461108282245	0.16823201226669
-2.46808843312587	1.39221493350656
1.33996865782144	0.594606119763922
0.158098146078809	0.0542318936331157
-0.636438389477554	0.156998062672413
-0.136327165030429	0.0491529247866527
-1.52336582358888	0.551742344860982
2.7486062124648	0.786021619850662
0.669903363513283	0.215634804708644
0.661014028065539	0.212332873799895
-1.14352115801698	0.352309794326609
1.81750581386737	0.721108485050186
-0.602365807682686	0.289195223891661
-1.16568144963459	0.655167690820231
-0.19732122043078	0.105653278098378
-0.0959603271575975	0.0381579035224532
-0.514841514771698	0.196884496743197
-0.138547272938643	0.0499861232215548
-0.346391761922432	0.101125986544327
-0.306166301476533	0.140801522545741
-1.14420932638858	0.351785528543761
1.07873472900571	0.66017522257714
-0.193796386203877	0.103647082354766
1.33522197879349	0.59377655841739
0.163743991955657	0.0560229060148152
-1.84504482392195	1.16116091623749
-0.250711122014041	0.1251963546472
-0.145429550661348	0.052427877963218
-1.00496561052057	0.900990558497692
-1.16088881317188	0.650217800895839
-1.02126179208727	0.410975081816502
-0.637509639132058	0.157280902410938
-1.66937067132854	0.950734634291517
-0.146961694718439	0.0530389221194111
-0.975288553297247	0.485765853390852
-0.545914092269372	0.343194460320473
-0.179537314772954	0.0954529815000397
1.23490686304783	1.1955713461206
-0.14662958422798	0.0529534159724381
0.164958177884503	0.0563955443072127
-0.468209446670649	0.311183298328261
-0.0132279325811376	0.00648211765706211
-0.794016439985807	0.680356626467372
-0.710341277184609	0.624380954253802
-1.42219323314152	1.91566146390557
-0.030106296045744	0.0142210847791421
-0.493747795767238	0.258892786625757
-1.48187906249574	1.02615822290359
-0.305079632281647	0.13961105045819
-0.343067662722014	0.244261905817613
-0.717444900593071	0.687924534192477
-1.81591136124749	0.751370102486519
-0.925480958917926	0.671460073883177
-1.61365820616302	1.23227979707465
-1.82115855719938	0.754396487877528
-0.142603029870794	0.0515255055439621
0.53668704389391	0.195702410097146
0.390221459592943	0.176211290080987
-0.770013684048696	0.338356895893683
-1.02511814143824	0.41200820059487
-1.14781664720768	0.353699707342604
-0.773748935616848	0.340319327114862
-0.389191690188634	0.162990655930602
-0.641217763381128	0.157896990579203
-1.01818718855491	0.408299416064853
-2.46839248225231	1.39231953500741
0.535711132992892	0.195347083049004
0.158098146078809	0.0542318936331157
0.664969953013349	0.213264891085546
0.939853714804409	0.251002284675557
0.14954376535676	0.0577033345779075
-0.352922420805713	0.102954332052563
0.154819554186086	0.039408070567956
2.75057603691244	0.786424841779512
-0.636438389477554	0.156998062672413
-0.636438389477554	0.156998062672413
0.158729294236089	0.04043260950787
0.66209183440345	0.212643534404712
1.57049308556314	0.791343775156705
0.400918094457153	0.181497718774076
-0.722928245021615	0.251489262306972
1.03354280177294	0.396866204815453
-0.985008158288638	0.491309861338566
-0.792982296179939	0.431901022799506
-1.14241956815201	0.351807769829277
0.538381587059364	0.19606450637348
0.155143712679243	0.0533136788534507
-0.141689378848865	0.0511796456978854
-1.28209137410171	0.582669620397052
-0.146340352033991	0.052840837935371
-1.09309482580846	0.740932074264058
0.153711764128809	0.0527491208213691
-1.81637684396232	0.751651715408043
-1.14420932638858	0.351785528543761
-0.641217763381128	0.157896990579203
-0.242399179986945	0.120715215052534
-0.0311649181539749	0.0146613613890999
-0.694814845155448	0.550778008308094
-0.14638676994568	0.0827102511482035
-0.111686998820126	0.0655794601431122
1.02692531168732	0.960780346368133
-0.683153025123166	0.538475339967422
1.38723454345473	1.86380439161244
0.273678022509841	0.22826981998737
-0.701954725352097	0.557774949723049
-1.21765302819639	1.42361032390169
0.331154505997012	0.182392343787534
-4.00298359640819	1.7665522786842
-0.726427642398715	0.252868210726988
-1.14104219214391	0.350714860686515
-0.347881275810247	0.101704932899344
0.341487963867281	0.189171414868545
0.149595482806112	0.0513124945056771
-1.02198006071152	0.411274533949238
0.145952781975537	0.027957432098957
-0.635886909613779	0.156604724964807
-1.80497515009983	0.40204480448646
-1.14173074601379	0.351630194981725
-1.51907352369701	0.549621946077532
-3.46478958027201	1.25928131143948
-0.727179123195026	0.25354055255114
0.157633323445896	0.0401249768572365
-2.58178332536446	0.682930522892635
-1.8009224274669	0.401413641514774
0.167140429175049	0.0501406321488788
0.145592290548819	0.0279027526196651
-0.637475956974027	0.156989773793674
-3.45989362965761	1.25724083459984
0.940922493736804	0.250741724034319
-3.0855122183307	0.972756963025588
-0.640656975678056	0.157776356363176
0.148508541635756	0.0283091884660306
-0.346051722995957	0.100990327474769
0.939298703364537	0.250809511779044
0.829346227820373	0.354574714510443
0.310648370432325	0.200245397950741
-0.759143032822063	0.33248702970026
-0.216172722976397	0.0706904380630048
-0.0623035288868257	0.0271624619706698
-0.721635104470276	0.250959824058763
0.66882031530722	0.214977617538568
1.44707333879815	0.486882965382531
-4.22918891882163	2.01164673692319
-0.106662789784163	0.0422158538743564
-0.104878984311157	0.0416165686233234
-2.07521784841092	0.959891949668061
-1.51759021741262	0.550484114851072
-0.927559679554268	1.38746280635004
-0.252699497692869	0.334898523357114
-0.675439167554935	0.785940693387335
1.02526879156701	1.60632530456589
0.0858717101536714	0.0964441675198731
-1.00891537641431	1.60645947534132
0.948973148095644	0.636144716941847
-1.14214562413243	0.351215554477081
0.664222224803941	0.213409026485109
2.74958998501656	0.787920507210083
-1.14214562413243	0.351215554477081
-3.08605931477026	0.975090216684496
0.145143395297198	0.0625936901103083
1.95733767915288	0.46077898524688
-1.80103877399874	0.401412128456168
0.148508541635756	0.0283091884660306
0.942469249206212	0.251285156498659
-1.8009224274669	0.401413641514774
-1.80497515009983	0.40204480448646
0.939853714804409	0.251002284675557
-2.06922022566155	0.957934577158216
-1.80103877399874	0.401412128456168
-2.58142672375403	0.684312616488773
-2.58142672375403	0.684312616488773
1.95373899190972	0.460332693481441
-3.46340569552128	1.25637834429041
-3.45989362965761	1.25724083459984
1.95373899190972	0.460332693481441
-0.790762643104883	0.431107536853644
-0.211324638578633	0.0690407324292403
-0.490129892691144	0.256191068167495
-0.0985116023856765	0.0391346989742391
-1.14283325733795	0.352132388893513
1.03882026472922	0.400114292850008
-0.976382775383189	0.486158358630486
-1.51610823049621	0.548551675553127
-0.636959492719679	0.156887069567616
-2.58142672375403	0.684312616488773
-0.37957284014797	0.357958642067461
0.39591034701865	0.323748793003145
-0.715035777824976	0.682521222582215
0.270644338596774	0.224491453984758
-1.13233648057127	1.69151100558
0.273332534528096	0.249447191584931
-0.849285944749941	1.08204381754078
-0.351052534997328	0.282714688689688
-0.311206443575002	0.143105967576224
-0.101310659887303	0.0402595504210943
-0.139136239384923	0.0501041892169094
-0.768770907670226	0.337562726610424
-0.606817672308445	0.292067119296631
-0.345306452425536	0.100608479618864
0.159421595053514	0.0405224643025682
-0.637509639132058	0.157280902410938
-2.28374677525788	1.17237737513055
-1.8009224274669	0.401413641514774
-1.14283325733795	0.352132388893513
-0.218967744087285	0.0714817642031414
-0.635886909613779	0.156604724964807
-1.15174076397451	0.353721534917221
-1.14712146603742	0.35296389743942
-0.511138195182615	0.195620508789569
-3.0855122183307	0.972756963025588
-0.215822966582871	0.0705622923402569
-0.715996448662916	0.629918045522591
-0.636438389477554	0.156998062672413
-0.971811816611776	0.482636565734394
0.156755264990959	0.0538881191673598
-0.213286924508017	0.0696664262975339
-0.346807895138624	0.101074285145883
-0.765348432802001	0.336404476995029
-0.861349554994969	0.924148371356532
-0.723773471940386	0.792467672766672
-0.107371913230432	0.0764953443168151
0.119228207441832	0.0962936646689294
-0.0473363786082548	0.0296130151253016
-0.392042278180405	0.426150723953827
-0.717878805723614	0.783736285319106
0.582642492529732	0.637156744036502
-0.410745855672704	0.232018038067938
1.06752731610826	0.522572479332128
0.154592632475222	0.0467595304777688
-0.515181706001003	0.196864636828337
0.939853714804409	0.251002284675557
-0.215102781729368	0.0703679315225032
-0.632707054239441	0.155821219725077
-3.46409750383962	1.2590838657058
0.144983099103736	0.027824125638065
-2.58107011718166	0.682882000334415
0.787910529580683	0.470488776135385
-0.976706778856474	0.487372497728726
-1.26748807245685	0.577364796631369
-3.0855122183307	0.972756963025588
-1.10440095056979	1.51453399908893
0.384949050047085	0.441426943668715
0.615873890006061	0.573229322041307
0.125143615260068	0.111277822711764
-0.404948083843023	0.571697586587653
-0.264006008447998	0.33738325517422
-0.147887997749743	0.146409490569996
-0.0182148252333889	0.0183632820745083
-0.348320457883495	0.375275107645159
0.166485892279559	0.10177690782565
-0.347881275810247	0.101704932899344
0.157633323445896	0.0401249768572365
-0.517610909563683	0.19719647410025
-1.14214562413243	0.351215554477081
-1.8009224274669	0.401413641514774
-2.58107011718166	0.682882000334415
-0.188317486827752	0.100563341641192
-0.635886909613779	0.156604724964807
0.15333233148057	0.0390971321912012
-0.637509639132058	0.157280902410938
-2.58178332536446	0.682930522892635
-1.80103877399874	0.401412128456168
-2.58107011718166	0.682882000334415
-0.637509639132058	0.157280902410938
0.163522619128352	0.0864144352865941
-1.8113799781808	0.747754907607329
-1.13838195218038	0.350237547909829
0.161906078576276	0.04874952925091
-0.490876162304148	0.257395902006223
-0.344362382759712	0.100549162971635
-0.416711018935878	0.390501235751005
0.0904854073585901	0.0800443328932182
-0.0929764192856626	0.056549199644196
-0.443054218377657	0.442135618717003
-0.249749192258623	0.307914492174337
0.0140931949986305	0.0115386811027937
0.192465804304879	0.187022139349227
-0.423705520202644	0.546778929533443
-1.06577925254124	1.3319480375831
0.189818155878909	0.135872241886441
-0.636438389477554	0.156998062672413
0.162765853660276	0.0412041418868207
-0.523937564968149	0.200510104202262
-2.06610393324234	0.955798962815659
-0.972136044079549	0.483928968898868
-2.58107011718166	0.682882000334415
-0.395250233581368	0.165817207352519
-2.58107011718166	0.682882000334415
-1.8009224274669	0.401413641514774
-1.33218223737032	0.835671513699384
-1.13769004302713	0.349325823144218
-0.637509639132058	0.157280902410938
-0.633263297544021	0.156213540903658
-2.58142672375403	0.684312616488773
-0.215102781729368	0.0703679315225032
-1.51793915586182	0.550681864442582
-0.348220543213602	0.101642486260234
-0.642287903988749	0.158179920711655
-1.14712146603742	0.35296389743942
0.890256860157579	0.903754855106805
-0.51396531615413	0.196814734006425
0.159421595053514	0.0405224643025682
-0.143516882394247	0.0518303322908422
-0.769096652976814	0.338609468695455
-0.558866763712276	0.353305320369829
-1.01003062087302	0.904221791212578
0.010487771521093	0.00581763776013255
-0.0962955273188297	0.0382766722020201
0.361741916224734	0.181771389168549
-1.00815324744406	0.903173471733457
0.322223616534642	0.19341306899238
-0.234238637554687	0.152523855761698
-0.136028356115778	0.0763977914151749
-1.10588804020367	1.06495006683896
1.52978549440535	1.83497015600925
0.157160779536254	0.0539073954350234
4.37999487293637	2.31857899844937
-0.0574913610121689	0.0251012901336183
-0.786245879710277	0.427390773937446
-0.499088961591472	0.373610949686228
-0.791611344571123	0.431690545170837
-0.683555355507531	0.477826107744188
-0.392120453501998	0.164585641771912
-0.241332764489601	0.11997925800158
-0.306597796794792	0.140759029028169
-1.14781664720768	0.353699707342604
-2.06894518817756	0.957909133523848
-0.141065904193988	0.0509641882307141
-4.2144634652177	2.01161717724373
-2.06467070090962	0.955073521017604
-0.515181706001003	0.196864636828337
-0.355402245221292	0.10326678369227
-0.642287903988749	0.158179920711655
-0.516523767661567	0.197503227221547
-2.58550852264163	0.684811136427957
-1.51684905918208	0.549966932484854
-1.51793915586182	0.550681864442582
-0.216172722976397	0.0706904380630048
0.3255662215449	0.195805917505508
0.147168767139499	0.0568586827414826
0.795568407287897	0.47406334009906
-0.215102781729368	0.0703679315225032
-1.01845805499361	0.408763534655611
0.538125722278874	0.195922946060527
-1.26587168520504	0.57659573259799
-0.395250233581368	0.165817207352519
-1.15640358556071	0.647190211436835
-0.96137609862829	0.588308726870737
1.24675270614963	0.858704928839351
-0.280008799458774	0.175574765785846
-1.16332397745215	0.651340343074828
1.5793187885711	0.796435568708129
-0.0198906375806767	0.00953043585063516
-1.19007432089112	1.22164212909669
-0.00535277705612726	0.00264982786467973
-0.283378138266636	0.234780548505833
-0.0213705635415962	0.0140275071877881
0.334784449624605	0.184544192153172
0.306644045049482	0.197048735344098
-1.83418378207882	1.65436308863866
-0.53902470363132	0.338414939306768
-0.498320389329837	0.26101668488896
-0.410003049009375	0.231026302420383
-1.05907044174167	1.10585135793248
-1.47813596576154	0.753221450651074
-2.27618875006974	1.16518605546208
-1.51833170548507	0.550474500519343
-0.38977783456394	0.163362303429155
-0.464069891997239	0.307497363973915
-0.395835518436449	0.166165092035165
0.156626480514056	0.0604963463651501
0.158857588582489	0.0479158038261938
-0.516250072697604	0.197637497642431
-0.348626537089827	0.10172068619406
-0.219686057817939	0.071808363943125
-0.356482262612355	0.103788921703605
-0.722928245021615	0.251489262306972
0.543584342045875	0.312438267543446
-0.764131054067611	0.335138115484785
-1.82190756498679	0.755058428004035
1.03806395636365	0.39882502542582
-0.978193080901284	0.487298612728869
-0.727665050071283	0.2526903198642
-0.214123379998796	0.0699227235538962
-0.976448853641715	0.485931475764711
-0.14443056977508	0.0521818046496702
-0.400997846694247	0.168192240364448
-0.784415201156777	0.426077511710587
-2.06398730377803	0.951250609930543
-0.40392165599693	0.227039033140501
-0.247926347172971	0.183683413220749
-1.60168812918519	1.22101536929869
-0.240544757887224	0.119784647471919
-0.0273255393608067	0.0129199534522189
0.00601159322375366	0.00282089962891813
-0.226235700275768	0.0735662582805421
-1.09122993844272	0.740243783604558
0.548684442789647	0.31662070229535
-0.238189683638641	0.11867551318794
0.687866948255113	0.323387012793277
0.181052314350282	0.11764114674191
-0.245573435560217	0.18113051322722
0.0188701101851451	0.0102054849176404
-2.47763706925069	1.39257777757225
0.494136800218365	0.309218081572723
0.287068639260743	0.215037839743359
0.366959335214856	0.184678329931306
-0.30375401035138	0.139411934742237
-0.385943146764322	0.303544864654124
-1.52725743812157	0.552658014762978
-0.143192097426531	0.0517517934709728
0.532668848987461	0.193804150978287
-0.218710230536797	0.0713607252338727
-2.28308153192309	1.17229193334453
-0.348220543213602	0.101642486260234
1.57049308556314	0.791343775156705
1.07277333902931	0.526857200434305
-2.06510978050906	0.954740583732293
-0.335399462770165	0.200326985445767
0.157947849090495	0.0759036652756903
-0.38695836629556	0.162163500198277
-0.345306452425536	0.100608479618864
-0.632707054239441	0.155821219725077
-0.795332892907151	0.521656735914329
-1.81488203899203	0.750473718254322
-0.211324638578633	0.0690407324292403
-2.46286552667075	1.38538123433096
1.46778915803033	0.918563909066213
-0.0643274793004848	0.0279724788574169
0.144647183625246	0.0693208540894453
-0.466769413381414	0.309652067537112
-0.790241666856734	0.518364283756734
-0.602365807682686	0.289195223891661
-1.52016158549368	0.55033415003984
-0.636438389477554	0.156998062672413
0.693622051971775	0.32757848626789
-1.26615648919643	0.576700733308464
-0.304087333003197	0.139374536405227
-0.854485240303855	0.911072325655522
-0.331469771205593	0.234025556221665
-0.548626748322653	0.545242258077654
0.312791500486421	0.214062254330244
-1.41889074204553	1.70814214914372
0.37776794075973	0.342614987595222
0.106041308051418	0.0870353517864668
0.0187350392578723	0.0139836108693848
0.388667732355992	0.330765297830698
-0.716992672352422	0.778114230905834
-0.119642691918186	0.0951393223657319
-1.26084035310713	1.17589190279249
0.150226451346373	0.0649340963371622
0.684454457105232	0.321001151077348
1.08369775810597	0.661974695487707
0.826531590934318	0.35315888780187
0.891432256431365	0.903282228818491
0.0692862042755809	0.0446933946153179
-0.399556597830555	0.225041393712933
-1.49317539809363	1.89109840004201
-0.633263297544021	0.156213540903658
-1.52767965965745	0.552564085173501
0.150484680696863	0.0383412270817332
-1.09596107603085	0.743173304866998
2.40098035440948	2.02822350772067
-1.01747136044355	0.408269330515601
0.154592632475222	0.0467595304777688
-0.348220543213602	0.101642486260234
-0.635886909613779	0.156604724964807
-1.14781664720768	0.353699707342604
-1.80103877399874	0.401412128456168
-0.493235094320533	0.258493480330153
-0.633263297544021	0.156213540903658
0.144983099103736	0.027824125638065
0.153229734449109	0.0591533991199782
0.158165836302949	0.0401659252594738
-0.242828903863024	0.120947821903501
-0.487175945299945	0.254066752893834
-0.722656757230261	0.251937110505122
0.326041652230482	0.179177619603032
-1.84343084936087	1.16613315017608
-0.216803244618851	0.0708846083253087
0.150202268163998	0.0648573533397257
-0.719916676812819	0.25028316194156
-0.138243118194653	0.0500006706162779
-0.248309724940655	0.183974317992133
0.690946156417535	0.600086467910676
-0.502077373561636	0.376711872163447
-0.139156719720498	0.0503235750897403
-1.14283325733795	0.352132388893513
-1.14283325733795	0.352132388893513
0.66746146314869	0.214381150055683
0.165129397966442	0.0496596498417191
0.158857588582489	0.0479158038261938
-0.637509639132058	0.157280902410938
0.936140043418633	0.249341310754104
-0.348964786734811	0.101837107016821
-0.517669140674941	0.197883860235959
-0.0326049451970864	0.0153094304996571
-0.434703478663888	0.463856743204927
0.282705245957837	0.266103507426744
-0.316224808768758	0.398021134014303
-0.5639323020744	0.625671839294874
0.198290114617974	0.211932017798081
-0.135446337987068	0.160092610188909
-0.136432790914338	0.152906326387103
-0.313739568861784	0.343996626643856
0.0303123132606809	0.0310571375761093
-0.212766618474966	0.178871723598643
-0.0810754220417524	0.0493475155811336
-0.390678779122636	0.163707540792753
-3.09129418995865	0.975610822572426
-0.721906540285296	0.25157399652224
-0.347881275810247	0.101704932899344
-0.520489423661184	0.199119614912018
0.0165723874958001	0.00903027850511325
0.285780014695769	0.231589528005118
-0.142603029870794	0.0515255055439621
-1.8009224274669	0.401413641514774
-1.81212667282209	0.748612465537256
-0.551871600748935	0.348509386206169
-0.21688918582617	0.0709123691608258
0.145952781975537	0.027957432098957
0.145952781975537	0.027957432098957
-0.348647465724826	0.101723259540307
-1.80497515009983	0.40204480448646
-1.80103877399874	0.401412128456168
-1.14283325733795	0.352132388893513
-0.347136350857903	0.101509886664517
3.92758157346939	1.75250654263634
0.324120195135903	0.194148134298082
-1.52016158549368	0.55033415003984
-0.637509639132058	0.157280902410938
-0.352565226483479	0.211149710380137
-0.215456639814682	0.0703666824038741
0.157633323445896	0.0401249768572365
0.144624243113007	0.0277697138706121
0.145952781975537	0.027957432098957
-0.515181706001003	0.196864636828337
0.431153007488922	0.326132464273798
-0.347562155000387	0.101412477187396
-2.64132753801461	1.62664664167926
-1.32480862840562	0.82835962569904
-2.12456964989559	1.61880939673917
-0.391537827081547	0.163998203339572
-0.30745960780719	0.14148724347471
-0.595631448955005	0.284537850701749
-0.5186089527835	0.198694863421629
0.193355272235638	0.149415477109462
0.59200179235284	0.570666990649292
-0.338527321452072	0.270546161576903
-0.722928245021615	0.251489262306972
-0.635886909613779	0.156604724964807
-2.58107011718166	0.682882000334415
-0.636438389477554	0.156998062672413
-1.13769004302713	0.349325823144218
3.93469722741785	1.75015357904208
-0.347476635066155	0.101259316294087
-0.515782684048713	0.197574022242274
0.535711132992892	0.195347083049004
0.466739874501057	0.313906690014999
0.431943831680341	0.497753676880512
-0.393696368714127	0.427805266901399
-0.0043122958339452	0.00381855427503378
-1.35908462370845	1.92313605445081
-1.04315983121867	1.61758969526712
-0.50858641424425	0.657527819282003
-0.072253234443715	0.0593305084300768
0.00476133397685591	0.00362557634338457
-0.54109821970727	0.762558764985413
-0.787848739431919	0.958602388781932
1.30734978056261	1.80242465212583
0.389769843148675	0.175338279533366
-1.17107109143261	0.654588522109707
0.706464164637721	0.333193277832301
-0.94499291362917	0.576236141885541
-0.0774444606227744	0.0470939646628904
0.0745530907420979	0.0481287630715392
-0.515873017720965	0.570183785644591
0.692126167841955	0.325459165070953
0.533895130806427	0.194581489771343
0.160518930457975	0.0406859460362184
-0.38754286036109	0.162377826217245
-0.0381260745695287	0.0244907731918759
0.161642899961838	0.0486892383673852
1.82425955121577	0.726135704741858
-1.02583455098012	0.413043803481388
-0.636959492719679	0.156887069567616
-0.348220543213602	0.101642486260234
-3.09073773131398	0.977080546046746
-1.51942044620827	0.551189226731038
0.15333233148057	0.0390971321912012
0.159421595053514	0.0405224643025682
2.74958998501656	0.787920507210083
-1.82716639507918	0.755702715168363
0.302337000329042	0.206843638836846
-0.723672302673316	0.251728336614369
-0.41812366071181	0.357095429528899
-1.02231647525331	0.410527599337308
-0.225980737566007	0.0736878678331904
0.665301548139678	0.214168982585133
0.522039347960574	0.18935174265508
0.153229734449109	0.0591533991199782
-3.0855122183307	0.972756963025588
-0.602668505887324	0.49010813467047
0.155550381288868	0.0533726526007366
0.168919296389719	0.0506509342831518
0.656122741492938	0.464367624226034
1.25318723539707	0.865461153327174
-2.28308153192309	1.17229193334453
1.27965259044001	0.712792932913603
-0.147540071935549	0.0532574291277169
-0.221381474348764	0.0723536757666175
-0.227822671776547	0.193340701238817
-0.514408123758303	0.545259416889108
-0.302339417685116	0.220594483756931
-0.095402150947848	0.0379515117427209
-0.727179123195026	0.25354055255114
-0.637475956974027	0.156989773793674
-0.342526998757891	0.100043172269755
-0.508861305520234	0.194302291676518
-1.14352115801698	0.352309794326609
1.4519121380375	0.487696442951866
-3.45989362965761	1.25724083459984
-0.095402150947848	0.0379515117427209
0.670986836259098	0.215663188176636
-0.554479707163216	0.350468291467888
-0.238687082788904	0.118868417163486
0.548328528108565	0.453557947382722
-0.461526722836046	0.428524481885887
-0.072965817514892	0.0609390631183267
-0.494776002483587	0.493377277250125
-0.887689955912309	0.81731766670197
-0.208646267529997	0.175215374018817
-0.532518224619575	0.525378771545364
-0.988190574446601	1.24858773712173
-0.308918951985279	0.273628088665282
0.0642846631161253	0.0536485800483468
-0.381320699610607	0.298878683665515
-1.26251795253228	1.17785709666662
-0.0928236621603767	0.0369595519922198
0.159709792765369	0.0614434757859557
-0.976780254466473	0.485729407307986
-0.110766219881322	0.0652074294323702
-0.65500984571762	0.678350395826635
-0.979463946575778	0.961468760130716
0.788834757355917	0.47117088408263
-1.51719900420769	0.549264213163276
0.152633350829298	0.0389395951664406
0.158104109918261	0.0476970098800851
-0.352502268480792	0.102674771115327
1.04129372424405	0.400498943475423
0.155520410174332	0.0395661334713537
0.159421595053514	0.0405224643025682
1.33741569727502	0.594436428684969
0.156261648386733	0.0536137820527029
-0.636438389477554	0.156998062672413
-0.977611417319252	0.487091304289586
-0.353252610180752	0.103014720617828
-1.51793915586182	0.550681864442582
3.63664142756648	1.45554969527548
-1.51610823049621	0.548551675553127
-0.212568324340494	0.0694726774908008
0.156941675224984	0.0398954425925589
-1.23548943340634	0.925979460375656
-0.652351319776895	0.384697770172062
-1.26965711158767	0.579970689675105
0.144624243113007	0.0277697138706121
-0.520217181433706	0.199453993404994
-1.02152858466472	0.41003633195509
-1.02081045464866	0.408933527207846
-1.80103877399874	0.401412128456168
-1.14173074601379	0.351630194981725
-0.225007607727559	0.0733663688875627
-1.51684905918208	0.549966932484854
-2.58587528855637	0.684874790734986
-2.58107011718166	0.682882000334415
0.148874773794293	0.0283648154803441
0.160245495668551	0.0550404979204778
0.158201355784223	0.0684006159770017
0.903175484663109	0.487125181038342
-1.26737402314317	0.575554514837542
0.156755264990959	0.0538881191673598
-0.78315403621987	0.425587867987686
0.163624541637998	0.04930959903967
1.07086790911806	0.525014858045994
0.692428866313259	0.326770368044481
1.96868583255608	1.2391437155165
0.603587429723817	0.453345773172333
-1.08606805821997	0.732277874479631
-1.19378646579309	1.22623329848688
-0.0902563220048039	0.0359833350486778
-0.211850105553722	0.0692255268891727
-0.729701678342157	0.253580140468091
-0.219943209277965	0.071802836068315
-3.46409750383962	1.2590838657058
-3.0855122183307	0.972756963025588
-1.14712146603742	0.35296389743942
-0.722385544152519	0.251104758974595
-0.347881275810247	0.101704932899344
-3.09129418995865	0.975610822572426
-1.26682211368405	0.577178479347997
-0.61093003610866	0.293666072522947
-0.516523767661567	0.197503227221547
-0.440637892520336	0.339973604691658
-1.04711771915513	1.08258282356981
-0.0600087961417224	0.0376419000579469
0.982527865227448	1.07044880162895
0.900038544063041	0.486654249356135
-0.49745875492635	0.26040549018419
-0.951624943940131	0.579229455273158
-0.345362219176865	0.277001526697377
-0.314237096011455	0.25681186872486
1.30615800933402	1.92248495620894
-0.00627222014466704	0.00416331777312731
-0.27911149755497	0.174862650397987
-0.191892703063613	0.102820179877878
-0.0592550588701879	0.0258098889712065
-0.189973099295262	0.101719516679394
-0.234168822746526	0.116373416030366
-0.262418368312904	0.162745758442239
-0.0626860769142092	0.0459938522426903
-0.394842251262096	0.221561285519801
0.153837644582369	0.0464855600138019
0.155347225808938	0.0469152262497133
-0.647708479948853	0.381568952878025
-1.02126179208727	0.410975081816502
2.11400416457401	0.961849520633849
0.531124427990143	0.193496952060357
-0.210607289339738	0.0688473290252904
2.74832020176292	1.70813603868003
0.543746127615587	0.197138191795611
0.144624243113007	0.0277697138706121
0.159120665328247	0.048062202194274
-0.514908806238071	0.197238634697011
0.163169995607563	0.0413572276497282
-0.49052178548857	0.256316059995221
-0.727179123195026	0.25354055255114
0.665301548139678	0.214168982585133
0.903955115544546	0.488999995792316
0.4532573928967	0.183906184909742
-0.14816258989354	0.0534921286364973
-0.625827597170819	0.559577984214161
-1.16286276841075	0.651890032056221
-0.220662150695417	0.0721303089573529
-0.222209128516255	0.0723980587203714
0.168919296389719	0.0506509342831518
-0.38207291106068	0.159610816081495
0.535711132992892	0.195347083049004
-1.82265695551501	0.755060218180958
-0.717393763247237	0.249373645181193
-1.01675590822062	0.407972067925741
-1.66787423201748	0.947017514983832
-1.82115855719938	0.754396487877528
3.25819512813541	1.12540871646052
-0.387274519225095	0.162013901064326
-0.333140217250619	0.199750177612365
0.899187089499428	0.767438917604263
-0.793261711602087	0.606601511356453
-0.608270874517165	0.29266939968196
0.151428102042791	0.0799099571997973
-0.0343318446850699	0.0161130686325347
0.832819776834779	0.355647051670546
-0.770635516569406	0.33844765609771
-0.0989685268805481	0.0393704401030059
0.458332670674447	0.185473702099608
0.786353371741942	0.615820684715688
-0.228279681588223	0.148301385384232
0.505207461514952	0.318230222646142
-1.15660552951121	0.646019881766231
-0.350337336641319	0.1020232097432
0.943029051172106	0.251479485037243
-1.02204793512445	0.410502951592421
-0.212568324340494	0.0694726774908008
1.82393551449113	0.726315315015904
-0.351420017354976	0.10254393356513
-0.210152869241212	0.0686677251801414
-0.347562155000387	0.101412477187396
-0.6066044979255	0.291574679111263
-1.27194474516084	0.579924971604282
-0.385790153309993	0.161507939066906
-0.92832165856509	0.676598079344991
-0.583467355149509	0.425487692087484
-0.401311883939485	0.167963111442321
-0.601253510834328	0.288501903193898
0.530405394773187	0.19293383980914
-0.697039955653922	0.606794137861666
0.0604188215914231	0.0370608945271956
0.181729172420008	0.124189427746284
-0.545914092269372	0.343194460320473
0.564373686804374	0.445899548530581
-1.6699186516965	0.950849722332713
-0.401070455232008	0.276799310109481
-0.467364744488064	0.310151802303582
1.03002101774872	0.969296777631268
-0.509385889918668	0.384328402759983
-0.0962955273188297	0.0382766722020201
-1.02681629356167	0.412672237731607
-0.390950902807037	0.163865741327239
0.826531590934318	0.35315888780187
-1.48438048959655	0.758273432029444
-0.638041567101684	0.157111298213115
-0.721906540285296	0.25157399652224
0.152108068416228	0.0523180707573953
2.11400416457401	0.961849520633849
-1.26615648919643	0.576700733308464
0.666381294485655	0.214481042382208
-1.03114358999079	0.41466914140038
-1.14241956815201	0.351807769829277
-0.214077618339954	0.069704767064106
0.148596738057561	0.0641934669348287
-0.141978824969554	0.0513095739208992
1.08722946237737	0.668191160058478
0.648977158125952	0.455931041887143
-0.29712092625243	0.216213335041266
0.139221366642561	0.060061814455414
-2.0706505076459	0.959338347401984
-0.390321724662158	0.163499340325285
1.33547122315643	0.593485432342235
0.938232517255131	0.250080666640462
0.666711334578513	0.213667593723057
-4.40578662488278	2.27230387919071
-0.214641973229397	0.070099467632347
-0.792163012568723	0.518576172160109
-0.512751206931149	0.19586842696468
-1.02171241051411	0.409806924167185
-0.390321724662158	0.163499340325285
-1.80103877399874	0.401412128456168
-0.637509639132058	0.157280902410938
1.28053976780742	0.713605120995001
-0.144430934366853	0.0520628013112706
0.164642263465142	0.0495275308334802
-0.21158767729877	0.0692522593193464
0.162473111348855	0.041123724112904
0.546845522271133	0.315244968605839
-0.94929410904817	0.579346013754557
0.147719656222166	0.0705890418855331
-0.104542342252067	0.0414683511651629
0.830281395788375	0.355150943185541
-0.459641731903016	0.304517528840788
-3.75826609616582	1.51609845599333
-0.148495825747489	0.0535257367570344
0.402517515024369	0.182113611018176
-1.01774198098802	0.408465897919083
-0.306166301476533	0.140801522545741
0.155143712679243	0.0533136788534507
-1.08930465194614	0.738516408507673
0.150411831346825	0.0649758653945405
-1.48839699347453	0.7605521945031
0.691255678499595	0.32551089086952
-0.51396531615413	0.196814734006425
-0.76445898984795	0.335968098647039
-0.517941904306001	0.198111769037771
-1.02027673323395	0.409478238556457
-0.221493832533703	0.0722470430982882
-1.15922568904619	0.648758219491063
-1.61121273905736	1.22963742746941
-0.934224272677657	0.679985661283677
0.693625748437534	0.327219531188027
-0.385156886244799	0.161083522806076
-0.274230714938776	0.171748771914666
-0.151168795090788	0.102827032571357
0.447653050663311	0.321909882084555
-0.926440562481798	0.671846867388362
1.36038077548673	1.24272638091435
0.540762857662897	0.310927807779414
-0.407122509504415	0.229328933832043
-1.34587629702008	1.53301839494407
-0.351731519308721	0.335662201950831
0.338071253484349	0.186897612102027
0.308081864390814	0.19802055577937
-0.0959603271575975	0.0381579035224532
-0.143227535286128	0.0517130131549928
-0.352171048045609	0.102884554871845
-1.51793915586182	0.550681864442582
1.46361258047558	0.913799822232531
-0.221638506503658	0.0723137933689917
1.57929810799721	0.797756577056543
-0.785862113589565	0.427534955195118
0.946546912753776	0.635274652337832
-1.27495473558411	0.58335694060492
-0.215102781729368	0.0703679315225032
-0.0945087687933719	0.0376036536917361
0.158366958173935	0.0477619066778733
-0.6543894321077	0.386720076061681
-0.6112732266732	0.294046482184377
0.141037683060604	0.0608972030290533
1.12098409589012	0.999308780600141
-0.106557006850963	0.0625257403106855
0.171118865781098	0.0979116953435327
0.365451427914059	0.18381186197835
-0.247877612679368	0.123851819906678
-1.51684905918208	0.549966932484854
0.715025399443532	0.466981882644187
-0.6502930564129	0.382689373222913
-0.29558301845728	0.134725957494613
1.06468052402213	0.521190538628543
1.45722588497151	0.908243400797261
-4.0044745943347	1.7671800240546
-1.32849590914857	0.833815212107253
-0.311360441751823	0.143252134715442
-0.97953192092757	0.488971745774085
1.33547122315643	0.593485432342235
-0.392167445689703	0.164086710868324
0.36285702628506	0.182467037543696
-1.73586902912639	1.88077846656561
0.537653529111253	0.307960421561167
-2.11867373684876	1.61629880152575
-0.183692737714628	0.0979808496520925
0.331466191485343	0.199706082490256
1.78832668737636	1.01339715911752
-0.598996074306805	0.287441542504263
-0.781420235280444	0.424150143753998
0.537151068021291	0.195568545631627
-0.598652342162857	0.287100356186891
-0.247380757694299	0.123566769371142
-0.543019597107685	0.342206870036029
-1.52261793291458	0.552416088281882
-0.789170879716921	0.430126849908685
-0.0936153822407014	0.037234297410612
-0.493747795767238	0.258892786625757
-2.0608579513439	0.951306679590195
-0.728949254888783	0.253711766914117
-0.221381474348764	0.0723536757666175
-0.786393733909004	0.42793836880696
-1.0273583360894	0.411969988811906
-0.721906540285296	0.25157399652224
-0.601594727395623	0.288333229592338
-1.48283389884717	0.75904802450482
0.176647508298371	0.114821905266387
-0.338526041584836	0.240504771768613
-0.0508857115944409	0.0378924629938032
-0.192120188531233	0.147822899267795
-1.05776654966372	0.841640709079749
-0.200628917515088	0.154551953851446
-1.05798409717399	1.09978592652365
0.738721030387259	0.613818499563078
-1.02016604519341	1.2220139156214
1.02877073665537	0.963805579906016
-0.235351363909404	0.117036106065133
0.398837441219052	0.180650680271888
0.905398556734975	0.490687363140464
0.452066149749284	0.183799113193962
1.10072728885709	0.827858175360324
1.08171633141027	0.663254184446274
0.854684339902965	0.625601373324717
-0.49519783192992	0.259576133277492
-2.46839248225231	1.39231953500741
-0.347881275810247	0.101704932899344
-0.488983304698054	0.254996460098381
-3.04169214317384	2.43630359296377
-0.603456156456361	0.290317741805968
-2.46491374455141	1.38780133568767
-0.0874559670126083	0.0348463584648228
-0.390056931578861	0.163577070139297
0.150848243830615	0.0582155963212491
0.830951835410689	0.355538325180902
2.12180116780407	1.47647171883952
-0.1981355795507	0.106056538224361
-0.724158352522838	0.251876501595264
-0.933071900597842	0.680486650454705
-0.603264313473487	0.289576273580065
-0.510471133847125	0.195363258012676
-0.924520824181069	0.670441921506615
-2.11389160517925	1.60977146483744
-0.142900251552044	0.0516611632062222
-1.8009224274669	0.401413641514774
-0.952835706866889	0.582233807767243
-1.02753370414198	0.41314398527887
0.827489671336575	0.352815403365764
-0.764162318095414	0.335470397380646
1.57490494567969	0.79522669798621
-1.66845727031164	0.94722484889406
0.163077400221755	0.0557743262298403
-0.0676966189174087	0.0293885138542332
2.637210512947	2.64540351297255
-1.16678926841605	0.655600676812176
-0.240046735889112	0.119591674512344
-0.927122963243898	0.67394293382718
-1.02655133741802	0.413516459136083
-0.207795740422607	0.0678175110313592
-0.14662958422798	0.0529534159724381
0.648617073538124	0.457218678382784
-1.83804743066752	1.1592727816816
-1.15864805482945	1.00353668629294
-0.395835518436449	0.166165092035165
-0.5135689023777	0.196244514484922
-0.642287903988749	0.158179920711655
-0.146340352033991	0.052840837935371
-0.304997936177852	0.139828672980216
-0.797408583993395	0.522946740094964
0.606208471506363	0.317433329493624
0.827465419165181	0.353580301177974
-0.489224496558537	0.255628768251627
-1.26993773463048	0.578438416169099
-0.973879687494048	0.483542535242062
0.146711440431129	0.0634410284055987
-0.141919013557489	0.079942103748473
0.956111455428316	0.938032631057387
-1.29742213881798	1.91197000050761
-0.956904933476839	0.585934535298324
1.57229732090096	2.17817089924865
-0.0124299782276671	0.00821938821924971
-1.0468569727534	0.835457138466888
-0.018937197504389	0.00910227020238899
-0.113901886938136	0.0670539502999031
0.713143098450678	0.465867799856344
0.695409362280478	0.328164450416817
-0.0968542016587712	0.0384832044595299
-0.391537693060903	0.164334140548253
0.163866602100675	0.0414467921764721
-1.4918043973014	0.762135663950305
1.08405681609357	0.664207574298418
-1.09415237656505	0.744816899613193
-0.394036461091162	0.16532634810801
-0.765348432802001	0.336404476995029
-0.724429393801244	0.251996505115541
-0.928365435360219	0.676943032280065
-0.893961275606476	0.825087094966071
0.65583807350819	0.463391920201395
0.392137327199586	0.176940423183817
-1.32980849164337	0.832741341170684
-0.674303738307889	0.468957716548995
-0.951505654180558	0.581473940047142
-0.237853560565097	0.118563216025166
-0.0656802531175438	0.028573319912516
-0.21158767729877	0.0692522593193464
-1.8009224274669	0.401413641514774
0.667130392787493	0.214334835345571
0.151058400537127	0.0652135744196771
-3.75752848880672	1.51704168071265
0.151491668846245	0.0726356837688022
-0.217783773381529	0.0710710016312923
-0.220662150695417	0.0721303089573529
-0.652113780066166	0.384396923147828
0.504956063152402	0.316895993716525
0.146850196733294	0.0705293502278957
-0.94499291362917	0.576236141885541
0.393808912204817	0.178187866130017
-1.09936945375189	0.748779223526523
-0.54639715989673	0.343778456302071
-0.93257944100016	0.679853194088937
-0.510471133847125	0.195363258012676
-1.09810085631063	0.748213932424267
1.45632845358968	0.909855269918044
-0.217062344939073	0.0708765351682746
-0.602707554285428	0.289287770029279
-1.26898917918035	0.579150144945583
0.159873979297135	0.0482815097019209
1.78742710423363	1.01301914410524
-2.06014431909277	0.950690880005034
0.153779156651059	0.0665421583235274
-2.06610393324234	0.955798962815659
0.448996652727867	0.182338661350822
0.700277243017744	0.330994902880954
0.146273761586385	0.0564897105536409
-0.679277859495655	0.474091598610491
0.645007268549125	0.452517298001343
0.427522328366277	0.3233944547016
0.680928019091752	0.585986519885273
0.445850387119009	0.319192290640898
-0.107095361866618	0.0763204362560848
0.0189489058755877	0.010228945874292
-0.0757477562613929	0.0460134479576741
-0.46330398659992	0.306771669042516
-0.0536742730961106	0.033649402937793
1.36229559717379	1.24556895595159
1.07926075342332	0.528481343911838
-0.654884177926629	0.387223360408539
-1.27032538013449	0.58045220816518
0.150202268163998	0.0648573533397257
1.27685672182814	0.709735633620896
-0.785862113589565	0.427534955195118
0.834446471169688	0.356397319261791
-0.799939007835993	0.527666912228573
-1.81287374791439	0.748928336132149
-0.777134425181121	0.420252975932309
-0.795478681943055	0.522133925480273
0.330638593832489	0.182285583758585
0.165294904470159	0.101055612487931
-0.0350862101449693	0.0163950947362734
1.96191646679808	1.23280603585642
1.62025001914533	1.13374370615965
-0.793975480634968	0.43206325391988
-0.322859338859569	0.191905421411982
-0.395520864335434	0.166072991543779
-0.485714446847411	0.25296521196896
-0.763835775071784	0.335755273843228
-0.217783773381529	0.0710710016312923
-0.955787591120751	0.583970126946329
-1.02204793512445	0.410502951592421
-1.27145460592152	0.580072466612979
-1.16512788064317	0.654515958017152
0.827465419165181	0.353580301177974
1.44856277304921	0.48606242352576
0.158366958173935	0.0477619066778733
0.334295353973716	0.184151538293075
-0.470385833358419	0.312147374390164
-0.651287430270686	0.383478748630904
-0.464409981489216	0.308689935259862
-0.727179123195026	0.25354055255114
-0.545914092269372	0.343194460320473
-1.47896510288693	1.0250113821374
-0.72819722029734	0.253451346382283
0.164696208786951	0.0787443635085796
-0.40079599306799	0.225403602444689
-0.0617900149340499	0.0269508999408355
1.03603918315932	0.397047597589558
0.148629318798242	0.0643703013221288
-0.0950664463688331	0.0378097886654273
0.158729294236089	0.04043260950787
-1.27656840239241	0.58297122228144
-0.610166210205997	0.292780320243804
-0.691527885958724	0.54729024858792
-0.315586650371659	0.145139832350916
0.447802779771442	0.32125353301422
-0.896792254437034	0.740348118341593
0.0185931451367857	0.0134081902621533
-0.340015965379163	0.272160787900127
-0.656754336588511	0.387585071034251
0.502132055297811	0.315392922386053
-1.34306102821023	1.10282344244005
-0.0644781571449652	0.0473422464961558
0.0681839067471764	0.0417931684657454
0.858708979124926	0.628340945473381
0.474599743373564	0.321055739663442
-0.0362606984377738	0.0170035067735801
0.466664393102915	0.315382873489568
-1.09749199277947	0.746833585708175
0.155238612394072	0.0817578448429648
1.06996418155248	0.524640045916601
-1.81740649233114	0.752549709047675
0.669903363513283	0.215634804708644
0.153530051031538	0.0526029877764758
0.352250621073646	0.176190176744136
-0.238189683638641	0.11867551318794
-0.0637182386608087	0.0277444197112858
-0.389191690188634	0.162990655930602
-0.390056931578861	0.163577070139297
-1.524451922565	0.552456091331436
-0.400313635237217	0.224643100420447
-0.649989464204517	0.383772460093898
0.796549155323912	0.626575788259833
1.63133823140654	1.14090951309864
-2.34296942111017	2.09075297161244
-0.306975394050471	0.140867364592611
-0.783394969248081	0.425264477560176
-0.220918938180777	0.071986464831201
0.152333554816668	0.0588163373718562
0.406969148118354	0.183767079904666
0.163169995607563	0.0413572276497282
0.455788330014537	0.185537184077034
0.393478586911913	0.177795063466044
-1.02224709287202	0.410608941783725
1.07402219955754	0.526541861698728
-0.344023573934902	0.100257861428101
0.158104109918261	0.0476970098800851
-0.765647538128022	0.336254034875293
-0.954980583268705	0.583964825035704
-0.392755281131111	0.164302249761056
-0.0539749324748425	0.0235963914608786
1.63026970748519	1.14272986130256
0.156083307671789	0.0536388626462904
-0.216172722976397	0.0706904380630048
0.935072365625058	0.249598704803732
-0.519549047944463	0.199118520659248
-0.0989685268805481	0.0393704401030059
-0.606474835909398	0.291618272653068
-0.400577193559802	0.224889079737389
-1.26937561527664	0.578362564289604
-0.976194639700552	0.485199002275023
-0.76880018659746	0.338169685372849
-0.329787790695223	0.196822658359218
-0.488079769892587	0.254626396840768
-0.345391992051067	0.277311670448969
0.15606388152552	0.0822460862597426
0.174102979617629	0.128245715881483
-0.0579109906765873	0.0362973122961628
0.566767692262621	0.448147192658514
0.724239014581875	0.596942871263435
-0.237226107518732	0.154427752893591
0.852585979708465	0.773808081650129
0.313381240281586	0.202350215337304
0.573390648150317	0.455880353995389
0.154712699000134	0.0596505747734926
0.956648770435799	0.642505997811399
0.30757392020584	0.198001371283251
-0.763835775071784	0.335755273843228
-0.519820883897615	0.198536352412549
0.161906078576276	0.04874952925091
-0.21438297968887	0.070119295219489
-0.349709365939262	0.101852718844327
-0.2098903203841	0.0686010473884186
-1.27099398512007	0.58063946719774
1.04306281920514	0.401137401202673
0.144361728014979	0.0624240103865054
1.38694943059782	1.06053896817667
1.96766027476994	1.24451628645061
-0.37925350658442	0.157712911089286
0.158101352361165	0.047666865168031
-0.13820461378929	0.0498165843014444
-0.331258712556285	0.19784350705593
-0.393615168337023	0.310719696154837
0.150039122185617	0.0648502450161375
-0.144137835343515	0.0519985271492803
-1.8009224274669	0.401413641514774
-0.727179123195026	0.25354055255114
-0.0959603271575975	0.0381579035224532
1.03882026472922	0.400114292850008
0.693036527954027	0.326667937038122
-0.48634427255434	0.254227556483518
0.15143721778861	0.0584446890424094
0.158729294236089	0.04043260950787
0.149595482806112	0.0513124945056771
-0.351420017354976	0.10254393356513
2.36205785403792	1.2049765555766
-0.928365435360219	0.676943032280065
0.650729795745845	0.458339090316753
0.0534507032948459	0.0327928971606381
-0.217062344939073	0.0708765351682746
0.159421595053514	0.0405224643025682
-0.513295933018928	0.19643545895166
-0.13945787691809	0.0503568225420957
-0.216172722976397	0.0706904380630048
-0.785330698635585	0.426964872957717
-1.16068277339694	0.650273274268608
-1.14602109676128	0.352462565358244
-1.47813596576154	0.753221450651074
-2.58587528855637	0.684874790734986
-3.46340569552128	1.25637834429041
-0.300953944954138	0.265265780295004
0.182691848058854	0.153500257421176
-0.254580674330717	0.230131154279519
0.267818395776213	0.26210128784862
0.184484230272416	0.170763237261939
0.109310467625982	0.0855247600408198
-0.160669500767495	0.110127537955184
0.33362118745068	0.184231836296138
-0.151618620171244	0.0858363124870308
0.0223580236394704	0.0120490392279127
-0.467820415330266	0.31072670641899
-0.0634084076989807	0.051764404271851
0.182993293217795	0.145251712855447
1.44707333879815	0.486882965382531
-1.14352115801698	0.352309794326609
0.159825702589389	0.0405961444844569
-0.635886909613779	0.156604724964807
-0.219428296929652	0.0715830137315331
0.534869182588835	0.194578913470447
-1.14173074601379	0.351630194981725
0.602431548458452	0.314824148406257
0.530151821487384	0.192827665875907
-0.723678625838308	0.25185170240566
-0.347476635066155	0.101259316294087
-0.505360871494008	0.192513529222677
-0.342867856400314	0.0999728525992471
0.145952781975537	0.027957432098957
0.154712699000134	0.0596505747734926
-3.08605931477026	0.975090216684496
-1.8009224274669	0.401413641514774
0.158729294236089	0.04043260950787
-1.14214562413243	0.351215554477081
2.75057603691244	0.786424841779512
0.669151397214654	0.214915118766865
-1.02269870771255	0.411303674855888
0.140400083006098	0.0271488262218611
-2.58178332536446	0.682930522892635
1.33195766626685	0.591426123433272
0.902685884079747	0.488818967405717
-0.40331858740294	0.227544920071453
-0.0637182386608087	0.0277444197112858
-1.52187037799917	0.552145600192979
-1.0272685011115	0.413655990175607
-1.82163090587372	0.754162693237932
-2.0737905820164	0.956991793912025
-0.640656975678056	0.157776356363176
-0.398186350578857	0.166689663201719
-3.46478958027201	1.25928131143948
-1.14173074601379	0.351630194981725
0.148629318798242	0.0643703013221288
-0.143518895199953	0.0518583858402703
-0.346797330227773	0.101185095553384
-1.27194474516084	0.579924971604282
-1.01284091565246	0.908579776741782
-0.897743536785586	0.741318645636829
0.536431293429806	0.195654703291124
-1.60346572361335	1.2213228672274
0.825597474038335	0.352498147547611
0.541074903554953	0.310610251661773
-1.19202677404911	1.22089312532267
-0.085386525337748	0.0618255422041673
0.150265211518485	0.0722781406515666
-0.336075545168945	0.201116945585208
-0.787905982568562	0.515537926165193
0.48275310289913	0.327522267546717
-0.408413541272979	0.230783810299467
0.466144225250148	0.314599448597154
0.152025928057117	0.0586399664165268
-1.26804088517302	0.577068127053539
-0.726427642398715	0.252868210726988
1.03780816129706	0.399548214209553
-0.39036423870232	0.163650413054301
2.11400416457401	0.961849520633849
-0.346797330227773	0.101185095553384
-0.523665023762813	0.199959115881049
0.159421595053514	0.0405224643025682
-1.22772912203259	0.916400059300484
-0.636959492719679	0.156887069567616
-0.142900251552044	0.0516611632062222
-0.481548185208905	0.250915970222523
-2.06683656155926	0.954657836368756
-1.01774198098802	0.408465897919083
-0.515975507071905	0.197128864277068
0.155520410174332	0.0395661334713537
0.155520410174332	0.0395661334713537
-0.388722300191562	0.162510469726519
0.145952781975537	0.027957432098957
0.824922848092663	0.35211027185909
0.158367221778382	0.0477356609277319
0.537406575730244	0.196009920523317
0.522039347960574	0.18935174265508
0.155816413428406	0.0535628127143977
-0.389029767038697	0.162646995963619
1.39524049153979	1.07316005670607
0.14806360850737	0.0571942588723571
-0.217730302638375	0.070767910060723
0.154203840513637	0.0529163171624384
-0.65389486084243	0.386006785874811
-1.81815462985932	0.752329885228272
-0.600697707575434	0.28795331432316
-0.0403910572178015	0.0188801632480048
-0.491387998392532	0.257581117168311
-0.512353455112074	0.195630108886462
0.147477269600241	0.0569474987210093
-0.190469977731953	0.101980621891197
-0.601253510834328	0.288501903193898
-0.968141953239474	0.479592176505172
-2.06439359288975	0.95463510943463
-0.786854869965055	0.429187836405264
-1.80597244970643	2.44387400806171
-0.237358430658106	0.118205641136657
-0.411077586078456	0.232257199327833
2.12872879408099	1.48426088305554
-0.482128269582897	0.408833120224807
0.733041506987935	0.605933937034585
-0.305363107581354	0.248861769771013
-0.683033467856566	0.476938565022771
0.157595250098366	0.075479220009511
0.0206700834268963	0.0111960387347933
-0.144692572123364	0.0816278356801294
-0.0989685268805481	0.0393704401030059
0.904577962640293	0.489576831726167
-0.489427537992001	0.25664341486965
-0.0676966189174087	0.0293885138542332
2.75057603691244	0.786424841779512
-0.602365807682686	0.289195223891661
0.391908387725611	0.177208790202355
0.45550260690611	0.185434574945586
0.906516703069744	0.490180766701423
-0.213286924508017	0.0696664262975339
-2.0696598940996	0.958279455182357
-1.98620439404584	1.3851323611542
-0.943575679340021	0.574695656875561
-0.971229600039481	0.482516920035912
-3.08715388924473	0.973054341045401
0.160626900474085	0.0484137065522702
0.669903363513283	0.215634804708644
-3.76027413444552	1.51546191462451
-3.09073773131398	0.977080546046746
-0.219686057817939	0.071808363943125
3.26574785919213	1.12499058506004
-0.61071960408079	0.293581001485316
-0.0318321547634903	0.0149714825522144
-1.81740649233114	0.752549709047675
-2.46839248225231	1.39231953500741
-0.76475469664406	0.335510040816294
-2.28836546320836	1.17321778989387
-0.140693099347277	0.0507567698354325
-0.029725016245872	0.0140019849400121
-0.767235127710563	0.336916205929244
-0.148785407254285	0.0536907631429728
-0.140070529647515	0.0505699186920027
-1.14241956815201	0.351807769829277
0.53169463083491	0.193084780315984
-1.28121180177176	0.584322987944732
0.669903363513283	0.215634804708644
-0.516447718221762	0.197760621289895
-0.234257062663904	0.152232810115456
-0.317032079620639	0.145672705516931
-0.546879380774543	0.34404702602846
-0.490934518649369	0.256414619899957
-0.971553496186614	0.48360544938142
-0.592622695308267	0.431080516546143
-0.391537693060903	0.164334140548253
-0.150756468170097	0.0851976301219572
0.729505127439412	0.602134469827301
-0.285527335930406	0.237065937658832
-0.146925685541884	0.0830750867950451
0.781823453696818	0.610338016205228
-0.227865565180436	0.147815356250695
-0.976780254466473	0.485729407307986
0.694820154652511	0.327648647703803
0.15635159742891	0.060321656388433
-1.03185923747868	0.414980836560012
-0.601467287066214	0.288528213478627
-0.186891697293859	0.0998119167910109
0.398837441219052	0.180650680271888
0.158366958173935	0.0477619066778733
-0.677509728775134	0.473217867781802
-1.81591136124749	0.751370102486519
0.664537539501677	0.213141860355242
0.824922848092663	0.35211027185909
-0.347476635066155	0.101259316294087
0.147689640377863	0.063755418646655
0.445854748443397	0.18074029488286
1.09756347887163	0.823362381007534
-0.515539335961953	0.387388945359132
-0.138535181662081	0.0501089737478327
0.156936880277468	0.0605850035962117
-0.514908806238071	0.197238634697011
-0.0115073551202993	0.00560285761909334
-0.789701262636954	0.430638498336157
-0.678037885026815	0.472522928499803
-0.242759572905647	0.121073625896202
-1.16658386964387	0.654178336506151
-0.981286227544691	0.489267128736786
0.395584329713684	0.179159454278939
-0.600013482279056	0.287125201455474
-0.729701678342157	0.253580140468091
-1.14671720971639	0.353197314225222
-1.02753370414198	0.41314398527887
-1.02171241051411	0.409806924167185
0.0759726150798792	0.0652390417367727
-0.011313876918721	0.00750235814096624
-0.388193315414056	0.305377339725593
-1.14490515373438	1.26817326838107
-0.484141714806781	0.410865983592537
0.289171492201353	0.226373023354799
-0.194902472732936	0.149994639664985
0.187977968370408	0.134390626987947
0.647841315388161	0.457063207112953
0.538740122798942	0.309236361101723
0.528599537724331	0.457799841912862
-0.722928245021615	0.251489262306972
0.157633323445896	0.0401249768572365
0.532920813071289	0.194317875052133
0.153837644582369	0.0464855600138019
1.07492508210582	0.527058644112034
-0.347136350857903	0.101509886664517
-1.81362120382364	0.748711738733382
-0.721906540285296	0.25157399652224
-1.51867963642989	0.551199515777305
-1.14173074601379	0.351630194981725
-0.484503470250391	0.253100443629184
-4.0073535009264	1.76940920844372
-3.09018140585655	0.975319743554836
-0.636438389477554	0.156998062672413
0.667130392787493	0.214334835345571
-1.14352115801698	0.352309794326609
1.03755206316161	0.397862674763024
0.943029051172106	0.251479485037243
2.75057603691244	0.786424841779512
0.544756408611425	0.314207232482722
0.339583581072333	0.188203025071646
1.03957617416576	0.399643236692894
-0.726161254656457	0.252560499450293
0.162238914523958	0.0409626944163556
-0.520217181433706	0.199453993404994
-0.0584415865397175	0.0366498662832633
0.117838479125824	0.08978318129231
-0.336995457162837	0.367645561497269
-0.603009173670751	0.489724750701686
0.154877283826213	0.0531649045194279
-1.52370471834718	0.553131982412369
-1.08930465194614	0.738516408507673
2.75257155834301	0.787872112571947
-1.80103877399874	0.401412128456168
-0.635886909613779	0.156604724964807
0.16137422717943	0.0408817023262115
-0.220662150695417	0.0721303089573529
-1.8009224274669	0.401413641514774
-3.08660653838605	0.975157312690119
-1.14283325733795	0.352132388893513
-1.03185923747868	0.414980836560012
-1.14352115801698	0.352309794326609
-0.492468594512837	0.257994386185527
-0.268987244370234	0.364040147258092
-0.265000490824304	0.217429281647607
0.0349356298318149	0.036825877876403
0.00301542308114063	0.00341572436617634
-0.128238733457623	0.152367419380517
-0.0300118473593535	0.0281024607471452
0.0355325232218803	0.0409886432968013
0.0197247628010855	0.0165439734408978
0.163745124266631	0.105400444932043
0.153836339020918	0.0390962941022736
-2.58550852264163	0.684811136427957
-0.638059916511872	0.157099877961465
0.160136994586442	0.0483380929433701
0.150039122185617	0.0648502450161375
0.162765853660276	0.0412041418868207
-2.58550852264163	0.684811136427957
-2.58107011718166	0.682882000334415
0.145952781975537	0.027957432098957
-0.467315972954365	0.494444665254557
-0.347136350857903	0.101509886664517
0.159421595053514	0.0405224643025682
-0.51833577991471	0.198217107395505
-2.3437572001657	2.10506478416205
-0.222054775640811	0.14307434871056
-0.623399196150265	0.555996383890277
-0.608270874517165	0.29266939968196
1.44316717989614	0.484689694417716
-1.14851210229951	0.353384284502155
-0.347136350857903	0.101509886664517
-1.48746364145455	0.762850768189531
-0.637509639132058	0.157280902410938
-2.58142672375403	0.684312616488773
1.3346239887035	0.593831354304034
2.7486062124648	0.786021619850662
1.82393551449113	0.726315315015904
0.140400083006098	0.0271488262218611
-1.01884256586002	0.40780874728478
1.03882026472922	0.400114292850008
-3.08660653838605	0.975157312690119
-1.51719900420769	0.549264213163276
-2.06538713025603	0.955693446391778
-0.975288553297247	0.485765853390852
-0.72819722029734	0.253451346382283
0.0897300607423089	0.0839319588654839
0.889524032275101	0.900339774876289
-0.333650468030158	0.34389098826626
-0.248598393319648	0.323269913927241
0.210492981425502	0.238889136517606
0.626180887575505	0.904183356358158
-0.0287974965901726	0.0245059813421383
-0.633819675881249	0.156036191470775
-1.80103877399874	0.401412128456168
-1.80103877399874	0.401412128456168
-0.73218192060803	0.253949745731516
-1.14241956815201	0.351807769829277
-3.08715388924473	0.973054341045401
-0.633263297544021	0.156213540903658
0.16539472162627	0.0497470234457683
-0.310827574518351	0.143030375329262
0.827205121241707	0.352773078406787
0.163795804285333	0.0558414604763191
-1.80103877399874	0.401412128456168
-0.638059916511872	0.157099877961465
-2.58142672375403	0.684312616488773
-0.347136350857903	0.101509886664517
-0.140070529647515	0.0505699186920027
-1.25768868202557	1.17110848854209
-0.769096652976814	0.338609468695455
-0.722385544152519	0.251104758974595
-0.390871186777569	0.268415139019467
-1.51793915586182	0.550681864442582
1.0385642363423	0.399078648892044
-0.723678625838308	0.25185170240566
0.687830959496591	0.323111308230345
-1.51833170548507	0.550474500519343
0.144624243113007	0.0277697138706121
-1.81740649233114	0.752549709047675
-2.58142672375403	0.684312616488773
-1.51719900420769	0.549264213163276
0.539952322366126	0.196328540547315
0.944102727079701	0.251755733219961
-1.82190756498679	0.755058428004035
3.25711819118569	1.12516204396806
-1.51332145233629	0.547881190959341
-2.58107011718166	0.682882000334415
-1.15718443724203	0.354305410254477
-0.516523767661567	0.197503227221547
-0.439459997177039	0.546672275403114
0.153304550298971	0.17700710471595
0.273324622024091	0.235551251532491
0.105078937775037	0.104557636183586
-0.671260320605884	1.00739083574723
0.542084700383134	0.725608223980168
-0.712512208071227	1.37215749080126
-0.0113145109499847	0.0105345502295999
-0.192264018604627	0.190945649917467
-0.103663122665648	0.0736307060225169
0.150502237232393	0.0517694433165819
2.12383195305323	0.965829232504488
2.15028260371213	2.82430509607329
-0.38265437676667	0.159894213366175
-1.14352115801698	0.352309794326609
-0.723672302673316	0.251728336614369
-0.633263297544021	0.156213540903658
-1.14241956815201	0.351807769829277
0.531946232023591	0.193886067853674
-1.16678926841605	0.655600676812176
-2.27885537993306	1.16555927109916
-1.27590137938967	0.582633022248989
-2.4631719135891	1.38596992519371
0.157633323445896	0.0401249768572365
-0.512083063934318	0.195729041885172
-0.635886909613779	0.156604724964807
-1.26720245749258	0.576637775977831
0.299234190373465	0.214875710537425
-1.15601227242475	1.00148951594956
0.824959158222763	0.351803860248769
-0.636959492719679	0.156887069567616
-0.279154483054544	0.175115602365008
-2.28212623762291	1.17106435761246
-0.511415259704656	0.195471759731759
-2.06823085425124	0.956878021317762
-0.493747795767238	0.258892786625757
-0.387976395042462	0.162150332466271
-1.4720193480521	1.01716417707732
0.902685884079747	0.488818967405717
2.27249671045881	1.75815738889432
-1.82463618211883	0.752891093781291
1.57513779972863	0.796335217996603
0.336634083191051	0.185748614251983
-1.71789721129264	1.42209470336029
-1.50321525989959	0.765993759248567
-0.0582279823358481	0.0253686720044213
-0.310827574518351	0.143030375329262
0.147721991478246	0.0639406169439748
0.454257246607656	0.184850448579938
0.60105421818041	0.313750400557326
-1.08881085120728	0.737746878935113
-0.290016954614755	0.210510783542083
-0.90634692495047	1.14654990233438
-0.786188618998851	0.797178942303375
-0.244384558556537	0.121923238956622
-0.507624427248014	0.382006936859517
-0.0618515071635671	0.0269207793476383
0.782367233136868	0.464482646814055
-0.140731315688552	0.0507658490792591
0.820953018705985	0.349171361227382
-0.300867687352712	0.138061582932551
0.433125423911981	0.327767015635621
-1.41752356999349	1.70410193292138
-0.232602603337292	0.192719201864898
0.302254225588378	0.19335578067778
1.43844198338183	1.60808865232282
-0.230021912635744	0.149531032934264
-0.40805872637964	0.23020960945646
0.439967298450144	0.177942970300615
-0.38977783456394	0.163362303429155
0.16089014359948	0.0485574624883246
0.833110657842894	0.354889294588777
0.333865527333977	0.183642771196969
-0.349709365939262	0.101852718844327
0.149380671272027	0.0645074934182219
-0.216341300405611	0.0706275337190599
0.157772450057789	0.0400836004593127
0.156530838902088	0.0537701104160248
-0.353252610180752	0.103014720617828
-0.100417777052136	0.0399342243603807
-0.493235094320533	0.258493480330153
0.494262888793315	0.308953627278927
-1.67184557340068	0.951341679263611
0.306644045049482	0.197048735344098
-0.797119910018143	0.609496947529177
-0.220662150695417	0.0721303089573529
-0.795478681943055	0.522133925480273
-0.335562892981032	0.201180491304454
-0.216433071770947	0.0705846860858828
-0.599458441118833	0.286723008222514
-0.520217181433706	0.199453993404994
-0.49052178548857	0.256316059995221
-0.034219912667042	0.0160719269416551
0.503252565448949	0.316859425553791
0.696889266018266	0.328577155629933
-0.0622713533813804	0.0271034745942191
0.31514090188115	0.188107927736925
1.78003408439058	1.00374797647615
-0.142339062567197	0.0803391326545511
0.646130636549955	0.452547780182583
0.321083667265175	0.193069158543923
-0.143516882394247	0.0518303322908422
0.741189814611965	0.614347920745843
-0.913563614971446	0.760131191264234
0.162170027206199	0.0929343024108155
-0.602151025648749	0.288882306181663
-1.47198129933404	1.02252014081199
-0.337579606457214	0.238824182151714
0.66809408128845	0.784724642164643
-0.557189322022375	0.504510827472589
-1.26852497854778	1.3776362852388
0.168550782895549	0.102731716322432
-0.274330250328004	0.171711309551224
0.551856368156811	0.318532301445887
-1.08979862522346	0.739035587099458
-0.790762643104883	0.431107536853644
0.319313910892432	0.192016138830042
-0.311694661091222	0.143348917078561
-1.16783338868064	1.44620064737985
-0.220547430286213	0.166926174612073
0.00101809652311153	0.000612988515914674
0.666639785886671	0.6844860773997
-0.027512572040388	0.0180306641333304
0.266707573656763	0.235495045945041
-0.100242053558065	0.0587518122934933
0.0813144594791076	0.0549604796260169
1.04332248971287	0.402005344928024
0.532198432599625	0.194009998264973
-0.511138195182615	0.195620508789569
-0.974967055362518	0.485654316649321
0.604028468429978	0.314874830000077
-0.607372860314525	0.292288849707055
-0.515117986301378	0.197241312249829
1.4070328735615	1.08328952569141
0.531843076130347	0.193511668396616
1.97133501454342	1.24260812970794
-4.56282369037549	2.53114575562217
1.54149336527346	1.31261024366441
-1.97988063636293	1.37671478992351
-1.41709522346936	1.69698479705398
0.179137125180222	0.122200946501932
0.502901567998186	0.316458069080172
-0.240405208523713	0.119512278674446
-0.412272686045398	0.232118816435019
-1.16123764123585	0.650754614292679
-0.653839490844366	0.385462652917598
-0.489737114748179	0.255778789177971
-0.582650687272546	0.424723705126901
-1.15640358556071	0.647190211436835
-0.181827921244928	0.120727637040815
-0.0114515168939543	0.00556045054219842
0.160914434221123	0.0552474007488785
-0.765647538128022	0.336254034875293
-0.095062848663096	0.0378756435568373
0.160136994586442	0.0483380929433701
-0.3878593428986	0.162300202543048
-0.385790153309993	0.161507939066906
-0.0917048126224021	0.0365475266335609
-0.793922287616076	0.432795846798072
0.550016562309006	0.317288651925014
0.15906716984758	0.0906547501565831
1.23689472579772	1.20272867078442
-0.654698858164239	0.386764884427653
-0.719864522401812	0.249448392379261
-1.47140193855652	1.01999056481645
-1.26965711158767	0.579970689675105
-0.801091597835181	0.686048922266163
-0.3574935136742	0.287846118745161
-0.463932257499273	0.430892063933937
-0.2813557833375	0.176234766546541
-1.25995180548114	1.17408479638215
0.146573784264589	0.0703612570068443
-1.35289503499215	1.34460745379211
1.27109094746915	0.703995960312811
-1.47424511231869	1.02394917609879
-1.4748563875475	1.02531786052478
0.61181859688321	0.319926571043428
0.150235852985807	0.0791691366726528
-0.605262991020543	0.491625722062585
-1.03294061903978	1.16329677647214
0.0550589680798999	0.03380027005501
-2.03421526920739	2.1242506093356
-0.0876625742245236	0.0533819061836762
-0.141978824969554	0.0513095739208992
-1.27267829016192	0.579106936023567
-1.48715991650416	0.760648448535067
-0.0656802531175438	0.028573319912516
0.150848243830615	0.0582155963212491
-0.241113923782245	0.120416488958749
1.28539641259866	0.716199219760205
0.530871103590739	0.192843715049781
2.7501190481943	1.70885039077575
-0.636959492719679	0.156887069567616
-0.106662789784163	0.0422158538743564
0.399065940392784	0.180359643330803
-0.241900420042212	0.120479216153593
0.0588116285868409	0.036043304751556
0.283821803514739	0.22175557549324
0.504713784273806	0.318133617064571
0.501440565789086	0.315390794284896
-0.0618515071635671	0.0269207793476383
-1.83623792074155	1.15969116453447
-0.791534407870294	0.43195992185773
-0.189056135938567	0.126205094978792
-0.145687925246695	0.0823005766928752
-4.40379440159852	2.2747228491944
-0.649989464204517	0.383772460093898
-0.67922281751264	0.473763333097665
0.947967819333836	0.63689685195689
0.825627560324539	0.352703738337273
1.04332248971287	0.402005344928024
0.393684278439406	0.177887434989409
-1.51793915586182	0.550681864442582
-0.637509639132058	0.157280902410938
-3.0855122183307	0.972756963025588
0.610623514981351	0.319298647770529
-0.346051722995957	0.100990327474769
0.550515971063685	0.317744481482344
0.153579839740872	0.0463985633570496
1.03780816129706	0.399548214209553
-0.598229927133967	0.286180889059452
0.158324698427983	0.0402149964785429
-1.83824900649213	1.16038779962843
-0.972459502124572	0.483333049189275
1.27537716650748	0.708249765316218
0.663474154624287	0.212698372638009
-1.32603124429498	0.830333865261929
-0.652156574813593	0.382864462710181
-0.508568106287405	0.381793666557456
-0.0104981734607208	0.00515396756809464
-0.276941773751842	0.173638985662492
-0.529982682328204	0.522114967662529
0.445208096977673	0.429525087479383
-0.354067973793064	0.338588752454795
-0.703053375414316	0.615096146487517
-0.145871218579156	0.115032011974496
-0.302854790840654	0.267183388345621
0.0673045366220585	0.0574303978114767
-0.0802743861097381	0.0662836138329729
0.257651868084786	0.244415138275034
-0.0406216134932537	0.0307045279371347
-0.79353552028165	0.67905714551023
0.158365408342041	0.0904431424853068
0.163741783049413	0.0936409724693375
-0.665352892360525	0.392184817249162
-0.347136350857903	0.101509886664517
-0.651126624061861	0.383568507980776
-0.723407361182732	0.252081836804318
1.33257750378669	0.592227160159125
-3.09073773131398	0.977080546046746
-1.02303104447883	0.410996649608088
-0.0545803319866647	0.0238081460737933
-0.538068229925166	0.337511293492744
-0.637509639132058	0.157280902410938
0.444972633429835	0.180621127746924
-0.386057546772671	0.161751414839187
0.535711132992892	0.195347083049004
-0.347476635066155	0.101259316294087
1.08105939113816	0.660672561019521
0.165814065203413	0.087595628197874
0.0689522457233414	0.0445691677218958
0.0417104831770761	0.0241314837379138
-1.27267829016192	0.579106936023567
-0.780648559664276	0.423407114340941
-1.14241956815201	0.351807769829277
-0.494260684837984	0.259185288220802
-0.769717752575689	0.338699512066309
-0.343614950418389	0.100353977595961
-0.79485335509936	0.523076019657108
0.368057311812095	0.332502103783007
-0.38977783456394	0.163362303429155
-0.985590007821122	0.491945039298103
-0.190464114002734	0.102054117076289
0.33489695335106	0.185257147296694
-0.513691081166878	0.19626521346256
0.285831246720721	0.214205147294919
1.61613414183132	1.12726150534272
0.151130022980095	0.0582013356641225
0.952616744291635	0.641561633084254
-0.966077843782053	0.477802751997579
0.707934641209439	0.333423817751847
0.423300359250249	0.319252570402279
-2.23606820125897	1.85512813123348
-0.394941204794814	0.221724485830335
-0.388141742272179	0.162261261218061
-0.0696591294622154	0.0302348461882469
-0.031916099857706	0.0150107982701131
-0.193668725293211	0.103612625565108
0.149536936283679	0.0647633654938517
-0.39436379041554	0.220860068659673
-0.49959801304642	0.261322078495643
-0.299218105269568	0.217629103421518
-1.01583930159182	0.911808965750807
-1.18065650794919	1.46785009277891
-0.327763173981396	0.316115457782825
-0.18459518750855	0.156133031329715
-0.607816796311846	0.670315660663075
-0.407156962723466	0.37889634494429
-0.675696035603181	0.824210928115203
0.0327852498647281	0.0243961001462842
0.294206206291778	0.21087528838745
-0.262418368312904	0.162745758442239
-0.543019597107685	0.342206870036029
-1.47434782955037	1.02488978075624
-1.10613150267843	1.52382156134309
-2.06823085425124	0.956878021317762
-0.981925457229388	0.489482847860143
-1.35173869118768	1.11241692037146
-0.548308907482514	0.344851461997768
-0.394935911720347	0.165820121050295
-1.52187037799917	0.552145600192979
0.35764003957787	0.179701956608891
0.665631852900648	0.213765325882499
-0.0961715583055109	0.0383226667889411
2.27574845791025	1.75573248952124
-0.308199532754273	0.141079386601515
-0.135412898352252	0.0488873521863083
1.07177141476258	0.525084449841623
-0.142891948035302	0.0516141016686805
0.150236847737236	0.051602371349838
1.33365346781733	0.593790400301544
0.705221970646951	0.459523253199666
-0.0348381759945145	0.0163665294113374
-0.102695877183028	0.0730002373552657
-1.06904429309111	1.33703642402548
1.24715536112198	0.860746857169741
-0.971229600039481	0.482516920035912
-1.04304584551746	0.83102684917276
1.08639029331978	0.664499038250434
-0.978538643526524	0.48604719450971
-0.391879345660211	0.342524949257941
-0.581277603828665	0.422061240627788
-0.238409755219646	0.118785389268417
-0.104691459549364	0.0614750632262326
-0.461076878529754	0.305487683290436
-0.306752814848808	0.140633633662106
-4.71135891093057	2.81323076287358
-0.790474546523232	0.516665415487492
-0.142603029870794	0.0515255055439621
-0.389191690188634	0.162990655930602
-0.18273342028399	0.0972659857418205
0.359184686600228	0.180593741091277
1.27079497564734	0.704799072827924
-0.788620321196247	0.599922448112382
0.994306149929776	0.806237031859592
1.40200214889696	1.07789686896884
0.30334842715513	0.207514121892944
-1.05019111353757	0.83818305671907
-0.492979152804144	0.258347238008783
-0.769096652976814	0.338609468695455
0.150336929189547	0.0723083022294253
0.688177143339512	0.595184843025187
-0.401884513747297	0.226868914244496
-0.923203235709147	0.669889391893917
0.85012042505926	0.769980935603095
-0.612179611959148	0.500449995325063
-0.389337744505927	0.306718233577045
-0.945812577573291	1.07554496352137
-0.705185250693239	0.619915658293996
0.141723086436851	0.124700290304777
-0.679879936231666	0.475593215155469
0.567631661161502	0.562730041010598
0.0462134336438105	0.0267230114592212
-1.04394441661514	0.826654993219858
-0.504759357017923	0.380092985609223
-1.12851962631259	1.46752649990073
-0.57705675323896	0.561967029149307
-0.895020011902864	0.737641473629628
-0.47339813142188	0.400651021198383
-0.684727841651456	0.47744797439262
-1.08881085120728	0.737746878935113
-0.798644211621625	0.526013086843439
0.0284762909296152	0.0165835315707977
-0.636959492719679	0.156887069567616
-0.335368050183621	0.200717164188994
0.15985959848327	0.0844333466671486
-0.652351319776895	0.384697770172062
0.83564933744031	0.356374472235344
1.10117647551701	0.828882637477394
-0.950995355784714	0.5812231287938
-1.51833170548507	0.550474500519343
-0.947873601114413	0.577858320833396
0.296645961122914	0.213017603157107
-1.83290735276733	1.1561472364467
0.152888066685811	0.0661441723436905
-0.254011904057486	0.188272129831841
0.307034915372801	0.197551729976188
0.82839895625885	0.353767602009201
-0.782479808833709	0.425497759383064
-0.602861309441604	0.489436644434607
-0.37777243476825	0.32798033159783
-0.541731913423168	0.451513674103299
-0.230453566121762	0.149746226110012
0.154261710674562	0.0594576449278038
-0.385855199399303	0.264168352308809
-1.49395795110989	0.765135241638034
-0.391853018895284	0.164211548410465
-0.448165303965341	0.346182181427473
0.612259531218629	0.570443636604138
0.160706012337093	0.091582750448503
-0.3332981393822	0.199616262123234
-0.490364513251168	0.257104441322538
-0.334918151927329	0.237280557423284
-1.32049225795379	0.823270430998809
-0.492810500043983	0.258307671221628
-0.936998048669185	0.683452602870219
-0.383682362078692	0.334296505694824
-0.849190055209197	1.02709597242966
-0.465584752107389	0.309393618590845
0.373297466203731	0.32649140163103
0.178621413553423	0.109651092667731
0.295211784160818	0.211585822998365
0.362153327127864	0.182079229896375
-0.49519783192992	0.259576133277492
-3.76101710724737	1.51893369847701
-0.721906540285296	0.25157399652224
-0.276391230694125	0.172699937621949
-0.798764363893702	0.685133337090349
-0.910759048181291	0.757714696103038
-0.110880809041276	0.065278822829556
-0.332637837819309	0.234866104991319
-1.16430805758089	1.0094068398197
0.330760128655509	0.182494917145077
0.790875715146193	0.7441383793675
1.39484541061233	1.06992725886345
-0.606073074578053	0.494035074736696
0.326041652230482	0.179177619603032
-0.0287911155274981	0.0135751476271762
-1.45124970340686	1.28411753997347
-0.0254794308090017	0.0120882157087435
-0.187716300316863	0.0999886435799305
-0.790794337018072	0.963710846906449
-0.556098844643309	0.584406898975779
-0.295034693456378	0.238377874512826
-0.167513384561933	0.114740746910037
-0.233551708055019	0.152013156825898
-1.2566856981818	1.16945728484065
-0.891154695495923	0.82250712235695
-0.385050170781654	0.392027898686585
-0.276591400288153	0.285448766684629
-0.269073110473802	0.321767466352314
-0.358210730324204	0.343095773880353
0.40340548398394	0.182616252433243
-2.633987980337	1.62694401335673
-0.6488109366061	0.630105656025947
-0.44344367164026	0.492531233072867
-1.34933138059066	1.10489840782001
-0.925937585887755	0.671033184529442
-0.546769938047856	0.344952144176791
-0.397642642768216	0.223353638477283
-1.32902524070871	0.834045071633638
-0.800576357882955	0.527041084585684
0.70533442652031	0.458923619759554
-0.221123830702358	0.0721545620197949
-0.504738307183985	0.379494026435995
-1.8376968015848	1.15923286640735
-0.550449953727942	0.347494442260966
-0.141065904193988	0.0509641882307141
-0.404407461531158	0.227408293287478
1.06752731610826	0.522572479332128
-0.671253146486048	0.466690108343664
1.32878135027003	1.54821654738213
-0.186413963709079	0.0995843531960857
0.825857711677719	0.352770911116929
-0.490364513251168	0.257104441322538
0.158098146078809	0.0542318936331157
-0.0897012534849223	0.0357634833940291
0.150763745232046	0.0725439188581271
-0.268399137012874	0.166931309743282
-0.513295933018928	0.19643545895166
-0.0146125850031849	0.00713793991346122
0.66054813419593	0.211473589304748
0.144765939190236	0.0625621516146272
-0.96970429808826	0.949246987508634
-0.693580449674017	0.547030510951844
-0.678758935380647	0.473463766573332
-0.216082437585751	0.0706900588053257
-0.538897851160213	0.337230182957811
0.00507354683751948	0.00434403699452485
-0.231562716519355	0.149977596209151
-0.143516882394247	0.0518303322908422
-0.395409694258559	0.345769490295728
-0.275392492705155	0.17250372960005
-1.83612355810009	1.66373272416358
-0.192228460035942	0.102667615138109
-0.290212217320809	0.210400641708359
-0.0816357032769187	0.0497663437658806
-0.199170243337007	0.170346843582904
-0.690769857313756	0.547960291651439
0.175168104430916	0.10751674352274
0.154845026185089	0.0670171161365225
-0.021705197790356	0.0142459239907357
-0.0273476136842296	0.0175953088109473
-1.56185747400011	2.06521355429835
-0.0352743946930915	0.0226986072019135
-0.616610096890998	0.503734886833999
0.19335275657716	0.154429693824418
-0.612831010937086	0.643341416950767
0.614110531362701	0.573190887048802
0.270428391593688	0.246390559149077
0.0202982215504255	0.010928904518876
-1.56529832514974	2.07986195680657
0.51987474735467	0.630919036697764
0.378584166064749	0.320642004245258
0.100966210743436	0.0782302972121186
-0.843180346046491	1.01596444277666
-1.21898937384789	1.4186922772527
-0.296869834085751	0.287723473280011
0.0582550732822534	0.0473007485719222
-1.81665873624948	0.752232883970363
-1.02081045464866	0.408933527207846
-2.58142672375403	0.684312616488773
-1.32708783588191	0.830440072130666
-0.347476635066155	0.101259316294087
-0.954877459073215	0.584713252751266
0.451057070773431	0.324160016289068
-0.0942322555754661	0.0666171540601313
-0.597536745791535	0.623122572515877
-0.211895102445549	0.177858054913092
-0.0894893380175949	0.0729348878481441
-1.44347904209402	1.53542126290357
-0.904101856148975	0.748378693762723
0.181702970478511	0.139339508257227
0.407451789420173	0.410005624352582
0.56644397294502	0.446698803164956
-0.786197606000725	0.669238643768721
-1.05808727729804	1.1054477848615
-0.0913246330702515	0.0662567777313216
0.193880803895556	0.144351316868829
-0.2937359244605	0.265526063869866
0.072429143575491	0.046834781503232
0.74144579241733	0.615174131539208
-0.920870527331644	1.10748870777187
-0.0136597223447551	0.00898961681930093
-0.151540519678045	0.0858079368222653
-0.800731389427671	0.612795059896457
-0.157661719916111	0.107840318881098
0.306988804052165	0.221625390297109
-0.578141380466855	0.419801534892372
-0.384496040300241	0.301877554142905
0.310594071810259	0.199294869686439
-0.186759569336656	0.12461005641729
0.176637049296724	0.125736581779488
-0.235101808647127	0.153126188370125
-0.116602486450478	0.068716640590515
-1.35158619703699	1.34602181923795
-1.00710478391671	0.904041281076599
-0.662444336482394	0.728199205972642
-0.306374907107445	0.140225095673745
-0.080227973570119	0.0488766975463349
0.175451101226606	0.119409256984936
0.988688643766946	0.799024249417164
0.588333329469417	0.566728017981187
-0.406076065649347	0.280645042967379
0.316006613243571	0.188991873920329
-0.556629986348827	0.586016335707601
0.61235182658802	0.46117789447116
-0.236091413305173	0.153684151496946
-0.923560158177782	0.668804626644928
-1.15736936440278	1.00400314805696
-0.317791493888903	0.2830176430087
-0.925458508133851	1.11265407597491
0.474401659628712	0.3214341414931
-1.42321784605176	1.71898592090211
-0.506534930277092	0.381040497620763
-0.332120648286344	0.234459227792921
-0.46855932229105	0.311200236724252
-0.641701309935745	0.621146821813373
-0.905310774780208	0.751558591911738
0.300374039795598	0.205225249306789
-0.329424252190357	0.197070022364334
-0.20252948527512	0.108396937480823
0.792889076964619	0.622871484496941
0.601861267620346	0.448934678830263
0.371240264131137	0.186715478544219
-1.94072290898744	1.89365742508072
-0.18961564039573	0.126664767428067
0.014230577239104	0.00779338164017996
-0.801070845694641	0.614164612891422
-0.794510958517256	0.521056129602981
0.0596585264302085	0.0384528152551208
0.176974243398739	0.120663131953661
-0.773635370852966	0.826250974914483
-0.179160953266752	0.136415144709834
-0.179670736929547	0.155393819910481
-0.672261700126497	0.782090340945538
-0.261190138515382	0.194648604238951
-0.0671107763921946	0.0493153319729445
-0.422671731810198	0.457875389482107
0.121260390314867	0.0981396034033218
0.0719824292779878	0.0616589856930092
0.27520100110397	0.229892364935131
-0.333177637956701	0.265223235994791
-0.385767795961555	0.365783667673072
0.270686457117241	0.277555386313067
0.539157368404304	0.704632676234456
-0.0729412980221693	0.059910058866956
-0.46990566586925	0.499029448969073
-0.307685359206378	0.272465371262576
0.357770486031374	0.420351704263544
-0.45187970519066	0.454186180537097
-1.27428878983577	0.582639355082303
-0.22040475323253	0.0720313901877078
-3.46478958027201	1.25928131143948
-0.637509639132058	0.157280902410938
-0.514841514771698	0.196884496743197
-0.342526998757891	0.100043172269755
-1.14241956815201	0.351807769829277
-0.0961715583055109	0.0383226667889411
0.107811621823807	0.0841669558478812
-0.350619280443731	0.334656296598725
0.111094640461855	0.0844605503871511
-0.162829293757735	0.126633866342342
-0.227932580702755	0.147213934679243
-0.921318052034946	0.667827843691583
0.41445269226855	0.327840890522842
-0.911937829017108	1.15354340920193
-0.31673427954955	0.301915148600492
-0.000836277743649672	0.000599001083736229
-0.218302577986427	0.164894957509375
0.617929490493958	0.578074125073657
-0.447132083748219	0.446091714896055
0.942397932047152	1.25829279953366
0.0958406465082883	0.0723000304184167
0.722377946452825	0.98879981613172
0.0475437409862341	0.0365992538922446
-0.386476233806255	0.33684930765776
-0.42355348768985	0.363749453472496
-0.973895954814844	0.957132588409819
-0.463869530333029	0.4312595757587
-0.0138440297770203	0.00913514786092752
-0.195518157916316	0.13096637620919
-0.264169128918709	0.216165499663905
-0.109986695286222	0.0889442917365526
-0.537111656791058	0.532144127848213
-0.281718694286259	0.252715987625549
-0.543527684910402	0.342483341986024
-0.469179741205539	0.43839836877862
-0.710673887669018	0.625716074440057
0.33751366555901	0.327302569329004
-1.2213479396114	1.43220532021067
-0.048679939932411	0.0362546305635025
0.17632792940828	0.114351715966924
-0.796082745871218	0.809580268921369
-0.972076748691069	0.951551611082672
-1.35034346869271	1.34638900727539
-0.186447828956702	0.14279904108491
-0.0259651584981183	0.0123145250453466
-0.310827574518351	0.143030375329262
-0.710487439032427	0.677963153872987
-0.0591980896763479	0.0371404950096717
-0.685579032520096	0.47776834729948
-0.393037626931735	0.309115797212099
-0.466000931625444	0.434839447893879
-0.222074696845803	0.143604914527626
-0.0100662280701231	0.00666032460156051
0.469088453564453	0.317684153454521
-0.329014033368197	0.196645350571785
-0.6066044979255	0.291574679111263
-0.712462888785301	0.679376883967641
-0.50763303506999	0.193511761649216
-0.15121173662181	0.085320733845348
-0.679277859495655	0.474091598610491
-0.105430715290586	0.0619857807524765
-0.247806849087561	0.123398258905838
-1.33257526437763	0.835353802342332
-0.191418303787382	0.102576061378687
-0.795675538863056	0.74800078423342
0.147680166358323	0.0777312965115775
-0.458801334770223	0.303322809492414
0.173888815108522	0.128259773956972
-0.603025603392139	0.630417512270636
0.0103818877771212	0.00852069602487805
-0.242878810468069	0.223065271833854
0.191478530886922	0.161973802057059
0.109500678714482	0.0922165294575928
-0.514719898190681	0.630857149753898
-0.170933222968967	0.146878196512711
-0.0673074763331641	0.0652956639022458
-0.487257157152086	0.599728658735781
-0.141644545620362	0.133363551846796
0.470242075898013	0.659638970422185
0.06323975385888	0.0597638861955103
-0.165369312276335	0.176237807457317
-0.395832660138126	0.447138601494086
-0.37340950137455	0.423274998608334
-0.143207758412496	0.112931736208694
0.863886573217889	1.42268027461495
0.424557510209068	0.509722267117331
-0.553274100402316	0.581490513436375
-0.779633689010977	0.421969278454096
-0.147540071935549	0.0532574291277169
-1.8009224274669	0.401413641514774
-0.786321151781696	0.736671776209493
-0.478692855530674	0.405718423655907
-0.410371823499779	0.44152397118091
-0.0241138175859975	0.018415993263787
-0.278567002488281	0.174493527005038
0.534744441536618	0.306294224968245
-0.46198808835278	0.305692612819461
-0.0227220424810288	0.0173676141771638
0.357946326596625	0.331751418202916
-0.137384986267467	0.110413606841993
0.127396206849666	0.108490521461132
0.619330287268895	0.578324255267054
-0.22703500854996	0.222783879274571
-0.147425521335015	0.116658629363382
-0.429293129102292	0.539814866315253
-0.00781955528258878	0.00607266013820994
-0.205417685345723	0.187957437101128
-0.440800220590451	0.519741949845588
-0.892686993665245	1.23794038606585
-0.432360438864238	0.460190927520781
-0.580937180226623	0.679507265696081
-0.172397643178269	0.148261943437578
-0.830978764974943	1.15179055896938
0.560841632934402	0.645133794092105
-0.523906701569111	0.583173076916673
-0.0447163982457618	0.033766289809538
0.0286821457671194	0.0212816212100701
-0.117584871064371	0.0934467125162075
0.12629294589615	0.0994648027317108
-0.566584765534134	0.514979343433547
0.586556080618526	0.736521747521006
-1.18275466806823	1.60718202273311
-0.306934611216575	0.271871433986314
-0.346033607259705	0.304696180578316
-0.550148333652324	0.578116532956342
-0.234913038031221	0.21450491220557
0.268125398002991	0.22193660439831
-0.781761660581841	0.845467022804991
0.299504378060069	0.204298222083224
0.18425301235498	0.131465918807096
-1.26531155145408	1.17975650229492
-0.63821590957127	0.785255447066955
-0.234683557397307	0.178470789979647
-0.53400144353791	0.527181050123949
-0.639611547990771	0.618120208740099
0.0685094520082899	0.0442068723185298
-0.0852209074524887	0.0519022587598546
-0.32476388664076	0.192844475682259
-2.02960386367026	2.11362982898665
-0.373826415733425	0.351791807682497
0.334756148628568	0.184269202065157
-0.447442693579643	0.346102522896835
-0.858687757643083	0.981709003491711
0.799112515037006	0.629324352522269
-0.060016014373405	0.0261663675752829
-0.28415921095337	0.178432000923958
-0.467962563624674	0.310949775889904
-0.561305779567889	0.509492546938425
0.449623635043644	0.182709849138681
-0.00199151853813415	0.00103422398227512
-0.19717631917971	0.131904799520536
-0.0795891039597918	0.0484864143214385
-0.253960310966086	0.188837352397588
0.40442432123072	0.318060980570541
0.0914482831113381	0.0643977009806893
-0.165173208257017	0.144432128948794
-0.513192936627224	0.607037831352795
-0.343256533020049	0.396822039417376
-0.375687754440932	0.471724910265216
-0.27208325223738	0.299722478256035
-0.755074072500267	1.37477756001649
-0.44237712367237	0.579691274741235
-0.277487521050132	0.321519731612552
-0.253663005738645	0.262439452978939
0.0432753904620758	0.0389683604777514
-0.479913972367218	0.474972137870285
-0.776596185368232	1.15950750458993
-1.43294887146694	2.65082290567632
0.497450859895394	0.444312621143887
-0.565210415799675	0.514336616611809
-0.342526998757891	0.100043172269755
-0.347136350857903	0.101509886664517
-3.09018140585655	0.975319743554836
-2.07521784841092	0.959891949668061
-0.147837802508362	0.0835428972620801
-0.183453502683484	0.121902794922712
-0.843454928028401	1.07087012614487
0.345268242704233	0.345048959326206
0.178305404856753	0.12139353562726
-0.546405622035825	0.343548368678336
0.91758977963568	0.791015769221469
-0.948783074428195	0.578983513041556
0.401969589228345	0.414165636752333
0.430293275245189	0.427166917316443
-0.0703948439437772	0.0518626147648299
1.0098167216685	1.2021932436013
0.118562616776447	0.098071629346069
-0.546079888122619	0.731364107285062
0.588476528104974	0.645291693694497
-0.210046168305843	0.207116539784908
-0.224174443694092	0.235247964597085
-0.537742936408469	0.603246899223188
-0.0482544265715184	0.0359337537593106
-0.334444561770425	0.34518562560828
-0.198525273066583	0.180331415497536
-0.278481918982583	0.230390010480215
-0.0416275358667837	0.0308530106940259
-0.580535266946405	0.650172962652788
0.182268363485605	0.135078156135711
-0.396924208710061	0.378374702441502
-0.489297901914297	0.416455849043661
0.844952627211964	0.888450763637463
-0.0352244331263151	0.0226634659004421
0.642221352267175	0.766338037494323
-0.86038997439922	0.985645768610201
-0.778267686060294	0.940601967979854
-0.712514511597603	0.681646104239599
-0.649658224221716	0.670492662616839
-1.0132341926546	0.908558441453565
-0.309488259134105	0.252672010320939
-0.390386982435816	0.34156463088009
-0.553666607916095	0.499177944073186
-0.424279602268706	0.364395703058806
0.00263418013065018	0.00120253748153404
-0.0482655377228936	0.0359137550847526
0.332567582209912	0.183518115051992
-0.611617815518791	0.499573309677997
-0.424715100718201	0.364583254673034
-0.473631352167839	0.400241332355033
-0.435869175278885	0.465599197441024
-0.66523760385393	0.693032345098585
-0.608154048181697	0.290874581940838
-0.537416152296872	0.447675515954066
-1.55770724764619	1.49296789732873
-0.677907039976692	0.473348826012572
0.316419008446587	0.189877453647956
0.179137125180222	0.122200946501932
0.907723686895637	0.492038355261913
-0.228841983010156	0.148662826440276
0.448690692037347	0.182381129521223
-0.078912320032342	0.048001788634216
-0.78606018525059	0.670871708027497
-0.282087502566721	0.176974916641202
0.191433056016563	0.147774141825053
0.169871992404518	0.11521426713751
0.0515729810222171	0.03163574531744
-0.630694762829149	0.739554163697005
0.0778407272501331	0.0526301418643496
-0.474049071005032	0.609823019314411
-0.499213314575388	0.620371451043789
-0.982065865742933	1.52932360777404
-0.514228602974875	0.606087463166911
-0.441640266385886	0.339691468270758
-0.645579122668022	0.379651291479075
-0.544612797332681	0.3427705158409
-0.198374737173247	0.132836289549426
0.382071309037559	0.33626588363262
-0.0971529274308931	0.0779826403628429
0.570878663443581	0.56556161732285
0.159384054306028	0.0841811307759418
0.827465419165181	0.353580301177974
0.688154428696635	0.323906142134684
-1.16843041530349	1.44962543014362
-0.535383594753536	0.529814841743222
0.403235621105662	0.332342086766469
-0.502311789416838	0.377767341436225
-0.068131985910579	0.0501140189948248
0.433501809903035	0.430092166764729
0.601309081743373	0.665939279491641
-0.214964017156157	0.197989814719071
-0.186044854175754	0.142484599943381
0.0489317950138792	0.037575079396473
0.279067685111752	0.248493887363073
-0.652532872021079	0.674280494351874
-0.540358680647415	0.563092212407187
-0.416601119181152	0.390387162247051
-0.71550923511879	0.731944085037242
-0.346014177419768	0.277570532507359
0.76929106708241	0.940770378474871
0.105822206525682	0.0825636115750162
-0.309376703457462	0.252047627738159
0.442909715055944	0.317473926273291
0.320548746109324	0.207088974726201
-0.51355076486079	0.473107322344727
-0.399797014292979	0.275651282606885
-0.95032072995016	1.00862340575758
0.709097570238591	0.713430556199846
0.519259412183846	0.446805745669726
0.92953838167771	1.04109164958458
0.449932535427325	0.421837477955623
0.0474680968145514	0.0274231202578883
-0.332128771274075	0.264047419522623
1.08070839733309	0.660626750072371
-0.911999096179512	0.758432836297045
-0.118579252309425	0.0698655478112829
-0.631464770020952	0.565092807243694
-0.235679466279945	0.153340480350261
-1.84417533772223	1.66838882561173
-1.344026705347	1.10414074404699
-0.402438452012164	0.352789411564611
-1.10488562855125	1.31031008294739
-0.108813491150214	0.0639321089084309
-0.549480395219427	0.346749543366672
-0.770013684048696	0.338356895893683
-0.18814603562437	0.125618195016888
0.948799561890197	0.635042397433901
-0.0959539995954747	0.0382084843158701
0.607750888947621	0.318054204847347
-0.346797330227773	0.101185095553384
0.543256854380092	0.313111972475159
0.186921168255585	0.13355264801645
-0.149587137548525	0.0845208989000096
0.149644868946383	0.0716457799917641
-2.06439359288975	0.95463510943463
-0.486855568769896	0.254472487991094
-0.191901429261826	0.102417908554681
-0.049873904720387	0.0312144320458712
0.0335786823571256	0.0257069182681561
-0.57749922100386	0.563219692333931
0.694459997482967	0.603716564982925
0.281318527860787	0.227857163455326
-0.578141380466855	0.419801534892372
-0.129795988725058	0.103796741926336
-0.245311992040835	0.268235600773552
-0.621373425178945	0.722744796139723
-0.234779139158927	0.152694685531001
-0.786721613737327	0.798342447948293
-0.0258493833640466	0.0199736068433174
0.429022695491449	0.4376212128825
-0.322911773688181	0.191898628841201
0.32408300729539	0.209353838945235
0.0182615910799294	0.00986136904347007
-0.0858610114761746	0.0709546991264937
-0.437647027633551	0.434599402290535
0.800511569809932	0.862595409376645
0.717958068002402	0.807145603531328
-0.027214420941846	0.0178257322237993
-0.638769066105177	0.748415787178364
0.455554101167612	0.429871972020501
-0.499019684141533	0.619637086001292
-0.430139429879703	0.486739813530993
-0.269384345984731	0.26193379509856
-0.432105100449089	0.3728100607382
-0.161282452778794	0.125329741546128
-0.316227371971978	0.281987371377512
0.0464931539618942	0.03666634887342
-0.211090816956908	0.177137260509201
-0.109684119026309	0.0887684915609063
-0.530193222900809	0.520612927978938
-0.456000142238601	0.458944884148681
-0.385996973998501	0.336504215190145
-0.126476062086752	0.0882461754123839
-0.336874891640412	0.238562234597095
-0.041626577496531	0.0267771467837289
-0.384056101060684	0.301743639676937
-0.781569326569585	0.788822157115942
-0.606812449759573	0.492449349683175
-0.55976815209797	0.507715731283807
-0.934150214699099	1.0579026716777
0.0567864126268615	0.0348251295677582
-0.92797678441521	0.67428130464179
-0.877608508734128	0.878487990785866
0.412687425077355	0.325540165357789
0.47093316382715	0.430872482773285
0.31880943202682	0.206102462653158
-0.221381474348764	0.0723536757666175
-0.552704602740014	0.581733252811283
-0.344388384407595	0.30320988576628
-0.79062404330099	0.740798472630093
-0.246055883965029	0.181920307890858
-1.51867963642989	0.551199515777305
-0.908419121202363	0.754804080889613
-0.285869253985658	0.20716744260147
-0.189641577541631	0.145589499441802
1.57795148695444	0.796549970895992
-0.547344978020533	0.344236446773307
0.0124710167632442	0.00685806102565654
0.898528512682264	0.484433550281021
0.715939499696236	0.468441438223294
1.35721128148264	1.2353176281527
-0.330404815717886	0.197747455084022
-0.787772395537023	0.735759150557839
-0.918090180287759	0.664020301656987
-0.976136725338316	0.486099627797188
-0.391265768818464	0.163995996745211
-0.276794970309155	0.173517391556035
-0.118933810321139	0.082493041646511
-0.0600279327839153	0.026132927563054
0.290579745128283	0.218118931342257
0.652231008160525	0.588494933131093
0.288785699960793	0.195259028866133
-0.471773349437921	0.397910277973647
-0.346679464226177	0.278419917569861
-0.232471420957519	0.192772118093962
-0.359536420282334	0.433753679206821
-0.296731977195371	0.216299949181275
-0.489399342348522	0.487927325506019
-0.65426125568028	0.386458245905228
-0.39847585671728	0.274629643647933
-0.149122669460932	0.101565309613748
0.388981217203003	0.428225080565203
-0.398807600416921	0.274863403370669
0.159563873187938	0.0972031506322181
-0.0460081320723325	0.0286967465851613
-0.975288553297247	0.485765853390852
-1.53947461134632	2.23318257026227
-0.0588639986305701	0.0431187047914314
0.0947649883632729	0.0692352346083408
-0.475562682363389	0.402535728649619
0.480813728152439	0.516712817501762
0.00693770402743801	0.00485383026964688
-1.34955789891884	2.50196195667473
-0.637642964561041	0.782288608506577
0.255555506985918	0.230000754065161
-0.353473656219356	0.337630234280036
-0.0594163950880368	0.048365566533215
-0.222711163612808	0.222256055321351
-1.40685864841825	2.05304240310155
-0.171530948334105	0.147594749190631
-0.0954123535027787	0.0764444741944582
-1.02759035495301	1.15336211166961
-0.640458792436975	0.617231686202259
-0.377012466261389	0.355439996543909
-1.05768592960821	1.10505295948716
-0.385855199399303	0.264168352308809
-0.88433795858769	0.813253010604376
0.711443536059014	0.71607922392695
-0.998469241399268	0.887151054871991
-0.288834287424201	0.209304652170802
-0.324844851105225	0.193512437612542
-0.0239203131283642	0.0154289910473958
-0.50995317603632	0.3847406358876
1.48473506621245	1.47684274205649
0.650906703475574	0.457581336674572
-0.78355474212871	0.733126057546624
0.949729085176578	0.929794868826452
-0.714792494066839	0.683217320018767
1.0802734141359	1.35148075936617
-0.677523605461706	0.529148202917662
-0.394454859219729	0.271949899534477
-1.33447385125699	0.834455079517533
0.0156276714710995	0.00850537106269656
-2.11773193393466	2.33453361674784
-0.595839023711327	0.284629755904329
1.11006412450966	0.83795276664879
0.15881726178971	0.0904751610197465
-0.784415201156777	0.426077511710587
-0.515664063650977	0.389091847157582
-0.253231765605221	0.126059710249731
0.640967450620452	0.575343278126286
-0.158870918401439	0.0895756818291904
-0.407597389423486	0.229975059902013
-0.19905671729749	0.133450154220189
-1.34581269801303	1.10333561255148
0.995710720737759	1.17478634644852
0.344142967431466	0.315881234558322
-0.786682215406119	0.797787812933113
-0.665766774812239	0.460135883694062
0.786004422891364	0.737335997153414
-0.197463428594492	0.132174293858766
-0.300886528266005	0.219497062850428
-0.343452735805124	0.275257924099375
-0.921068136456976	1.10681117009371
0.185556328343852	0.126544903780328
-0.0886427314671145	0.0721626662904061
-0.876539245080997	0.874200376733539
-0.0689785167876453	0.0506014075208244
-0.12995666469879	0.115251616390716
-0.500544839544418	0.456354562090502
0.182435290858171	0.140199640810922
-0.339751867253465	0.329590075258799
-0.603337698917499	0.490984560663829
-1.29988912375221	1.91048752086204
-1.03617202954275	1.35681936419826
-0.0565347685260279	0.0422494191052068
0.181642333963653	0.12973068506504
-0.320791004490099	0.286465400925926
-0.0703492611466113	0.0518082860718857
-0.149076915657564	0.101226330080784
0.18975783107537	0.135949244946997
-0.294724064606639	0.214400910688722
-0.642282025969069	0.621693040949655
-0.182518123758834	0.121405982848366
0.297813589365455	0.203230175110156
-0.34289295041431	0.243600509606568
-0.682716265034267	0.53792160641061
-0.342610223885221	0.243265075424515
-0.503028542411039	0.460960100117932
-0.43439771441246	0.333168557437854
-1.15106599874287	0.986639790467082
-0.191687962265806	0.128188661582123
-0.0780056887302705	0.0474559870297475
0.381039633171536	0.323670796051088
-0.475646236613052	0.401279773993598
-0.439971859539837	0.338500781314985
-0.220508599645691	0.142338006215286
-0.00905418390550556	0.00445349288473996
-1.42184362674699	1.70472827261676
-0.543019597107685	0.342206870036029
-1.04869894467495	0.835129264417011
-0.637509639132058	0.157280902410938
-0.00518444138232543	0.00258444766657366
-0.31239590643884	0.297808379551284
0.0443647312026565	0.0256626182674496
0.172131044279353	0.10543336361632
-0.0166088931932867	0.0109382091134344
-0.68801129507255	0.544348565865295
-0.17076363090913	0.133425686785889
0.0754830240241019	0.048787037766002
1.96247717328972	1.23676845571283
1.1227928537354	1.00303411557955
0.414483190280642	0.310315224992622
1.08117972739098	0.662755810007545
0.653653037421474	0.460866687736797
-0.0813545397927993	0.0495926388117075
-0.396938501724928	0.273362608517813
-0.257892169199029	0.192211687827985
-0.471423383005916	0.397921479204028
0.157284355314823	0.0831228240949076
-0.260319614302343	0.193596409190789
-0.509678254733266	0.539359319901233
-0.853355731179797	0.973260583551565
-0.398972952763884	0.274369826295671
-0.790240451212038	0.795841977236831
-0.640771524813581	0.619826799025433
-0.125098161726574	0.0870690852077916
0.13076770729366	0.111837066594559
0.861281229695631	1.08044950048312
0.477647628216615	0.323343389793349
-1.13382555382922	1.24899532410356
-0.367482891188484	0.40105733148578
-0.538111153728375	0.532207787875576
0.581604718374509	0.55793145669837
-0.615331388028158	0.681803353847199
0.0860821530394198	0.0603968371662292
0.175177912026629	0.142384124490961
-0.389961677798631	0.339832389091237
0.636855364228074	0.670875054328227
-0.773104421457824	0.827721654168978
0.12070068182767	0.102426512914638
-0.443152883309682	0.341796936417869
1.17771157751157	1.79051033868655
-0.0531946270737884	0.033322157251796
-0.181787492518686	0.0968422470631092
0.0250137019804976	0.0134622450976255
0.168846190722429	0.109109913800631
-0.194812334989128	0.130389368843205
-0.661510706646677	0.687073888410857
0.302771196795854	0.207196776924119
-1.09858460156838	1.29485448394455
-0.643549522245502	0.621394616267554
-0.238409755219646	0.118785389268417
-0.28104591220856	0.176546494480425
-0.333163876860805	0.198684350630496
-0.190464114002734	0.102054117076289
0.667514229625093	0.472177512052281
-0.872391630179166	0.940427477688374
0.299246919140124	0.203972480284111
-0.264022097960896	0.197116256661386
-0.152480937488277	0.08621191516726
-0.790586207556611	0.678157483381631
-0.783394969248081	0.425264477560176
-0.62735890877267	0.56140503351818
-0.33143138722775	0.26319914590485
1.4420767310292	0.484387465743625
-0.549965601488843	0.34728697644789
-0.35232853376366	0.336326698176151
-0.440787757648275	0.339956888231223
-0.235109648948571	0.152827311816753
0.0974708783731575	0.0731353710816861
-1.00228261936114	0.894358445804404
0.0324492489068407	0.0188135807297703
-0.291102936733202	0.210529612362432
-0.761672956855191	0.334299583160001
-0.727930992330886	0.25380129172308
-0.608270874517165	0.29266939968196
-0.042562054200721	0.0273068329945463
0.0658601784710589	0.0425318864061142
-0.535638672712288	0.445182371178611
-0.607122256264134	0.533072986166105
-0.145097086556301	0.114611012844389
0.755698811187963	0.83360410725427
-1.18965614945876	1.22127438646284
1.23272458198331	1.7231287295275
-0.000911585509243262	0.000642183640721805
-0.470447841258707	0.439830236993745
-1.04142583071165	1.3700429891316
-0.356174409182396	0.340435010470517
0.843179209721836	0.885654948153676
-0.627135428593063	0.560181022542197
-1.14173074601379	0.351630194981725
-0.728662384280633	0.252710874234489
0.471055308778695	0.319123683710331
0.0132004835392341	0.00913430514023475
-0.724713205891067	0.880725828870303
-0.269521065399929	0.221878418902045
-1.47968385189754	0.754741636107711
-0.798489964838662	0.526213807329679
-0.791491974522449	0.603498014220507
-0.538630994623977	0.533716038947068
-1.09395685196702	1.68519472430301
-0.486681331639934	0.484367616501736
-0.0243086410145894	0.0159420483585038
0.0103219886663624	0.00570419338746201
-0.191883532567916	0.163367084501213
0.197368756322558	0.196154023855905
0.692907709560367	0.795192665682002
-0.55604726273289	0.586240567308934
0.671558341431364	0.852280868387211
0.568461247480248	0.637135415374576
0.544682526344088	0.553672927330391
-0.00662333661309078	0.00439542547940449
-0.796531991680335	0.684387689135764
-0.00158530169724639	0.00108362129942737
-0.29303979694183	0.283074833816954
-0.213685845220463	0.160597490114098
-0.581175082995424	0.56790965841452
-0.544836548921119	0.569890849643344
-1.44406349955104	1.53707688277071
-0.803724075739511	0.53002674084758
-0.388567751529822	0.266590575210898
-0.340111813331084	0.203668498131966
-0.789163552194742	0.740762191223313
-0.542289560226561	0.452552304158508
-0.513376755693984	0.387257829216249
-0.152044279610008	0.103774952521697
-0.553304074483453	0.349014118919669
-0.279533820656536	0.201245176383914
-0.77621992627778	0.419062708241165
-0.949692248054638	0.579430672939284
-1.35490694246367	1.34234719389447
-0.60763120885051	0.49588053967293
-0.33946837867127	0.240847136132189
-0.440876493239966	0.439889448412829
0.939298703364537	0.250809511779044
-0.886368549538123	0.815203385923715
-1.18692652071357	1.20971868408316
-1.01771201202461	0.911145601472116
-0.385771769269785	0.30335101731062
0.669903363513283	0.215634804708644
-0.0851813505330556	0.0517139853081725
0.00743308413027861	0.00423458147793941
-1.49451342767239	0.761844560564074
-0.151914456871281	0.0547376712442449
-0.0908116219887108	0.0361884083167592
-0.503469301664356	0.37810619562005
-0.217504155978279	0.139930426847795
-0.438229994923568	0.336984271569021
-1.10021645028878	1.05773068884034
-0.0541519337809747	0.0339117834788379
-0.634375998595292	0.61047434169565
-0.238235248810457	0.198307350580562
-0.465824825409359	0.433644433612226
-0.145423343001396	0.11497780567564
-0.236291942575135	0.196538487672269
-0.0322196284701076	0.0274900722736543
0.0193379577677014	0.0144263939502754
-3.09489089442402	0.975444632247073
-3.08660653838605	0.975157312690119
-1.35071427047288	1.34492613551455
-0.258460807778039	0.192644568392633
-0.662995760497137	0.726334937531994
0.178236467925186	0.131664123892608
-0.408328848427599	0.230105392706732
0.164312819904197	0.100358585618337
-0.151997688150687	0.0860265000795076
-0.151083494679837	0.0855572711972288
-0.158381492172552	0.134592054640776
-0.232200509785027	0.192560627992058
-0.166952687846896	0.114562076024615
-0.350539063884239	0.309857137970446
-0.0176329744660582	0.0136084227837728
-0.792399234360903	0.804763112541585
-0.568215514827485	0.630112098876507
-0.13617091077239	0.106774728604043
0.828676991923712	0.968854932077296
0.372924382204193	0.327365977228783
0.694775512176073	0.894058678119857
-0.345328357390898	0.328522404470717
-0.0239750949676218	0.0157301997591375
-0.145974911366523	0.115293017093894
0.0990482814233283	0.0725091410570381
-0.657153276504749	0.682526686331591
-0.302894504311587	0.246279721091906
-0.293654107280163	0.213687679700644
-0.388887019128884	0.266610984476296
0.0507394640395619	0.0293476282321212
0.381402477909847	0.323673691679238
0.18035793826359	0.117090633637328
0.336684109740054	0.185694187479509
-0.795089576033526	0.606338981157079
0.152333554816668	0.0588163373718562
-1.0956342726349	0.746020099092103
-0.437288515301229	0.336090770023979
1.13991600183663	1.2813868836467
-0.78908633858365	1.05404877442579
2.37362628960515	1.19874404155213
-1.60182107847441	1.89733260370296
-0.52367237515023	0.513258182210976
-0.583742507825155	0.570853942802293
-0.892768502889106	0.822715102457328
-1.1369959875473	1.25720806309158
0.0442446369401255	0.0255868066995043
-0.146949374359874	0.0831253240955162
0.789473879209175	0.470305751472723
-0.580616837897017	0.420599968248207
0.315937637100707	0.203659120853373
-0.701795413893742	0.666631319578728
-0.213216235163869	0.160240708855515
-0.115562261434622	0.0825554156159056
-0.402048956636619	0.27795770796366
-1.05779326298529	1.39814222880855
-0.350853379458314	0.334782637328051
-0.466858404300905	0.435697910645964
-1.13347893423567	1.69352140565525
-0.102125268683665	0.090392444688643
-0.23191326242676	0.228834487191182
-0.184467352801988	0.122792479330956
-0.778161902065523	0.984314335723513
0.26705203087106	0.228457395245947
0.326347016645153	0.196323196405327
0.156626480514056	0.0604963463651501
0.959498049100101	0.94197761365381
-0.601586783149521	0.62850914623073
-0.109459252684829	0.0781389566983573
-0.148649600867916	0.117696535168557
-0.466002127614545	0.527786325005505
-0.309319976514433	0.355042250591154
-0.304703148342562	0.314888693907739
-0.0712788641794838	0.0684949729632557
0.00286395546413085	0.00247976205132444
-0.713570256697594	0.729416986633216
0.404006152599477	0.33326288110211
0.340810984223526	0.33199169641166
0.314059179502221	0.337812354414449
-1.05779110751736	1.3974501776436
-0.190632016589367	0.127072159703357
-0.3399671412175	0.240694242212
-0.0969008811577806	0.0686157894005749
-0.790395879836759	0.741718974839406
-0.782479808833709	0.425497759383064
-0.699202361952169	0.613071521949014
-0.349170377061393	0.280734714997397
0.61815118838275	0.57798135744201
-0.724257024616869	0.793035861515013
-0.214123379998796	0.0699227235538962
-0.504594761659538	0.379619689871376
-0.773531194562073	0.826696388175806
-0.325250744115315	0.193852496775261
-0.225430627824705	0.190955281500883
0.112785660820893	0.0908256837590961
-0.24357465167223	0.203499614615659
-0.156021984357939	0.106651070901677
0.174228116634815	0.118585368406879
0.153342555464413	0.0806752398559661
-0.923929055595719	0.672018036489386
0.44993261268141	0.182659347852875
0.0397091826890215	0.0230261879407883
0.162398503068276	0.092715405171317
-0.791206968692415	0.519438578167816
-1.28992393032553	1.57631425426652
-0.623050117835599	0.556065290510887
0.302284450348	0.21727247583171
-0.234543019698995	0.152716520535151
-0.318924895902536	0.284975692394426
0.203110898093854	0.190852567233658
-0.21550993458981	0.198050832601916
-0.649709006248289	0.671472716876553
-0.109230409106106	0.0640040858435331
-0.406626206575466	0.229551273036955
-0.276391095563201	0.173267794984199
0.402569828493761	0.331122601373733
-0.348288517524667	0.307314248030748
-0.692916582536477	0.550376865404006
-0.801853196774791	0.874086616658158
-0.615963065901208	0.683741403012292
0.184160455027132	0.141773282672719
0.0213938416577773	0.0153383887633802
-0.0179131879177036	0.0117771150871454
0.568774497272362	0.564221377321747
-0.705850993671447	0.669633606750073
0.969527844894561	1.4571520134698
0.35881750674705	0.322796446146487
-0.290778364977737	0.210914155363436
-0.61213460991829	0.677604667958316
-0.53521331275364	0.621906322447373
-0.407573057344442	0.229781427454295
-1.00031833949354	0.887239585199015
-0.237724982509181	0.154597873017249
-0.0809531226910746	0.0491980478892428
0.00314853664145856	0.00201775084278851
-0.574710650762474	0.415945855160694
-0.799797250344799	0.613693141611441
0.458625087308544	0.433189970929452
0.935072365625058	0.249598704803732
-1.16676642539472	0.653693295787917
-0.782998419695875	0.792516143001759
-0.509233366117529	0.468630961962078
-0.14639018182942	0.0824667022238051
-0.720499290229633	0.741275327224742
0.034775703221777	0.0265814166988194
-0.64248944083483	0.620439041114191
-0.0736346755186558	0.0605243114644934
0.186740407785794	0.138839569629815
-0.108159139231626	0.0635556093076382
-1.16100955869976	1.00642332833915
1.46691129826459	0.915950093209806
-1.27902445853406	1.39236486118627
-1.01747136044355	0.408269330515601
-0.483669803330103	0.252166483021707
-0.0869025545059569	0.0346424907904693
0.666381294485655	0.214481042382208
-1.47434782955037	1.02488978075624
0.00995846060151508	0.00556452657552366
-0.556970344492908	0.350642631129177
-0.510193603406986	0.194934000466999
-3.09018140585655	0.975319743554836
1.45528056652204	0.487995449451223
-1.26965711158767	0.579970689675105
-1.61170628431902	1.2305877832889
-0.180482919046941	0.0959960762597117
-2.46932405257007	1.39370332170556
-0.199608756896878	0.106914871656015
-0.644647023919741	0.378773968561179
-0.217606028732394	0.0710361075162089
-0.0597688889188469	0.0260168070124319
-0.096508744195952	0.0384424509230555
-0.51168515094315	0.195021292876275
-0.685004794809924	0.478808965712346
-0.515117986301378	0.197241312249829
-0.636438389477554	0.156998062672413
0.452349272693765	0.183852168557725
-0.723407361182732	0.252081836804318
0.168166724727626	0.050431279929063
-0.720885051656636	0.250598309067814
-1.51759021741262	0.550484114851072
-2.27752140043486	1.16650892624748
-0.722656757230261	0.251937110505122
-0.770007001973875	0.338200932251437
-0.602151025648749	0.288882306181663
-1.81811777909537	0.751424160112118
-2.11845169388521	1.61589989345881
0.6645527926843	0.213454144615325
0.148152592386839	0.0639852251544954
-0.139448258990136	0.0503552670494229
0.787394271841508	0.470287084764648
0.149694283219437	0.0648058155505095
-0.71841689794844	0.249777152570215
0.147168767139499	0.0568586827414826
-1.82238051467798	0.753101849209249
0.164642263465142	0.0495275308334802
-0.356482262612355	0.103788921703605
1.82393551449113	0.726315315015904
-1.02126179208727	0.410975081816502
-0.513691081166878	0.19626521346256
-0.396735279341107	0.166251133222359
-0.637509639132058	0.157280902410938
-1.14781664720768	0.353699707342604
-0.378619187684546	0.357209617460072
-0.793077353586582	0.962574197860443
0.0303318050121096	0.0176253064345469
-0.13417985458764	0.093865926771894
0.533480349284675	0.636685694576097
-0.730775203027084	0.848333015288757
0.108386230394426	0.0869509996230626
-0.617472307341958	0.683669183147221
-0.548887323191971	0.345644198302309
-0.0617900149340499	0.0269508999408355
-0.108813491150214	0.0639321089084309
-0.793101949596968	0.863462647442522
-0.636563940499267	0.614453289262535
-0.160690491790168	0.124806558603921
-0.021247521027299	0.0137397202784481
-0.29687349146626	0.21597436762986
-0.0897012534849223	0.0357634833940291
0.32875331688519	0.197997378947421
-0.148797047054797	0.083865618830695
-0.00955416098459128	0.00627627763478411
0.0430539173885997	0.0263438970947624
-0.113636484434438	0.0667086801714713
0.269674657957325	0.223490071199848
-1.23602444218735	0.926680204869985
-0.39700686630063	0.16657720775807
0.189032808678628	0.129285490151809
-0.180955953247289	0.0962242819576294
-0.247997101380743	0.207814318400815
0.386347853988884	0.328843197495219
0.846748158340016	0.888894864309533
-1.7422544299661	2.26244721222632
-0.940710324160289	0.989400537355979
-0.787593344403705	0.798836989853977
-0.710268009601531	0.624148592766342
-0.344039133893539	0.20619910298626
-0.236209097638692	0.153909199070682
0.154558218006742	0.0596434642894441
-1.00479804430349	0.899884207545029
-0.198658057029226	0.106345417132696
-0.306597796794792	0.140759029028169
-1.84232896801206	1.16584108778371
0.000453431028873767	0.000134545525554962
-0.201577823372377	0.10786893589263
-0.388464802434412	0.305561950076403
0.000361797606176401	0.000417927540891429
0.910034969789545	0.783918404564687
-0.605651435668928	0.493493272518306
-0.880731947865158	0.88373519444069
-0.193051291969645	0.148602773518129
-0.245468890029226	0.205447159935123
-0.432105100449089	0.3728100607382
-1.05433028051988	0.841137958933701
-0.441499700678419	0.340507707383077
0.0742464076933785	0.0479180296992005
-0.238939645449743	0.198866623203299
-0.946226451442846	1.00160209941259
-1.47782054469187	1.02688778579296
0.159384054306028	0.0841811307759418
-0.607159726923454	0.292089164164453
1.00280326379984	0.816594090390833
-0.00420816882359953	0.00210969859666151
0.152403253482447	0.0804386181384535
-0.650354384742137	0.382771636332045
-0.485322254504648	0.253465153366494
-0.401896283348977	0.168274721898926
-0.553652171672072	0.349949695475629
-0.243101202732828	0.12133460980815
-0.0973390379072248	0.0688721645469626
0.935072365625058	0.249598704803732
0.365552168453662	0.183847552741375
0.0665482185724331	0.0428252851820324
-0.422271793495387	0.39716914016663
-0.69023568039366	0.482085118323162
0.954733369008004	0.643770701836052
-0.300508880687358	0.243401196838414
0.181629838624455	0.118004676955148
-0.394893803132068	0.272367788885487
-0.511241807082356	0.386068686439531
0.0657736142003244	0.0402865683998758
0.146073687451661	0.0700968281384464
0.165623266685478	0.0566441790580975
0.532814768867822	0.193864204311051
-0.0936153822407014	0.037234297410612
-0.793750028221044	0.520523387251306
1.65489732950244	1.54039473660035
-0.488490105941168	0.255951259649041
-0.438366998413011	0.336905828060872
-1.60385735804048	1.90496279912276
-0.122510405613584	0.0977987220148182
-0.586014612617235	0.573091715176001
-0.905479518225063	0.75248958975014
-0.0918082131082971	0.0560038805835552
-0.577491172431527	0.418825819936828
-1.04396875123353	0.832194077126855
-1.18417263328701	1.21058849412257
0.00282417985503258	0.00127908467150482
0.862140747833879	0.632377986156499
-0.22040475323253	0.0720313901877078
-0.148480471682227	0.0535355693108311
-0.0211625094802198	0.0101088800725395
0.309210043913661	0.198222891327181
-0.947363147324698	0.577297034494558
-0.318896111048997	0.14638911189687
1.09627449393928	1.38636028392101
-0.637509639132058	0.157280902410938
-1.04304584551746	0.83102684917276
-0.00534557508936606	0.00355107857757624
0.319278691531742	0.191832330353989
-0.0632990365005817	0.0275622284651316
-0.214679803356389	0.161484974315623
0.997478474459564	0.810081130917673
0.439968230657828	0.314552850002318
-0.0380060437714204	0.0177944918647112
-0.111753748858871	0.0658273261395997
0.158106662910899	0.0610075848223268
-0.193859159395369	0.129542075721866
0.153579839740872	0.0463985633570496
0.541002658552445	0.311115400570981
0.456124834919805	0.185373171183353
0.153043243304895	0.0525994638842455
-0.970971203315627	0.483077229419228
-0.100753287335091	0.0400445225634532
-1.16942907792571	0.654856106382552
-0.785030357051936	0.85096043653187
-0.345345998771422	0.277059151226771
-0.773452793573176	0.977732138223368
-0.665825163550532	0.770971935457991
-0.0478165499287985	0.0299135274374752
0.278410104149463	0.240189063617387
-0.31120792333768	0.276083388294813
-0.190951353133523	0.162538696241265
-0.796444758545912	0.921845598418724
-0.248086789142713	0.18310618436427
-0.944788006866418	0.575169285194677
-0.243454151648599	0.121323309161945
0.450736818036158	0.323529106622604
-0.34050696737501	0.242016881490414
1.76463799746373	1.36970352850841
0.847972764088407	0.768851278055638
0.373625647220708	0.3279728001874
-0.348964786734811	0.101837107016821
-0.678436760853385	0.473654197547435
-0.30130431807126	0.244380446582083
-0.0406883873362023	0.0302173237160428
0.78041990013146	0.609023854252865
-0.0712006682220886	0.0523983494767877
0.154761683036979	0.081478451940017
-0.585720639117158	0.574087161278634
-0.696734826699373	0.609080332327422
-0.0117838097106309	0.00577722110098759
-0.00534557508936606	0.00355107857757624
0.152333554816668	0.0588163373718562
-0.109165712633163	0.0641959980251546
0.161651591613021	0.0926046776725556
-0.524602909006563	0.200773062617646
0.472239819866344	0.320279997566967
-2.47014715497192	1.38905107741896
0.182016467072029	0.124109354894464
-0.512575996507787	0.386312751894649
0.149003373902822	0.0785055999798841
-2.46900999935507	1.39208488429023
-0.165175067289055	0.128565736163725
-0.00358335118653487	0.00256265699768206
0.0447083310881293	0.027350760062746
-0.351716194856023	0.310849384511254
-0.552200107992469	0.348466392930861
0.301902672372845	0.206418481661569
0.709428854385289	0.461510163716598
-0.295611561519967	0.215074487353222
-0.336048345203344	0.238383971921733
-1.14241956815201	0.351807769829277
-1.84312615106115	1.67170121065554
-0.18492282160363	0.122972347519329
0.282890702772546	0.228665453729012
-0.0925980068176476	0.0368806029120303
-0.270233509671303	0.168692884771207
1.06274117371561	1.2301048156163
-0.475751968721987	0.403109925873923
-0.197184275384164	0.105572762862175
-0.334193947907629	0.236310030524606
0.150128985586017	0.0578418985080289
0.999703345323909	0.808817065904189
0.00263418013065018	0.00120253748153404
0.160914434221123	0.0552474007488785
-0.516523767661567	0.197503227221547
-0.275549920756683	0.172583562090138
-0.513295933018928	0.19643545895166
-0.48634427255434	0.254227556483518
-0.757927236874105	0.332077461758512
-3.08660653838605	0.975157312690119
-0.978193080901284	0.487298612728869
-0.345019014865173	0.206404847023952
-0.699605059936916	0.556262178330307
-0.794374170609191	0.523063193358466
-0.455384899257307	0.421572640026123
-0.184265726912907	0.144729153740239
-0.582768913174039	0.532131518929417
-0.977044422492539	0.486743487685973
-0.409632953427546	0.231064576591688
-0.186409507043663	0.0995064560820706
0.785958913417955	0.615983994980543
0.286277449064391	0.223808318042552
0.943029051172106	0.251479485037243
0.31186958684914	0.20086714121292
1.34589891777447	1.4114883878919
0.497658729169468	0.444398879217573
-0.116832724887158	0.0685746303646258
0.486278867604177	0.430575659500923
-0.53749096366015	0.447217807938861
-0.975047879026306	0.955272379962894
-0.246450047147578	0.123145761447775
-0.463826300444337	0.306998227479235
-0.391221006087443	0.164172689294787
-0.524602909006563	0.200773062617646
-2.78961000257148	1.88340542142704
-0.310980473034598	0.142943320660612
-1.09749199277947	0.746833585708175
-0.106733380364381	0.0626949136620197
-0.440226872015936	0.339561351996976
-1.32233454427629	0.824880271864117
-0.721635104470276	0.250959824058763
0.604930048958844	0.31571977026116
-0.242758726404225	0.120750264443512
0.32046435684232	0.191954838130435
-0.60721086869188	0.495400352676045
-0.349282114058068	0.308511433472189
0.158729294236089	0.04043260950787
1.08757427564567	0.666887348602186
-0.785621320226109	0.851608515125555
-0.399191397543485	0.224701604041188
0.175989828382899	0.134680224403521
1.61948801279556	2.05729717726436
0.169111053104985	0.103487534581899
-0.892503554776629	0.822230289643676
-0.143516882394247	0.0518303322908422
-0.143518895199953	0.0518583858402703
-1.27648393532012	0.581300229956136
-1.83471672389128	1.65964225806298
-1.23403334558365	0.926710509723545
-0.690249046274706	0.599671518559418
-0.656636307973154	0.678890593408327
-0.152939206559761	0.0864208880475423
-0.326924325951428	0.315464305597803
-0.760664609071099	0.333015011154806
0.498013936209955	0.311064674975771
0.550235862566938	0.317546037271343
-1.27597502762689	1.38683623421566
0.862843167292188	0.632524666644717
-0.3405354245513	0.241838032627793
0.308081864390814	0.19802055577937
-2.58142672375403	0.684312616488773
-0.504213507839393	0.377955288559596
-0.685575084373927	0.53932791740248
-0.104878984311157	0.0416165686233234
-0.0733660688098365	0.0446263609963378
-0.389978976461503	0.340923489940535
-0.0583941807626881	0.0365187436982666
-0.13084998560225	0.0914914073686275
-1.60016339077258	1.89786268564183
-0.334094072272001	0.236589593527143
-1.51907352369701	0.549621946077532
-0.97953192092757	0.488971745774085
-0.137001806541775	0.0495446265793543
-1.0949689536277	0.742864252382889
0.155588606215153	0.08877592195383
-0.558918936015952	0.50545017354099
-1.09478286781683	0.741390631735064
-0.787595370349828	0.854051172715329
-0.802094720388957	0.817432854283551
-0.0105324260205133	0.00700311584697928
-1.157400068855	1.00118427334663
-0.38977783456394	0.163362303429155
-1.83235434570023	1.15531147539716
-0.92820812562971	0.674648039923073
-0.218976172838686	0.165493232354103
-0.906823551931294	0.753007477416545
-0.0608609883479077	0.0381380459514613
-0.125977909629696	0.100704051821284
-1.8009224274669	0.401413641514774
-0.0410626331459586	0.0264112048186342
-0.909755878994799	0.756158736113106
-0.9086076233182	0.754814609094869
-0.448266339130073	0.346259074217527
-1.27279811587753	1.38374938802623
0.355304073975485	0.178249558782822
0.170179849570618	0.109919300492597
-0.215102781729368	0.0703679315225032
0.158417153836128	0.0610616004550277
-0.159012018467809	0.108834506617195
-0.469858338914775	0.396103046405339
-0.547230190551027	0.345842238316744
-1.18650635183346	1.20962818389866
-0.485705639131327	0.413455290334429
-0.49000876609842	0.255980721799169
-1.46951131724445	1.01806672323414
-0.448165303965341	0.346182181427473
-0.299651741247848	0.218314257740862
-1.14283325733795	0.352132388893513
-0.810194274372157	0.696428731861255
-0.0622085783887501	0.0270801545356494
-0.143328853559352	0.100722632940233
-0.395424490994483	0.222017847917377
-1.55590751599479	1.49013036830807
0.161694780245052	0.0776046265762114
-0.0297453639966367	0.014017053859268
0.0122114250654967	0.00670439852881072
-0.235247880107093	0.116472439379486
-0.00936081485361689	0.00461132205052486
-1.7263023155348	1.4414777849773
-0.54203840758241	0.341276339548403
-0.792324164276504	0.604612294184242
-0.225062376818996	0.170634324869034
-0.335477624212179	0.23765681476921
-1.15585129182838	0.646451404526215
-0.406483577424334	0.229619829213961
-0.562162658019488	0.509473171196284
-1.18517466190983	1.21358217116464
-0.293453369728009	0.212550672323688
-0.152552443018974	0.086251364535843
0.614455399629531	0.462950298138888
-0.258226744331115	0.19212582835567
-0.722385544152519	0.251104758974595
-0.501259447267048	0.262448878524276
-0.381491701672089	0.159246262819026
-0.786712865558285	0.428993134326566
-0.92982248736903	0.678272566722145
-0.245314526667834	0.122455137567946
0.693318180766968	0.327454103578734
0.0510242705460303	0.0312672159279236
-0.346939006672943	0.246958666095822
-0.388877039243228	0.162870942102531
-0.214842941901008	0.070116645288276
0.957888738836016	0.645881438625294
-0.333913297685148	0.199276208545625
-0.383818077927707	0.160239064130408
-0.787911838929944	0.673244669461412
-1.09463143596487	1.28807384319291
-1.09704905728071	1.50190972481575
-0.645255110907106	0.625771308560229
-0.671660424778776	0.466521542759308
-1.43876238993899	1.53031394192388
-0.130521888487798	0.0913013390292373
-1.14283325733795	0.352132388893513
0.063617441409747	0.0389452911835039
-0.347041178894244	0.246732086533676
-0.344686125818053	0.244964539901908
-1.16068277339694	0.650273274268608
-0.793559199931949	0.5182185162939
-0.391537693060903	0.164334140548253
0.453971605986436	0.184766637057688
-0.98011491957414	0.489418532086656
-0.192367259962471	0.103026559642533
0.335273376192336	0.184857443848528
-0.223056573550524	0.144417387332445
-1.22483323419775	0.914734367633405
-0.390638840355502	0.163921584990061
-0.975229166586164	0.484338964700153
-1.09744073960632	0.74719824613095
0.305058148392796	0.195942583628385
0.653597217041479	0.460677228195703
0.653155488800688	0.460900399739844
-1.61129833760484	1.23179369559954
-1.46876802100197	1.01347579477118
-0.948352986174582	1.0041767269166
-0.161471243325955	0.110515069295593
-0.335605106443624	0.237561710207017
-0.483311478861553	0.479730841027647
-2.20074244009448	2.56589735266767
0.36839975703354	0.185445215653388
-0.166682041127184	0.114326497826247
0.547998754057869	0.316316221263352
0.160645055568265	0.0549932515063305
-1.09921753302292	1.05717668030717
-0.502600317988856	0.37701301484738
0.144996883175257	0.0695595596398935
1.14571549707352	1.29155613755999
0.058750827332802	0.0360791279215274
0.532920813071289	0.194317875052133
-0.149097359641011	0.053750608228114
-0.144722336172665	0.052228208814284
0.0228072074589241	0.0122828569006268
-1.11025571685222	1.3132850791371
-0.587216740388732	0.427586433775078
-1.6651103684424	2.0544391750889
-0.254258615392153	0.18892536106129
-0.0626860769142092	0.0459938522426903
-0.461384185619096	0.306091864131494
-0.433709634250226	0.332299252553448
-0.632707054239441	0.155821219725077
-0.689776631182088	0.547022342997467
-0.473973201165632	0.401271366401526
-0.349912310116149	0.281603813304417
-0.33894889391143	0.240807719148297
-1.16068277339694	0.650273274268608
0.15278822196644	0.0803912938364215
0.393705818629334	0.177497598533749
0.172375877928783	0.111800770135514
0.605305743912209	0.316963513665249
-0.275703228703383	0.17233562395998
0.0805559682819733	0.0544258268663973
-0.197211241360101	0.105473210509727
0.359739237950821	0.180437255612214
0.153579839740872	0.0463985633570496
0.698496407756354	0.330246463159199
-0.0666131155054511	0.0289516835143567
-0.148738046679446	0.0838598337059503
-0.334534471273319	0.200446945462603
-0.638215998218923	0.615997421847872
-0.392628965278589	0.269766567836495
-0.38760708494259	0.265508690634168
-0.929350898865755	0.677600223780693
-0.512319246555484	0.386354607582435
-2.58107011718166	0.682882000334415
-0.603799406755818	0.289928781269972
0.391796433956202	0.320459093065177
0.42653332631571	0.320723486245691
0.321765031181937	0.193423263293578
0.849580416925648	0.618464518013061
-0.495368265454258	0.259733702807935
-1.14855167492132	0.987615018648924
-0.311206443575002	0.143105967576224
-1.60736566006625	1.22951384544957
0.535711132992892	0.195347083049004
0.164377165872218	0.0495293176899797
0.547346127173767	0.315328071490594
-0.57502547792928	0.416438410741207
0.000602428680419911	0.000205535900117056
-2.34487239596398	2.10549515000524
-0.594298973645041	0.433350754019069
-1.64474207608131	1.67883021978782
-1.13857431095226	1.25762849844189
-0.6250730387743	0.557089987201704
-0.796540993956425	0.682903972648239
-0.673320840800759	0.469077366485154
-0.699432080647311	0.610904468334736
-1.16678926841605	0.655600676812176
0.156530838902088	0.0537701104160248
0.320753726111078	0.193026281047072
1.77524919882789	1.37917513084998
-0.149129697958389	0.0842298677342471
0.163219609211815	0.0930779147678416
-0.719166594127654	0.250138114551495
-0.0924845720313198	0.0368073771962988
0.147168767139499	0.0568586827414826
0.521232622194398	0.450417286003503
-0.50320540352716	0.378758224011837
0.152890736232306	0.0871331120405284
0.0367046672896366	0.0212434864952639
-1.55514622336654	1.48120094766281
-0.60012636107511	0.625124178948255
-0.399639990560983	0.275420027404832
-0.714651048680792	0.682824978597811
-0.601319334444191	0.486788818768089
-1.36037307980379	1.35793558998685
0.307857848784175	0.19810717363559
-0.195833972409913	0.104939593457128
0.453168083765773	0.326445969930534
0.293182588520716	0.185992911581014
0.319465018139462	0.191270150375899
-0.0569796085155055	0.0248806464996189
-0.951993762841733	0.582368210709497
-0.0883484178812006	0.0351897869904275
0.155454991000138	0.0600038955313648
0.443352489440939	0.317535978858275
-0.0524270394422251	0.0327966788964757
-0.503879998095597	0.378631414645619
-0.490480116642912	0.418148881421303
-0.513708678218739	0.543823761581971
-0.932719622497064	0.680555980129505
0.150951770729678	0.0796638392741206
-0.393457906363312	0.270998361270657
0.0218402172535467	0.0118123172307029
-0.398037450814376	0.274905490551754
-0.0646509228710535	0.0281373735429023
-1.2657696282273	1.17671053012525
0.737210747864007	0.610237975552054
-0.225187525373809	0.145790418247308
-0.0288096132974451	0.0135602545449516
-1.01917450542754	0.408793596683385
-0.673320840800759	0.469077366485154
1.65919343244618	1.54661773775445
0.06138880569936	0.0376480959413045
0.0228072074589241	0.0122828569006268
-0.592067464113542	0.432240508719598
-0.388033296957234	0.30527535087802
-0.796103116114837	0.684043474999453
-0.910547576304084	0.755395258608677
0.786253408121783	0.467615966531877
-0.327450318293154	0.194568486401935
0.318810707432998	0.191588529282753
-0.0583046868091208	0.0254267442196577
0.400726919345249	0.330043372715986
-0.343229921976549	0.274682860278805
-0.141266120379912	0.0796800800201755
0.33383539881692	0.183865753116973
-0.0329086672355838	0.0154755062808305
0.99101979279091	0.799354596585241
-0.190469977731953	0.101980621891197
-0.312272775272306	0.143613165880035
-1.00827878949349	0.901942743059339
-0.799617717198643	0.612109943994496
-0.795670276713147	0.609575980112078
-0.504628073350875	0.380060137940163
-0.693791361588101	0.551028261189328
-0.335833302524073	0.201018572065925
-0.796227238944962	0.521576040465288
-0.300336735413601	0.137758241966233
0.794594519629625	0.474170046211132
-0.496941738175036	0.370719645955681
0.424470316123269	0.320323222484137
0.95079852112249	0.64064001368194
-1.66969999974329	0.94888602005457
-0.559375796727837	0.353404688008636
-1.84197184492392	1.16181675491522
-0.698041380833862	0.554674385347079
-0.276794970309155	0.173517391556035
-0.586759506237216	0.575135457887645
-0.31029491523275	0.142745297488236
-1.22879754737483	0.923209316173972
0.160655156749703	0.0920220852746236
-0.0522978446847375	0.0327828744090543
-0.679819933831786	0.475241535589924
-0.195573064036721	0.104714714805133
-0.0646509228710535	0.0281373735429023
-0.690829962594743	0.545622729888286
-0.329354193598856	0.196499053876254
-0.706482921700623	0.620289774538138
-1.34773623362771	1.72803337461308
-0.789828940235922	0.676203235339123
-0.493414877758958	0.448170463620067
-0.310782465678897	0.142953236742016
-0.343753970174639	0.244536307154493
-0.789161740799488	0.676026194941368
-0.192841974576769	0.103184381540066
0.319465018139462	0.191270150375899
0.168563820069548	0.0965995365555383
-0.521158302962644	0.199454738124414
-1.27723576102661	0.58293567232368
-1.16909933541778	1.4474915821431
-0.475381939522206	0.316542852176039
-0.0468201509137074	0.0300970877476205
-0.186879003226998	0.124597254025333
-0.9086076233182	0.754814609094869
-0.5347544685759	0.44492808788042
-0.795818831368306	0.524407004976777
-1.15087555879486	0.992427683311519
-0.288859599409664	0.208972202730258
-0.466823832028089	0.309556500225963
-0.237195417347268	0.118166026468097
0.287174026106091	0.233189604397724
0.16193996301035	0.0924633824102658
0.82679228746987	0.353192581099221
-0.141978824969554	0.0513095739208992
-2.27752140043486	1.16650892624748
-0.602365807682686	0.289195223891661
-0.926913138982485	0.672256247337527
-0.0288440820700492	0.0136155417586152
1.12597851984249	1.00654523491466
0.329522579299096	0.180994760935741
0.789282047176928	0.619052640565868
-0.922156872490833	0.667983269168495
0.00647590890064974	0.00304582815921413
-0.806727736212611	0.618718506307919
-0.582650687272546	0.424723705126901
-0.974967055362518	0.485654316649321
-0.106532681325956	0.0757442017474099
-0.100638322803084	0.0399322441938827
-0.789590036898178	0.67666293726198
-0.193316846999409	0.103233718691464
-0.390678779122636	0.163707540792753
0.164307240852228	0.0631323155110584
-0.306752814848808	0.140633633662106
-0.192887617505977	0.128796009447497
-0.327816084537149	0.195477117936618
-1.02198006071152	0.411274533949238
-0.493489897561619	0.258577515315052
-0.0872408165350599	0.0347672422195561
0.643533845536174	0.452121202136543
-0.154328661069542	0.087257308846234
-0.596184202393787	0.284708204645951
0.835747801566561	0.979801541600862
0.650524937824303	0.457694730892052
0.788206870551541	0.619611905611429
0.789552171097162	0.619078829470354
-0.447900055847653	0.346072988702643
0.0850594729284152	0.057633477004503
0.319818138876864	0.192281783290386
-0.578090118695974	0.420456922961052
-0.49052178548857	0.256316059995221
-0.217149785560933	0.0709085508975022
-0.407444505224867	0.230089987929633
-0.179697915251791	0.0955315079899211
-0.405379566376278	0.227928194100624
-0.799128092130836	0.526195288960069
-0.459708118793095	0.305092599724991
-0.806194168050763	0.618948520153464
-1.0272685011115	0.413655990175607
0.89311137521271	0.479791192538004
0.693337771470609	0.326241817454414
1.03806395636365	0.39882502542582
-0.788611750458131	0.74019516003649
0.0206700834268963	0.0111960387347933
-0.689776631182088	0.547022342997467
0.0250137019804976	0.0134622450976255
-0.0798275423342948	0.0486339251043939
0.174864615938836	0.107110707358096
-0.299814397598074	0.218594186206646
-0.999055375167167	0.89207693097173
-1.33139887882688	0.833409406769247
0.607581279719406	0.317975773517433
0.800601667378118	0.62930241851989
0.644382880452726	0.580124623884787
0.778947088512944	0.608558489633534
0.14864968543755	0.0574012460397016
-0.727179123195026	0.25354055255114
0.944102727079701	0.251755733219961
0.336312114433048	0.186228830528361
-0.0291503816412281	0.0137789352039127
-0.389462857215838	0.163158383620593
0.187254488038209	0.12806492178232
-0.534339224324307	0.333307343644026
2.02679325503892	1.89936677194972
-0.330084011937627	0.232817289104841
0.54535945080795	0.452140002534721
0.0704183734748342	0.0474939770410075
-0.403450697433707	0.226984504812721
-0.981281684020936	0.48956308680362
-0.86772823384103	0.863806190027177
-0.415657915634106	0.353651080892872
-0.3350978751272	0.20087877011408
-0.5510189554388	0.495653637584099
-1.08693609297864	1.03215710820866
-1.52806366860361	1.71662317996171
-0.391423517502354	0.269098553408573
-0.65191372257384	0.385242980468721
-0.648494654237314	0.381745763607551
0.160449283839092	0.0977129910265777
0.0721823074892039	0.0466258073177521
0.790483011124094	0.470389709109344
-0.14639018182942	0.0824667022238051
-0.198658057029226	0.106345417132696
-0.333387732525508	0.235956870809212
-0.397229596602512	0.313790813406524
-0.15701506419902	0.107457388244435
-0.793586507446595	0.606961447378931
-0.0818912269300561	0.0591807961104947
-0.0348377540735879	0.0224164949728437
-0.147329738607302	0.0833261927820447
-0.155546337149913	0.106149955625709
0.788037087494716	0.469290421557562
-0.547834753736165	0.344462243514052
-0.458203955040523	0.303283430235546
0.163044983252504	0.0861662448081291
-0.00188992286469697	0.000998549199799897
-0.282390712413602	0.177271626181714
-0.612387284460001	0.293881471244338
-0.652717787110728	0.384075233885646
0.014187988070128	0.007748147413021
0.981799075835518	1.06422617900219
-0.937512625935433	0.683315365071461
-0.255038348903584	0.127233130099285
-0.724190206434366	0.745780355408679
-1.26917224108313	1.37772945609227
-0.69925752593382	0.661992215939496
-0.275839330048539	0.172746884658486
2.26915949479532	1.73960309506986
-0.304575406620517	0.139944416829963
0.313229991033327	0.187356411391382
0.70606731868867	0.458961082034967
-0.953596480849243	0.583890417561864
-1.48252995664619	0.756663056048577
1.09746562703209	0.823858768198333
0.297723227724215	0.213699589633715
0.305746546875662	0.209589908270637
-0.250711122014041	0.1251963546472
-0.30139884606845	0.138312020328735
0.595377020722315	0.30952585825237
-0.393017688996789	0.220204431897126
-0.0911490113525155	0.0363421310861702
1.06870931532798	0.522539480603252
-0.00771603140134037	0.00378069718939178
-0.277438378835695	0.17404542412025
-1.33376764188472	0.836860680576432
-0.947363147324698	0.577297034494558
0.36025468552045	0.180780446415884
-0.396421062608657	0.166418251931146
-0.547216981156012	0.34537486810969
-1.27495473558411	0.58335694060492
-0.484503470250391	0.253100443629184
-0.515393582204401	0.196768047467314
0.574370656278297	0.456739504170243
0.000136453203799997	0.0000187464308773658
1.13366750709503	1.01473419734336
-2.04287219193705	2.13091420036125
-0.392440529557039	0.164344094694467
-0.195224244524101	0.130663127592092
-0.0964811098639719	0.0683501654046265
-0.4163013732315	0.234881318257384
-0.506968648349492	0.193256821424707
0.333921192149217	0.184631343315205
-1.16734351853012	0.655317487706668
0.152594847348657	0.073326356475838
-0.482601053145464	0.409742394008656
0.708904999905088	0.461226529904396
-0.114887218677891	0.0676626386279815
-0.237853560565097	0.118563216025166
-0.693791361588101	0.551028261189328
-0.973895954814844	0.957132588409819
0.0705383648484468	0.0474457711914798
-0.61071960408079	0.293581001485316
-2.23455424519808	1.84896245563314
-0.256469021252258	0.127890114627536
0.326069488643688	0.196042945922256
-0.625827597170819	0.559577984214161
0.987724816990824	0.798006378180198
-0.305685997906007	0.140303200503559
0.156187402945383	0.082257177449572
0.710865858686271	0.464480365907912
0.545342613373076	0.313858103914082
-0.676841476347194	0.47059738483607
-0.193430887071591	0.103614968041859
-0.556385068029602	0.350763009589367
-0.948895077425622	0.578382340128469
0.33362118745068	0.184231836296138
-0.791534407870294	0.43195992185773
-0.40805872637964	0.23020960945646
-0.399784323816416	0.167549113808481
-0.58169029211053	0.423667811781635
0.167722807071636	0.102279064010834
-0.657249889331546	0.387916671468723
-0.79307149236482	0.519498885477329
-0.141284374136295	0.079578191598342
0.151842624058427	0.0521461596866492
-0.0592550588701879	0.0258098889712065
0.165976792498673	0.101361653186403
0.15438083667318	0.0815434397433436
0.951556998168885	0.931839820122608
-0.0259466381751697	0.0122889087785271
1.39868893676637	1.07459309202159
-0.351801811966568	0.283330716991392
-0.141081534066745	0.0794153567789075
-0.668911153344549	0.463422620339537
-0.671197537453901	0.46628620332455
-0.304241194397966	0.139504270940483
-0.541282778137202	0.340348130691109
0.793632476951545	0.748322988984009
0.398279214209255	0.180243753801167
1.58841119688816	0.801408903356898
-0.304247242208753	0.13954277095695
-0.517941904306001	0.198111769037771
-2.12207584235308	1.62426540315863
-0.514908806238071	0.197238634697011
-1.02825149252086	0.413283993547182
0.459229674353528	0.186708341659701
-0.981603959387169	0.490271397263528
-1.48746364145455	0.762850768189531
-0.187365980232538	0.100102494923443
-0.324351804837462	0.19253834324646
-0.222330006837602	0.143835945260755
-0.100081491594973	0.0397785538829292
0.699386914285027	0.330724088267117
0.657334239562935	0.463447907993828
-0.682105690435392	0.476359450324263
1.41172945683588	1.74464267028592
0.195085818920763	0.155997439045272
-0.478278587862853	0.405743827105241
1.53082762767705	1.83213458954729
-0.332936023718642	0.198506945633477
-0.152534068043015	0.0549540888678141
-0.347881275810247	0.101704932899344
-0.726161254656457	0.252560499450293
-0.767882820707581	0.336920715218403
-0.31044780109088	0.142793930717819
-0.394351218005163	0.165472682541389
-0.636959492719679	0.156887069567616
-1.51793915586182	0.550681864442582
-1.80103877399874	0.401412128456168
-0.315054644915992	0.144885881153883
-0.25249175539879	0.261128912207294
-0.404287630867487	0.228309475241669
-0.906377868517283	0.75195381109291
-0.0897012534849223	0.0357634833940291
0.955464563205242	0.938675745150017
-0.944084428450696	0.57547798114334
-1.26937561527664	0.578362564289604
-0.0319350553825364	0.027238059735205
0.0288627757241656	0.0272943089863416
0.134844100902895	0.118220020756327
-0.679364379780335	0.473300111599786
-1.80103877399874	0.401412128456168
-0.510747793936278	0.195095134430174
-1.81665873624948	0.752232883970363
-3.09073773131398	0.977080546046746
-2.58178332536446	0.682930522892635
-1.26682211368405	0.577178479347997
-0.788273806935954	0.514619501141041
-0.608612688068238	0.292324880362364
-0.633263297544021	0.156213540903658
-1.03283864853932	0.414606391010606
-1.01179909261532	0.403271579311875
1.03806395636365	0.39882502542582
-1.14602109676128	0.352462565358244
-1.28121180177176	0.584322987944732
-3.09073773131398	0.977080546046746
-1.51332145233629	0.547881190959341
-0.415375177619959	0.475977387182591
-0.486855568769896	0.254472487991094
-0.737996124717709	0.255528205362414
-0.672178891412253	0.467578946721715
0.169478397654744	0.0971350346970814
1.81965712946419	0.72393570375632
-0.0741435541587	0.0320668978316266
-0.310252644625891	0.142619867128287
-0.783684344392848	0.425457256972071
-0.291121368586669	0.280780292898639
0.0887148978385416	0.0840241890375126
-0.145282742753713	0.129902918362344
-0.0712922664069868	0.0308363329208015
-0.5135689023777	0.196244514484922
0.160626900474085	0.0484137065522702
-0.636959492719679	0.156887069567616
0.144983099103736	0.027824125638065
-1.14104219214391	0.350714860686515
-2.0608579513439	0.951306679590195
-0.018466832817474	0.00888415823006254
-0.301778934796358	0.138568363768412
-0.343614950418389	0.100353977595961
-1.81488203899203	0.750473718254322
-2.06612369183994	0.954939044744288
-0.762294852377534	0.334854539838056
-0.391579871043955	0.163798466897451
-2.58998866267518	0.684472676699341
-0.721156709968222	0.250838938542479
1.95733767915288	0.46077898524688
-0.348964786734811	0.101837107016821
-0.0317088994015143	0.0245818853909621
-1.04252015813718	0.830048264006524
-0.0905934418821428	0.036121792375747
0.788426592915609	0.469933501930799
-0.150328895428346	0.10225668018571
0.160626900474085	0.0484137065522702
-0.929308344341537	0.678026569157053
-1.02054390147798	0.410401139638387
-0.761894290426739	0.333394406435792
-0.832032616817487	1.04790304238737
0.489108966052113	0.542795709676119
-0.295153683029193	0.266433298036684
-1.82115855719938	0.754396487877528
1.82073340465931	0.723968171977521
-0.641728465892975	0.158059513381177
1.44707333879815	0.486882965382531
-3.46832274453516	1.25603494238804
-0.505189628172296	0.380520922146754
-0.592067464113542	0.432240508719598
-0.128544560673403	0.0896890148815511
-0.335047015689143	0.20076188270609
0.149144040740526	0.071424123312521
0.445878762239819	0.181113668030301
-0.334744353109761	0.200495999969116
-1.83117321878399	1.15038383758755
-0.554636627034844	0.350465392714799
-0.781034848210471	0.42429224348069
-0.798837066964907	0.611764389228793
-0.306166301476533	0.140801522545741
-0.728084242426295	0.750771980247252
0.49755654332751	0.593311745841005
0.183777936655789	0.141362935762201
0.0171181250988897	0.00927705487598175
0.952933802654485	1.16000611410856
0.156389369706155	0.0889701002383215
0.0362995621071549	0.0210733767668237
-0.221159924377465	0.166758113921017
0.172405357607248	0.111410815913798
-0.109885610060219	0.0647173878415005
-0.294885752142692	0.284855564077659
-0.784188529600086	1.0904786725804
-0.562738770660413	0.510965835565708
-0.242330012577889	0.120671610718856
0.659008640641753	0.465759439953121
-0.114458227743412	0.067496583559752
-1.32849590914857	0.833815212107253
-0.600568753001909	0.28741185549538
-0.79691581305992	0.52159985916111
-0.70116270179187	0.614562694987636
-0.019503545693432	0.0127794863872119
-0.688275830483746	0.54245499725954
-1.03495596521203	0.816296380741471
-1.22975976688807	0.924451068974598
-0.348808566459351	0.24859402900075
0.162620289386598	0.0991301264600914
-1.60119623943359	1.22034176586668
-0.490848785796529	0.256609437463444
-0.443499423259709	0.342712795376861
-2.34755759940512	2.11704120855027
-3.08660653838605	0.975157312690119
-0.801422354144167	0.435825469886449
-0.543219243807688	0.340510879163282
-0.643714485785494	0.377308573588765
0.17630127614242	0.119721813686746
0.883988174128675	0.889050898585715
-0.696394036298633	0.55259763958146
-1.05019111353757	0.83818305671907
0.158871849796249	0.076357978280426
-0.791918922104191	0.431061634013423
-0.406351995055558	0.228920503235867
0.528229743166766	0.529954552882081
0.0527766626474203	0.0322759415440653
-1.23088973701047	0.923651478846146
-0.615425074347018	0.544896467334924
-0.0750795249778559	0.0324454480225642
-0.67041210399566	0.465136689123138
0.891607734333864	0.905246688419467
-0.943188977498912	0.572274315617657
-0.48634427255434	0.254227556483518
-1.16676642539472	0.653693295787917
-0.676064133302383	0.472231500758923
-0.0318321547634903	0.0149714825522144
-0.00050271745077532	0.000312707747860129
0.023280075405947	0.0125739977277414
-1.65121462682399	1.67875618760014
-1.46323335740617	1.30100644805853
-0.801525509047152	0.61468830639451
-1.51760475649502	1.69588265543995
-0.102877270455412	0.0407676185916729
0.149018507739907	0.064306462252641
-1.60592906114768	1.2279102410131
-0.899424196258685	0.744667968397544
-0.655692638170653	0.387429195328088
-3.09018140585655	0.975319743554836
-0.606474835909398	0.291618272653068
0.341469330618053	0.188559171555896
-0.151731212171612	0.085578180234641
0.573640086830519	0.454843592401694
-0.605079299664029	0.493171245374384
-0.397642642768216	0.223353638477283
-0.787905982568562	0.515537926165193
-0.647998423354637	0.381544352712931
-0.191412580517877	0.102504400134948
-0.795073249317134	0.608254908013825
-0.673634659075975	0.469389574836129
0.00135718217787599	0.000583969545810121
-1.09986512967794	0.748905423800284
-1.4748563875475	1.02531786052478
-0.604906789670228	0.290505394199811
0.151415741900785	0.0726140412602604
0.158732424211168	0.0685878121206475
-0.951227095166639	0.579894184023409
-0.210640678146655	0.158384844742166
-0.653705780664991	0.385444280376341
0.152777340099983	0.0524682996095803
-0.798160493230933	0.525641467402081
-0.794714960311349	0.60809253464339
0.150573898263238	0.0650730699472817
-0.796447054073534	0.522536389065945
-0.04971572675774	0.0310996432528346
-0.547432340701421	0.345308563573226
0.0408314423231451	0.0236186878865816
-0.379244784144485	0.258061597962775
0.154686858037972	0.0743552610538433
-0.322396591882428	0.191637084638935
0.837134841965471	0.87219182748237
0.0170676324701381	0.00925850357679202
-0.674469764980118	0.468398376064471
-0.233120366865034	0.151782732536677
-0.194883985557349	0.10445623277414
-0.895856046303332	0.739802300917202
-0.251341952744491	0.125489071268344
-0.0583046868091208	0.0254267442196577
-0.306547851694833	0.141091468517231
-0.953957591643586	0.584258121837317
-0.0591280981604864	0.0257564285494872
0.151965027179809	0.0657173503426741
-0.14930994994817	0.08447643387415
-0.653454006587861	0.385831534810799
0.165121318599337	0.100790700608487
-0.615178336537148	0.50259283000619
-1.48500273978502	0.758302386104218
-1.73070216805749	1.44560279774852
0.154835135999898	0.059702238785168
0.148508541635756	0.0283091884660306
-0.0989685268805481	0.0393704401030059
3.93221277578082	1.75680245378688
-0.637509639132058	0.157280902410938
-4.00372890763927	1.76738115230511
-0.520217181433706	0.199453993404994
-0.763835775071784	0.335755273843228
0.158364705061637	0.0543781718203855
2.11749992941985	0.964162427156984
-0.213286924508017	0.0696664262975339
0.448405772336978	0.181977199922822
1.57955625735979	0.800243929979803
0.696699371038732	0.328655585401467
-1.28121180177176	0.584322987944732
-0.722385544152519	0.251104758974595
-1.28026782015807	0.585048846712041
-3.08715388924473	0.973054341045401
-2.58142672375403	0.684312616488773
0.939298703364537	0.250809511779044
-0.604906789670228	0.290505394199811
-0.519549047944463	0.199118520659248
-1.5190906504648	0.550321617620206
-1.2769545824372	0.582913354723689
0.144983099103736	0.027824125638065
-0.212568324340494	0.0694726774908008
-0.351841120455994	0.102432906020839
-0.519276339586016	0.199029682930515
-0.637509639132058	0.157280902410938
-1.02126179208727	0.410975081816502
0.896701166205811	0.483798558771942
-4.40067222998414	2.26648552037974
-2.07136620778168	0.959054677783964
0.152921677006695	0.0590114306768206
-0.100974879439173	0.040127995064392
0.000380429563251694	0.00011172565141769
0.0477062266003448	0.0292195787453028
-0.23485524073815	0.116763352179683
-0.728949254888783	0.253711766914117
-0.977366126560698	0.486054814054359
-2.58178332536446	0.682930522892635
-0.650922758998938	0.3842806323091
0.163169995607563	0.0413572276497282
-0.38265437676667	0.159894213366175
0.145966453036768	0.0562632178822865
-0.277886480167116	0.174373996174824
0.151089416131713	0.0723993504206911
0.344220061113091	0.190655752425114
0.316926023208486	0.190278567347055
-0.548672491897837	0.345974968873375
-0.796124400774555	0.609991424523328
-0.599893929560631	0.287414789424181
-0.548109707305932	0.49191780877496
-1.81637684396232	0.751651715408043
-0.388141742272179	0.162261261218061
0.39702738532051	0.179841890747651
-0.142603029870794	0.0515255055439621
0.156318055976099	0.0602487066108992
-0.234168822746526	0.116373416030366
-0.487806777389222	0.254636179589634
-0.641728465892975	0.158059513381177
-1.02054390147798	0.410401139638387
-1.60800338150474	1.22887451247308
-0.391265768818464	0.163995996745211
-0.762917044259969	0.335226279565195
-2.06753866154106	0.953661045582542
-0.799587066842332	0.435795673985928
-3.4690221483486	1.25809581465319
-0.762294852377534	0.334854539838056
-0.06546677122598	0.0283744519521298
-0.31029491523275	0.142745297488236
-0.192371981448055	0.103038955335847
-0.759464560325363	0.333463084710515
-0.152480937488277	0.08621191516726
2.75057603691244	0.786424841779512
-1.14671720971639	0.353197314225222
-0.404391761743085	0.226707701495128
0.320901383870654	0.192188296414422
-0.0348189033386686	0.0163489051188707
0.31042620356994	0.199384373037074
-0.502360602733262	0.262690554183261
-0.788687921979386	0.429586898562649
-0.0959539995954747	0.0382084843158701
-0.146014140023154	0.0824881621660434
0.693035356054243	0.32670390801441
-0.336917967675018	0.26876477603233
0.308459478823779	0.197681637797365
0.153229734449109	0.0591533991199782
-0.416293156915495	0.234951997081938
-0.197184275384164	0.105572762862175
0.367373094666828	0.184845614140001
-0.391853018895284	0.164211548410465
-1.98988244684297	1.38937636705143
-0.976125960936435	0.486927927519843
0.540837918505989	0.310462756781086
0.0402670157717702	0.0233532385801597
-0.605920149190153	0.291396872692447
-1.01845805499361	0.408763534655611
-0.311360441751823	0.143252134715442
-0.316499459446103	0.145500418005265
-0.650851527230847	0.382973517800739
-1.71739796426658	1.42299431581916
-1.44762552767927	1.27607805995035
0.326069488643688	0.196042945922256
-0.189024207840437	0.10119702669564
-0.188665696803452	0.100603500004639
-0.309383080562588	0.142287808111712
1.77198705760053	1.37821311459375
-1.80103877399874	0.401412128456168
-2.47300763516231	1.39350898780836
0.354679368098719	0.177829257400738
-0.0339443585792827	0.0159351832849604
0.147168767139499	0.0568586827414826
0.335245168787398	0.18475903984115
0.446784672204274	0.181491655393646
-0.396441578067928	0.165684621632509
-0.147365146056841	0.0830326008367764
0.153599323897371	0.0806515215222597
-0.00651781322233571	0.00322560463388488
0.974811074162315	1.05484474605739
0.296845469952092	0.212424070862997
-0.581206759811889	0.423631035651327
-0.104991861158621	0.0616983738859735
-0.245812635058794	0.122760369667185
-1.22419601358803	0.91860746365762
-1.33086854677836	0.833531868826024
-1.72217177168822	1.43117917758793
-1.00306844277178	1.19407641946803
-0.902214195742413	0.745842653684452
-0.57609162870066	0.418202180093921
0.952396805861016	0.640191946757824
-0.597200488118746	0.435712352968111
-0.157458594105997	0.0890595118835626
-0.155382269298856	0.145247591132139
-1.5224999910392	1.70845516504293
0.145952781975537	0.027957432098957
-1.17012886956089	0.657313340361156
0.29826718001456	0.203175936861895
0.368081764833413	0.321939969401051
0.043351055287346	0.0250419570380552
0.436487662157407	0.329817615178786
0.164876201142645	0.0943808568087575
1.02251782228711	0.959236415363497
-0.463043831283482	0.306830514736433
-0.066901314082198	0.0405542147509035
0.607738256178833	0.457811224258395
-0.269938717552458	0.222519683847897
-0.619277702891456	0.686655658635938
0.0916850205385036	0.0668009807121476
-1.06540900884246	1.11405373923641
-0.580127199576432	0.420255244816057
-0.00581831837866258	0.00287437462336999
-0.192056341762844	0.102647574260949
-0.680723881329682	0.47532560810983
-0.386807913951037	0.30456687805903
-0.209364876502271	0.175561191944145
-0.617374617880726	0.504006346615467
-0.343277788000781	0.275485362943305
-0.569873338106059	0.410975482371632
-0.339001147794217	0.270209486866324
-0.0489238058967316	0.0364386356378101
-0.158451271030867	0.108149505938441
0.00258621140006637	0.0011768887562344
-0.547353295395031	0.344436178547474
-0.927613816404424	0.674840696387837
-0.576152274192088	0.41787313581453
-1.47161535270106	1.01944578877465
-0.9907488005282	0.493620297927824
-0.397154839168345	0.223372285628794
0.398837441219052	0.180650680271888
-0.599458441118833	0.286723008222514
0.716427349407995	0.468746501679104
-0.520984509479854	0.641487378025695
-0.504889691613142	0.462483464891231
-0.484179064595666	0.252558110074604
-0.196158858039726	0.131128545077848
1.16253807923664	1.43752893275794
0.595377020722315	0.30952585825237
1.53551726915697	1.30651669467643
-0.607614489026865	0.494628591355986
-0.490278786134236	0.549531346093698
-0.459031691054108	0.42565052746058
-0.196573188790459	0.13149761553423
-0.679331882993158	0.473448073615432
-0.511527251531492	0.194991757544945
-0.801308178456131	0.527549887364484
-0.492979152804144	0.258347238008783
-0.228248609126248	0.250801883473143
-0.429797687662141	0.755822112178338
-0.40634493688418	0.621394142070242
-0.104739542601664	0.112875756288465
0.158104109918261	0.0476970098800851
-0.116746362444832	0.102463507401685
0.00910981841281747	0.00861181231062096
-0.478883403586747	0.729016766164594
0.350118962118512	0.342846829583757
-0.0954969895351002	0.0984815428425456
-0.0465306705083202	0.0388309513751751
-0.158910335060846	0.170809316308623
0.369835850511205	0.429915214237018
0.329737319796695	0.350947026560075
-0.112557913042707	0.108781105495052
-0.389630845700871	0.552759264150503
0.0742740823513062	0.0873627548270547
-0.414149039316742	0.588565775074613
-0.229721628196919	0.292265311425449
0.559697638421233	0.914503641962
0.209910959368296	0.249087207792219
0.038010638321175	0.0334944967486864
0.14731478118111	0.133092367055659
-0.0417585645704709	0.0357909443967397
-0.292779484126303	0.366950788650688
-0.299009533955878	0.426480289740001
-0.520901170420569	0.867860526964473
-0.453829704222333	0.703999685070769
0.0387617112128828	0.0425845143387245
-0.523167367873486	0.796692537625515
-1.06094985001741	1.75257153110638
-0.575572503312194	0.83721251118873
-0.229840657759814	0.149147043797179
-0.289916401372131	0.279088204589552
-0.56745951391571	0.517037906381014
-0.636438389477554	0.156998062672413
-0.225980737566007	0.0736878678331904
0.40117090037606	0.181917773205401
-0.601587007681283	0.489271150406836
1.03354280177294	0.396866204815453
0.320791205345186	0.192890823149949
-1.66911605518225	0.948313308774744
-1.09029277114416	0.739314570191516
-0.301247582102517	0.138264319014484
1.53222341586214	1.30049414822932
-1.27261442293622	0.579780704461
0.0408314423231451	0.0236186878865816
-0.0720808636044859	0.0531267195258281
0.0251056421821429	0.0135025230098242
0.172087834587491	0.0987515333249459
-0.192371981448055	0.103038955335847
0.184631379932085	0.12002535978176
0.147440861278127	0.0506143769039443
-1.09420163326294	0.744959671022221
-0.472207736957193	0.314493744338722
0.309679279295577	0.199563800612729
0.182155329732481	0.15305412691421
0.189837669979486	0.151306409264657
-0.414869984369796	0.388462233156297
-3.15207365501481	2.72942369275709
-0.675543935914698	0.471761858585252
-0.0913671536075907	0.0363764162252558
-1.09793575902146	0.747877004766513
-1.8009224274669	0.401413641514774
-2.58142672375403	0.684312616488773
-2.58550852264163	0.684811136427957
-1.80497515009983	0.40204480448646
1.95733767915288	0.46077898524688
-1.80497515009983	0.40204480448646
1.95373899190972	0.460332693481441
2.7486062124648	0.786021619850662
-3.08605931477026	0.975090216684496
2.75356411778207	0.788200953807627
-1.80103877399874	0.401412128456168
1.95373899190972	0.460332693481441
0.144983099103736	0.027824125638065
0.940922493736804	0.250741724034319
1.95733767915288	0.46077898524688
0.145952781975537	0.027957432098957
2.7486062124648	0.786021619850662
0.938786187734731	0.250272333462114
1.95373899190972	0.460332693481441
0.158165836302949	0.0401659252594738
-1.8009224274669	0.401413641514774
-1.8009224274669	0.401413641514774
-1.80103877399874	0.401412128456168
-0.636438389477554	0.156998062672413
-1.80103877399874	0.401412128456168
-2.58107011718166	0.682882000334415
0.0392577886086688	0.0227584779636952
-0.496271476793621	0.259844910482516
-0.553993062799367	0.350207052556159
-0.585972910351979	0.426154714200635
0.148220975751374	0.0708378393415926
-0.797851858833034	0.610886541072673
-0.693353906842528	0.550791186056235
-0.446208112905445	0.345001394491849
0.299665659637459	0.204708331674465
-1.8009224274669	0.401413641514774
-0.0572787005368992	0.0250041521626887
0.165983103633191	0.101492514847705
-0.441771025959662	0.340452222659057
-0.487175945299945	0.254066752893834
0.702188639204418	0.331853922277242
-0.0116960682145331	0.00572518092622746
0.480068769595521	0.325731024043508
-0.0748925173264331	0.0455520420364015
-0.0403439297281423	0.0259374302392665
-0.542700167667239	0.341514881822915
-1.46588530936346	1.01378875669284
-1.82785729552601	1.64280045555169
-0.198162342818719	0.106136961224172
0.647050602243952	0.453649315587752
-0.151950174774867	0.085842622230919
0.161147472738018	0.0850948886028606
0.338703936171667	0.187150333011278
-0.0127183524294633	0.00623465177746146
-1.4523039566079	1.29280531683243
0.616412113459064	0.464788108506974
0.153817267949624	0.0593482181298857
1.04407793800765	0.401530572798881
0.153538548176328	0.0592272382906352
1.25267010657334	0.865381819906044
0.171833136257967	0.111442685395125
-0.545094994835652	0.342466595673361
0.44494020698889	0.31924435552847
0.469011313079898	0.317322542043763
-0.503337904870795	0.378774863453244
-1.14352115801698	0.352309794326609
-0.645468225391831	0.158511996656751
3.25711819118569	1.12516204396806
-1.13907413243892	0.350415838742694
-3.0855122183307	0.972756963025588
-0.641217763381128	0.157896990579203
0.939298703364537	0.250809511779044
0.144983099103736	0.027824125638065
-0.636438389477554	0.156998062672413
0.141371543201342	0.027282216107575
0.145592290548819	0.0279027526196651
0.153579839740872	0.0463985633570496
-3.0855122183307	0.972756963025588
-2.58178332536446	0.682930522892635
0.942469249206212	0.251285156498659
-3.0855122183307	0.972756963025588
1.9546069313489	0.460412245381477
-1.14283325733795	0.352132388893513
1.82041011870169	0.724546408240772
-0.640656975678056	0.157776356363176
0.939298703364537	0.250809511779044
-1.8009224274669	0.401413641514774
-3.09964118991503	0.97337548509057
0.145592290548819	0.0279027526196651
0.15372623772021	0.039243442264908
-0.348220543213602	0.101642486260234
0.144624243113007	0.0277697138706121
-0.348220543213602	0.101642486260234
0.145952781975537	0.027957432098957
-1.14283325733795	0.352132388893513
-1.80497515009983	0.40204480448646
-2.58178332536446	0.682930522892635
-0.636438389477554	0.156998062672413
-1.8009224274669	0.401413641514774
0.942469249206212	0.251285156498659
0.144624243113007	0.0277697138706121
0.148508541635756	0.0283091884660306
-1.80103877399874	0.401412128456168
-0.635886909613779	0.156604724964807
0.943029051172106	0.251479485037243
2.74958998501656	0.787920507210083
-0.638059916511872	0.157099877961465
-0.645468225391831	0.158511996656751
-2.58550852264163	0.684811136427957
1.9546069313489	0.460412245381477
-1.8009224274669	0.401413641514774
0.943541575109422	0.251560831713342
3.26141769425846	1.12732988282303
0.158729294236089	0.04043260950787
-0.637509639132058	0.157280902410938
-0.633263297544021	0.156213540903658
-0.637509639132058	0.157280902410938
0.144624243113007	0.0277697138706121
0.144983099103736	0.027824125638065
-1.80103877399874	0.401412128456168
0.148874773794293	0.0283648154803441
0.140400083006098	0.0271488262218611
0.162765853660276	0.0412041418868207
0.140400083006098	0.0271488262218611
0.144983099103736	0.027824125638065
2.74958998501656	0.787920507210083
-0.633263297544021	0.156213540903658
0.939853714804409	0.251002284675557
0.938232517255131	0.250080666640462
0.665301548139678	0.214168982585133
0.148874773794293	0.0283648154803441
-0.636438389477554	0.156998062672413
0.667130392787493	0.214334835345571
-1.14214562413243	0.351215554477081
0.16137422717943	0.0408817023262115
0.140400083006098	0.0271488262218611
1.9546069313489	0.460412245381477
-1.80103877399874	0.401412128456168
0.148874773794293	0.0283648154803441
0.145592290548819	0.0279027526196651
0.144983099103736	0.027824125638065
-1.8009224274669	0.401413641514774
0.145952781975537	0.027957432098957
0.943029051172106	0.251479485037243
0.940922493736804	0.250741724034319
-1.82641519417566	0.755357071711488
-0.637509639132058	0.157280902410938
-1.14781664720768	0.353699707342604
-1.14781664720768	0.353699707342604
-2.58178332536446	0.682930522892635
0.145592290548819	0.0279027526196651
-1.80103877399874	0.401412128456168
-1.80103877399874	0.401412128456168
-0.641217763381128	0.157896990579203
0.145952781975537	0.027957432098957
0.144624243113007	0.0277697138706121
-1.14173074601379	0.351630194981725
0.145952781975537	0.027957432098957
1.04332248971287	0.402005344928024
0.159610674313697	0.048048445892231
-0.21158767729877	0.0692522593193464
-0.641728465892975	0.158059513381177
1.95373899190972	0.460332693481441
-0.636438389477554	0.156998062672413
0.144624243113007	0.0277697138706121
-0.343614950418389	0.100353977595961
-1.02126179208727	0.410975081816502
-2.58107011718166	0.682882000334415
-1.14214562413243	0.351215554477081
0.664222224803941	0.213409026485109
2.74958998501656	0.787920507210083
-1.14781664720768	0.353699707342604
0.154426155420695	0.0394015396377603
-1.80103877399874	0.401412128456168
1.95373899190972	0.460332693481441
2.75257155834301	0.787872112571947
0.141371543201342	0.027282216107575
-0.638059916511872	0.157099877961465
0.163169995607563	0.0413572276497282
-2.58107011718166	0.682882000334415
-1.14352115801698	0.352309794326609
-1.80497515009983	0.40204480448646
-1.14851210229951	0.353384284502155
-1.80497515009983	0.40204480448646
2.75257155834301	0.787872112571947
-0.732448219267861	0.254947157015597
-0.208777743365759	0.0681213967263795
0.947302192663454	0.251880296760776
-0.633819675881249	0.156036191470775
0.159122325410511	0.0480117921042768
2.7486062124648	0.786021619850662
-0.725180549290759	0.251792447855791
-0.399516365480485	0.167536631567239
-0.251778228404227	0.125652846937751
-0.0629729039244627	0.0274101052395015
1.24728851943811	0.857723677426969
1.08351842666093	0.664065544062261
0.0221947619537112	0.0119737606797244
-0.343614950418389	0.100353977595961
0.156921781405718	0.067671456254569
-0.0665149275105908	0.028861612199375
-0.394935911720347	0.165820121050295
-0.0175000857242753	0.0115061856786661
-0.33695848073977	0.202259288430544
-0.0956170879648099	0.0381091865393533
-0.332371264208918	0.198683108652009
-0.393975121630202	0.220916620521605
-1.69272562703487	0.957902359285931
0.1644556971053	0.0560646687836001
0.608853430307783	0.317999107659494
0.503055331759281	0.315610808164223
-0.292340759076378	0.212597449309959
-0.107068909687382	0.0627424491965968
-1.02681629356167	0.412672237731607
0.535711132992892	0.195347083049004
-2.58142672375403	0.684312616488773
0.155864682985526	0.0535446683405654
-0.985008158288638	0.491309861338566
1.76906009812527	1.36504212064586
1.04332248971287	0.402005344928024
-0.762917044259969	0.335226279565195
-1.34803229557931	1.34078408527021
-2.02865824232376	2.10407378689654
-0.340602233973533	0.242036160120605
0.544314304978485	0.451673417603217
0.157959691651784	0.0833843196812801
0.0265890972858159	0.0142839742328658
0.696714869011038	0.328465873690274
0.135900076708076	0.0585062817472008
-0.303188339969674	0.139173766335956
0.152921677006695	0.0590114306768206
0.536176144679966	0.194894966117125
-0.311206443575002	0.143105967576224
-0.489737114748179	0.255778789177971
0.155730891195915	0.0601356355216201
0.308778951606033	0.198790692860348
0.538657557410927	0.309519913014966
-0.0985116023856765	0.0391346989742391
-0.724429393801244	0.251996505115541
2.02726200990772	1.90026511787122
0.952812968754859	0.640992538356345
0.145269564101328	0.0628285892375078
0.152187693302683	0.0732133598533572
0.396372696300784	0.17930892079227
-0.241900420042212	0.120479216153593
-0.113750319597988	0.0900140075188613
0.999679783367958	0.811513849926862
0.465115610468245	0.312239332321665
-0.970971203315627	0.483077229419228
-0.401884513747297	0.226868914244496
-1.04817647962551	0.835179767252813
-1.67541387374797	0.954388872946215
-0.245380326984302	0.122484600829827
-0.681756728219076	0.474353978650925
-0.804726749935512	0.617419841505212
0.787145114935791	0.468549558778528
-1.22564873520084	0.917577781149212
0.172800933635851	0.112120214628276
-0.0844449553491659	0.0514442357251129
-0.0920417047697756	0.0366750242689807
0.952383511819446	0.931778366224887
0.145952781975537	0.027957432098957
0.157069116687721	0.0399247221824271
-0.056047229388476	0.0244936081693338
-0.0263419446512372	0.0124861725920587
0.710780767956429	0.464185109214571
-0.695079781944589	0.550809951902291
-0.490550190023842	0.256497169003208
-0.0306990850272804	0.0144540043026007
-0.139778556264901	0.050510440696469
0.153960345909976	0.0984659007685639
-0.282168027741143	0.176986572931372
-1.48838565727803	0.761700246788856
-0.491872740961109	0.257534435506858
0.786398313179375	0.466931973696269
-1.67333756583943	0.955698409549507
0.424470316123269	0.320323222484137
-0.970971203315627	0.483077229419228
1.28819158539631	0.716268141026815
-0.315967047184144	0.14524628396808
-1.72846560173953	1.43893018578704
-1.83098867628244	1.65649292385972
-2.06922022566155	0.957934577158216
-0.651722445734196	0.383542410157307
-1.66853236453914	0.947349185145494
-1.16713816328352	0.6545394097211
-0.925812459704568	0.674638088463039
-0.15656776265272	0.0561901129269763
0.948056137476663	0.635354472841692
-1.97595261999471	1.36874693787514
1.82672124291949	0.724501146919248
-1.6519299319007	1.69236787863269
-0.343598210828549	0.243934204867981
-0.462926279491179	0.307617477617797
-0.24290939292101	0.178703980427771
0.544924299754957	0.313580540132864
0.32875331688519	0.197997378947421
0.15145480900655	0.0585297563438858
-0.791820206172352	0.428170730270484
0.395155153654539	0.178559461364
0.156608311409248	0.075263077774574
-0.223188698074741	0.144312312521616
0.615239327952725	0.322236606294359
0.556589505573683	0.321164111315679
-0.511151505299023	0.385280057969284
-0.142891948035302	0.0516141016686805
-0.487468634640202	0.255029213537371
-1.48330277711423	1.03097103307075
-1.80497515009983	0.40204480448646
-0.00420816882359953	0.00210969859666151
-1.27544591318668	0.579870378715601
2.1175761026622	0.960490645185552
-0.453497607447158	0.298536093302638
0.0395689412552881	0.0229200646485054
0.303963386910575	0.218763835142037
0.613331115057363	0.462146410772921
0.830281395788375	0.355150943185541
-0.00791849423169923	0.00391021599309466
-0.311670891923591	0.142709053514085
-0.401492745092404	0.277346999747463
-0.143805271337669	0.0518465760520897
-0.980757363110467	0.488316656329156
-0.244962185664294	0.122255381355137
-1.27400836223229	0.581258703136909
-0.932719622497064	0.680555980129505
-0.338405564137811	0.203155145051084
-3.45920905368023	1.25640999767694
0.451440938272563	0.183586025165848
-0.640656975678056	0.157776356363176
0.394365811673668	0.178545210862587
-0.769096652976814	0.338609468695455
-0.515579268988547	0.197497779631055
0.154592632475222	0.0467595304777688
-2.58107011718166	0.682882000334415
-1.26587168520504	0.57659573259799
-0.519276339586016	0.199029682930515
1.4497197553516	0.486935149927457
0.153579839740872	0.0463985633570496
-0.0510247151061102	0.0223255708997673
0.296252799591629	0.201647047752517
0.0432446623330476	0.0250563548419409
0.157693836049591	0.0541708009160174
-0.975873586042442	0.486297529129953
-1.02583455098012	0.413043803481388
-0.976136725338316	0.486099627797188
-0.241469947608742	0.120186286715383
-0.327865661163239	0.195608136928948
-0.457422656337795	0.424055675525769
-0.348320528846496	0.101035455216416
0.16411177443756	0.0493132983349349
-1.02583455098012	0.413043803481388
-0.727930992330886	0.25380129172308
0.157633323445896	0.0401249768572365
-0.649857418003563	0.382441521460811
-0.276969595116806	0.270724148867483
-0.669897754109109	0.739026567754955
-0.390678779122636	0.163707540792753
0.156261648386733	0.0536137820527029
-1.80103877399874	0.401412128456168
-0.344362382759712	0.100549162971635
0.154819554186086	0.039408070567956
-0.726427642398715	0.252868210726988
0.145952781975537	0.027957432098957
-1.52692562574729	0.552956033505307
-0.212648801796322	0.0693601353842416
-0.760664609071099	0.333015011154806
-0.767855340790427	0.337814115120684
-1.33500026819229	0.835073301555823
-2.07069627299441	0.955503912995789
-0.514635039335923	0.197073437131208
-1.82013283681335	0.753499529716958
0.158729294236089	0.04043260950787
-0.14662958422798	0.0529534159724381
1.95373899190972	0.460332693481441
-0.221381474348764	0.0723536757666175
-0.100753287335091	0.0400445225634532
1.97045215282631	1.24216536093489
-1.13838195218038	0.350237547909829
-1.52336582358888	0.551742344860982
0.158729294236089	0.04043260950787
1.45151622307992	0.488502446881907
0.162070178892022	0.0411144637566376
-0.35108905718488	0.102362211478167
-0.343891103362859	0.244456398096778
-0.248437259566229	0.123858506060289
0.155608726416379	0.0470349393301069
-3.45920905368023	1.25640999767694
-0.633263297544021	0.156213540903658
-0.764113361263225	0.3360227357955
-3.08660653838605	0.975157312690119
1.03603918315932	0.397047597589558
0.145592290548819	0.0279027526196651
-1.80497515009983	0.40204480448646
-0.346797330227773	0.101185095553384
0.159753181781469	0.054594170125631
-0.6112732266732	0.294046482184377
-1.09843095171918	0.748279555131063
-0.52695020402923	0.518217212854966
-0.0374071837029439	0.0276882979900425
0.162570427317544	0.0859140360550406
-0.520217181433706	0.199453993404994
-0.216341300405611	0.0706275337190599
-2.58107011718166	0.682882000334415
-1.48773925196668	0.759343175819905
-2.58550852264163	0.684811136427957
-1.02126179208727	0.410975081816502
0.531223226643993	0.193578240394512
-0.102424381254166	0.0406238742075902
-0.217783773381529	0.0710710016312923
-0.641728465892975	0.158059513381177
-1.80497515009983	0.40204480448646
-0.348316759950918	0.101484921632793
-1.27960390710866	0.58447674818335
3.63553631715371	1.45516543033256
0.145424983743559	0.0698147899019205
1.28112852846568	0.71415185971748
0.159873979297135	0.0482815097019209
0.361666885817463	0.181448556052555
-1.33797720813186	0.838675877614107
-0.520885654160255	0.199641734514241
-1.82463618211883	0.752891093781291
-0.405655681204947	0.228784835948333
0.69510717262521	0.327977453773444
-0.220547430286213	0.166926174612073
-0.718607685453799	0.688517272851572
-1.16658386964387	0.654178336506151
-0.648202669767813	0.381826003347706
-0.21438297968887	0.070119295219489
-0.315054644915992	0.144885881153883
-0.225980737566007	0.0736878678331904
-0.511415259704656	0.195471759731759
-0.239457176985922	0.118767424210945
0.156530838902088	0.0537701104160248
-0.981341282031476	0.489036202673862
0.531378357585119	0.193286631867885
0.452438612949004	0.183699045351648
-0.72540993943885	0.251892304549571
-2.46348529100144	1.38666250507414
-0.636959492719679	0.156887069567616
-1.48221295782614	0.758349119765208
-2.06439359288975	0.95463510943463
0.532451233543806	0.193598482908107
-0.492298113586874	0.257909016433514
-0.347136350857903	0.101509886664517
-1.6702841984141	0.949094005979184
0.148372540655573	0.0572500288371984
-0.0179129295315257	0.00861237366046597
0.470531159645646	0.318704625060052
0.332079036693913	0.18325172940719
-0.390638840355502	0.163921584990061
0.526641831692418	0.191735599167788
-1.02204793512445	0.410502951592421
-1.51684905918208	0.549966932484854
-2.06439359288975	0.95463510943463
0.16741376922561	0.0501270091653874
-0.514635039335923	0.197073437131208
-1.02628576158792	0.412152659857664
0.161153094780194	0.048530513531666
-0.542238629794914	0.341106318737196
-0.928836814120066	0.677615044871189
-0.727179123195026	0.25354055255114
1.04507350314646	0.400337528186446
1.4497197553516	0.486935149927457
0.397820522401393	0.179987072869989
-1.14241956815201	0.351807769829277
-0.796439730772496	0.52254398486956
-1.8009224274669	0.401413641514774
0.144624243113007	0.0277697138706121
0.162070178892022	0.0411144637566376
0.154426155420695	0.0394015396377603
-0.51738992593929	0.197865775918006
0.162765853660276	0.0412041418868207
-1.8009224274669	0.401413641514774
0.611273422924651	0.460943690517305
-1.14173074601379	0.351630194981725
0.665301548139678	0.214168982585133
-1.14214562413243	0.351215554477081
-3.46478958027201	1.25928131143948
-2.58587528855637	0.684874790734986
-0.347136350857903	0.101509886664517
-0.636959492719679	0.156887069567616
-0.636959492719679	0.156887069567616
-1.14241956815201	0.351807769829277
-0.637509639132058	0.157280902410938
-0.635886909613779	0.156604724964807
-0.633263297544021	0.156213540903658
-0.212648801796322	0.0693601353842416
-1.51942044620827	0.551189226731038
-3.75826609616582	1.51609845599333
-1.51942044620827	0.551189226731038
0.935072365625058	0.249598704803732
-1.14781664720768	0.353699707342604
-0.195569958736142	0.104661687818517
-1.14173074601379	0.351630194981725
-1.14173074601379	0.351630194981725
0.144624243113007	0.0277697138706121
0.664222224803941	0.213409026485109
-0.514177567970251	0.196553069850422
-2.58142672375403	0.684312616488773
-3.09018140585655	0.975319743554836
-0.637509639132058	0.157280902410938
0.15333233148057	0.0390971321912012
-1.14310865877862	0.351285302005725
-0.346391761922432	0.101125986544327
0.670986836259098	0.215663188176636
0.943541575109422	0.251560831713342
-0.347881275810247	0.101704932899344
-0.642287903988749	0.158179920711655
0.158729294236089	0.04043260950787
-0.0947254410431225	0.037748651984201
-0.48605362568269	0.254095896860715
-0.391537827081547	0.163998203339572
-0.212305652390839	0.0694460252040557
-3.0855122183307	0.972756963025588
-3.08660653838605	0.975157312690119
-3.09489089442402	0.975444632247073
-0.72744557418559	0.252780736704773
0.141371543201342	0.027282216107575
-0.342867856400314	0.0999728525992471
-0.636990001200621	0.156817984288667
-1.80103877399874	0.401412128456168
-2.58587528855637	0.684874790734986
0.144624243113007	0.0277697138706121
0.158857588582489	0.0479158038261938
-0.508861305520234	0.194302291676518
-3.09129418995865	0.975610822572426
-0.769717752575689	0.338699512066309
-0.348647465724826	0.101723259540307
0.363595795083068	0.182977595037202
-1.14420932638858	0.351785528543761
-1.34750867506572	1.34284489327914
-1.66911605518225	0.948313308774744
-0.134176358060072	0.0484891500537458
0.158324698427983	0.0402149964785429
0.164017935688693	0.0561438501226078
-1.14104219214391	0.350714860686515
-0.147561985315398	0.0532091055412496
-0.515181706001003	0.196864636828337
-0.513022098417711	0.196007452163567
-1.14283325733795	0.352132388893513
-1.82265695551501	0.755060218180958
-0.647998423354637	0.381544352712931
-0.723678625838308	0.25185170240566
1.81965712946419	0.72393570375632
1.32737623934168	0.58900658769522
-1.13907413243892	0.350415838742694
0.155608726416379	0.0470349393301069
-0.348220543213602	0.101642486260234
0.144983099103736	0.027824125638065
-0.341779219786228	0.0996625955420077
-3.75752848880672	1.51704168071265
-1.80103877399874	0.401412128456168
0.148508541635756	0.0283091884660306
-0.343614950418389	0.100353977595961
-3.08605931477026	0.975090216684496
0.158324698427983	0.0402149964785429
-1.01982638852231	0.409294816847698
2.74958998501656	0.787920507210083
0.153579839740872	0.0463985633570496
-3.46340569552128	1.25637834429041
-1.8009224274669	0.401413641514774
-1.14336638515137	0.351799503810815
-1.51759021741262	0.550484114851072
-1.51719900420769	0.549264213163276
-1.14104219214391	0.350714860686515
1.9546069313489	0.460412245381477
-0.636959492719679	0.156887069567616
-0.216082437585751	0.0706900588053257
-2.06323896173369	0.951413577542283
-1.80103877399874	0.401412128456168
-1.8009224274669	0.401413641514774
-0.809278592771712	0.620497188116908
-0.659752941051326	0.388108691094359
-4.21589365392894	2.01134729253224
3.30918412185907	2.92176092744654
-3.0855122183307	0.972756963025588
-0.514908806238071	0.197238634697011
-0.516523767661567	0.197503227221547
-1.06314537001266	1.10977360570165
-1.34653276681814	1.10057832612062
-0.798160493230933	0.525641467402081
-0.76880018659746	0.338169685372849
-0.651035852018245	0.384207562839017
-0.58065505927625	0.422776489817869
-1.0949689536277	0.742864252382889
-1.01334950778458	0.910722714864958
-0.795409111116444	0.607213901110064
-0.711249320263355	0.62527547324297
-0.787309707596619	0.428364918737237
-1.15274010122354	1.27566455742869
-1.03325864785271	0.811923242514555
