x	y
1.23440883825563	1.34281787742477
-0.112403880654975	0.0662308489735477
-0.324835486664021	0.291139883260706
1.09025871230757	1.3800239134986
-0.497820305104835	0.372424643114081
-0.0996929000602577	0.0583987949026996
-0.504644819510495	0.378426191317818
-0.540458871770072	0.450404487996947
0.0967178730339266	0.0708060688487745
0.407439761063239	0.43276747233577
-0.23979063034158	0.176050662022876
-0.779709246818673	0.659550126715084
-0.196637724895574	0.151617238662211
-0.710582050614877	0.624320407553178
-0.00166135286161393	0.00112876912946426
-0.134541647147879	0.0940265342254862
-0.0172980513254794	0.0113568220478195
0.00659494065435553	0.00463346910925847
-0.467584444211948	0.4354701893555
-0.235942737054758	0.195871667422319
-0.289642168322107	0.260918174709129
-0.590382345537803	0.612566168464082
0.314370047646597	0.203016773300792
0.544256739065312	0.314062117678191
0.986754460601443	1.07135637107735
0.463508255781251	0.312267856544206
-0.446874350821574	0.345287256468531
-0.854582086445712	1.09042450266275
-0.558605275572035	0.588424198629167
-0.434719179012061	0.375709473405157
-0.65426125568028	0.386458245905228
-0.34493897485741	0.206085808112845
0.388327205367813	0.175017898836851
-0.474987870055369	0.401309026721961
-0.58906464226899	0.69394026452843
0.322591789636543	0.334293339911873
-0.202878297046716	0.156507637688633
0.313381240281586	0.202350215337304
1.64960446533352	2.39439627407235
0.762836411739036	0.929674907003642
-0.158323452366773	0.122600018792143
-0.19291632545157	0.148328906120254
-0.556834283095099	0.503205338647501
-0.58213686633536	0.567779505767453
-0.397867740733956	0.31438427356739
-0.409629714245564	0.231266283156558
-2.07882274301238	0.957987996118228
-0.677601609982493	0.472558990383015
1.90464265488507	1.62674817769888
-0.230339016513524	0.149033490625135
-0.193717646035097	0.129320538732519
-1.05013864208843	0.836242482015681
-0.274837227451069	0.171551395557163
-0.0938790853689785	0.0682367560979096
-0.194390316424145	0.149564864948045
-0.132225813812955	0.092589045431128
0.325418151803888	0.196056466637731
1.04499396820546	1.09854007188676
0.191906402344146	0.148062802631038
-0.205626682786513	0.171989123786244
0.0939579873243692	0.0686246296261768
0.115349558090999	0.0976178718717428
-0.350271678689107	0.308870551853798
-0.796672948272856	0.433725822496561
-0.5186089527835	0.198694863421629
0.947302192663454	0.251880296760776
-0.346051722995957	0.100990327474769
-0.980698173873248	0.489626676436646
-0.347881275810247	0.101704932899344
0.165129397966442	0.0496596498417191
-0.0995248930114809	0.0395849266276717
1.62170483210847	1.13207141694992
0.160246974360102	0.0913630857102747
-0.0576649064232682	0.0251180912170211
-0.33711662369846	0.239237566702574
0.582534310440317	0.558973517516476
0.408623852046131	0.337577372002141
1.45897621423332	2.0588697430179
1.88760466410027	2.06988696155056
-0.131418220708946	0.0920171186468707
0.0360349995268375	0.0209076738703883
-0.146014140023154	0.0824881621660434
-0.900911455041174	0.746933026949287
-1.13545674587495	1.69307027631337
-0.0202893639022887	0.00971723528856291
-0.443911614217474	0.343032181480567
-1.14336638515137	0.351799503810815
0.53668704389391	0.195702410097146
-0.509527285836048	0.194677535004504
0.610079861901839	0.31897879687733
-1.82088168004202	0.754160517946843
1.58048723866495	0.800795987972636
-0.195932057596471	0.131225584561429
-1.26571178915301	1.36697226843264
0.049508781382136	0.0302835001150344
0.0707945646766015	0.0477299844802121
0.716344499478388	0.805006182858767
0.175750738595814	0.125131038998743
0.366685292699507	0.331719720504543
0.153092443942395	0.0735921110666557
0.161113530627782	0.092252461660741
-1.10061778811148	1.30235525290379
0.0891038164570827	0.0602746912744931
0.427522328366277	0.3233944547016
-0.339148989922425	0.296922588578379
-0.632781508861428	0.566253493677705
-0.783802538069549	0.792625084627723
-1.02152858466472	0.41003633195509
-1.27656840239241	0.58297122228144
-0.7684758491305	0.338314891656376
0.155004457643973	0.0669297291223098
0.451158336600182	0.183419403196117
0.162080659814295	0.0623283245377446
0.168919296389719	0.0506509342831518
-0.0850815783023642	0.051913181761143
-0.0136341743322671	0.00901008657093797
-0.0770200985706406	0.0468398632876919
-1.19056276269915	1.21884935311158
-0.992869596557982	0.879884417887475
-0.0133673262348584	0.00881950422390647
0.0363267707791076	0.0261449814849167
-0.0906954953675074	0.0552964386555505
0.0514437205439182	0.0315475602306094
-0.0871063070888903	0.0530624837517357
-1.47832929367836	1.02799533706952
3.18174439954258	2.58646225097811
2.11375324652734	0.961449694741809
-0.00375622463659114	0.00189917764793082
-0.0595138966994564	0.0258956787079634
0.0992047924999491	0.072559533426423
0.986265589848263	1.07370609929608
-0.48904092581346	0.486498646521612
0.0114051237849467	0.00631879693384356
-0.669487350074013	0.464528439923434
0.0359866074963442	0.0208581949270023
-0.402368625789841	0.227206485445528
-0.327401650121622	0.195153128148531
-0.693353906842528	0.550791186056235
-1.19213954706893	1.21642650576256
-1.05012089464447	0.837707222812169
-1.09750804292964	1.05511824786628
0.155185700367323	0.0746059322887215
-0.295437474952798	0.215267025361305
-0.795471526799301	0.521466076853061
1.5843729301853	2.18643542170302
-0.294392702158805	0.214028155641552
0.492418479105816	0.533560511041455
-0.379949809342562	0.359176750153275
-0.161233266560768	0.110374128595649
0.037838725633962	0.0219463211482084
0.375376808187395	0.329052291043732
-1.90289319110658	2.30886752791078
-0.145257263754292	0.10210897443922
-1.4367278745205	1.51729793355281
-0.144512439784459	0.0815898511517696
-0.686739689873129	0.543467050420867
-0.161670599247944	0.110885100360342
-0.506898207108118	0.465126294751192
-1.42893366524578	2.63710005703054
-0.317284492304717	0.323381396395652
-0.270224581540628	0.262830927689703
0.45104176963705	0.451539601210136
1.07718401302309	1.75979143373382
0.391896119164042	0.432520333411591
0.145255987240829	0.13647286420697
0.000969029484593778	0.000699295282676494
0.0944557359675108	0.0690965856003142
0.0953558989165417	0.0717918969740937
0.288856582000008	0.225723644148802
0.180712548355336	0.133997899683489
-0.285603490172804	0.236765051940031
0.0403615129583814	0.035613902662425
-0.111798555116352	0.0797913038371874
-0.686617822784721	0.542865811559573
-0.482258071762399	0.409524904685273
1.22561901507916	1.18339927783054
0.54720490783534	0.454068689460435
-0.701603932284481	0.557738441680291
-0.793789334737128	0.864924123082797
-0.95367057322549	1.01427482715019
-0.997967948242866	1.49859378037889
-0.266850884880715	0.329305165738905
-0.174022370035154	0.219902604488841
-0.205410553631015	0.215929234923675
-1.08776350210805	1.56691474739634
-0.136061193596776	0.145382475673671
-0.0201232875366338	0.0174460804198384
0.271295966109486	0.226112157510432
-0.274258910598544	0.226733018525117
0.000181517179629407	0.000291453286678902
-0.876071596760641	0.875207816362429
0.178478711755833	0.126934120582956
0.187570045164883	0.139307761723659
0.158018375833819	0.0902683024741404
0.292312674915453	0.228851553557717
-0.0653429790603175	0.0590648710941257
-0.622873626921027	0.554876323310105
0.159988522461576	0.0975634359365862
-0.0127605270638762	0.00625200763274654
-0.0559326090351956	0.0244445320452892
-0.185939922594192	0.0992942269899868
-0.601454413124656	0.28893874748557
-0.671715945834335	0.46720406255409
-0.619880761836827	0.551047731764142
-0.123930681166141	0.0989218054679211
-0.558463991359127	0.58812303817174
-0.165921567452422	0.153163600945967
0.0758782722358407	0.0490624041076559
-0.191626807061557	0.177343900690035
-0.955482533429269	0.584166967956716
-0.534929817860825	0.444383997483932
0.525272836586921	0.546276205977029
-0.497796181283219	0.497552493112811
-0.447171264782973	0.447810045501215
0.551781943658177	0.63135972994346
-0.608338518876056	0.671552429596334
0.0818849279423542	0.0594160786485705
-0.0367377773512004	0.0236386585726425
0.373032640497192	0.338611055486466
0.575919129601661	0.572770202539509
-0.663244327705335	0.766096798006112
-0.315470703117412	0.32748520799317
-0.19563285224132	0.167150471534543
-0.00535277705612726	0.00264982786467973
-1.00152753629281	1.19481839950965
-1.05433028051988	0.841137958933701
-0.345345998771422	0.277059151226771
-1.15887687614086	0.647116713701421
0.504974568879666	0.31764066565527
0.787606644561683	0.739990254732618
-0.021004414220886	0.0160098097275555
-0.242920187984011	0.222576793338275
-0.785510287639015	0.796239247569897
-0.565674179054027	0.628325389289942
-0.447963134180433	0.448786618358257
-0.999635009525983	1.19020934337807
-0.0727835272320168	0.0522402021280553
-0.29404478761689	0.21392586283584
0.288071685280516	0.233764475867795
-0.0286387829665961	0.0187418282401015
-0.341496323366971	0.242582971596004
-0.342750673919984	0.243145666583146
-0.146476020342991	0.115822441681554
-0.851250515213259	1.03009754346817
-0.345694070382984	0.277077213503247
-3.76176040838625	1.51993807033519
-1.83935408892097	1.16122969354832
-0.643292683905902	0.377554161087986
-0.299853595437319	0.137144770657831
0.0286548149170616	0.0153915851657507
0.191780268601884	0.148080270385121
0.950180195166607	1.1496982849481
1.01980472213441	1.21702859200276
-0.43733562441008	0.378193735690222
-0.398915154533195	0.275585501349602
-0.548920341738887	0.345596511173772
0.562494859854902	0.44277509985657
-0.0791250596713178	0.0480991471587838
0.0139495072878679	0.0100913542225387
-0.716861942958251	0.686816438014119
-0.469638711867927	0.437545698698484
-0.0825411635891684	0.0595782098169338
-0.103158074054563	0.0604935856156318
-0.306017148378831	0.140808131815514
-0.239548891632513	0.119356167238797
1.3335453866836	0.592444055979166
-1.03212237026457	0.414294926993374
-0.308371064513332	0.141685009766175
-0.39667723279259	0.222766562948
1.26531949837222	0.69748217768585
-0.607159726923454	0.292089164164453
-0.00760999756287758	0.00374963692644552
0.731194649638443	0.601816253193622
0.181729172420008	0.124189427746284
0.944865735242019	0.920623283662477
-0.852920831297955	0.97362741555117
0.402231630701653	0.331633644963583
0.267524022652698	0.229179207426889
-0.290134757398064	0.20969094473325
-0.430650234238099	0.329271751383588
-0.361641662265802	0.436842737010894
-0.387154898134558	0.467446242426197
-0.752800896731959	1.09722903613225
-1.846118618027	2.51403198007115
-0.65821421298115	0.388400991076392
0.323159723183167	0.194224009800462
3.25711819118569	1.12516204396806
0.447407447997272	0.181485902874234
-0.98649343448305	0.491361087548199
-0.485833167841123	0.253893865393645
1.46414185502143	0.917096685577735
0.155816413428406	0.0535628127143977
-0.287893101576066	0.208867562272207
-0.188292707824072	0.125620992385091
-0.150865584571416	0.102700581921022
0.0888162715690239	0.0625091201356704
0.692714178320907	0.794794405506997
-0.411576989318314	0.415033156769558
0.0765953669547161	0.0536009312961909
-0.0108978035506779	0.00723819147193987
-0.269537852735876	0.222022418853485
-0.464644660529203	0.30898142049874
-0.246013097951079	0.182021281377831
-0.344362382759712	0.100549162971635
-0.637509639132058	0.157280902410938
0.144624243113007	0.0277697138706121
-1.51759021741262	0.550484114851072
-1.80103877399874	0.401412128456168
0.144983099103736	0.027824125638065
-1.80497515009983	0.40204480448646
1.9546069313489	0.460412245381477
1.95373899190972	0.460332693481441
-1.80103877399874	0.401412128456168
1.95373899190972	0.460332693481441
2.7486062124648	0.786021619850662
0.145952781975537	0.027957432098957
0.944102727079701	0.251755733219961
0.943029051172106	0.251479485037243
-0.636990001200621	0.156817984288667
-2.58178332536446	0.682930522892635
0.158729294236089	0.04043260950787
-0.633263297544021	0.156213540903658
-1.80497515009983	0.40204480448646
-0.207346613260416	0.0676839715743546
-2.58107011718166	0.682882000334415
-0.0821371831792649	0.0593089668253395
-0.379503151537596	0.358505056665232
-0.658259988410274	0.721442987428318
-0.429790541555891	0.370489875034766
-0.246742476926092	0.123231471044716
1.10774937625177	0.836075868851319
-0.723678625838308	0.25185170240566
0.163743991955657	0.0560229060148152
0.939298703364537	0.250809511779044
-1.51332145233629	0.547881190959341
3.6299421323806	1.44791106405995
-0.210870083038772	0.0690051452148311
0.160914434221123	0.0552474007488785
-1.02303104447883	0.410996649608088
0.338721564618912	0.186951543647822
0.445480394462546	0.319927014574807
0.910960646194365	0.490310130337472
-0.790724296136394	0.677718680484361
0.374856760950107	0.316577089998997
-0.494116216544641	0.368887418756626
-0.275899145855203	0.173018204836398
-0.0272196144825833	0.0128463614200861
-0.150044720760731	0.084785903189251
-0.301778934796358	0.138568363768412
-0.319929348167268	0.306831961451499
-0.147406191619588	0.0834158058982206
-0.690214248971822	0.547356572798394
-0.598229927133967	0.286180889059452
-0.722928245021615	0.251489262306972
-0.216803244618851	0.0708846083253087
-2.27399990610356	1.16254904193174
0.700863130816497	0.330661786200069
1.09164224802605	0.671326431426242
-0.396421062608657	0.166418251931146
0.787285587715658	0.61854549505837
1.23980211460779	1.19907314250128
0.181965394431748	0.129846989056072
0.953563110018434	0.935810479724679
0.0244168304218684	0.0175813085031723
-0.739633677562854	0.813988789069157
0.093303101066778	0.07210628400687
0.465431359159045	0.441146150800267
1.33489807798704	1.3841920296174
0.168256545465916	0.0887092424489243
-0.115617625576742	0.0680316249146654
-0.50633162447819	0.380719007930035
-0.42391649737957	0.364114161630928
-0.143716039700863	0.0810813176833836
1.27995073916028	0.711340566064819
1.03780816129706	0.399548214209553
1.44926079886845	0.486462370267577
-0.390056931578861	0.163577070139297
-0.31029491523275	0.142745297488236
0.360389581346754	0.180697512223701
-0.0931619833305632	0.037041987986927
-0.190095683354866	0.101442935616744
1.13812223172536	1.16004250941781
-0.802327866910248	0.688421643045017
0.292357469469664	0.228873338968283
-0.519153880372728	0.638637200235403
-0.00924919280870424	0.00615057724598348
0.111693912656666	0.0874939764500394
0.664820988102856	0.779202741264256
-1.09530340501428	1.29109645199342
0.0588958872577602	0.0361182444818835
-0.338645999409306	0.240460068453601
-0.23234079470855	0.176686044201187
-0.0389023277742973	0.0249930919851134
-0.187172309960462	0.124917098152307
-0.0339378562723224	0.0218280662888328
0.333946496887395	0.184502473698203
0.40205861380563	0.182241968363796
0.158324698427983	0.0402149964785429
0.536431293429806	0.195654703291124
-0.142900251552044	0.0516611632062222
1.78336767156261	1.01050612851749
0.665301548139678	0.214168982585133
3.63664142756648	1.45554969527548
0.149161905752438	0.0646063741901696
-0.141537656269784	0.0797917025434541
-0.144235927304146	0.0813303257415559
-0.393191353706126	0.309661089261577
-0.50247842376457	0.377326182139443
-0.531964694175417	0.440930538158423
0.148262929193323	0.0639878506969203
-0.693157080320956	0.65285144274272
-0.253290339150934	0.188159335260523
-0.392225394647823	0.342484382750355
-0.657305713478803	0.388172801607863
-0.229906708331966	0.148813490805157
-0.795805492917549	0.810703207541569
-0.789582995134961	0.858552628910045
-1.84511469345871	1.66944911087658
-1.27799812639119	0.581052805298475
1.82501577065802	0.726750208134044
-0.797142769772153	0.433550683233158
0.860460767615131	0.629243231660427
-0.613488630002329	0.294461373649805
1.77960853656362	1.00462616236339
0.176024176684965	0.107911716491783
0.283641735948082	0.221364861848307
-0.259713134415855	0.193675856767413
-0.627520595826993	0.734245116301953
-0.0498250249985386	0.0371314575974547
-0.33691275029068	0.317764236151442
-0.422713417593536	0.445564960448106
0.0624838372708162	0.0496912585654854
-0.252117532051827	0.232727204082721
-0.0615149924867789	0.0460633569063238
-0.242462150317176	0.222378967753771
-0.105146322770856	0.0748938918540265
-0.273310574385313	0.295775447666941
-0.00730160567316516	0.00569563479446353
-1.80103877399874	0.401412128456168
0.69392783840352	0.327256868185279
0.153331830834994	0.0735117336570361
-0.492810500043983	0.258307671221628
0.363183753363464	0.182678711121724
1.46312731116123	0.915661388961565
-0.757927236874105	0.332077461758512
-0.670890888955502	0.466807457967584
-0.610943179453241	0.674363024908159
-0.39251590287876	0.30877903974113
0.787658508411973	0.844618169435048
-0.251108370133731	0.210254830862741
-0.253671370316779	0.1884948749589
0.00286513040834436	0.00183474598922614
0.943446816938802	1.44279107921526
-0.218701786202356	0.18482980176036
0.38044324063365	0.334283827085843
-0.314764645246088	0.257651425522239
-0.311615479201338	0.276961623707289
0.373819943264074	0.328299896546456
-0.444169918500549	0.34229515982304
-1.35337935954089	1.55694349905222
0.0736134260108315	0.0643826196690105
-0.0139821043175736	0.0108637327656795
-0.72264604583748	0.251322189623296
0.321902540747841	0.192896657039729
-0.0458034855243566	0.0200632015750667
0.158019918357769	0.075877103246531
0.534083590944386	0.305373482070973
0.164799427085877	0.0945352125098618
0.0217760821693556	0.0117791136449664
-0.591024297811426	0.429985111992959
-0.057836155575111	0.0422925473016689
0.016852923089622	0.0116622108649912
-0.191126003791375	0.146840366868177
0.425553644525607	0.433963255113285
-0.0531946270737884	0.033322157251796
1.14628797238847	1.41006979945463
-0.0756927741619417	0.0622878026326295
0.0777204221495533	0.0524160237273116
-0.418320091390416	0.392506292067664
0.852038433947521	0.893477886314756
0.27244552351735	0.227009642798387
-0.730581664240284	0.931773388536939
-0.291695756118884	0.212037711577019
-0.389386948120364	0.370142956136971
-0.0817369225172272	0.0497674666680205
0.206803903130955	0.207008656541255
-0.023859005125363	0.022515615696514
-0.218984562208939	0.242908118133974
0.413426768304906	0.533270669994531
0.333619332978074	0.35606428729698
0.125846004500415	0.104535385324347
0.0362899695880576	0.0291430089488001
-0.075234380510628	0.0684191280266241
-1.14214562413243	0.351215554477081
-0.142603029870794	0.0515255055439621
-0.950564205799766	0.58198163053543
-0.968410641667688	0.945458947285195
-0.46808760094868	0.31161052963605
0.168267175777571	0.113830298665206
0.17282601495339	0.127421206458799
-0.103839650219833	0.0837134742629289
-0.601415123105275	0.627526659267716
-0.354966584312179	0.314478480129651
-0.285518628911179	0.256722427363797
-0.00865822052875106	0.00572950162908894
0.0383400973338611	0.0285840729957228
-1.05460024034836	1.30562045653441
-0.386159796591138	0.336620708064139
0.714044113266502	0.800667299266951
0.17484136737176	0.113422164591332
-0.280040243317661	0.250932603443345
1.55956176912196	2.55401131581531
-0.863612037045253	0.926938532722057
-0.202104907748075	0.168166835998678
-0.340353312726654	0.321812023022202
-0.48996681628489	0.443757715440012
-0.133174645721622	0.093259885379586
-0.293840261822865	0.265174259266047
0.0135562700386543	0.0111179021500417
-1.80497515009983	0.40204480448646
-0.926425789657907	0.672071786781999
-0.601797617642981	0.288618484895952
0.226939565223868	0.383530998587494
0.137295319071874	0.135330184338978
0.0665985665744405	0.0567980778583937
0.788562842546319	1.18299121973768
0.209646908354533	0.293187601808648
0.000764572471644693	0.000720435296611645
0.748517102578048	1.0079249842401
0.113861221884481	0.08913318131341
0.262326370368196	0.261983990377396
-0.224257515288409	0.190180736047107
-0.217932156330144	0.140415314543583
-0.0220706666673319	0.0144857879262398
-0.150366964668563	0.115749523192919
-0.306879623643096	0.271652480845426
0.58877507280012	0.567034542720092
-0.796726503871534	0.750338432092509
-0.214260874632391	0.161572015740405
-0.106876142452103	0.0762016494253113
-0.0000108813471732042	0.000192570509859234
0.297579237001306	0.224268134374589
0.618028485805167	0.577637057829058
0.176239803882459	0.151216876305789
0.00270579037485566	0.00219595555456169
0.0407971480074031	0.0313006526353846
-0.0841554870924304	0.0512333788985386
-0.173673560270449	0.149320923229799
-0.289939625764075	0.261235933243211
-0.0904758323531867	0.0656699590974989
0.589073789268664	0.566737402922013
-0.657326663707342	0.682455783791627
-0.298498877493144	0.241962178175737
-1.8009224274669	0.401413641514774
-1.14336638515137	0.351799503810815
0.146073687451661	0.0700968281384464
0.180944625704902	0.123614918405236
0.168484583730555	0.187436622345793
-0.131242752777499	0.12469719454309
0.122759237855052	0.104242596211924
0.0983580144040932	0.106935775115898
0.0406476572431586	0.0365072142542494
0.142303121559901	0.136062369729715
0.105147744725921	0.0796306444139334
0.34924290727381	0.341783706443972
-0.464282451921779	0.30742580244782
-0.719872510250021	0.786713937041336
0.555450991989034	0.459786911712868
0.862235259341931	1.08643426819866
1.22675728236939	1.93871951289912
-0.136686130004426	0.0954799490509003
0.0749900796005382	0.0506693684541749
-0.221771220212656	0.143269268000342
-0.869061250594407	0.935180856899719
-0.49000876609842	0.255980721799169
-0.387172275879474	0.304763121818445
-0.333027248638428	0.198751566922049
0.167925947825719	0.102183280494623
-1.00692748700119	1.20250363899542
-0.868818324176518	0.933142557680058
-1.11305019005171	1.07260055801321
0.187476135181509	0.139491499420451
0.277869231855869	0.2397413107528
0.0984751105894157	0.0744326106156513
0.707678413631843	0.709250341664861
0.642218353518647	0.678385089293271
-0.687704818202267	0.805516445740167
0.0391411841933554	0.0227126590020634
-0.173555514982881	0.149343518506179
0.570421256348675	0.452639722745118
0.180738738785737	0.13409361003864
-0.555989609632378	0.501492457494279
-0.762294852377534	0.334854539838056
-1.81736869960225	0.751420668604187
-0.152990300935352	0.0865863797305672
-0.0267359905017576	0.0126296147906662
-0.340065104614503	0.241127056003773
0.0747451420716951	0.128653518015547
0.528222243567242	1.52919477931995
-0.532478305691684	1.21469929707145
0.113740953103037	0.115830529703464
-0.529033352940768	0.69284994334064
-0.448137623239536	0.449177205278161
-0.208201263395576	0.190823795875317
-0.14474284130528	0.114331734852466
-0.00799528800669528	0.00529144373206858
-0.307644681867946	0.272299021930575
0.866913093886973	1.19484524104557
0.749833648021346	0.822061760794974
0.310127069246592	0.223764131913364
0.487543191813071	0.509571786411853
0.558105252893403	0.550234727218706
0.0824830905638876	0.0579948685527688
0.169118788059635	0.119705085713189
-0.394304364035332	0.311378488220351
-0.116641895789833	0.0834527479962941
-0.294610705410467	0.2140648230852
-0.142627025762966	0.100077148880637
-1.49178388887918	2.09433538508228
-0.146012210501046	0.11543487832879
0.0296013572726611	0.0213036928165746
-0.10579791760852	0.0752863413540264
-0.70632803170882	0.620221820629768
-0.316769358021997	0.259320158890858
-0.341247751142971	0.242722981981271
-0.656844665343952	0.679468337526761
-0.626632074607359	0.560490412428856
0.0648149572520727	0.0528222993716223
-0.685131840271389	0.479245311289937
0.961606098103622	1.17341613722579
-0.62401204818611	0.557425589235649
0.138745686508285	0.322713276422326
0.126374011840215	0.289554483160593
-0.125056046609232	0.296838364285026
-0.123741209399713	0.372462866709628
-0.469552194677098	2.49919858031041
0.101335208358055	0.0956076084299575
-0.0212446715940776	0.0180597774398656
0.159515394934843	0.165895030203198
-0.322699522182484	0.466202971361114
-0.529730791847402	0.796093722992725
-0.398809944291243	0.568791145930942
-0.352259366560454	0.359513108139207
-0.440151333962295	0.61489479819572
-0.38072385009811	0.577250038779527
0.0329579391364145	0.0331154391998785
0.313288535061054	0.350136908838287
0.149580301603438	0.151702390410658
0.643043283577568	0.679638009526965
0.801480541403653	0.861794147042492
-0.473690914679873	0.442782637959943
0.443162633343255	0.429307806958969
-0.521768941312877	0.510889911430063
-0.216029646475247	0.214472771344583
-0.141428775516575	0.111327133689269
-1.90227190840231	2.31227436241669
-0.446160362014406	0.344145500564864
-0.762917044259969	0.335226279565195
-1.13795616647699	1.2579857604153
-0.926755081020804	0.674473596634099
-0.477672182094934	0.317415199855016
-0.215264297486549	0.162342828991314
-0.343882311351388	0.244370850396206
-0.434997777547955	0.334028180575189
-0.390320582832141	0.306938615068169
-0.955787591120751	0.583970126946329
-1.5668785746349	1.50562561501756
-0.408404899217199	0.230238978984803
-0.682163726342568	0.476138840766594
-0.580799251818253	0.422913529374475
-0.425336232026791	0.478647330605944
-0.73517805162207	0.855886533768681
-0.434354135541599	0.375385406809012
-0.654884177926629	0.387223360408539
-0.890927810375442	0.820538892097151
-0.0808063628946792	0.24328283278053
0.0330938704862813	0.0777573817931978
0.162116856693338	0.449194643087909
0.0443860452778203	0.098999040841664
-0.0816119848748258	0.224467008386052
-0.208015928790969	0.718508073915894
-0.264897579356652	0.86259717574359
-0.77675499060229	3.91090188216072
-0.200792919805395	0.379011700496998
-0.575641987345801	2.36336951178087
-0.120049213020682	0.123303705190085
0.137049697878831	0.139538417705694
0.052271160764712	0.0481614263251498
0.32505878844294	0.427738358713423
-0.0937409758866944	0.0966256824230292
-0.151698635057024	0.14108278823015
-0.0165521258126691	0.0107762317740682
-0.0565483996878591	0.0521933613297066
-0.193547635983687	0.204719688383238
0.259623210380007	0.252949216048687
0.303792313917662	0.351162564092888
-0.382808939628521	0.482706354037871
0.092135245778285	0.0650617690524527
-0.382314144231859	0.299683173850017
0.406837426482968	0.432082240262676
-0.38813770648723	0.368694133171958
0.196888724695933	0.187874736839781
-0.0224362332311639	0.0147225160697422
0.453334193425503	0.440838064716298
0.177163308915357	0.125873728692951
-0.60743260105898	0.636201021099542
-0.124216368047902	0.0866168861375277
-0.684076185774837	0.478228929069018
0.264342722749087	0.245636348218493
0.183423337225357	0.145692703795882
-0.236111571539816	0.153618964103413
-0.70486550450108	0.67180597729117
0.0491229969433271	0.198093291717895
-0.00198400960519887	0.00562177446100035
0.240359225926533	1.01973704931949
0.370282397019545	1.56412162526656
0.387142277237856	1.64598038306899
-0.0899222074612341	0.239237310724329
-0.60473466354373	3.40088342240755
0.186294954715716	0.461847733226301
-0.414113521486595	1.0285058400936
0.369366703188246	0.419745883239268
-0.135615272433717	0.146665909951676
-0.182657672487172	0.191015366092597
-0.337566701895942	0.202243042060994
-1.9440154383473	2.87140137101153
0.654010011986819	0.693965121924899
0.709730818961475	0.713387410671211
-0.282605286640093	0.253691215565963
0.127396957696765	0.103090390757319
-0.342126832855415	0.300754559990843
0.429670305629839	0.426398282666175
0.184383456248059	0.141960334476692
0.104810216286062	0.079345549217792
0.839137285114271	0.879439278138278
0.751787273092651	0.827735091993397
0.0557314494419379	0.034031324794248
-0.188348219260988	0.12563797292096
-0.196216005956316	0.131197620137261
0.190605838338264	0.1520490886045
0.690207499284422	0.599176692492676
-0.783939564102716	0.900686568447797
-0.405181123478462	0.228512925375427
-0.345212385018092	0.277181938214993
-0.855883191214072	0.911611991903398
-0.657761305371257	0.720888147412841
-0.339715179480458	0.241230606673835
-0.925495871081319	0.670394190351731
-0.441616272761021	0.340780425417217
0.0750019392466828	0.347635099225656
0.0655964410352038	0.258015778147968
-0.198513338038971	0.781597487878869
-0.306624551564715	1.55595727817304
-0.514137573276928	3.35436933067221
-0.633967957023489	4.30050122460592
-0.587005458245032	3.60574867723391
-0.330885306556403	1.09304233056637
-0.201395758794254	0.187599148647
-0.193877717531844	0.205110975429207
0.365810681501535	0.449205203232406
-0.14843819191444	0.149538590066779
0.0582707567488355	0.0473490191881545
-0.154443633096773	0.134201358843865
-0.712514511597603	0.681646104239599
0.270456931985025	0.232537211728514
0.833589039404873	0.978213078583394
0.667999212820343	0.686933827608075
-0.002752375699994	0.00206664396873078
0.641846650907293	0.764260860735235
0.287734175660518	0.224577092267544
-0.348089575639089	0.306391028392987
-0.665711572683304	0.731291092275895
0.920663122394393	1.02879760450931
-0.0834407605502517	0.0603957978855275
-0.096141169782108	0.078668089882655
0.417086979112497	0.422758784926374
-0.718026814297792	0.68850376526854
-0.164514801787369	0.112903961939888
-0.440374916715082	0.339677476982199
0.0167575440535605	0.00911329967370246
1.97612527711066	2.30885555520018
0.420003430694169	0.315771312948121
-0.543019393384237	0.452415446859711
-0.785349067849041	0.795425800863134
-0.703771899279728	0.617042280503213
-0.306752814848808	0.140633633662106
-0.970936910896239	0.950417072744409
-0.139856880833222	0.0980563626208488
-0.937943628451606	0.683672066361899
-0.778805587624623	0.83556839242739
-0.52896062279879	0.437788452739257
-0.271291653534207	0.169366436604358
-0.191424857646709	0.127855704012115
-0.786245355673544	0.736618476371699
-0.711552289415334	0.727308916810874
-0.440109778551591	0.337938984017953
-0.0172127661019832	0.0651263293283093
-0.221125717584817	1.21072881636513
-0.280917241992445	1.5020816441408
0.0573130868526773	0.164905299531075
-0.699458358286902	4.90759396338798
-0.0928551410968074	0.257397829198027
-0.0844903422825233	0.0760907307539719
-0.0515552626193629	0.0473943743751894
0.00313744399295954	0.00266703791371109
0.0695710976044871	0.0606258031899909
0.277996888439642	0.240173287466194
-0.618485839783688	0.829465645513632
-0.844927336236673	0.958289318573242
-0.749352697319435	0.966253259829539
-0.411906941032089	0.415214874834417
-0.576171973488874	0.559483637310707
0.204304539253018	0.196095576140016
-0.261549721387069	0.237616016468529
-0.179487956240095	0.167747190029689
0.61020921364141	0.732836859553357
0.102858431310485	0.0970807258831277
0.628758988706322	0.742738731687903
-0.660241444928706	0.724156447567844
-0.34222362079529	0.243520945920833
-0.292365053104609	0.28221685508701
-0.00327606725861532	0.00165842543375812
0.407308279544745	0.320445698352202
-0.0331153362173041	0.0212970339205707
0.563711073551436	0.557905888860792
0.682623095886933	0.589321169897387
0.0860675849559472	0.0606343985203863
0.295269798752499	0.200906782136271
-0.723676644176692	0.745753053146385
-0.799366765394496	0.611547466509474
0.0867844547406746	0.0610939169367245
-0.161028425799909	0.110306448831046
-0.782389218696377	0.728378948097929
-0.549771308097799	0.459567730391553
-0.461734686975844	0.429715912329542
0.841788867227087	0.758452526191971
-0.439917012428686	0.338756029112482
0.309987608076783	0.212069071489123
-1.27655654160131	1.39139137991117
0.299665659637459	0.204708331674465
-0.335049202239056	0.200914025095751
-0.577593597493367	0.419399302643591
-0.421885846856328	0.361239033369215
-0.00869076623607629	0.029346127411867
0.00794272988826608	0.0244130160874434
-0.154780252563426	0.578572257906179
-0.35206158080927	1.60240218657933
-0.101743745896997	0.235318372102363
-0.191761100562068	0.388321721103069
0.154627820388691	0.264506367685458
-0.118395999080976	0.0942193701956874
-0.276467595789085	0.245109319943691
-0.24644255152623	0.205910094885058
-0.682627455912001	0.476891902319666
-0.883656644866094	0.812159040067758
0.63534764673645	0.666729825201256
0.16713020608791	0.113175195671784
0.0391583252638754	0.0226654926837346
0.393126330194937	0.335621640358545
0.888651198983305	1.20041676704658
-1.56562289020488	2.06718350335727
-0.0876516377587455	0.0635369504484168
-0.0241192936564898	0.0114611227323366
0.70250701568048	0.703723284132836
0.893351782841233	1.20837983498729
0.187204462562833	0.153641904980046
0.634556383761333	0.441218235084607
0.446637611992722	0.418154555738882
0.500352829143487	0.313381587393688
-0.332934693691187	0.235305324032401
1.07249407198733	0.52645293485323
0.956111455428316	0.938032631057387
0.630205418517173	0.590256966090421
-0.28242728763043	0.177003197181144
-0.0250113792911811	0.0118764593227757
-0.28145030745705	0.176537096834757
-0.888282744749832	0.892133120435401
0.160678349573711	0.0845897603332482
0.159408775300093	0.0912083870897486
-0.00602483950749858	0.00299699575081682
0.791946636107103	0.745700704821356
-0.219423381385265	0.165637111279095
-0.448727447958281	0.346810880045224
-0.296174330908889	0.215829548738619
-0.486855568769896	0.254472487991094
-0.148785407254285	0.0536907631429728
0.606028901462685	0.316276687063205
-0.799395049988938	0.685882303316317
-0.79027423939375	0.599107396564872
0.0219849694895147	0.0854530714842035
-0.101772938168951	0.439773639785289
-0.272369360268826	1.31083875780119
0.432512391495674	2.18655358814536
0.178029949608264	0.460890944813002
-0.000681295498857882	0.000612094507158714
0.196811831700298	0.203306133894574
0.0774057198539941	0.0677874381050558
-0.534787437618114	0.529197096441271
0.188847751337311	0.145689460165398
-0.354237285345628	0.31371660497945
-0.868495105718718	0.998415310977771
-0.460760452453033	0.42861133756671
0.357002797875823	0.331412737964664
0.0385041023689461	0.027748113264604
-0.493463818480918	0.551731040978901
0.00182205523308811	0.00115302190344237
-0.0246277296006511	0.0211884122745206
0.0536465934162942	0.0435238531456813
-0.563313989845853	0.512104036785102
0.172825322948507	0.122481745082076
0.648274022781647	0.685794497084872
-0.0329642914183444	0.0247794495361987
0.316088749336292	0.333547950277437
0.0920555211615513	0.0691815266159197
1.14154996445376	1.2822889791005
0.11096269044923	0.0816156221943311
-0.672858606545155	0.468625724620196
0.842232821258682	0.755993047931867
-0.036562089684956	0.0235203921817064
-0.00312797117814303	0.00209669203252299
0.27990759865141	0.208556325039174
-0.443240061631628	0.34207299992016
0.0751249623267679	0.0485921042291903
0.404124636992479	0.317716978274353
0.0714622264876418	0.0461984239086391
1.03039309097963	0.966816969084842
0.499027391266356	0.313625810655615
0.909819111233673	0.783779669669957
-0.104711713069687	0.0614996641832942
0.45121123384292	0.423487813202711
-0.488485419926106	0.486721288152192
0.0578414381075952	0.0355133981123625
0.0715124699509661	0.0462067957693682
0.0799357875614446	0.0561152706056857
-1.46808108410079	1.01415139521001
-0.903997335749628	0.748067302340494
0.00983041262944544	0.0366593124278583
-0.0453382143321861	0.166486433123771
0.455450097704234	2.85129746147626
0.188991240384678	0.547529542502169
0.0934828958620139	0.188467755151264
-0.134122745222036	0.165408440772847
-0.0543623617157139	0.053505586455306
0.124851350155682	0.141811017626568
0.198468940144326	0.208724584390114
-0.0297158370511654	0.0296505001177458
-0.0479632221056564	0.0433790846220086
-0.239774163204847	0.266293094610533
-0.389136350351174	0.421798466145549
-0.273570830293972	0.243610577925373
-0.722577540444709	0.742309678634823
-0.709744069868925	0.677939898486163
0.794275162661987	0.949860062220058
-0.131653903175835	0.092158582985647
0.104593592716754	0.0793058613937385
1.3556005161066	2.074895306558
0.032177457439752	0.0239099191645123
-0.108053438007533	0.0961000130817359
0.403784597715575	0.497052365438157
0.012744645259651	0.0104530026955488
0.41262058999319	0.520426182230224
0.353432786036848	0.337377014752063
-0.0688700779617786	0.0506543797243607
-0.119244364606	0.0948838682175093
-0.0942139554861343	0.0752882815240982
0.544666259278906	0.552393269846531
0.0885011825910882	0.0623790569076444
0.190844374822914	0.165605686450579
0.798692122694553	1.04521014275676
-0.563446538128234	0.511036977100777
0.345795573562212	0.328537997082433
-0.918107258276307	1.09955321134109
-0.0469302045237953	0.0348954874526611
0.204623317649505	0.188028216272638
-0.232878685270853	0.150999413092073
-1.01227067621521	1.21091762343312
0.00847526942119388	0.00589980221335751
-0.192249945025237	0.12854855653907
0.289416592472555	0.217292595261178
0.283398091362352	0.245160131066605
-0.0322353941193973	0.0207244090443944
0.179291706602041	0.142038436937234
0.267671893845946	0.236350745998669
0.354390392924187	0.328292343092142
0.349565768628406	0.332669122275049
-0.221019494777255	0.220330071120151
-0.063426395421192	0.0396247152846192
-0.0560582831310526	0.0360022940547765
0.0794239517144836	0.376437572250362
0.435692034903531	3.79361764908932
-0.362500667329208	1.73860987053747
0.119495361864588	0.377845111477591
0.245261401871485	0.786545428970351
0.428963248549205	1.34826615221773
-0.68607218826092	1.35509181604916
-0.169871347534771	0.193938485185028
0.0629425805300291	0.0682492537450046
-0.0288435253090745	0.0289666800114641
-0.119342033106884	0.134970834135333
0.259971656278057	0.28569940250234
-0.526928306673617	0.732180110425197
-0.0396919988298467	0.0370862568226969
0.0973959667170737	0.105122014187521
-0.495578465249874	0.834363927123486
-0.0347950652491834	0.0300451043837014
-0.458744296064047	0.71611987111636
-0.109674690661444	0.107163185347412
-0.0387655815256306	0.0357478781026536
0.118634124136826	0.0958321293927112
-1.22192193109731	1.4298718448753
0.268652917207987	0.22343496522937
0.0806357523251927	0.054586132199055
-0.284996868371081	0.255901181851051
-0.221678684253851	0.167479858169717
-0.194912761673985	0.150021648614451
-0.387182746895523	0.443349973084838
0.216739780527112	0.200060831799981
0.0684457127011851	0.0660268042215697
-0.0202099697758609	0.0156140936764845
-0.2959327851577	0.303628314173418
0.981976058885956	1.35934139995819
0.447663828051886	0.433763143704873
0.525407405763612	0.454117654462623
-0.272661539137196	0.22507693885626
0.446530903574374	0.433728593309451
-0.923069050837728	1.11141758966104
-0.646482873543633	0.830366884371698
-0.348735552125532	0.307733596849267
0.418075738636368	0.313935901654064
0.735541615617418	0.913667763530861
-0.790724237055463	0.518987212677398
0.683400344538728	0.590840208330034
0.674352009562504	0.694226120564598
-0.0483404320742879	0.0310883053849108
-0.98362955463501	1.23726751879004
-0.0200744190626284	0.0131625681065233
0.0848599912910442	0.0595893184530627
0.271313473551728	0.271839161365276
-0.300625614207238	0.219133826423525
0.279477123001705	0.217532548714652
-0.184414669895617	0.141128079164766
-0.641290035068054	0.619646658184834
0.642218290180693	0.678845280143991
-0.138241277823758	0.108631256011221
-0.891289314626217	0.819442457404696
-0.105158033431034	0.596023573361903
-0.0711273875693897	0.318397236955068
-0.135713432966032	0.531930695127734
0.256793917915643	0.854355557145658
0.392035917602218	1.09398370211742
-0.463830217651892	0.829419742708555
-0.0145654142624884	0.0188110269318645
-0.0781770745462233	0.102800247795204
-0.129809370520422	0.156588195508762
0.0133065338218282	0.0134269040316725
-0.366690029833714	0.42322879191504
-0.00463538952285506	0.00445158890610577
-0.135036611225528	0.128685553892703
-0.36016502835171	0.368983194034353
-0.0744948698826459	0.0717926782234145
-0.153910191973509	0.155632068321423
-0.301241345960849	0.244823426136234
-0.0350117086670704	0.0318268501214936
0.00940809795047455	0.00956227309324058
-0.0696507164160772	0.0631845736741348
-0.440339891618325	0.645914789772314
-0.281392124725008	0.496566952816878
-0.277612010056247	0.567376776458562
-0.33918512144537	0.479666115667368
-0.145712911757975	0.180029104634305
0.454427573330551	0.674846717034901
-0.0647567516824729	0.0641903188849074
-0.651678391694834	1.21575368235656
0.103065971743471	0.12052119670884
0.117791016132375	0.120229366008103
-0.442484492915562	0.717466957456504
-0.249500157418737	0.244280274538035
0.533832776615795	0.556344056912068
-0.0670464386572593	0.0406377217100097
0.175971350892069	0.129841922018261
0.00349797285271803	0.0022470942389074
0.219281169040946	0.254324312259439
0.110481145966059	0.0886362159266152
1.16944142506234	1.66954053339052
-0.15149210480677	0.0856335813157537
-0.0259828431642861	0.0123169843334593
0.449614406953991	0.323662158661048
0.152512032582553	0.0659624452522945
0.289517659708844	0.217488500634113
0.165261325022823	0.0947266625853248
0.0860007439642664	0.0583055121049376
-0.0708470989300004	0.042963156464045
-1.47587406463564	1.0249723983371
-0.0325029544838021	0.0153076284309495
-1.64633470920249	1.68056741287724
-1.81457732779248	2.08190772312969
-0.510948905176644	0.38552825642165
-0.605079299664029	0.493171245374384
-0.10053061483054	0.0398091417087067
0.3152957553127	0.203423577455064
-0.278084644574781	0.173011106804056
0.846587694048896	0.888522594875197
-0.724199514171403	0.794034497958547
0.0388516974591148	0.0431675214417541
-0.201016880798912	0.200912829093438
0.394208394626852	4.86679314773781
0.0306327374765671	0.123234595093695
-0.584303117380165	3.66649881158565
-0.312561447285603	0.771306099313424
-0.179846755324353	0.347836400592962
-0.517191208366361	0.931355653068216
-0.745873220934366	1.59120904508682
-0.340569998820548	0.473192749931623
-0.826037941537815	2.20361273547285
-0.615291928194872	1.07877624308852
-0.584337090338452	0.968406092465259
-0.964798407390353	2.24917864716602
-0.663663152487223	1.41725217022886
-0.671947326518399	1.91701387067942
-0.62338171392865	1.41934776489415
-0.487627603573014	0.833544059320431
-0.567945786165175	0.972081776065045
-0.483263993822998	0.768994418212165
-0.147774993633768	0.175091817946738
-0.374259747835066	0.425653362538355
-0.362278010755722	0.394396363922035
-0.448764491047729	0.53296721009941
-1.65800635377044	3.56872743117526
-1.26046517037654	1.94088068644631
-0.797576160284499	0.811911392525569
-1.63477931340908	3.01812338888833
-0.678922751033973	0.829535318049512
-1.17552587376395	2.61982728205816
-0.402727963435649	0.553882340832106
-0.204694762496692	0.231268247048945
-0.264033616695514	0.545812776079411
-0.0872289550571293	0.156564373868025
-0.122574510437091	0.172823146188828
-0.766267104114928	1.52168701760982
0.184657517834493	0.218153141812648
-0.399143581141785	0.650232065314675
-0.294505796389541	0.560893134713815
-0.157796083108965	0.20311399829693
0.0345703075464677	0.0304105989112781
-0.31713867632999	0.46116454062524
-0.816461042993674	1.65399112893219
-0.664940932004548	0.730192042651855
0.0933463009333026	0.0632172377621918
-0.235351363909404	0.117036106065133
-0.28094592998482	0.176453191918746
-0.10676746958457	0.115445573969561
-0.0101619299512902	0.00673166712627077
0.651337623525748	0.586366178217408
-0.00569340445238089	0.00283236443266855
-0.190101236817918	0.101451427347731
-0.277710758962557	0.173882998448252
0.70701270060982	0.459879388512553
-0.788640701487503	0.429388671170809
2.06492830601449	2.55832446566614
-0.619617676996784	0.506521121905285
0.684934334279627	0.591128604399553
-0.185245881354789	0.0989647565769114
-0.193184295984622	0.103313001643817
-0.95741552751557	0.586568109376667
0.161481277115314	0.0921822652543277
0.495106386577187	0.310278863044535
0.355304073975485	0.178249558782822
-1.17142325825554	0.656545607647471
1.27537716650748	0.708249765316218
-0.783009902203932	0.425899463734921
-0.714639043496469	0.733660014799692
-0.354397921330243	0.361439524214886
-0.146169762489749	0.165423624534654
-0.471202112643537	0.635693802409622
-0.498812648345508	0.455082993878297
-0.0183707085190388	0.0723119179183235
-0.44591177338621	4.48443900289343
-0.0447053769012006	0.111876641645959
0.0861828957808787	0.119374193204213
0.815407255228706	1.89889180249471
0.135920875478981	0.163822876707423
-0.0979315481157259	0.117971447692308
0.357298854541486	0.480490307332108
-0.363115584948079	0.549509438958724
-0.173602964822312	0.193672848052148
-0.159059403242813	0.188571402350088
-0.0883598141670036	0.116569067318746
-0.128774541368777	0.165621356193319
-0.374137487190079	0.562838625193913
-0.341270249195355	0.449824057651696
-0.137232780437585	0.150645968372963
-0.790099625759338	1.14629046461921
-0.201200816303663	0.20423183920688
-0.430551845555759	0.558270095967345
-0.0603716668536666	0.0501014584574207
-0.932511094383197	1.63813522474297
-0.67722908212164	0.789679049518064
0.495969738072945	0.537608476013202
0.568333610694269	0.65652105329268
-0.119987742630033	0.105735226887639
-0.54435948515632	0.768033955930078
-0.473110494506603	0.687844609276286
-0.189648994754164	0.211635717857198
-0.36648828740716	0.593017286484996
-0.437371352134375	0.82025025367911
0.588237359212678	0.804569784810515
0.354180221190159	0.414613223397683
-0.23073364316734	0.246637516664798
0.171726729859641	0.200628405928345
0.117626570926335	0.136372814931441
-0.0140437917207736	0.0133784709885155
-0.332503018967995	0.434754743720717
-0.0104444909732145	0.0105555366317742
-0.504471276716434	0.705350794685485
0.109679619439998	0.0855793593338387
-0.245731480090668	0.180829451755696
-0.437659667364021	0.336241527649662
-0.0240407491012487	0.0114186034223534
-0.533038435055993	0.442905108776718
-0.391265768818464	0.163995996745211
-0.19461491543783	0.104112399501393
-0.579427656199146	0.420764046311128
-0.460957940679771	0.304388192416336
-0.148852646142114	0.0842376395448589
0.737909630012383	0.611891700945154
-0.0837760610426738	0.0509071544535684
-0.276941773751842	0.173638985662492
-0.327446464549725	0.194761255122019
1.07872644466943	0.660082517535179
0.716819752975345	0.468011993284578
-0.709690553360344	0.624791079235793
0.600496955441516	0.45033456925036
-0.542739721032744	0.451695662817504
-1.34212306238456	1.09988174938704
-0.16372771325974	0.112363771712973
-0.10619653124871	0.0754148264873533
-0.576994220297282	0.771842617376711
-1.1468390422642	1.62766610830629
-0.218242551113299	0.16499234339839
0.00843862636432311	0.0313054886844092
0.271282738238765	1.65462599972411
0.214261051318517	0.547980264141259
0.268807988459494	0.599303393300077
0.345941243692088	0.812087335347668
0.14778406740561	0.249941149786065
0.251908723312776	0.442155316566193
-0.165128652948815	0.286785356509633
-0.138672874088127	0.201581580973276
0.112436349326264	0.141913373245906
-0.032061338803225	0.0401738461613359
-0.0233728989422356	0.0273582587621468
-0.399420655743809	0.68567654339202
-0.334402184779473	0.614858880870991
-0.413485157522988	0.728578163009873
0.015243013214197	0.0167442765997929
-0.000458680916296891	0.000488023344612213
0.0845639983772288	0.0912724788469434
0.00229848061398719	0.00216441447748126
-0.0842724560993476	0.0922927049689977
-0.103383381949797	0.100619379111253
0.111280610866133	0.128166018970206
-0.430167912204339	0.48655139464818
-0.23344682904627	0.334537793669207
-0.152511734088773	0.171383672692147
-0.499179066455793	0.621115799892393
-0.320263993531936	0.307546278706637
-0.66532684638167	0.731387648419595
0.348401977006953	0.339975846920725
-0.450130724466608	0.534841270006756
0.129095166169613	0.115214607877091
0.126087638177366	0.107536018544715
-0.584718845807263	0.882577037557206
0.0728571140566707	0.0716768344924632
0.299113813896685	0.356819758944094
0.202565767577275	0.221025421025414
-0.313272232313683	0.383324219591066
-0.256870564639278	0.266568311359273
-0.0792442049409815	0.0654197710656826
-0.186759569336656	0.12461005641729
0.27499786169233	0.2441994058846
2.16186032032736	2.86152818666466
-0.0501371419640762	0.0373581358898838
-0.262350254397803	0.195457571438241
0.576356463821211	0.458752484959477
0.09365627511871	0.0660740193869952
-0.101076126162461	0.0717489255174993
-0.866553953945086	0.862395392145427
-0.141264499997897	0.0992768474952332
0.178743335068622	0.121819072374004
0.305886092116243	0.209171424869696
-0.560251823192238	0.508609506567195
-0.704365422802054	0.618249473548764
0.789818692498639	0.471362931552357
0.295718807760204	0.201072360131549
0.863106316227969	0.633600782064393
0.520845585218561	0.448275588570634
0.51707220413871	0.444655077483981
-0.44569732812429	0.527305832727423
-0.00143257748632723	0.00113783156357617
0.506160574092724	0.318996100129089
-0.961110492683414	1.02534041518147
-1.13907744533619	1.81441975415628
0.0027032373172137	0.00203692422983232
0.0700420788344583	0.047244654189248
0.0246759179115166	0.0912305522856933
0.253726575752188	1.35940009572007
0.112566868908703	0.318567386041888
0.404943590864161	1.37602748878244
-0.349881751467654	1.05005470746608
-0.393741112382941	1.04321683178074
-0.473996017920907	1.40369162533371
-0.408225679967682	1.09016157646224
-0.324412262146837	0.592934367845885
-0.0968980905186347	0.151655449404067
-0.123538466504918	0.194246048800187
-0.729554743662132	1.83470958204763
-0.147243422593393	0.215891766062955
0.238780531570334	0.379780012226951
-0.460154486019062	0.906086137543813
-0.23053016278216	0.335262258391404
-0.836921863806282	2.55765833835876
-0.378104207347614	0.659015797495359
-0.608019605500294	1.27693911543011
-0.722486010929794	1.51428618325707
-0.535567227572992	0.924464728055725
-0.197400161396146	0.28157476436999
-1.10565175195415	2.81960515087457
-0.656696721656475	1.39215406096444
-0.281442371080083	0.386077348048093
0.1094496458887	0.0940069987886355
1.00733836872682	1.19502248280433
-0.386036350731572	0.336728761437074
-0.202982739753385	0.173955791577993
-0.693044620864844	0.927286195390921
-0.428698241031757	0.581795321521189
-0.346852902155444	0.373857695700699
-0.106278189238806	0.106035846826291
-0.319573470605171	0.344415303605897
-0.117152529286065	0.111900499647419
-0.618566591317344	0.687322355599935
-0.49510518567049	0.665429758479481
-0.660772686013796	0.683975360458201
-0.382465987263305	0.361474117644438
-0.717036268057349	0.734778911320424
-0.697120473524781	0.935876045497062
0.201407485656455	0.200333266987563
-0.428579929686271	0.484581000806871
-0.155627033063	0.106343090856055
0.022660647389562	0.0162859402207868
-0.123964851408005	0.0863702441895946
-0.177965946468795	0.153723689086023
-0.547787651822799	0.573797888861636
-0.0568712277678946	0.0415626849324621
0.0452118523763702	0.0356449303406361
0.190017717482762	0.164678023440974
0.791190648056211	1.0285943301176
0.461325026960256	0.530418463715314
-0.789282503939403	0.516318579869725
0.530680856383431	0.533464155614661
-0.0138292470171789	0.0106891090586799
-0.966294319407981	1.2778577079317
-0.0943164628467997	0.0685806866323204
0.0645503272307705	0.0525855882357518
0.0132019052168566	0.0104718050360322
0.509977463922336	0.320916531589656
0.358669996282124	0.180410726017052
-0.392118353629359	0.309489676687723
-0.705661558126265	0.668426867724544
0.304306813189072	2.39193088324403
0.202465526078062	1.04615767425887
-0.034854021216388	0.0788550993265946
0.0824113719496676	0.184784508452351
-0.157568941694679	0.375997585105299
-0.268239237112176	0.702765365909304
-0.361180464777328	0.962432534383693
-0.693290998826784	2.31640035377597
-0.640242503146902	1.94047851348458
-0.485309480283876	1.22653272725906
-0.944932220481983	3.17179445323795
-0.453280361516208	0.905557672588451
-0.390642918241864	0.768351399330711
-0.36768593770176	0.745639046567629
-0.647301075172786	1.46548392626865
-0.805538290581336	2.42514539357217
-0.170099172831997	0.238798141181526
-0.692290908819424	1.76111777409435
-0.649040946620656	1.39552179059023
-0.751829742207824	1.8341284423182
-1.11047207655246	4.37455302885623
-0.691356160286553	1.40130118404074
-0.898837477879259	2.27869787204736
-0.479711927818027	0.930992039137499
-0.278204437954278	0.248605494922048
-0.274664766104388	0.227101987740045
0.281575405188512	0.219533296282716
-0.343498496371529	0.205980498206535
-0.236716632026179	0.246213217165531
-0.926759334533556	1.50122361059937
-0.792988525867677	1.0593835628509
-0.505586376220943	0.533610892057829
-0.12353865686751	0.116713852751284
-0.608877350170032	0.785568913743896
-0.49387437160355	0.492965149376876
0.729883462761231	0.824409571345153
0.319119621900994	0.337452287043963
0.656640499428076	0.788759366473128
0.272395015649176	0.234380370834278
0.330164980215125	0.335631769925365
0.588768841295083	0.647339432201307
0.258653775935015	0.239350312475673
0.65402774038163	0.695280656172746
-0.697490343326201	0.899461691524285
-0.50410770130086	0.531596033380873
-0.00995712925433868	0.00655599266645079
0.183223861078885	0.161976570675627
-0.387592293353124	0.305351859862756
-0.188082185865787	0.12539060454108
-0.50791966728079	0.537091499360844
-1.3487341165975	2.20834355362026
-0.187660042357229	0.14394373266941
0.672457837705019	0.85482597873917
0.115540711514104	0.0906815562965716
0.452066149749284	0.183799113193962
-1.04962465169614	0.835754291835769
0.305611255252979	0.209305934191523
0.0523696178192392	0.226915105439167
0.0141112964098898	0.0421184299599946
-0.211609133637679	0.849691411912168
-0.0423842650594277	0.0950355318937251
-0.468295229731597	1.81131831233056
-0.0361308155044643	0.0686039269888517
-0.347227439607714	0.941419138225658
-0.416496557430241	1.12580129357011
-0.0892774274101756	0.142402364430704
-0.0838275546426607	0.123253302249797
-0.370764647899674	0.754393131191662
-0.465492042934047	0.904079311644844
-0.698881107094159	1.98964696447053
-0.122229162565345	0.184615387448823
-0.0752393975313837	0.112485694302372
0.171093029584627	0.269811810342585
-0.0945794913093218	0.132693754481738
-0.436075762767821	0.910841004178213
0.141551679542621	0.218034778230254
0.139195360782459	0.228010117335196
-0.695665845212841	1.85674303131315
0.0217907278433059	0.0279301769362908
-0.251847546420117	0.393941565240185
-0.365802506526148	0.51478748863302
0.990429228145101	0.803624423434671
0.426711844813816	0.322657710695749
-0.392304292030684	0.269569588672373
-0.0570954413132327	0.0417260588102996
-1.08668253538149	1.03037449833272
-0.858924878930701	1.09904355581493
-0.285273446495405	0.295896131537906
-0.368996042608593	0.370989936245441
0.0746021404746832	0.0664904690918672
0.707352046518567	0.912700045936211
0.365931763063108	0.414991557126381
0.275962407764862	0.238086250102571
0.860325288550025	1.27604516984835
-0.471471164587583	0.500580012959469
-0.0967100376980628	0.0791511912155866
-0.238043813376647	0.235681272580227
0.742014096145799	1.06898682391102
0.19503263340551	0.182193537902175
0.0623077747017917	0.0518717310702357
-0.423885424607031	0.505253160853281
0.0645025797110792	0.0570210386265666
-0.29797102002757	0.305749127482487
-0.230793455635152	0.210249007620615
0.195454455220625	0.193998087031815
-1.32831233167805	2.26912324767044
0.563240813952708	0.713998242215672
-0.513154197193734	0.544062361121534
-1.13348654536985	1.25108224147285
-0.0258573665671255	0.0122559851914803
-0.068724442397241	0.0298402486984919
-0.395657608075477	0.312471883657994
0.146706041411127	0.0771934052202832
0.0536324375096603	0.216788835569717
0.0374743410735653	0.122819235987355
-0.336135686291766	1.30734682961384
-0.00577816826662816	0.0106697256848241
-0.00614857454180489	0.0112918323119664
-0.174719177386035	0.360450581286513
-0.0269592864785173	0.0395230664815949
-0.454841464025458	0.928897103474177
0.352858955943535	0.630936385882047
0.300289642079595	0.472965876918864
0.368701656134083	0.637619208563539
0.685378293954677	1.49120283592397
-0.336171341729878	0.58207547156338
-0.0800377123494109	0.108620512795197
-0.277723983258718	0.422042315950324
0.0170236804184147	0.0209387073271729
-0.161131476433199	0.20311826298014
-0.699756327435695	1.68342899715866
0.346391893142644	0.619473560378082
-0.50685794479319	0.864918790227147
-0.804707591581404	1.78562811201093
-0.370615041541514	0.574503755808035
-0.314539595328767	0.439114144073469
-0.122597475032549	0.105870081148804
0.152921677006695	0.0590114306768206
-0.275161793731983	0.172055288657966
-0.459253671317999	0.304705675686753
-0.00869824769499074	0.00425841455329428
0.536993277555308	0.307666618580088
0.0406989609034542	0.0236004190381789
-0.534870132707733	0.529185267990526
-0.409513691771685	0.38119060427466
-0.832330439369083	1.09690155664291
-0.523768108554888	0.484957367983181
0.0957972010711344	0.0700771312200737
1.15691046320413	1.53742597134685
-0.18781886576419	0.143220523875425
0.820319752083179	0.95383713137245
0.187417324264052	0.148913534470347
0.00203699076000058	0.00127948511193023
0.0471286936775146	0.0372239833342315
0.194699512464244	0.1650847963315
-0.867416182278539	0.861606687907143
0.277519486401253	0.239664963422314
-0.315179507778161	0.280924983845838
-0.935691802507912	1.06127010391836
-0.221957927577577	0.167853633123781
-0.193157003671841	0.129254053460936
-0.247562417641663	0.206578968371137
0.18336329531471	0.131043568284646
-0.349715844758414	0.333669004343385
-0.102826577536219	0.0603376583801184
0.159825702589389	0.0405961444844569
2.11825875465965	0.964963255219529
-0.917600089384384	0.663446694169599
-0.642005805409774	0.62139508046766
0.00344143333789108	0.012048625412858
-0.074996152651271	0.278303258987955
-0.0322392442573956	0.0814410308032599
0.0315785696766821	0.0701737279036149
0.0787757387669187	0.161589399989175
-0.250455996939543	0.59992764758253
-0.182593218077726	0.36300795098413
0.140228487969497	0.232720646492976
0.0926634055562513	0.132607107175312
-0.282153862672965	0.47815236298729
-0.136632378433958	0.232342967795325
-0.162585430111977	0.269563400051761
-0.177161288801585	0.309783643772116
0.191595888302689	0.323635688880067
-0.061002711902504	0.082449567886357
0.0131887273179796	0.0172116770504276
-0.045896653061769	0.0605538340994201
-0.0632641253912474	0.0900218076136301
-0.339508212782765	0.620329375607532
-0.570431664320655	1.31138291022568
-0.508629637474694	0.988015246587908
-0.493114996483188	0.911382488097174
-0.172248716093945	0.234988359816192
0.407825973781689	0.595728149731739
-0.0986433670577361	0.0885706733799432
0.153042842083588	0.0661608157273667
-0.191047292109757	0.101943362286769
-0.54639715989673	0.343778456302071
0.68314021427735	0.706637218849301
0.168610975557539	0.108820110178807
-0.333492662898025	0.199141376553295
-0.724626360912458	0.794493641227208
-0.181483396675925	0.169879988481062
-0.13893554934677	0.130609355864677
0.265539233630025	0.240818569804282
0.199299921251364	0.164515625173813
-0.739255927133	0.990349546869619
0.189122388376116	0.159417127919402
0.0662018866662346	0.0573495931124119
0.132805236680099	0.123685167964888
-0.685578454084737	0.841901353832215
-0.0545868319337632	0.0457416218976208
-0.0753407035149027	0.0619929121362331
0.0805031268563764	0.0692759696485932
-0.0104021340134398	0.00803296216700368
0.0450613220539728	0.0336624983197298
0.860364894690258	0.967026973588738
0.314120094905166	0.33814117586957
-0.350672189317288	0.309201151976219
0.114536567863186	0.0945545598571721
-0.567786371925254	0.515825229126577
-0.143516882394247	0.0518303322908422
-0.215362013913717	0.07044095074977
1.07927249854232	0.660673221791201
-0.792790628583841	0.743618858483545
-0.192743865074118	0.12892516663814
0.102286334376731	0.487555567095013
0.0348735777914508	0.112818964888899
0.126807419477718	0.369837250882506
0.192076693468902	0.486747333283973
-0.112344333666098	0.219668442509641
0.0471543915157543	0.077525429092327
0.0094853617410205	0.0130679180371519
-0.0780073807326827	0.10899721554866
-0.0142470745355103	0.0176061969018714
0.191571859366604	0.305452003080703
-0.0171361857421952	0.0223876815679658
-0.226357105379305	0.389835129727564
-0.219357068053142	0.353174656344976
-0.157332598784052	0.243681550095854
-0.215932981229413	0.380317054699605
0.340564996418129	0.641472963045343
-0.31416072264138	0.594245897065008
-0.0319617528801058	0.0373682586613769
-0.405345096433009	0.717667585125666
0.209855795236614	0.301932509607171
0.0429371741195138	0.0483902199144619
-0.140147642804594	0.167001527880792
-0.508626000188424	0.731832591144267
0.19696686215296	0.17595458322769
0.155587288312993	0.0819365435869894
-0.247833238875188	0.183413037622252
0.535237690762485	0.540273990129728
-0.139484865410876	0.0785432166213252
-0.332931819245958	0.198792455907115
-0.227324308628052	0.206238150985948
-0.748265324686637	0.873215960844376
-0.790208021612994	1.10263759462931
-0.00984879566452822	0.00764252243339409
-0.502453392842682	0.568055829341637
-0.386177769345936	0.337060158778986
-0.459334019701916	0.517327969127542
0.0257934700373907	0.019194049961078
0.190551319337573	0.177086881358424
0.0532377761669178	0.0421782196213157
-0.943311887880754	1.07472144834265
-0.313863842374923	0.298850042180071
-0.431473457797952	0.489084686368701
-0.499392767056365	0.562678704407381
0.191586604346827	0.193320640204
0.395816736533742	0.427434493678989
-0.274296469349271	0.282570259298086
-0.573234492483644	0.552660580979231
0.647199971712604	0.582716674457037
-0.617581813526881	0.548526137155939
-0.538553218273023	0.338029845767152
-0.21158767729877	0.0692522593193464
-0.0605493744128154	0.0263684798065943
0.00313439830448377	0.00142387462314909
0.0461468035857175	0.185256388921468
0.0803258200757981	0.298095492258401
-0.221599636351764	0.74327107966274
-0.151025982289772	0.357389105605246
-0.191412194739941	0.402515264223226
0.0719893207622992	0.118677502509519
0.179205058712416	0.31387879427388
-0.0064530243288411	0.00894610604654841
0.301332514192031	0.68136244932153
-0.00867652986418148	0.0117569999899076
-0.0527429164969192	0.0836030549812494
-0.141560429395723	0.225721318472119
0.029488893296347	0.0409005585766779
0.0382506547408642	0.0530394883670718
-0.513991308151785	1.24270222353632
-0.0719937450674413	0.110373149163016
-0.602201708771961	1.3844999300447
-0.107469346956529	0.144531230135081
0.0232682850624007	0.0277887707129012
-0.102361509316729	0.133857772693758
-0.246017790293918	0.338878842116409
-0.702472483050751	1.05307153800034
-0.226605257769708	0.146836465079507
1.33355136554205	1.55975485475485
0.612939425563382	0.66061281574816
0.188194630850676	0.144717289376738
-0.39148304064566	0.269004878213377
-0.347372904699643	0.306291907655838
-0.832316660860801	1.20227871437972
-0.64256071422164	0.659279917238871
-0.738478175461574	0.947616331658419
0.0210070265144406	0.0172436341828425
0.439002375869359	0.423062249205366
0.0611045987898113	0.0496986587085015
0.0792735789539079	0.0535983375601448
0.005068017158128	0.00328407116001341
0.0401719567553665	0.0307909485495125
-0.0573016771951442	0.0427971987170231
-0.264164513803294	0.24042069046078
0.13123093298995	0.114795773753765
-0.666939861835626	0.772140544311432
0.183543398603354	0.161894849076104
-0.0530967943579378	0.0445649283480633
-0.527479296339918	0.652760382782614
-1.4163990464513	2.25575753664229
0.212675584923235	0.191584490666871
-0.0385853953601981	0.0290674090107005
-1.17173358094236	1.45763998035554
-0.429807152510597	0.328092978807018
0.912398857498023	0.493253310051855
-2.06296233663144	0.952804938107014
-0.54782736598745	0.344720125735067
-0.0631283061693758	0.0396050061818042
0.432737126608387	0.326937754775003
-0.78180800398188	0.590400756131365
0.15145480900655	0.0585297563438858
-0.638059916511872	0.157099877961465
0.159873979297135	0.0482815097019209
0.0872273430604273	0.421679105430513
0.0546587060021911	0.188764676486251
-0.152455527641088	0.490349176913156
-0.00405519130658598	0.0078370061245228
0.143020286808469	0.30658365527216
0.0614329695373619	0.107985409127771
-0.138235128014682	0.246398510450233
-0.164256505917895	0.367838928099738
0.119846474274681	0.236001812583599
-0.0625991257588979	0.11717938480282
-0.0692628016582057	0.120965649036735
-0.217368885976467	0.451368419143713
-0.553019059553056	1.63560134811201
-0.300000432376909	0.612752205337587
-0.320937361700648	0.768550421925472
-0.183837387744861	0.301598385558084
-0.305018170279432	0.639704803988923
-0.507573329970347	1.17869996150382
-0.475497837174295	0.990732456249918
-0.473926303863843	0.886458603830615
-0.303963009671208	0.420894477902946
-0.151564831269807	0.0857070678624064
-1.13311933622154	1.68796273608776
-0.192316254128464	0.147563022754938
0.274483757780514	0.236622985570591
-0.7802357609207	0.726917913106455
-0.174973228055435	0.136878326269092
-0.368528229370103	0.460055155844749
0.428727312132453	0.504368695753438
0.302007873289733	0.360359876382713
0.0265850335613519	0.0246730274703126
0.198053590338203	0.163409110967176
0.116313224424029	0.114717278743182
-0.0127614604314132	0.00987528600483594
-0.281260739378492	0.290087169544179
0.320376121873849	0.323211440055625
0.258213576375205	0.256814526702135
0.125114557777068	0.10659623255896
0.467602074477684	0.584649115306063
0.637761081039319	0.838992677268834
-0.269161356290255	0.261322534883878
-0.434986874372772	0.462689255679114
-0.15613600542833	0.15560762015391
-0.0635058299773507	0.0580826543489583
-0.110590711364383	0.0967861481196428
-0.620718047392581	0.722546257173759
-0.152698607406186	0.13241568367333
-0.558712397369068	0.617423361182903
-0.308606291133243	0.251860340407683
0.0543737381181818	0.0333705587490494
0.159089357214233	0.054448136668771
-0.136089883326477	0.0491532030894458
0.685915645590698	0.593892890066883
-0.139559723146073	0.0980164270525446
-0.109724997441649	0.0643965656139377
0.174322721997526	0.106806975633087
0.152712447879931	0.0659047027473337
0.152108068416228	0.0523180707573953
-0.215456639814682	0.0703666824038741
-0.722928245021615	0.251489262306972
-0.521158302962644	0.199454738124414
0.158324698427983	0.0402149964785429
0.158445451209838	0.0761543325036495
0.0523833821100967	0.213386003171709
0.0308608597086068	0.0974654818920638
0.0629528975902716	0.158673438642182
0.0907611997567354	0.18831721500498
0.114856339454395	0.225327424811164
0.0367272948018806	0.0599833995543516
0.0992427760672363	0.209095662115552
-0.383358799381161	1.0568570785053
-0.237911782862444	0.581970201114071
-0.0551325880592903	0.0957916662003554
-0.260272565593383	0.531053843373283
0.0607095534010431	0.089062399204067
-0.107237363758812	0.179188886397391
-0.320881535079714	0.803955419995409
-0.33249276816104	0.657323689263763
-0.261400125006552	0.473146256556808
0.0319405827012152	0.0373203053275756
-0.479165753841214	0.841148448562454
-0.722161960801391	1.73733521593255
-0.593057397276817	1.15117589315083
0.0217349789521818	0.0227046652833933
-0.966579111804207	1.74780567352024
-0.612218988804111	0.761077054875932
0.149699440249669	0.0716982301735036
0.857078755778249	0.775140880391193
0.191107610076291	0.142290114099004
1.44235400909764	1.60943414650144
0.0484620212080754	0.0310590528481562
0.376415182018119	0.330441544078365
0.080807435791007	0.0566474273839913
-0.410891596510778	0.494941964086515
-0.152305499853402	0.141702314135081
-0.260731995645432	0.320087591134708
0.406623435267164	0.431585962610309
0.197819001467973	0.172411244012184
0.120217675871042	0.10205968402736
0.789282723845327	0.844055233241796
0.0780492259629127	0.0670831515335999
-0.415176230994204	0.387577375067234
-0.236210852128264	0.233733020881341
-0.891565176844514	1.17664287187261
-0.0750745239555299	0.0617858884555089
0.385088214119519	0.413257784739373
-0.515536928538533	0.632849256123617
-0.307449566365964	0.250760371799383
0.0794697118261885	0.0557283648954609
0.116013110896042	0.0935462750441926
-0.469977572945651	0.499662973138489
0.530375052703371	0.435010847084586
0.334333822841165	0.33261953096451
0.460612887720843	0.435393891943649
-0.561305779567889	0.509492546938425
-0.388604158520512	0.339374817039002
1.4497197553516	0.486935149927457
-0.98309457724324	0.489629484686196
-0.147463509945318	0.0833700678415408
0.311661152796174	0.200974184903281
0.16373638874661	0.0998714390589762
0.160196637554601	0.0917566870308579
0.158626817565613	0.0839055031010163
1.08917438472604	0.668329531418554
-0.947251108709783	0.57655372047118
0.160516143169782	0.0550975946447159
-1.26937561527664	0.578362564289604
-1.14266687553996	0.351067215845013
-1.02583455098012	0.413043803481388
-0.218710230536797	0.0713607252338727
0.160516143169782	0.0550975946447159
0.154457517974298	0.883349715973272
0.193906426733452	0.893921541507015
-0.0145822854493151	0.0323879398893048
0.0103284036103848	0.0204933074230796
-0.0589167995424705	0.12401208079639
0.1132679618312	0.26911348692055
-0.14856775163579	0.345658433503525
0.360014903093958	1.14546670822731
-0.400737614201229	1.17937788323556
-0.420853033213571	1.10037334771575
-0.0853758096214947	0.148379391552929
0.0368150665875266	0.05982701163591
-0.313570549419491	0.764246726940377
-0.317873195043544	0.667867199406881
-0.423427937918453	0.868810850176296
-0.570013167530067	1.20471404019513
-1.01883125125377	2.81017330159601
-0.960029258832849	2.64791023082988
-0.480474447512031	0.872029659822194
-0.488238333128156	0.767655434541644
-0.437667419020559	0.613867103310926
-1.40379510004956	2.22511432554205
-0.906741503888517	0.755184548775958
-0.510720622243589	0.385021896069567
0.00049799079526622	0.000279488993471705
-0.290648187557583	0.211185966853449
0.392903212216143	0.335174564337894
0.412421564050709	0.325217357303922
-0.732201564122246	0.975275844292488
-0.255539107645866	0.265009467019006
-0.112740189554291	0.115072339088031
-0.321444343538738	0.308735787783851
-0.318523596727524	0.350334944698282
0.119221859386969	0.103205019608569
0.134541607230323	0.122939136620169
0.278861845050201	0.240296670526078
0.0486270299260528	0.0383878918822273
0.0242552261995049	0.0174535448378664
-1.46844444922405	2.23852083166441
0.0477966443237988	0.0367689835912696
-0.230871159616889	0.175626311414523
0.33160936187897	0.337615483150837
-0.18306237459764	0.171681331258849
-1.18550792521428	1.20735603664247
-0.663403790694162	0.895792540683945
-0.41595913225916	0.44906611169675
0.707286760895472	0.891388398432957
0.276120391944984	0.245322221143261
0.187198338792145	0.144206866756433
-0.106628343050016	0.0625332758556818
1.78303595554683	1.00928568433391
0.546502985861546	0.315221091679468
-0.000084530427753378	0.000112469498719494
0.186849168954293	0.127739129162099
0.0568829696844018	0.0348855765519717
-0.399837994900757	0.381274976504542
0.172590501431152	0.105841443273893
-0.604468661830065	0.289915455569978
1.28539641259866	0.716199219760205
-0.92255056380763	0.668812217328939
-1.03225829611696	0.412528548177706
-0.514908806238071	0.197238634697011
0.150560591340052	0.0581713067257616
0.940366139413571	0.250549017337595
0.33909711817206	0.187842268131503
0.0441634732931129	0.173941501811586
0.0702489623878415	0.258931022292766
-0.208078192704483	0.820700641493316
-0.297473596880733	1.28846043642039
-0.277794718767892	1.09465884613069
-0.156871589747807	0.454785811581144
-0.0599795206426795	0.140347607301664
-0.288576738533837	0.856277902686949
-0.616693409947222	2.38463884196793
-0.737992343380766	3.23993606429141
-0.678572541675063	2.43577489945043
-0.691009187438977	2.44726082988918
-0.400339267758326	0.91189418816128
-0.514839653839039	1.31001181752486
-0.517885276467136	1.0496418266819
-0.971718933207966	2.40230501795633
-1.44106040810934	5.58450988693988
-0.118907982062959	0.157626852534596
-0.946658354376967	2.05507501057957
-0.564441991273296	0.855902885807221
-0.997283999157737	1.64377961246052
-0.0867989048287919	0.0628515806733416
0.0195787562525322	0.0145971810051843
0.187614468426092	0.149401811658739
0.262690495041882	0.250622281985401
-0.023861262007978	0.0182055847586149
-0.0732533397495666	0.0540217600521943
-0.531902050233141	0.66128121091885
-0.61872794838072	0.936905142794527
-0.0294491643574365	0.0228035919134554
-0.355701940478949	0.314471383437988
-0.962207485190998	1.26206437249361
0.484668932784503	0.447757051294547
0.852543202877408	1.06693525986045
-0.45999703219978	0.426820429196147
0.461667938864332	0.516200314545557
-0.0972586998564423	0.0688705567139815
-0.961224845615093	1.26621952871111
0.477733481250322	0.439546918219313
-0.374360071315129	0.352201479689017
-0.355952661628328	0.287019978189423
-0.0233467435054191	0.01507009763053
-1.69365999168974	2.44313995148064
0.471675936970367	0.431804493008288
-1.15983774029053	1.66031861152382
0.498678106339509	0.526492158644317
0.32093298187478	0.192319843353607
-0.193065866473902	0.103120707511889
1.09016963809718	0.668940474633541
0.16909375782986	0.109501607401423
-0.261190138515382	0.194648604238951
-0.548175970910998	0.346140440060449
0.063979079285951	0.0412964433012483
0.000136453203799997	0.0000187464308773658
0.157295488575225	0.067981808043456
0.000427532063508688	0.000135695904124563
0.400613915068442	0.181626516118323
-0.786777690845513	0.427961217618323
-0.225007607727559	0.0733663688875627
-1.48592400501553	0.759090320592301
2.11501415724733	0.962307404604812
-0.0607635556657976	0.02649319207991
0.906896748726573	0.490862326985111
2.27303597493515	1.75374073347933
0.0557098062460944	0.239176178971304
-0.0659535839747758	0.258276931197301
0.0141865852928885	0.0387906385261419
-0.258978450730262	1.21857297231094
-0.37046239324595	1.66811575418657
-0.0617960270126668	0.150338802337839
-0.27773215171343	0.801762440438427
-0.330758143802594	0.91709516005475
-0.409747542152479	1.10684654163439
-0.4525928952246	1.20398941025005
-0.332449279660113	0.775161290119037
-0.132771773662579	0.185780242614994
-0.432193791367878	0.86414660537739
0.0980348834257509	0.128444068200867
-0.061480593520667	0.0713019618250427
-0.648431616854372	1.368542659805
0.0478962335914876	0.0582023997626075
-1.25755041210585	2.98975106937759
-0.0836122155063891	0.0800127069933939
-1.05861032361081	2.30315312470761
-0.339863317658854	0.38387291568096
-0.396664980207705	0.313085057134436
0.800144305386722	1.0481319348302
0.417627126056314	0.434730201610146
-0.107348781933254	0.103316706252842
0.0933485488742367	0.0702030386768485
-0.154278368746626	0.15630427682884
-0.33711830477666	0.318091447311242
0.4938596215477	0.535148350927937
-0.145689516199727	0.115163342940158
-0.261579794354617	0.237586387007642
0.26916649288473	0.21546479781678
0.135504216956764	0.118937612155982
0.461514308437516	0.436478879094836
0.414399301299247	0.431449177028847
0.306844297635579	0.221465619291641
0.433077766010117	0.442976174734066
0.00270046212731228	0.00198734678544729
0.0341616124970156	0.026168311826212
0.338157851106966	0.328556413402731
0.2581466212153	0.233133425201614
-0.419573525081533	0.393507965873872
-0.317886305377871	0.283870810410793
-0.581166523515135	0.650663275599852
0.842344704513229	0.882229434515408
-0.0259828431642861	0.0123169843334593
-0.934016238171883	0.681049334110587
-0.187039691549886	0.124575700118099
0.646752459853086	0.581910094490533
-0.0178018654604794	0.0117039537337447
1.31117811765136	1.6684691367316
1.88020782875096	2.0586852086475
0.454257246607656	0.184850448579938
0.320786297370763	0.192116771142254
1.10823862388853	0.835914259472569
1.071261490137	0.522857457752122
0.156049472610723	0.0600590731378162
0.156083307671789	0.0536388626462904
0.695696440345634	0.327652628104172
0.829118044792073	0.353566084871737
-0.346797330227773	0.101185095553384
-0.143179909679303	0.0516016538907498
-0.981603959387169	0.490271397263528
0.715451480077094	0.467856838221826
0.0439246794814611	0.188164100057597
-0.056737232938577	0.21770834512697
-0.167407014672139	0.687663158763593
-0.185583407248649	0.614371149422321
-0.433295580929049	1.97116447576017
-0.210016722109069	0.543140603281362
-0.112670361450218	0.225820726156424
-0.108158575625751	0.197542281412334
-0.0224667199315652	0.0324524084161995
-0.119727574040825	0.216624943878359
-0.236391924558614	0.384372036638546
0.00580672303141129	0.00715398608390957
-0.178672053996605	0.257112002829026
0.0359053139222223	0.0356606615990074
-0.518007683889131	0.984774847206456
0.0260599486637235	0.0306152944271253
-0.60358456421959	1.11318279230105
-0.0718787623205357	0.0794573747734429
-0.472455768613137	0.86398863342154
-0.432658811667131	0.670288824772862
-0.161238701248946	0.151587208820333
0.0143738661353835	0.0130178434760733
-0.0303834008869591	0.0303008857022552
-0.317209793850311	0.399141855860356
-0.324303198192634	0.519602377200942
-0.577457783155606	0.931538474425986
-0.318097067427204	0.433286951628038
-0.227359683637795	0.223195646130729
-0.796024691658526	0.868113514576434
0.0806074165272019	0.0679023405344971
0.0389737296711155	0.0290387689410852
0.444564813128511	0.430843128435424
-0.217056331650348	0.18258268277553
-0.167713159391082	0.143696627065365
-0.151391696924514	0.143338370609743
-0.0341408945881068	0.0257066696904185
-0.345506110375524	0.350737020875895
-0.314652056242103	0.280430312345394
-0.0878144768312945	0.0698852737191869
0.794124168358914	0.948669962871278
0.496491130374927	0.442290013679787
0.273324622024091	0.235551251532491
0.451387721241239	0.452217529493851
0.659031479944829	0.769368070134447
-0.0545249843210429	0.0407032784828945
0.269463431576928	0.224194529729468
-0.357687486083246	0.288364691043992
-0.106922226988739	0.0762007663317534
-0.388726211155407	0.306222521913092
-0.125908228663646	0.0878399313397785
-0.110325847977597	0.0649717758890168
-0.580314110983492	0.42274589268681
1.526672713613	1.2959698755524
0.0204006324893832	0.0110439595382975
0.602333858193327	0.31415138885607
-0.464784566477394	0.309038472839771
0.471808770917753	0.319042482081656
0.448996652727867	0.182338661350822
1.25686089902065	0.867990088637608
-0.601809544147604	0.288906996366902
-0.342354558669788	0.243509254282668
0.166719795399243	0.102044328505927
-0.0249938689123577	0.0118571899960283
-0.235109648948571	0.152827311816753
-0.930481567179811	0.677574926854816
0.0566574523906393	0.250952651061977
-0.0327279554945156	0.114851741577898
-0.110320065729488	0.349659821473057
-0.0728781359879482	0.188108312492558
0.125063597222467	0.294342893381795
-0.223812452689251	0.536714137082145
0.0903453755618693	0.171115631235611
-0.063729927804447	0.104430983443899
-0.189962388796207	0.367684712233985
-0.118959955104407	0.171114443096817
-0.00344684306735534	0.00428024176785148
-0.328425714038257	0.563847737709153
0.430134123583586	0.713462782088538
-0.110226045638307	0.146854753360016
-0.105314069853323	0.135725889866169
-0.212438559014751	0.284714599733099
-0.7432013417823	1.4140742372904
-0.686939487185313	1.38852864562653
-0.752645202013138	1.25246581562202
-0.438179005422769	0.572615959926712
-0.18047490104535	0.202480549693562
0.0571289638595715	0.0528325925797552
-0.128316772380322	0.13105224124339
-0.0395611659743275	0.0415620362684282
-0.115111195208706	0.131135213659538
0.106709124205846	0.108010350841989
-0.41508882105924	0.591329284766232
0.0965251774108248	0.0706425532968307
0.0498728057279397	0.0383509410155252
0.275064627141893	0.250867220441898
-0.152558336733326	0.120824908794645
-0.0720177453394372	0.0530632319239089
0.205987361263462	0.180118534634688
0.0558327232659456	0.044284742419845
0.103434620157136	0.078352974982996
0.904773318191858	0.77594993088773
0.330934110237404	0.319473261351842
0.0873273967506678	0.0614778743238904
0.00890756198786469	0.00618926563786978
0.896698016294208	0.910146998637323
0.107979225871309	0.081903044530158
-0.793618337813539	0.606774818701599
-0.90344568841675	0.746559009345816
0.267765861833936	0.229592420629543
-0.426928348552316	0.36568489746799
-0.534663377827494	0.444384382713862
0.561945935286588	0.442964478851949
1.23837442096114	1.03187967346462
0.650561237399771	0.458892121554326
0.475544156527264	0.32196268609093
-0.191613393480495	0.10249188540499
-0.0701736466454264	0.0304372925713104
-0.410745855672704	0.232018038067938
-0.240184042883934	0.11984170031784
-0.18961857723155	0.101190316902895
-0.799607947427348	0.526889245217901
0.500378271158126	0.31309912412802
-0.108126216827025	0.0634327439303951
-0.690743584750976	0.600988523317299
-1.01783346819364	0.914195240122953
-0.146925685541884	0.0830750867950451
-0.198915860348652	0.106184868078958
-2.25160515684745	1.86679930067666
-0.00731670563925636	0.0265711642387005
-0.114555959350993	0.487874981557572
-0.121121609113493	0.404089383930378
-0.249173696704985	0.861769934914934
-0.0855888152097	0.188416344936992
-0.319694533443705	0.963198801653217
-0.0359836489698335	0.0652763047850432
-0.425038609011178	1.34312831894874
0.0623902815633535	0.0963949788049401
-0.246556673235258	0.467343162318997
-0.274130219061957	0.480209131410379
0.0892944171796482	0.115381039217974
0.0181071816604608	0.020672449051642
0.0121406798692077	0.0149796571873556
0.104575017562415	0.129709919830403
0.0185620253801976	0.0199253266566108
-0.281976625122424	0.36090455410804
-0.191535933659419	0.163158328852966
-0.389528349192169	0.50810388641538
0.0196043359263065	0.0160839307561065
-0.521264131938889	0.618444974002729
0.200440159791274	0.239465979626888
0.127435667466948	0.137199796274269
-0.52491803560944	0.708324997368538
0.0417302842109843	0.0320539283476985
0.0367098958250406	0.0281239679422017
0.25653314957074	0.266090272353649
-0.350774075487397	0.407009230582808
0.263264193787079	0.231531205154022
-0.0569457015464641	0.0471691105492728
0.26255116925547	0.261851096716077
0.373956158676066	0.417700020173201
-0.408888346793748	0.380863995677222
-0.40881554039076	0.380491512520523
-0.0271120685934413	0.0207212369732305
0.202015760999289	0.20564546078036
-0.679803872518044	0.793397765025866
0.705381520213984	0.708390363043836
-0.145792664845447	0.102572128591403
-2.91124379719319	2.13932193495441
-0.187200750524149	0.100140244730427
-1.17300977781761	1.45930278787667
-0.302909545444218	0.221089023229655
-0.277431459414191	0.173499407809389
-0.111838010070774	0.0797298284227
0.605559407387761	0.455265752013235
0.690321367953532	0.600069734621512
-0.187362518074719	0.100073945332732
0.160810208790857	0.0848351110295982
0.148761005422826	0.0642290000475288
-0.722656757230261	0.251937110505122
-0.0085423796725098	0.00420424670466018
0.456410121981587	0.185748725968651
1.28539641259866	0.716199219760205
-0.083554298777966	0.0332691684189563
-0.0998609074557554	0.0397194014457479
0.150235852985807	0.0791691366726528
0.648013506893395	0.454878341745146
-2.27485742651651	1.16054873678697
-0.493235094320533	0.258493480330153
-0.390955189992308	0.163988961341986
0.0489501418350992	0.201874270866029
0.00847884185560672	0.0264540306750792
0.0139798812305727	0.0338791534364482
-0.295834374731591	1.08242599692239
-0.421127381327113	1.64810557950676
-0.158041918589671	0.380694848049826
-0.402855915810798	1.35927345302053
-0.212419874855057	0.425821693111229
-0.484867752205162	1.30672976737466
-0.438951000003717	0.968517053879277
-0.414765002089768	0.856258334626076
-0.330487069309091	0.616083648820971
-0.447698876335244	0.785019104728856
0.0394209816715711	0.0459246650147077
-1.12382042039908	2.57288137631538
-0.653024027375694	0.842893026268649
-0.440673823344782	0.339314341129638
-0.199823440981457	0.195913902277711
-0.343538893229998	0.301984757212278
-0.232437201958932	0.197508200075221
-0.456165932309175	0.510864844096202
0.344964082107416	0.327590264271735
0.19665348299735	0.19932015576666
0.102871710496101	0.0778791171335199
-0.489745024546926	0.487429482864052
0.109701085568625	0.0857043770072437
0.250051289611159	0.236106669305464
0.265352513526702	0.265472713653707
-0.133720687876104	0.116781075301504
-1.10684262882441	1.52212618772227
-0.0537528405780933	0.0458015126161214
-0.362168763098732	0.292322101599083
0.258645000000105	0.226988622652682
-0.0114775429413246	0.0076007872226436
-0.626010199318894	0.731313483840153
0.344821480488326	0.336488276724303
-0.505238838342968	0.532310263166705
-0.388877039243228	0.162870942102531
-0.519820883897615	0.198536352412549
-0.116162844396168	0.068440190820841
0.154797900795989	0.08831148602074
0.0673667384587822	0.0434831007351733
-0.396871685095972	0.273619100037373
0.165329858883523	0.0948616198147125
0.36122629073906	0.181427004370559
0.69510717262521	0.327977453773444
0.153538548176328	0.0592272382906352
1.5802286379911	0.79886021791433
2.13584874635992	1.49661433076236
0.822141685307495	0.350753098387779
-0.760383273948645	0.333407415026847
0.16089014359948	0.0485574624883246
-1.02198006071152	0.411274533949238
-0.143227535286128	0.0517130131549928
0.689934528881309	0.325192341766654
-0.38754286036109	0.162377826217245
0.223645098294571	1.66145619465152
-0.0327011978117148	0.111387710282846
0.0148282720830243	0.0382136794303837
-0.301425074561919	1.18099629140159
-0.00751174202633986	0.0149824126863624
-0.217391082362615	0.624234353314999
-0.443611575347307	1.51035554238553
-0.243914371111287	0.571239965979028
-0.701583853224716	2.08438659103493
-0.059516473002035	0.0839159453708658
-0.432337594134885	1.01817060986542
-0.156257266560508	0.24751348387497
0.157111476279426	0.233560691957886
0.00257708969595074	0.00280387350749915
-0.0237276109074827	0.0221503529038547
-0.219922891533417	0.230070428112435
-0.249802620325527	0.244515271448455
-0.101989916826926	0.0961557160690854
0.267403181557263	0.273451343893883
0.805650749670441	1.21980467956837
0.419210067879099	0.518758707852804
-0.123120833235981	0.116099763080787
0.813964996062932	1.28834149419637
0.557257676362586	0.639138532843835
0.0158137915043134	0.0129661038308694
-0.650619768726242	0.869856989596361
-0.285323137052176	0.256657128790881
0.103740191149387	0.0784853636057799
-0.158106108326653	0.13762046074293
-0.622139645772532	0.691310605542637
0.124992901263356	0.111167877390005
-0.638657887122002	0.572441738727896
0.995938837754044	1.17679007575356
1.09481005415572	1.48396297136887
0.446792799760602	0.433740454845901
-0.22959038723547	0.149271900594633
0.0193352272346853	0.0104232378382856
0.38649213810747	0.32922174394164
0.147170159388651	0.0567493941232962
0.531223226643993	0.193578240394512
0.150540725243355	0.0580060516868853
0.60566173497832	0.316451429482637
0.452066149749284	0.183799113193962
1.2784378269632	0.710453931444058
-0.488079769892587	0.254626396840768
-0.0948442081054409	0.0377295149269852
0.612258638543619	0.461936375045286
-1.09420163326294	0.744959671022221
0.0612086160475538	0.264300292889276
-0.109509710348598	0.44387101613084
-0.172013127871402	0.591564920217091
-0.108735909511295	0.270700851451365
-0.100156268000693	0.24195719550193
-0.380616104990441	1.13931193366218
0.0657508756543731	0.122321010498714
-0.224740851387048	0.433979686577394
-0.00768267198626971	0.0107120765559013
-0.731233748488613	2.21908587634168
0.147157442669556	0.209072434835804
-0.316637269953832	0.528216820377941
-0.098747157587153	0.105911894753057
-0.315441990414453	0.380175522097166
-0.527844588294375	0.437091383656649
-0.31706865799843	0.282636547212621
-0.201526490369228	0.18345193457637
0.00384564203995106	0.00325570482652559
-0.15788005849492	0.148043600233123
0.852825319487697	1.260080014944
-0.339294491793405	0.342744876044421
-0.376779596192213	0.355270000068013
-0.0293884489210332	0.0253270734647475
0.478174275315705	0.525779596082009
0.248611042314129	0.270648811198531
-0.228052326969289	0.22429024145501
0.189945383501963	0.191338363771742
-0.136387045764252	0.106832075075888
-0.172369465331627	0.148304783697035
-0.869061250594407	0.935180856899719
0.113370700251357	0.0861846792932631
-0.788110727810055	0.428160790015861
-0.627897467186027	0.560581403312595
0.156783397071764	0.0893640311429474
0.0351705137653287	0.0204297794193264
-0.20252948527512	0.108396937480823
-0.55118401795062	0.34864186939005
2.53960353841753	2.35199026719219
-0.386641451754233	0.161965453975155
-0.607919966336793	0.29230659497863
-1.02133399374474	0.410034538747514
2.57288415856416	1.4534502836345
1.33631696022332	0.592226541220375
0.158324698427983	0.0402149964785429
-0.722928245021615	0.251489262306972
-0.755392736692929	0.330103090520012
0.103895323960806	0.527224920169337
-0.143248216798412	0.65419201055489
0.12278564582515	0.391358166573359
-0.317012257768982	1.31914220012377
-0.136151650693141	0.308033438344744
-0.114275873212695	0.232080240946708
-0.0139876889548912	0.0220641098024332
-0.0950356965945621	0.158468850117816
-0.106842007294983	0.168754990310412
-0.143569405976443	0.236039607830688
0.178682790276234	0.241033927029715
-0.908449735952704	2.00047995517958
-0.513366325054082	0.686948657645575
-1.18592163310207	1.21285390678614
0.0524920721638977	0.0484162490025844
0.137123737948487	0.114437789712551
0.754488285564977	0.73703258068818
0.276514666282458	0.245660469271488
-0.0918308810599387	0.08195118664091
0.260169781621977	0.24122973534688
1.00893215510895	1.68907760306637
0.0308680420998334	0.0265479501867519
0.0829496170801676	0.0744471891240432
0.0672209866217023	0.0573906239072585
-0.169236672085031	0.132179228516286
-0.20819699269258	0.178819122196002
0.00418130261245809	0.00335883695315226
-0.0330299701268629	0.024893825595288
-0.626611994441443	0.560426954121694
-1.15955415916265	1.00485091119142
-0.689880437430939	0.546818172509539
-1.82861007142801	1.14956918751283
-4.39933980338264	2.26767032452763
0.939853714804409	0.251002284675557
0.160024669917988	0.0548138166312829
0.0847181376987871	0.401892950345965
0.0970827599605701	0.391782356259087
-0.150495598839378	0.564992616148889
-0.0611578975747325	0.133342899693437
-0.232744094205428	0.659397660937044
-0.415334202503344	1.22497590004749
0.234004398080549	0.53165175130785
-0.0734639239669071	0.114694683778444
-0.22663337136143	0.389637139842762
-0.0487633863136648	0.0633293597177672
-0.51389841256943	1.03622470831485
-0.24324041323938	0.282246055224979
-0.636060310661038	0.779288089067525
-0.0000361289401556609	0.000156418991505049
-0.0550035377674427	0.0500405186489974
0.813320522725358	1.20475833727181
0.720242259116942	1.13798743160132
0.0130795416664543	0.0104163221162939
-0.0396739806097029	0.0330391661260287
1.22967142791318	1.94335144456607
-0.394807887502713	0.49399362831466
-0.562874907481818	0.59500875457859
-0.601944023987796	0.629801567522348
-0.492647409905585	0.256728501681669
-1.02681629356167	0.412672237731607
0.157382415241022	0.0473854081319416
0.0235770040524507	0.0896236885553612
0.0639845562621647	0.251074316378419
-0.0939220958098464	0.262612644655489
-0.124231519459118	0.328050002007003
-0.0447950331196091	0.0851651740126502
0.251007149701512	0.658204290179069
-0.169284027340096	0.317412413872973
-0.334824882660329	0.751883394265753
0.0218970767327301	0.0288861848875033
0.126838011768628	0.171074141879882
-0.301803537392948	0.36545208180833
-0.6450534977555	0.828089962640256
0.0628018765277694	0.0523493334295725
-0.252633000067826	0.278918592775034
0.210702715064614	0.239290218257038
0.467884548716888	0.68036683301832
0.224654273896982	0.257903666815328
-0.459331596066392	0.518006601676994
-0.151183418580164	0.16149512262111
-4.0124872149158	1.76839621226215
-1.82538699064068	0.754460216715801
-0.519276339586016	0.199029682930515
0.0500345276598129	0.223181196846717
0.0138962524906747	0.04466741151403
0.00281299915159665	0.00707032558017443
-0.162622177818839	0.465636294463283
-0.193936808116902	0.532571050910056
0.254801280523487	0.727322043696069
0.184480924478145	0.385204179023997
0.233974247657577	0.509344947882054
0.485496842948475	1.19263140175895
0.00195813220265626	0.00207587654798734
-0.171627222419859	0.133824886068614
0.103497108535043	0.101202173775369
-0.0530132241974986	0.0520246305487771
-0.279097331400642	0.33767525215547
-0.393703492699062	0.490655572560466
0.247073257273078	0.278794217955872
0.795025782303757	1.74130833481176
0.0577370207867124	0.054290930739411
-0.347051007647912	0.47782627317816
-0.0371069619460647	0.0317363235244325
-0.299339022229884	0.324087363671484
0.154868590757158	0.0466044887605087
-0.636959492719679	0.156887069567616
-0.0997509640832848	0.0396460088534175
-0.794309567236725	0.433010971932596
0.153050160110117	0.866461602797732
0.0342800881158039	0.108266599973384
-0.190548639883528	0.625881513459306
-0.0215925465824326	0.0411865752496469
-0.175699705847735	0.406663308965384
0.253017572798415	0.601285017400078
0.594576926720343	1.56491185337466
0.136250073501903	0.190842686235679
-0.439845746548758	0.645170590486141
0.362894315979323	0.548240659660225
0.248925875288806	0.308731969035154
-0.142290774389494	0.127016745570107
0.976308005825592	1.47209105191241
0.577405377563809	0.719809137043907
0.306829204968121	0.341746240917514
0.349544150190626	0.415686835935041
0.502170974299209	0.615581330731212
-0.119456226365363	0.115803618506235
-0.121227321878499	0.106895735531169
-0.154242263424927	0.162427760764465
0.189288255883243	0.176117139506487
-0.318382332675195	0.367702493087834
-0.14350551727354	0.126042658443659
-0.513295933018928	0.19643545895166
0.155520410174332	0.0395661334713537
-0.402461108282245	0.16823201226669
0.528835960721774	0.191867597921816
-0.0544875490317085	0.023820043871106
0.450876685574105	0.182868541134948
-1.16568144963459	0.655167690820231
0.500962948407565	0.315294590734315
0.391662649764099	0.176923384507891
-0.721906540285296	0.25157399652224
0.0549014769249759	0.23461743128053
0.0261569113049023	0.0845867575338084
-0.0295712172344443	0.0713769694569706
0.171296403041437	0.467428461889753
0.0842194179530257	0.164443774943602
0.355785158961414	0.915227192823678
-0.154780458449531	0.261771753118739
0.0934364856775796	0.108284281049292
-0.146056598037078	0.11535553136124
0.168739490059564	0.173287434438669
-0.121507201798662	0.164586912331714
0.0383567014160593	0.0386830082483779
-0.247893530177635	0.28424031542003
0.383326136791307	0.437811974164488
0.910885660901587	1.86120457907121
0.247725271696109	0.279713864178951
-0.0778157764040354	0.0800182451298844
0.12171600445592	0.126754078038038
0.117175512452963	0.124942845476604
-0.0122940558898797	0.00951226979599405
-1.02989724552737	1.96929618646236
-0.0787321504442239	0.0758907643361031
-1.52370471834718	0.553131982412369
0.156626480514056	0.0604963463651501
1.07711628178215	0.528486442400621
0.160914434221123	0.0552474007488785
-0.137001806541775	0.0495446265793543
1.10398633118243	0.830634171848156
-0.727930992330886	0.25380129172308
-0.330715424533941	0.197794690906297
0.356154486498289	0.177885212419029
-0.104584824338137	0.0613486476634205
0.160626900474085	0.0484137065522702
0.100623878206837	0.48930632030233
0.0623874277616707	0.206694568704548
-0.0447104032516028	0.107335384122517
-0.0359436064682197	0.0698149707625587
0.0757906823619506	0.142344829541834
-0.0463895068861729	0.0715986886892907
-0.136189396278142	0.18167891030268
0.0987451470847372	0.0745277279531736
0.304531023770716	0.447586671270158
0.356628417916239	0.426855047157363
-0.176780108123445	0.176346801386193
-0.103698749616982	0.0993641359040886
0.0948912131606107	0.0874912477545954
0.257531114431557	0.267143590663022
0.743191850753116	1.30125833465149
-0.146555696173167	0.126459435830755
-0.00497905825918926	0.00381845095403703
0.159873979297135	0.0482815097019209
1.57888352599307	0.797653283006555
-0.399201458449907	0.167353642833043
0.940922493736804	0.250741724034319
-0.0958336002955322	0.0381547956098317
-1.8009224274669	0.401413641514774
-0.0203594049176784	0.0097277605919195
-1.51759021741262	0.550484114851072
0.0546419795253592	0.223349359120143
-0.0408486767195559	0.132202929362115
0.260433971110107	0.975026139285612
0.0104883027473834	0.0192917120344218
-0.164915238182768	0.34516157378731
-0.165088737040033	0.26358127725673
-0.135154481566824	0.118174872268307
0.144568344638826	0.222645404057964
-0.199859140367813	0.306190515403853
-0.184494582532859	0.17304522316128
-0.0613810925323831	0.0499267083081138
-0.4261270438717	0.561648701190285
0.0585067514584678	0.0559067181844177
0.390835551032943	0.503461431280437
-0.169765092773183	0.145797213342048
-0.637509639132058	0.157280902410938
-0.358318715506293	0.10413238667114
-0.346051722995957	0.100990327474769
0.935072365625058	0.249598704803732
-0.721156709968222	0.250838938542479
0.150560591340052	0.0581713067257616
0.159577212176396	0.0844046514228365
0.151503991621193	0.862401207017138
0.207240745836464	1.09540328873456
0.0591863485883467	0.159256773988084
0.234526534175168	0.746468371033541
-0.531921676838482	2.00204724080481
-1.08175034262678	3.6968484170405
-0.218837015405581	0.361454323267717
0.276182895859745	0.521350468508513
-0.0276305469406336	0.0378053211996451
-0.278920627951428	0.480073702303363
-0.00649068009601638	0.00808493234787822
-0.0957013616439233	0.177165753393412
0.087238265349403	0.142124099301138
0.0245901026864436	0.0334881483169427
-0.118189193185082	0.203455796887063
-0.0798336995988127	0.11701555395465
-0.0465635169160916	0.0460824178187176
0.44176104950181	0.57768923185085
0.254764197564969	0.268811697779582
0.4420359426066	0.590254387126816
0.867920642067723	1.69520553104147
-0.184464571305901	0.225960978045125
-0.22509266070424	0.246942816680766
-0.120100244023207	0.129804791212592
-0.723678625838308	0.25185170240566
-0.215362013913717	0.07044095074977
-1.48345513317086	0.759410563089855
-0.0292619033615755	0.116930778406377
0.049817612365322	0.18617245909357
-0.14402752194136	0.542793360583076
-0.410612041278035	2.0922305957901
-0.472768320389925	1.5252819145809
-0.255650458089774	0.624054439534417
-0.035781961146094	0.060598978096289
0.18538098552694	0.412647932143863
0.253056206698629	0.543155686136988
-0.477486416408397	1.31019863676714
-0.446910500670694	1.57551062030581
0.128851368234723	0.285344410472466
0.390039980491509	1.10821679573606
-0.0444053306269772	0.0808905425030016
-0.0272111468589502	0.0444068510338742
0.0461339742618858	0.0416229967953504
-0.356784201735219	0.428669499226821
0.518075158029398	0.761251732765245
0.45710281761255	0.74307677742768
-0.294138503542707	0.389372457289168
0.209623904419091	0.234295066454921
0.484523888958416	0.601000530841245
-0.157855352760323	0.15768320090295
-0.0446525305932101	0.0372975443657205
-3.0855122183307	0.972756963025588
-0.947363147324698	0.577297034494558
-0.343621045594397	0.244618483456466
-0.656219190925962	0.681350098531315
0.0357102443746439	0.144150722427727
0.00594999095794302	0.0186835234565971
-0.244814417407526	1.10515384489446
-0.0872178574327018	0.167780853238503
0.380525121409125	1.15303176339289
0.254972237348148	0.654404959466522
0.378093002768241	1.07778872784138
0.409000978024804	1.17170575775501
-0.10553266911655	0.186815491556123
0.190306594132013	0.508601442893029
0.405621040894422	1.34355744700503
0.345163273300875	0.957591969329195
0.0732978962197844	0.141059302427511
-0.0316585312113158	0.0470629708869753
-0.00399962544088	0.00433117653901812
-0.0139023280144682	0.0137796951814698
-0.0874931267368213	0.0824057124249643
-0.214274405019652	0.227010195539415
0.60790364694971	0.824090729394682
-0.49170018430407	0.552295488579683
-0.566387583263592	0.69821809339608
0.0496703088120875	0.0456569397690327
-0.669733783547647	0.973524890715461
-0.589811840817819	0.823285440759191
-0.247409415149649	0.258999442221357
0.0884222262771555	0.0825165800155037
-0.233410016634514	0.213075107084913
-0.394620821533815	0.165578696918499
-0.237692461862103	0.118440385201791
-1.36053837249462	1.1189109190984
-0.790484411861366	0.674641613439238
0.132643598329593	0.713721580294563
-0.000128389888313696	0.000394984898527224
0.603606327851294	2.85824041038229
0.516166741052516	1.79290685574
0.923070178841733	4.6613582461762
0.624918071594375	2.53958826600094
0.534448580277881	1.63171651760506
0.164189401979056	0.316922292664746
0.356409700193865	1.12765413147703
0.599926072420921	2.27221171130128
0.21171469413307	0.424841846411115
0.135221997543737	0.249164083911987
0.353197744647136	0.729366101294866
0.04387655787787	0.0394618301269495
-0.0282910597596872	0.0240793640675575
0.114859603945517	0.0925957799381997
-0.2040072720838	0.200471114715253
-0.552197673994576	0.719144200200715
-0.857793540771119	1.04227820557949
-0.0999198837299547	0.0897907432228625
0.696517844901533	0.870578971118505
-0.580834795927847	0.723949176597868
-0.157599404137625	0.122016714566248
-0.241031975201981	0.200958190608293
-0.218349282858907	0.184428613089539
-0.641866449191736	0.376423632083683
-0.571236139897275	0.520956828117526
0.539541500576966	0.446910559742848
0.651534448552806	0.459431072590804
-0.185461437211487	0.0990175082386633
-0.949034808508289	0.580536252528698
0.166481402561143	1.07126668660823
0.0604588303325069	0.251044898479354
0.575978088304372	4.48816613140438
0.634792855925651	4.04774596081405
0.53168487304065	2.46481397245845
0.157755781392149	0.450830742704924
-0.469147022331564	2.86463138572983
0.0252707640352778	0.0520619339100209
0.15605656843258	0.327998202228331
0.0497656451805197	0.0888018354836705
0.13137071224127	0.250830155804654
0.331479985603576	0.523544236415312
0.0547315496687611	0.0552002006623623
0.058798210967176	0.0800009629643915
-0.2881534004335	0.277234700095238
0.509179217675852	0.541369939334889
0.323661121281148	0.194537024357024
-0.00476922344498447	0.00317000131124153
-0.54552300402255	0.54061558151552
-0.0662090410201909	0.0401223913907071
0.0721354948478548	0.0465557625828933
-0.300927925351262	0.21949007305441
0.189716058608987	0.155331218336296
-0.232925896451664	0.151355993581523
-0.545312665896565	0.344049632030762
-0.0613705567144834	0.0267794333586011
-0.798760935548911	0.611523866153808
-0.600933912907012	0.486639665185555
0.16079003348652	0.0772396313928175
-0.346219588919709	0.246735330995495
-0.207942480563828	0.190584122420935
-0.504329212257456	0.379556753806083
-1.05106322826303	0.838427490707537
-0.324304736492274	0.312326081481755
-1.09981580990532	1.05135905236107
0.0833816461134705	0.446298646068536
0.234225607701346	1.48605182709645
0.060968849977937	0.183616012627859
0.0492710067205781	0.139520839895447
-0.0973095276825865	0.339537848591556
-0.619984076917744	6.67224273661174
0.0174443901921908	0.0385537831446559
-0.11095916869497	0.250944674535805
0.300706275524031	0.742442949930286
-0.0453166863226311	0.0447549215804262
-0.0210274492850537	0.0284056001217346
-0.0967463152663345	0.0921392229487699
-0.200062035253781	0.17103788450752
-0.217538234288327	0.140073768892352
0.170385860033432	0.0977736004278828
-0.189590881121564	0.126476084338569
0.153938621408257	0.0666234968472352
-0.675913346966737	0.469985369386143
0.991393577547205	0.804789926690722
-0.881963946331202	0.810162037177199
-0.537644171338143	0.446680893444973
0.544738277420121	0.451182820102024
1.46432532286822	0.91760761612641
-0.926774697415805	0.675272608175274
-0.247671879315364	0.123630275375207
-0.551397562419362	0.348292131163992
-0.355892994657481	0.340302624820869
-0.558239207992167	0.588360152349328
-0.0777230773519577	0.0818465087944302
-0.953446373719835	0.584006513426087
-0.353525048090116	0.337957578467792
0.106152889520985	0.584347340480044
-0.109361645790234	0.536890533909212
-0.417887247302497	3.37412676468066
-0.533024629527285	5.01266859305557
-0.925909029258618	14.7267652270186
-0.272473915950138	1.25714096849138
0.00350756416858782	0.0066196815718517
-0.293584117399366	0.865486538783837
-0.0310021279021941	0.0393165953311392
0.291702648197918	0.369054761306653
0.207655832362592	0.215887975753084
0.0474326804396617	0.0354056503186963
1.05092102341564	1.4504586701684
-0.535142773481666	0.443247658910368
0.873864440995114	1.00066642427784
0.48209515920331	0.533457726686741
0.184254058269223	0.150813521050081
0.441178562525729	0.315529628439085
0.504573026277875	0.534062839380848
-1.18658419593669	1.20790208282916
0.909509388050779	0.782925675578219
-1.05292092265202	1.09402264640061
-0.957561454869551	1.01793379174092
-0.984426563549479	0.490087795635554
-0.106177895258808	0.0856291127739572
-0.456598072707164	0.543696430653088
-0.0317128730129783	0.134768991793881
-0.159095638473462	0.88123143891784
-0.376317374856876	2.93700006233772
-0.358567692224544	2.71260131698739
-0.410456986000647	0.382994390821431
0.26172562108428	0.243167336943211
0.351674407434298	0.334588551440344
0.12658233223668	0.107833678830043
0.545254199308727	0.554307051889315
0.279439791450799	0.226000724530307
0.39467111718506	0.426355805554091
-0.166594536355195	0.114490247129637
-0.594033902969182	0.616423235495284
-0.882564242867803	0.806452368964771
-1.02303978795654	1.5691488736962
-0.429941500953642	0.369884508825736
0.0158578812508916	0.00863582542479336
-0.091737984136237	0.066508423965532
-0.14612292039134	0.115396648303893
-0.485872061525587	0.482376907525081
-0.0162451566520437	0.0645998548495772
-0.175016789540597	1.07754616102091
-0.405368599047326	3.68746102440197
0.0896812173670656	0.103626110126206
0.196094841025461	0.194153408167496
0.0485580001299724	0.0446193642499867
-0.0321119646629872	0.0241780262790447
0.130737010913077	0.114405735819405
0.715893492605143	0.972918150347136
0.119813599307283	0.101318847432834
0.610959667113471	0.829890177178172
-0.534705464895736	0.60070232751039
0.538730095680223	0.542831917896682
-0.345669158842594	0.303695061728919
-0.0915991813057838	0.0804187759116656
-0.447583831058042	0.44747333490471
-0.186020941751031	0.157583207003519
-0.281365229175488	0.233412556331851
-0.374254990427291	0.323609544367554
-0.111432214628723	0.0902471824464914
-0.854879917748646	0.912720487755145
-0.182408808590443	0.139219073324845
-0.347721324777247	0.330989826988929
-0.144503031808761	0.101315477446862
-0.036726400151456	0.164436984751298
-0.271842905180432	2.356566699289
0.170283097858522	0.233157478445231
0.257976689182838	0.226252178833926
-0.181399971246137	0.156598150591994
0.693204763555991	0.797999184999124
-0.0376657374463609	0.0284313686393822
0.0770691703331412	0.054016632488947
-1.21391806046036	1.41964318642081
-0.0927969940338743	0.0756171644611028
0.258386878732303	0.233221402879533
-0.191481763595248	0.18994572910126
-0.0327262086359155	0.0279191526262093
-0.613404191023763	0.792589270300734
-0.209172722670078	0.206346118525335
-0.40781113167503	0.43835626872701
-0.00849903662698985	0.00561901254622162
-0.0440338000332875	0.205809316079531
0.0165923507569055	0.0180533916229986
0.0724451521717677	0.0742682153008891
0.0483171937922824	0.0296237521551567
0.0206372827572514	0.0148562784114669
0.433810080187595	0.431428686239197
0.58282260509325	0.65832718941947
0.750818415722671	0.820671509617906
0.0160852473612902	0.0128298136669728
0.163003916002621	0.110035734383415
0.450201326830835	0.323285064306367
0.352794642412757	0.3364952168624
-0.319089134425287	0.30558677989817
-0.132030574627908	0.238549108598644
0.067090434313481	0.12570447769292
0.171779528994283	0.343787612049982
-0.219940846106975	0.405094519657213
-0.578051273110935	1.42293357571325
-0.0359744349654413	0.0375563130962491
-0.271787576094838	0.437887420012106
-0.00517857612924117	0.00490572405039546
-0.371712648501701	0.577806866595763
0.123413339503473	0.132174173864354
0.0217123489350351	0.0333435766872468
0.114786862138113	0.194223027497622
-0.00386478984025508	0.00516084574328265
-0.556619764846133	1.19825404338041
-0.0296998744468007	0.0374129342597359
-0.250435310149616	0.34720511506595
0.203424145807685	0.289948179494115
-0.119672048968126	0.169636863995838
0.448736403229047	0.835543763438147
-0.015378771096207	0.017904132404888
0.180497302701656	0.254325349723341
0.23484724636514	0.366517306114828
-0.0479081267741044	0.084906706157885
-0.219536026665889	0.49637629099576
-0.17845025521089	0.265375405197586
-0.261435134360934	0.533363977377513
0.481633880610348	0.986461375441397
0.0551175124927351	0.0792258593368658
-0.177341667981847	0.239646786303906
-0.0717217869415454	0.171066703434125
0.14004162887563	0.32130370980601
-0.0292204718027108	0.0545779001074796
-0.223008087838901	0.519076659272006
-0.204190008002638	0.440156766830788
-0.192628064040151	0.402171186089607
-0.192865569678797	0.35233248560512
-0.12125069246583	0.200007075408309
-0.297060439157806	0.650973809927832
-0.0805219068587235	0.117395899873095
-0.368048684666702	0.756466239868824
0.0160693989528812	0.0489521654019993
0.0873071160754871	0.248707591655966
-0.170691826943568	0.532217363671641
-0.160543880881564	0.424021962282641
-0.359812054460561	1.30744808338727
-0.236098729649139	0.725491856678926
-0.154048273532373	0.329574441786198
-0.226721577472008	0.46743708400787
0.100746541293908	0.508519401044391
0.0050239737079643	0.0156326112598411
0.120649433683509	0.41039522017394
-0.108880278720862	0.288662583593466
-0.112358038743623	0.329167919190208
0.0124902064534444	0.0282350271847067
-0.0966204253988187	0.256294318488751
-0.119034099307884	0.28608441054738
-0.225262442568699	0.643245661792688
0.0614588440157066	0.0633043161847316
0.00611658538336451	0.0214190292887028
-0.0539524317238638	0.197097177194518
0.0415648369708017	0.109054692592804
-0.158002422865156	0.569846007209791
-0.0963556987776751	0.285611566548953
-0.181813372072958	0.556846324993458
-0.346483980583279	1.14500685123591
-0.162129065056163	0.411311318448102
-0.172477333562683	0.310175970753677
-0.212104663791662	0.382562228281303
-0.148881588167912	0.186085906739049
0.0591635086640438	0.0671102286396602
0.135477793897312	0.16519042807608
-0.203355907909308	0.258067769450532
-0.300476005399989	0.430161154510861
-0.165999939370193	0.164052292021866
0.0613117353706088	0.276414855507562
0.0706527097816723	0.284632992416781
-0.0164471077187836	0.0490574926574181
-0.140400033486878	0.51546839016876
-0.0748796909792023	0.208337113273069
0.085463321742442	0.20107634187281
-0.23799033597904	0.702097230914179
-0.332989143983413	0.906832678961468
-0.144263200651609	0.29150505307753
-0.0208494773882707	0.0314392905319923
-0.0457045051323868	0.0678820634965075
0.126314681021421	0.219415457521296
0.173177625902967	0.280250473831265
0.210341244095634	0.271512312686823
0.180422974544287	0.243857486279225
-0.312583498210527	0.403312888069198
-0.328129518091019	0.492611819770603
-0.195331501949167	0.270804228702036
-0.279799812564461	0.421033072080257
-0.263410227205884	0.348452924631671
0.0568649576242498	0.0448958137511087
-0.379653665265944	0.553128858467554
0.106645089595457	0.587559676605628
-0.0517731837457122	0.200919139860188
-0.0145745951330612	0.039708514438367
0.148366626536744	0.444847443344061
0.00210242199919342	0.00372758360441525
0.108066941674145	0.22986815583078
-0.132253202186573	0.229691857373984
-0.0881287106171756	0.148905395704805
0.0827279493669149	0.121389858843846
-0.173864228640784	0.297494882469257
0.0533810319549362	0.0748719204600426
-0.00747152896322022	0.00920236724577161
-0.21832459010889	0.317186565623851
-0.114409117410744	0.15184812687875
0.104836307089935	0.135593261351111
0.397617377031182	0.497150919836269
0.461055251394905	0.688790167586252
0.0388816638886778	0.0335312927132187
-0.247980897628599	0.284634798186157
-0.289891106664964	0.35393945681968
-0.228739501715111	0.280007454466567
-0.306295521105158	0.509369607233758
-0.392535306859198	0.548255168106522
-0.284702469273589	0.359790222610464
0.0382598103265918	0.159600407243702
-0.0464121928908066	0.16529048774546
-0.0681672392092943	0.195214198930608
0.115435177773326	0.279051496395497
-0.435650582773781	1.62457777675632
-0.102639626620855	0.188500095092994
-0.272654460239815	0.665387052449206
-0.187874577317548	0.358231402474335
0.14670472983513	0.253014927567314
0.201526403378621	0.360508271847286
-0.175717628389948	0.216094831272088
-0.216270699228571	0.265752719004915
-0.407524246856393	0.737419441069736
0.206933147534147	0.252535318565364
-0.256376516629945	0.359087954594369
0.155408647578723	0.160989628500982
0.191868329270295	0.161277948325052
0.571204918649039	1.01491845962092
-0.257166658927206	0.3093295868858
-0.704041794474495	1.02204851167929
0.177457991078185	1.13151473423388
0.119317606962417	0.530479309562377
-0.261868012393139	0.99401755427143
-0.319980166462394	1.24728563351922
0.029688298383808	0.0526502693917408
-0.240538767193985	0.637578290705974
-0.0516427810876154	0.0867163045015205
0.0594977201544552	0.0977860855343313
-0.131513855422286	0.23061231522077
-0.123433833661342	0.216586357635675
0.0435708733698027	0.0623728305574833
-0.116118094220585	0.164588057128218
0.13152518709464	0.171457636873262
-0.0876057533164994	0.102544673615448
0.0418955990191293	0.0475742226832142
-0.822016044713833	1.63692034248503
-0.312681242397647	0.47475414475453
0.072694607393667	0.0959325940540209
0.0359202763007147	0.0384487432418592
-0.137282789734245	0.107839074489556
-0.144833830852	0.114472556437875
-0.761207848513928	1.50306125474024
-0.333753406393538	0.436906558710762
0.0923600273316694	0.454093952015941
0.101549350849569	0.407786541249079
0.0218883052749924	0.055100784549462
-0.0211002832780343	0.0432616601305064
-0.205402473691695	0.569535551414946
0.00432650090976745	0.00740373006650539
0.0364528494835928	0.0596326206200254
-0.317363681330194	0.746542226059116
0.0242882694368639	0.0398254747922416
-0.458021203550639	1.1964775229808
-0.303395588712077	0.589037681586326
-0.145855336266183	0.251293794046795
-0.0576171710721538	0.0717110329661514
0.0616975197693697	0.0708026470490927
0.0664546709134104	0.0808497077803509
-0.0477476070366793	0.0550609717975881
-0.16840984259678	0.243562188720573
-0.138347514037094	0.18808982513546
-0.552374625634714	0.890533235334843
0.655594658667014	0.592226585997137
0.642780565833986	0.575230914446782
-0.224983352000233	0.250184019954505
0.113512679685591	0.0958873907056442
0.147192381834869	0.793899438577842
-0.10530431933959	0.432507582303574
-0.20707047320922	0.640883583043392
-0.22326877355399	0.678150181956617
-0.116393925666103	0.228303906262072
0.166738571242894	0.388457244894758
-0.386641427005756	1.06007830445381
-0.188347071639276	0.366926801999308
-0.20618138683108	0.427789826807988
-0.0239852146962022	0.0271730027302179
0.249260676171447	0.384193532434627
-0.438254259551591	0.722449053989023
0.0328836799768264	0.0384063664167276
-0.195881016804359	0.274294551352793
-0.889198675183129	2.0434898544024
0.0246318756381432	0.0211567251133951
0.4261541899261	0.321984974429726
1.33973875204906	1.39505891114487
0.317479260396215	0.335237443339918
-0.17062165372524	0.14651416382609
0.0979431288598038	0.499034449835883
-0.00814947115850373	0.0240100355978412
0.0182263866260773	0.0448300362802934
-0.287857741581849	1.02684111811677
-0.141633268584512	0.347650534256124
-0.181218601308831	0.455695051815368
-0.047405014820594	0.0920257684851587
-0.482314875665311	1.60221132621221
-0.292617156872733	0.681165179148756
-0.0234456944506186	0.0313926059043569
0.0806504025631494	0.1187485216017
-0.715622367072314	1.92336302441857
-0.0681515994197796	0.087317484845808
-0.0784014513035713	0.106830268582581
-0.161556439117761	0.196573710154872
0.445792198660671	0.668121823687053
-0.658373630212738	0.682758038721973
-0.791561720374508	0.859492918091071
-0.338154117666879	0.370024082781306
-0.178449446932329	0.210028339871253
0.0828881903706684	0.0743212829960322
0.042789892487045	0.041510253595764
0.139187255839409	0.730541400058019
0.0824754731059816	0.302674472425287
0.216454101839855	0.753615672910846
-0.166195277129714	0.452046056981205
-0.0174373499670028	0.0321126342551982
-0.137431033356851	0.292461129042702
-0.386785150731339	1.12257232168428
0.0566438994364939	0.0923359594368366
-0.333654020364041	0.829442525747615
-0.257036944121636	0.564933445229913
-0.177488595525543	0.27745640091048
0.126498541922185	0.19383760510298
0.16580072854883	0.244073424454035
0.0777753655170716	0.0957265099483371
-0.308238827409089	0.472122938197539
-0.616847824477406	1.03387617781341
-0.0335747685511076	0.0285896602151027
-0.889029963360494	0.817331203246836
0.608730830667169	0.457578496837499
-0.255544695855909	0.312285472906598
-0.525607556957719	0.671581752095092
0.0949606687082546	0.467949909522112
0.0306066764719102	0.0979762418297934
-0.12256909754271	0.383883111485395
-0.0867933596465537	0.223030811923318
-0.323744036541492	1.22863604683106
-0.132680661589352	0.323122955354028
-0.256765228949137	0.669702779940841
-0.342834394679313	0.989807479589253
-0.389585092620383	1.12774853684654
0.205972723382792	0.373553956173535
0.0614087035200641	0.0863577840740876
0.0289062241044663	0.0382230385346557
-0.0454189848231047	0.0621326774743673
-0.29067763737226	0.442858317292634
0.0830106171231432	0.115339931714706
-0.176099969901555	0.209367139157919
-0.274718285172745	0.268143645247949
0.0324815218601768	0.0241723235859088
-0.23785958209648	0.300605802772835
0.108356097871028	0.548621940229544
0.0690092209962214	0.253424502017603
-0.156352001613272	0.514223982199598
0.144363380605684	0.438539000265717
-0.291038197139019	0.923365505496467
0.152908613483427	0.331059918406408
-0.21714996972247	0.507278349615118
-0.0214377626665167	0.0365781810260668
0.351361552018519	0.779136548098868
0.184816219276797	0.348321316181844
0.157944501853342	0.236474888267311
-0.484074420968802	1.03243174066588
-0.154641259671846	0.234001776818368
-0.101638306819812	0.142159613011466
-0.566511253728114	0.515814531948592
-0.370876346637795	0.373590733153675
-0.13113483409248	0.154768229145812
0.152386269385899	0.888443581444702
0.0790514455787644	0.31782331437149
0.0567182350300563	0.167196113889549
0.0146186889677062	0.032426922397321
0.0601767952219988	0.128405895831473
-0.221427486784559	0.585174997493021
0.0563413742135763	0.103104849173562
0.203467517564902	0.412546859679551
0.145754272604767	0.251465712690038
0.00441027345106344	0.00578616669013214
0.175066547250916	0.300198499626586
-0.232863868764561	0.389817514956106
-0.401403438819077	0.78167898047362
0.08684485188501	0.424079635516218
0.0481627502854496	0.175477861482738
-0.0306498979414974	0.077057012966705
-0.117006087322156	0.302733864620081
-0.0968597639105188	0.22022148251183
-0.112057709010595	0.225445932502859
0.0788913416711324	0.131384245972598
-0.0328381207157425	0.0492756265944206
0.417032194841357	1.01045137631656
-0.279660714266684	0.531283088262628
-0.132089282887695	0.211003941808723
-0.109486514357463	0.170309208470806
0.0731374592991199	0.344972264493688
0.0423812249651008	0.153203523252246
-0.0295947686526233	0.0767465073953815
0.195858361033616	0.620758833114959
0.104092695016035	0.254214020941477
0.436769740700456	1.42708092028999
0.147571599240163	0.306474349848542
0.161476381953653	0.317093443106242
0.366178283363521	1.00303469726563
-0.0780642447122165	0.131509968402316
0.00744352463792887	0.0103834341026704
0.0649803178472925	0.290486561840003
-0.00749354597891145	0.0230488697400333
0.0530680652186795	0.142440072359302
0.0892115953526897	0.223945419376317
0.176282451062229	0.405600515600436
-0.122633813305384	0.25392822236613
0.346558468814581	0.924987058739272
-0.0881058447651895	0.152272074860163
0.133426253292638	0.245132328534733
-0.169414230388963	0.291027894778196
0.0874246778849821	0.415410140229001
0.178202847623878	0.874268285574025
0.222990794940757	0.855453036286652
0.153481707833692	0.370769691764572
0.335873873086753	1.11878496829534
-0.0940453425283498	0.180039104563926
0.179514365398541	0.378245723939908
0.0430071979238488	0.0672060730171022
0.0193479943068577	0.0281070828531182
0.0475251233381731	0.0622910589662642
0.173882056934171	1.09701878637706
0.252416571666798	1.47640811804561
0.108349845187518	0.296733953547024
0.247556501556773	0.768351688893735
0.360606640174116	1.25613277179032
-0.253407361512211	0.676089077221954
-0.0504761692565306	0.09198730568999
-0.446808928345662	1.39233719831563
-0.0815533883432408	0.114593677980086
0.0977876926665399	0.505657760864322
0.0221806757274264	0.0723706490446413
-0.0186771257683543	0.046902159435852
0.0934045352320975	0.254564080405796
-0.315581430740099	1.12253793023722
-0.372987500960248	1.38637023537024
-0.310253843129828	0.889781765661523
-0.198318085319163	0.399819340999409
-0.263809854941958	0.293415068205007
0.11355792843298	0.570649985948925
-0.0626723100913378	0.222486912754078
-0.0140185483626518	0.0336396328721714
-0.197205665089211	0.59867080799368
-0.219586246785729	0.614213215510712
-0.354688223613402	1.11132491049135
-0.247997648825197	0.491813492942169
0.158207436628875	0.949161792833157
0.00292446743414882	0.00898901729999828
-0.0692755666621665	0.195012448638028
-0.129000078050966	0.350143882054527
-0.433265283936985	1.70650012026527
0.2449711907068	0.567852117384698
-0.351596344494565	0.420754148164284
0.0346457916732836	0.140925681378311
-0.0293708011792045	0.0980482406723507
-0.226279661332864	0.933876348496793
0.200655113738968	0.601181571891542
0.315173672579773	0.851247903781572
0.222078134229239	0.254201947449168
0.0110747867439524	0.0410169596421051
0.0624394145244011	0.23437174304324
0.0910250146629167	0.256666374422888
0.0122786753020737	0.0452588579349626
0.125240708368694	0.558773535414945
-0.00937100381903064	0.0114417617762119
0.0435586822659788	0.183384998135632
0.212445994787155	1.21881674967407
-0.311189202949711	1.01442195676297
-0.57743994149369	2.89327014183454
-0.545580550286818	4.34737690246965
0.0476828378863738	0.206203953774689
-0.0745858882822309	0.285586533535964
-0.227568593582469	1.1581605638686
-0.533235933341318	5.16674190989617
-0.0208532750795549	0.0872106975103546
-0.0758490621527301	0.340718240424821
0.0669530356996591	0.23999401941485
-0.0217503555067098	0.0854684573638027
0.0720494481490256	0.29068427101021
0.141926800271296	0.887028940450142
