x	y
3.25819512813541	1.12540871646052
0.360112818268282	0.181146727103624
0.829346227820373	0.354574714510443
0.940922493736804	0.250741724034319
0.825857711677719	0.352770911116929
-1.02807148081869	0.411686144962534
1.33716574216828	0.596130922443722
0.144292720137753	0.0276888229156664
0.793760122035964	0.474415353462089
1.07574572732877	0.65407226583933
1.78061617718324	1.00742947847421
-0.2098903203841	0.0686010473884186
-0.0952794052337123	0.0379617226555812
0.159122325410511	0.0480117921042768
-1.27495473558411	0.58335694060492
0.539660853538519	0.3100327875105
0.822141685307495	0.350753098387779
0.665631852900648	0.213765325882499
-0.246310921383617	0.123017592903579
3.05102498784033	2.272954332083
0.943029051172106	0.251479485037243
0.155608726416379	0.0470349393301069
0.831885955734065	0.355824635219245
0.940366139413571	0.250549017337595
0.547334392209252	0.314325285437207
-0.0588990723642291	0.025713559784894
0.166318595101362	0.0954146987258889
0.157693836049591	0.0541708009160174
2.12485579184019	1.48351781606727
0.998997051806855	0.807760745527197
-0.515181706001003	0.196864636828337
-1.4830862206654	0.758148594472621
-0.154018561554421	0.0552195928355305
0.455217835956066	0.184918668410377
-1.66729144703089	0.946446481200051
1.82501577065802	0.726750208134044
0.161622432226095	0.085376153426302
0.543500530972207	0.312374998066717
-0.0608573610445958	0.0265679691811687
1.57446161020599	0.793758295407445
0.149536936283679	0.0647633654938517
-0.0682104356857788	0.0296221191654273
-1.26993773463048	0.578438416169099
0.784147797247394	0.465640938120537
-0.314902845823258	0.144417367119575
1.82317998866194	0.72570154697374
0.829754300408287	0.353504349791504
0.531223226643993	0.193578240394512
-0.515782684048713	0.197574022242274
0.145952781975537	0.027957432098957
1.03780816129706	0.399548214209553
1.27771578066982	0.710591856271494
0.692432782266472	0.325556201512167
2.11577314290531	0.963107092671546
0.366546452681752	0.184307105474749
-0.514238684137278	0.196858589089476
0.154426155420695	0.0394015396377603
1.33788749462767	0.595246998169513
1.45151622307992	0.488502446881907
-0.216082437585751	0.0706900588053257
-0.347881275810247	0.101704932899344
0.149393548968842	0.0381755606353435
-3.08605931477026	0.975090216684496
0.823072577608599	0.350940450101536
0.667130392787493	0.214334835345571
0.829346227820373	0.354574714510443
0.665301548139678	0.214168982585133
1.95733522408687	1.22928295864041
0.15372623772021	0.039243442264908
-0.0550249291675356	0.0240069546366936
0.145592290548819	0.0279027526196651
2.74958998501656	0.787920507210083
0.145952781975537	0.027957432098957
-1.52617193332842	0.551946229427137
3.25819512813541	1.12540871646052
2.75356411778207	0.788200953807627
0.163866602100675	0.0414467921764721
-1.13769004302713	0.349325823144218
0.144983099103736	0.027824125638065
1.9546069313489	0.460412245381477
1.9546069313489	0.460412245381477
3.25819512813541	1.12540871646052
1.06996418155248	0.524640045916601
0.159421595053514	0.0405224643025682
1.95373899190972	0.460332693481441
0.157069116687721	0.0399247221824271
1.44816685557941	0.487186600500996
2.12713892125115	1.48671177912213
-0.636959492719679	0.156887069567616
0.145952781975537	0.027957432098957
1.9546069313489	0.460412245381477
-1.8009224274669	0.401413641514774
-0.633263297544021	0.156213540903658
-2.58142672375403	0.684312616488773
1.95373899190972	0.460332693481441
0.363595795083068	0.182977595037202
2.1095036163854	0.957823395650007
0.148302839959414	0.0378752998519464
0.158729294236089	0.04043260950787
0.157160779536254	0.0539073954350234
0.664222224803941	0.213409026485109
-0.633263297544021	0.156213540903658
-2.58107011718166	0.682882000334415
2.75257155834301	0.787872112571947
-0.221493832533703	0.0722470430982882
0.939853714804409	0.251002284675557
1.95733767915288	0.46077898524688
3.63324582360405	1.45248485170375
1.95733767915288	0.46077898524688
0.152053878698423	0.0586618420366476
1.5793187885711	0.796435568708129
1.07873472900571	0.66017522257714
0.146909254776323	0.0563261864482448
0.154426155420695	0.0394015396377603
-0.399675908886266	0.224996953765401
0.150924821114417	0.0517542114134522
0.148508541635756	0.0283091884660306
0.158324698427983	0.0402149964785429
-2.58550852264163	0.684811136427957
0.157633323445896	0.0401249768572365
0.144983099103736	0.027824125638065
0.535711132992892	0.195347083049004
0.16089014359948	0.0485574624883246
0.605295451242082	0.316267020943986
0.496569951940514	0.311565169247925
0.448690692037347	0.182381129521223
1.44707333879815	0.486882965382531
-0.515181706001003	0.196864636828337
-0.391537693060903	0.164334140548253
0.665631852900648	0.213765325882499
0.453348037888944	0.184394681005512
0.162651800833246	0.0488485521307266
1.44707333879815	0.486882965382531
3.25711819118569	1.12516204396806
0.156083307671789	0.0536388626462904
1.95733767915288	0.46077898524688
-1.14781664720768	0.353699707342604
0.664969953013349	0.213264891085546
2.74958998501656	0.787920507210083
0.145592290548819	0.0279027526196651
1.95373899190972	0.460332693481441
-0.0646509228710535	0.0281373735429023
0.503055331759281	0.315610808164223
1.39371726669621	1.06797534967969
0.900088163963546	0.485433551660112
1.28421169029247	0.713199836410791
0.527613487096402	0.192164364642399
0.531124427990143	0.193496952060357
-1.14781664720768	0.353699707342604
1.82425955121577	0.726135704741858
1.57632423466642	0.794836771528719
0.172549974185902	0.0592386211316922
0.956564563080715	0.645360511216242
-3.45989362965761	1.25724083459984
1.32543964009327	0.586418843400977
0.673443817042971	0.216058152817662
-0.633263297544021	0.156213540903658
0.824695798850496	0.352131315008219
0.663780082904929	0.212878960831006
0.824247872245881	0.350993005170983
3.26901454022784	1.12105508448211
3.25927332254934	1.12307323546949
1.95373899190972	0.460332693481441
0.398050108753252	0.179721222378659
0.358349880693668	0.179409763214825
0.610457029386433	0.319959411303901
0.157693836049591	0.0541708009160174
0.155666552710335	0.0822095059947183
0.147030486389661	0.077314303143098
1.45602804486474	0.90898892394782
0.317943158543013	0.190560218870408
0.403073343729651	0.182521004414791
1.96247717328972	1.23676845571283
0.445878762239819	0.181113668030301
-0.196846717832121	0.105310187858931
1.06873286888394	0.523403440158063
0.791508121356005	0.472432788421031
1.24596930262473	0.857446530403276
1.33268267370684	0.593331252982876
1.32809975659763	0.589445113951956
2.56499396363476	1.44678923244705
-0.71766758789632	0.249048467605718
1.28421169029247	0.713199836410791
-0.344016799713709	0.100132071145847
0.905133623203981	0.489997867598985
0.154752240835446	0.088342230368139
0.173030822044009	0.106063358871562
0.986289723949203	0.796820881806547
2.74832020176292	1.70813603868003
-0.0330329445529993	0.0154114320154016
0.35895821351748	0.180074286913508
0.159909482995984	0.0972345803619423
0.478122275681392	0.439511449724903
0.802034821605204	0.756627764016336
0.544256739065312	0.314062117678191
1.61848189957656	1.13001127270074
-0.723397899169428	0.25158201265049
2.74744057285058	2.97284062285333
0.0150886150905587	0.00821959204444767
-0.566282240413206	0.514917910818017
0.0406989609034542	0.0236004190381789
0.952216561334512	0.640624690342189
-0.406351995055558	0.228920503235867
0.788179867048188	0.469045005322561
1.24531519343528	0.859020684236407
0.16043397811939	0.0916264584774457
0.781228306839331	0.60578864641655
-0.798635291095779	0.524541483502987
0.550603667435654	0.316845792289306
0.740468775780899	0.613735944271694
0.159877043029677	0.0481664355066161
-2.12156825402055	1.62378549776188
1.96677711048322	1.24374289196154
1.44707333879815	0.486882965382531
-2.28212623762291	1.17106435761246
0.539952322366126	0.196328540547315
0.85100189596313	0.619913173504415
0.834714189009558	0.356451830627343
3.92866091273962	1.7529122678796
0.506519091366829	0.319030287423994
0.604403296747335	0.316337210750495
-0.210152869241212	0.0686677251801414
-3.45989362965761	1.25724083459984
0.153837644582369	0.0464855600138019
0.905957748818587	0.490866840920093
-0.723407361182732	0.252081836804318
-0.222358457614273	0.0725370670442538
-0.21438297968887	0.070119295219489
2.75057603691244	0.786424841779512
0.157633323445896	0.0401249768572365
1.4519121380375	0.487696442951866
0.339118700399967	0.187840627218597
1.04434257719901	0.401730000883782
-1.14173074601379	0.351630194981725
1.82041011870169	0.724546408240772
-0.730673584021398	0.253398623366421
-0.391221006087443	0.164172689294787
-0.503139772012984	0.263424862776426
-0.38695836629556	0.162163500198277
-1.48808247216032	0.763411251497296
-0.152202975983094	0.0547556030825584
0.156755264990959	0.0538881191673598
2.74958998501656	0.787920507210083
-0.636438389477554	0.156998062672413
-1.82088168004202	0.754160517946843
-1.80103877399874	0.401412128456168
0.820538612666097	0.34943794928712
-1.8009224274669	0.401413641514774
-0.636959492719679	0.156887069567616
0.154426155420695	0.0394015396377603
0.163624541637998	0.04930959903967
1.44746976337709	0.486785860941538
-1.16250931462156	0.649034904319458
0.693035356054243	0.32670390801441
0.825857711677719	0.352770911116929
-0.142603029870794	0.0515255055439621
-0.342867856400314	0.0999728525992471
-2.46892265067883	1.38821736340957
-1.02081045464866	0.408933527207846
1.04407793800765	0.401530572798881
-0.351420017354976	0.10254393356513
1.4497197553516	0.486935149927457
2.56845154914939	1.45234672043287
0.158729294236089	0.04043260950787
3.26574785919213	1.12499058506004
0.940366139413571	0.250549017337595
0.666049960969073	0.214022945375077
-1.51793915586182	0.550681864442582
-0.635886909613779	0.156604724964807
0.144983099103736	0.027824125638065
2.56845154914939	1.45234672043287
0.148874773794293	0.0283648154803441
2.7486062124648	0.786021619850662
0.164683776397401	0.0563927862820418
0.362026700429419	0.182040071323944
-1.14283325733795	0.352132388893513
0.160626900474085	0.0484137065522702
-1.81740649233114	0.752549709047675
-1.02485306183988	0.411542674464278
2.74958998501656	0.787920507210083
0.145592290548819	0.0279027526196651
0.145952781975537	0.027957432098957
-0.515181706001003	0.196864636828337
0.148874773794293	0.0283648154803441
1.9546069313489	0.460412245381477
2.75057603691244	0.786424841779512
2.74958998501656	0.787920507210083
0.939298703364537	0.250809511779044
1.95373899190972	0.460332693481441
0.14806360850737	0.0571942588723571
0.158036719368933	0.0402017101522864
0.530247760780079	0.192857360219512
-0.216172722976397	0.0706904380630048
0.16411177443756	0.0493132983349349
-1.8009224274669	0.401413641514774
-0.348220543213602	0.101642486260234
0.148874773794293	0.0283648154803441
-1.8009224274669	0.401413641514774
2.75257155834301	0.787872112571947
1.95373899190972	0.460332693481441
1.37823650371942	1.26026306058363
0.938786187734731	0.250272333462114
1.45151622307992	0.488502446881907
0.45550260690611	0.185434574945586
1.03455764314919	0.397057034101838
-0.347562155000387	0.101412477187396
1.33885832813062	0.595464578550186
0.448976574041172	0.182264952288431
0.144983099103736	0.027824125638065
0.360626997091166	0.181106662328996
-0.344023573934902	0.100257861428101
0.664537539501677	0.213141860355242
2.7486062124648	0.786021619850662
0.938786187734731	0.250272333462114
0.144624243113007	0.0277697138706121
0.66746146314869	0.214381150055683
2.36302726672777	1.2055519679103
1.95733767915288	0.46077898524688
0.939853714804409	0.251002284675557
2.75356411778207	0.788200953807627
-0.641728465892975	0.158059513381177
0.938232517255131	0.250080666640462
0.443440989606434	0.179618817147789
-0.342526998757891	0.100043172269755
1.82317998866194	0.72570154697374
1.33171160901013	0.592443644170249
0.150502237232393	0.0517694433165819
1.33074027635565	0.590717559474398
-1.82265695551501	0.755060218180958
2.56495706857953	1.44742478006002
-0.71766758789632	0.249048467605718
-2.58107011718166	0.682882000334415
1.45598541563742	0.488399771900037
-0.358318715506293	0.10413238667114
1.04760690576201	0.40209043919357
0.163169995607563	0.0413572276497282
0.940922493736804	0.250741724034319
0.148302839959414	0.0378752998519464
0.16089014359948	0.0485574624883246
0.669903363513283	0.215634804708644
2.75356411778207	0.788200953807627
3.93469722741785	1.75015357904208
-2.58142672375403	0.684312616488773
1.9546069313489	0.460412245381477
-0.353252610180752	0.103014720617828
2.74958998501656	0.787920507210083
0.669903363513283	0.215634804708644
0.164377165872218	0.0495293176899797
-0.143516882394247	0.0518303322908422
0.155520410174332	0.0395661334713537
1.03328569894233	0.396661373515875
0.158857588582489	0.0479158038261938
-0.515579268988547	0.197497779631055
-0.637509639132058	0.157280902410938
0.145952781975537	0.027957432098957
0.163169995607563	0.0413572276497282
0.144983099103736	0.027824125638065
0.938232517255131	0.250080666640462
-0.641217763381128	0.157896990579203
0.144983099103736	0.027824125638065
0.935072365625058	0.249598704803732
0.537307126027678	0.194926584339554
-0.641728465892975	0.158059513381177
0.156627732158763	0.047230275219086
0.943029051172106	0.251479485037243
3.26033581954854	1.12492242320153
0.162070178892022	0.0411144637566376
0.939298703364537	0.250809511779044
-0.633819675881249	0.156036191470775
1.4420767310292	0.484387465743625
0.939298703364537	0.250809511779044
0.154426155420695	0.0394015396377603
1.82285567270069	0.72447069477398
-3.46057846766198	1.25673296266012
-0.761003837130839	0.333618902533493
1.27476350573539	0.707306462921659
-0.023616318429587	0.01120000274141
-0.7597630059276	0.333038039824014
0.448996652727867	0.182338661350822
1.81536932957483	0.720970661473197
0.666381294485655	0.214481042382208
0.939321446025007	0.250350778540833
0.163866602100675	0.0414467921764721
-1.16184526020475	1.00202295729556
1.82425955121577	0.726135704741858
3.25711819118569	1.12516204396806
0.145952781975537	0.027957432098957
0.152633350829298	0.0389395951664406
0.144983099103736	0.027824125638065
0.144983099103736	0.027824125638065
1.33706159798945	0.593100125557583
0.145952781975537	0.027957432098957
1.06350250283672	0.519147691599682
3.64005636387319	1.4534177013571
1.95373899190972	0.460332693481441
0.159873979297135	0.0482815097019209
0.145952781975537	0.027957432098957
-1.14602109676128	0.352462565358244
0.939853714804409	0.251002284675557
0.454880077555229	0.185222631284087
0.156006682485134	0.0600445744285816
0.6645527926843	0.213454144615325
-0.1882043888639	0.100410746709067
2.56752188983128	1.45035531201696
-0.655195660299514	0.387169841341161
1.57513779972863	0.796335217996603
1.82501577065802	0.726750208134044
1.95373899190972	0.460332693481441
0.939853714804409	0.251002284675557
0.450250312571145	0.182923552644081
0.458321526621627	0.186318935304384
0.145952781975537	0.027957432098957
1.9546069313489	0.460412245381477
1.95373899190972	0.460332693481441
0.148874773794293	0.0283648154803441
0.943029051172106	0.251479485037243
0.66209183440345	0.212643534404712
2.75356411778207	0.788200953807627
0.667130392787493	0.214334835345571
2.11403819225034	0.961070967604642
3.92758157346939	1.75250654263634
1.82073340465931	0.723968171977521
0.145952781975537	0.027957432098957
0.162765853660276	0.0412041418868207
0.148874773794293	0.0283648154803441
1.44707333879815	0.486882965382531
-0.216082437585751	0.0706900588053257
1.34166096481196	0.597003916862013
0.528584868577847	0.192427149587019
-0.38207291106068	0.159610816081495
0.160626900474085	0.0484137065522702
0.830951835410689	0.355538325180902
0.152025928057117	0.0586399664165268
-0.723672302673316	0.251728336614369
0.144983099103736	0.027824125638065
-0.760664609071099	0.333015011154806
0.44931180259087	0.182667658684816
0.53668704389391	0.195702410097146
0.144983099103736	0.027824125638065
0.157633323445896	0.0401249768572365
0.938786187734731	0.250272333462114
0.159421595053514	0.0405224643025682
0.144983099103736	0.027824125638065
-2.58142672375403	0.684312616488773
0.934005942223238	0.248873278369857
0.145952781975537	0.027957432098957
-0.636959492719679	0.156887069567616
0.671739146590236	0.215516932210142
-0.0902563220048039	0.0359833350486778
-0.517941904306001	0.198111769037771
0.938786187734731	0.250272333462114
1.44816685557941	0.487186600500996
1.9546069313489	0.460412245381477
-3.0855122183307	0.972756963025588
0.939853714804409	0.251002284675557
-0.722385544152519	0.251104758974595
0.159089357214233	0.054448136668771
-2.23894536251207	1.86036959431099
0.910177622275709	0.493211393168189
-0.508861305520234	0.194302291676518
-1.02204793512445	0.410502951592421
0.1555950782341	0.0534656175944203
0.154426155420695	0.0394015396377603
0.940366139413571	0.250549017337595
0.526641831692418	0.191735599167788
1.44637717898614	0.486482829772734
1.95373899190972	0.460332693481441
1.95733767915288	0.46077898524688
0.160518930457975	0.0406859460362184
-1.80103877399874	0.401412128456168
-1.8009224274669	0.401413641514774
0.144624243113007	0.0277697138706121
-0.346807895138624	0.101074285145883
0.934005942223238	0.248873278369857
-0.637509639132058	0.157280902410938
1.82285567270069	0.72447069477398
0.942469249206212	0.251285156498659
1.44746976337709	0.486785860941538
1.04787322499924	0.402494294997108
-0.140070529647515	0.0505699186920027
-0.348220543213602	0.101642486260234
-3.09018140585655	0.975319743554836
0.145952781975537	0.027957432098957
-3.08605931477026	0.975090216684496
-1.82163090587372	0.754162693237932
0.830281395788375	0.355150943185541
0.597554250691307	0.310803089339936
1.03531563070088	0.397416666916399
-1.02198006071152	0.411274533949238
-0.306397598693613	0.140848293723822
0.155520410174332	0.0395661334713537
2.75356411778207	0.788200953807627
-0.722385544152519	0.251104758974595
-0.721906540285296	0.25157399652224
1.83321593004437	0.725313832646439
3.25711819118569	1.12516204396806
2.75057603691244	0.786424841779512
0.936140043418633	0.249341310754104
-0.635886909613779	0.156604724964807
0.939853714804409	0.251002284675557
0.145592290548819	0.0279027526196651
0.531946232023591	0.193886067853674
-1.26682211368405	0.577178479347997
-3.46409750383962	1.2590838657058
1.95373899190972	0.460332693481441
0.938248859313576	0.250075465138056
0.158324698427983	0.0402149964785429
0.159873979297135	0.0482815097019209
0.66209183440345	0.212643534404712
0.145592290548819	0.0279027526196651
-0.633263297544021	0.156213540903658
1.2702042688182	0.70306314680665
0.158857588582489	0.0479158038261938
0.671739146590236	0.215516932210142
0.165129397966442	0.0496596498417191
-0.726912958073327	0.252820490715667
-1.81736869960225	0.751420668604187
-1.83089364361803	1.14961529821801
1.04129372424405	0.400498943475423
1.03807287226657	0.398760841319323
4.17656272277587	2.04584984320935
2.7486062124648	0.786021619850662
0.158324698427983	0.0402149964785429
-1.80103877399874	0.401412128456168
-3.0855122183307	0.972756963025588
-2.58142672375403	0.684312616488773
0.668403197768976	0.213959199334806
-1.13907413243892	0.350415838742694
2.74958998501656	0.787920507210083
1.95373899190972	0.460332693481441
3.63443164105214	1.45169357871567
0.664860493439773	0.213529366716842
1.44856277304921	0.48606242352576
-0.72540993943885	0.251892304549571
1.33619399827848	0.595395987953639
0.535711132992892	0.195347083049004
-3.08605931477026	0.975090216684496
0.950977293990579	0.638887653651804
-1.82613817512577	0.754805614156922
-0.514908806238071	0.197238634697011
-0.490550190023842	0.256497169003208
0.151108463610909	0.0652627059664072
-1.10293120476358	0.751428494716355
-0.0118846495663425	0.00581544956094158
0.946636334147316	0.635256524506002
0.957673682883788	0.64616652093802
2.36133341361285	1.20403053813798
0.144983099103736	0.027824125638065
-0.71841689794844	0.249777152570215
1.03780816129706	0.399548214209553
0.157211833210386	0.060690302635875
1.05762750115644	1.11660549778003
1.04332248971287	0.402005344928024
1.44598024938091	0.485455548198704
1.04204927283613	0.400028703678037
1.03781437910079	0.398727726172423
-0.766320493292693	0.336389703304775
-1.02753370414198	0.41314398527887
1.61613414183132	1.12726150534272
-2.58550852264163	0.684811136427957
1.07059115341825	0.52387011515017
2.75057603691244	0.786424841779512
0.788726980510283	0.620250728741327
0.430844695180476	0.32649864017938
0.493974568735385	0.308213552657858
-0.247241076174763	0.123488981372436
-0.0221964062525796	0.0105882556346398
0.0214883971200343	0.0154440419116415
0.30617971625491	0.20987018931629
0.551653597733306	0.318538199639593
-0.0550003546355504	0.0240353330566646
-0.887316003528866	0.815492871689532
-0.00756332797678436	0.00372645848128842
0.0750831377291494	0.0505457624196689
-0.286753912580624	0.180073188191562
0.17245719807164	0.0986265249788245
0.617375405656345	0.577363309486468
-0.030211967356599	0.0142302196708562
0.54634473508328	0.314962520081388
0.606198013866531	0.316810449538264
0.642877093369411	0.577474943901935
0.94262971894101	0.630413618476137
0.490843201560032	0.305117699259052
0.446062175944567	0.320474247897845
0.459079432299202	0.330917029718705
0.327972277646722	0.180357757897809
0.155720882902603	0.0818873000489524
0.164809510589337	0.0942483458396989
-1.32730042971926	0.829535217281011
0.607385133313123	0.316999889475969
0.67065498417138	0.215487616922184
1.3335453866836	0.592444055979166
-0.338042987884157	0.201599047573721
0.852439265448555	0.767952768892374
0.572126655332705	0.453351090771383
0.602589504437558	0.313534326825718
0.831885955734065	0.355824635219245
1.46472264175622	0.914892658943824
-1.34917903217387	1.10519652782624
0.36197039796242	0.181982893392975
0.611640875728783	0.459222257946116
0.99456153869487	0.808643835921587
0.646793562262376	0.582605135512652
0.832555298107461	0.355431221264413
-0.411231370521774	0.232218132291817
0.156530838902088	0.0537701104160248
-1.15279578680117	0.99759399511106
0.397582525209766	0.180058245543911
-0.209493877058275	0.0682301076247452
-0.352922420805713	0.102954332052563
1.44707333879815	0.486882965382531
0.939853714804409	0.251002284675557
0.150128985586017	0.0578418985080289
0.965341427291866	0.650771338911907
0.163434203201849	0.0934946011948259
-0.0601559651477019	0.0261985463885081
-0.510898217929822	0.385169528514492
0.306046128889427	0.196783928328856
-0.597887505362796	0.286751702371617
-0.467578884656866	0.310737540301511
0.71496329044279	0.466956464486832
-0.489938870374996	0.256934648460468
0.143956403158971	0.0492195264947294
1.07277333902931	0.526857200434305
0.448996652727867	0.182338661350822
0.661909699102185	0.468268565953331
1.81536932957483	0.720970661473197
0.151156520422439	0.0583248346544552
0.659936638860136	0.211580245845419
-0.352631475110212	0.102532302958727
0.148874773794293	0.0283648154803441
-0.721635104470276	0.250959824058763
0.709538033009783	0.333180539623676
-0.218710230536797	0.0713607252338727
-0.600911519686007	0.288240547866383
0.158367221778382	0.0477356609277319
-0.727930992330886	0.25380129172308
0.537406575730244	0.196009920523317
1.03252767803863	0.396301899722819
-0.731427561206028	0.25396476205598
-0.348647465724826	0.101723259540307
-4.0081000526726	1.77106539749408
0.666049960969073	0.214022945375077
1.82041011870169	0.724546408240772
-1.8009224274669	0.401413641514774
0.446784672204274	0.181491655393646
0.943029051172106	0.251479485037243
0.697605725358338	0.32955924642601
0.532198432599625	0.194009998264973
-0.194380137960147	0.104181598539281
-0.603479026089005	0.289395666824751
0.702188639204418	0.331853922277242
-1.01982638852231	0.409294816847698
0.703662838791789	0.332411621561813
-0.0146125850031849	0.00713793991346122
-0.638059916511872	0.157099877961465
-0.722656757230261	0.251937110505122
-0.338983881750999	0.09876937194583
2.75057603691244	0.786424841779512
3.63664142756648	1.45554969527548
0.657596293642851	0.465226310942514
-1.80103877399874	0.401412128456168
1.03755206316161	0.397862674763024
0.452973749955339	0.184064823292599
0.935072365625058	0.249598704803732
0.665301548139678	0.214168982585133
0.148874773794293	0.0283648154803441
0.938786187734731	0.250272333462114
-2.06823085425124	0.956878021317762
-3.08605931477026	0.975090216684496
0.158165836302949	0.0401659252594738
0.406289741191711	0.183835533444145
0.144983099103736	0.027824125638065
0.368157795846785	0.185152420316023
1.03603918315932	0.397047597589558
-0.347476635066155	0.101259316294087
-0.550611402201362	0.346494139674113
-0.215620639406981	0.0702861911484008
0.793619445071477	0.47346838174359
0.896764738458083	0.483794372944406
0.32699482512807	0.179853328027137
0.151191438466223	0.0727143367917457
0.14596759333322	0.0563032907715946
0.155185700367323	0.0746059322887215
0.152108068416228	0.0523180707573953
0.394696629328008	0.178727714279621
-0.792316786488747	0.605455304612443
1.27965259044001	0.712792932913603
0.651517116992969	0.460334134505631
0.499332003290184	0.313505924490781
0.0105782775259764	0.00586678498646104
0.697605725358338	0.32955924642601
-3.08715388924473	0.973054341045401
0.150096441957987	0.072066664685257
0.148302839959414	0.0378752998519464
1.82747931843685	0.725113764977104
1.06991391949741	0.524553584232754
-0.719916676812819	0.25028316194156
0.939853714804409	0.251002284675557
0.698800167313728	0.330521280205619
0.896439536379213	0.482818510294255
1.0778358464143	0.659059800644171
0.60721151795211	0.317714109475766
1.33996865782144	0.594606119763922
0.792695581918151	0.472905665203201
-0.092934400837192	0.0369622860694602
2.11476331684021	0.962649218894054
1.24748842061119	0.859345007273993
-2.07423080807324	0.958838458573181
0.852874493260419	0.622319799985444
0.148673116304383	0.0713250135513426
0.162831911584547	0.0625022839595535
-0.79998106284721	0.611908739555013
-0.188549995355648	0.100881696685799
0.165467709794056	0.0634431541901864
-1.33363240005469	0.837408038208625
4.17299198867898	2.04098582853405
0.347761947913251	0.173243189337888
0.158324698427983	0.0402149964785429
-0.210607289339738	0.0688473290252904
0.449597240574579	0.182834116917075
-0.100979610237678	0.0401142376145078
0.157426877687479	0.054095802255857
1.76332651643562	1.36481005549427
0.155550381288868	0.0533726526007366
-0.0564459193517199	0.0246515207764823
0.148372971384648	0.05089396725711
-0.597753976344451	0.286086508557497
1.44098670162231	0.482970681290409
-0.216082437585751	0.0706900588053257
0.158445451209838	0.0761543325036495
0.154877283826213	0.0531649045194279
0.168645223308976	0.0504892172591183
1.06906023413505	0.52399481001835
-0.636438389477554	0.156998062672413
-1.48462419632085	0.759367033073816
-1.1614090613725	0.652090173543142
0.144921091576657	0.0626384831200917
-0.659752941051326	0.388108691094359
1.33171160901013	0.592443644170249
-3.46340569552128	1.25637834429041
1.81933356547965	0.723773070508788
-3.0855122183307	0.972756963025588
0.164377165872218	0.0495293176899797
0.155816413428406	0.0535628127143977
0.144983099103736	0.027824125638065
0.158853896417002	0.0611815296711805
-1.14352115801698	0.352309794326609
1.9546069313489	0.460412245381477
3.63894777888708	1.45070336848621
0.453971605986436	0.184766637057688
0.39525302062539	0.179085507024801
-1.27562101606895	0.583695327776066
0.162765853660276	0.0412041418868207
0.157693836049591	0.0541708009160174
1.33437745347812	0.592914189800261
0.536431293429806	0.195654703291124
0.865418503365106	0.785854417142394
0.39314470706836	0.177094602384505
-0.143518895199953	0.0518583858402703
-0.71766758789632	0.249048467605718
0.826295617816291	0.352510762099459
1.06996418155248	0.524640045916601
0.336799413848625	0.186495451352111
-1.14420932638858	0.351785528543761
-0.0643296837248918	0.0279928741636013
-0.211850105553722	0.0692255268891727
-1.82088168004202	0.754160517946843
-0.0297967841505262	0.0140265661910831
1.47341859466403	0.921662957802222
-0.636959492719679	0.156887069567616
-0.215102781729368	0.0703679315225032
0.153837644582369	0.0464855600138019
-0.71766758789632	0.249048467605718
0.159421595053514	0.0405224643025682
0.140400083006098	0.0271488262218611
1.81858126562737	0.723163580138357
0.158729294236089	0.04043260950787
0.394594779116674	0.178268649492407
1.8142953907822	0.720202227075537
0.159120665328247	0.048062202194274
0.830017418371817	0.35496212946458
-0.0974004082979668	0.038727736724909
-0.140775931387786	0.0507699526049275
0.449597240574579	0.182834116917075
0.337094864028241	0.186009456046276
0.531223226643993	0.193578240394512
0.445878762239819	0.181113668030301
0.542580108999758	0.311702925693945
0.32046435684232	0.191954838130435
-0.0961715583055109	0.0383226667889411
-0.147251365806554	0.0531877126959508
2.11678272180025	0.962842672569719
-0.351420017354976	0.10254393356513
-1.47515864300413	1.02190389895282
-0.212305652390839	0.0694460252040557
0.536592190221092	0.194914206729314
0.0756122934957081	0.052918567094583
0.53668704389391	0.195702410097146
2.56845154914939	1.45234672043287
0.821470561221444	0.349856755101541
-0.599203858186641	0.287296105185425
0.536431293429806	0.195654703291124
0.531946232023591	0.193886067853674
0.530275600217346	0.192444035798279
0.607582179300763	0.317916510494501
0.155864682985526	0.0535446683405654
0.165129397966442	0.0496596498417191
-1.13907413243892	0.350415838742694
1.07154807786812	0.524761013102316
0.536431293429806	0.195654703291124
0.364625204505148	0.183381439722993
1.03603918315932	0.397047597589558
0.363595795083068	0.182977595037202
0.362954721345173	0.182664384774221
0.150915485398318	0.0723361379863594
0.190585687327289	0.130355010648711
0.155720882902603	0.0818873000489524
-0.301778934796358	0.138568363768412
1.04230743707962	0.401611574259419
-0.219943209277965	0.071802836068315
-1.14283325733795	0.352132388893513
1.4420767310292	0.484387465743625
0.367472889141828	0.184932276845568
0.153779156651059	0.0665421583235274
-0.513295933018928	0.19643545895166
-0.611697000641265	0.292924509360997
0.448690692037347	0.182381129521223
0.157382415241022	0.0473854081319416
-1.02691202357484	0.411228846660803
0.664222224803941	0.213409026485109
0.159576214720181	0.0547910896912197
1.95373899190972	0.460332693481441
0.938786187734731	0.250272333462114
0.159873979297135	0.0482815097019209
0.688718306518938	0.323787195444084
0.66209183440345	0.212643534404712
0.160136994586442	0.0483380929433701
0.1545486866189	0.081362415386021
0.423854830302132	0.317852541414631
0.651199423141896	0.4585606317082
0.0890527933390954	0.0649086107172306
0.786961316485699	0.739134091779438
0.29855694270352	0.203559301716392
0.102473515469173	0.075212525455807
1.02349006611328	0.960570216839248
0.855941616517044	0.625798692215858
0.466326725524898	0.314585898763438
0.16089014359948	0.0485574624883246
-0.0161971198382342	0.0106662651014745
0.466664393102915	0.315382873489568
0.484925934006547	0.52048053772056
0.545281710113378	0.452385138803455
-0.147561985315398	0.0532091055412496
-0.304773891394667	0.139755609903264
0.650050094219049	0.458395689586948
0.8440344365666	0.763572052794063
-0.0453636665543131	0.0337130164457325
-0.802000561868563	0.615990459738001
-0.0605153651657541	0.0379457064455294
0.315618843943089	0.189103647592444
0.0364822487949599	0.0211657850484508
0.476813038084628	0.323204937600269
1.89819695466221	1.61807835107568
0.613969095865551	0.321010610329987
0.537993790584257	0.309073188479293
-0.0780541246287964	0.0474835935715549
0.316589615502683	0.189807392829199
1.2331197251078	1.34733036573021
1.43573215790577	2.16246878115507
0.827496071114812	0.962035090365758
0.35971679015125	0.323618238054665
0.284034818378822	0.245800289310973
0.292264135770934	0.209469088164381
-0.0305756980209357	0.0144299340745559
0.291384449768791	0.245379711967198
0.0953087540627527	0.0696665673153545
1.12422339695255	1.72802763295565
0.322461334950274	0.193847648976985
0.157633323445896	0.0401249768572365
0.462100546886657	0.437698686330544
-0.537568014625749	0.531486058725947
0.844787072971376	0.887970591818717
-0.137947982649161	0.107957675343302
-0.305494791803424	0.247625043323059
1.78293543766806	2.83703493751174
0.6425891803796	0.675527634820671
0.294840374416692	0.211825541508452
0.0687502591651909	0.0461718288569882
0.193711780234186	0.148802257075162
1.22838212999795	1.4681267670036
0.401113444283441	0.330244671469707
1.33185688007102	0.59178922543726
0.532920813071289	0.194317875052133
-0.798668952880235	0.434900244738648
0.107301323169159	0.0838695976354238
0.187097382077357	0.127915369444611
1.23540142357748	1.02642470663643
0.0290215869014511	0.015614218351114
0.837674086949006	0.87675988486354
0.0350155611322043	0.0202269128166922
0.60774421819666	0.3179288251819
-0.349314580313599	0.280861653776818
0.163827301305155	0.0936099417083464
1.7741779041596	1.7977454785017
0.952400873202031	0.640480778153103
0.902360812762443	0.487834042389304
0.697587806294046	0.329263069222229
0.160626900474085	0.0484137065522702
-2.44873780547338	2.36962733756982
-0.182011636934831	0.0970084979267225
0.15891533827273	0.0837706463313597
0.39379793272861	0.322721004728554
1.3995955308956	1.07407130290636
0.463289617981354	0.187836082047518
0.0201229691448215	0.0109054216408964
0.64738749104888	0.455858192688677
0.699214521695696	0.453231348368286
0.154760837461693	0.0743581412459133
0.155347225808938	0.0469152262497133
1.96673213031659	1.23908545255896
0.400840426899411	0.181657541240669
0.943029051172106	0.251479485037243
-0.390372944096083	0.16346363047257
0.152108068416228	0.0523180707573953
0.665301548139678	0.214168982585133
3.25604250889092	1.1220922045732
1.45081573296225	0.488099054152683
0.450250312571145	0.182923552644081
-0.0998609074557554	0.0397194014457479
0.53169463083491	0.193084780315984
1.07221575363815	0.524136236107927
0.153043243304895	0.0525994638842455
-1.01982638852231	0.409294816847698
-1.14712146603742	0.35296389743942
-1.02681629356167	0.412672237731607
0.329059589957466	0.197824804037618
0.173745179654658	0.118083223160498
-0.485439608393421	0.253787608467094
0.826558974409073	0.352989133818377
0.673443817042971	0.216058152817662
0.144983099103736	0.027824125638065
0.163458115102565	0.0559141815995902
3.9332958335108	1.75639060655003
0.664537539501677	0.213141860355242
0.325233855159553	0.195671208118939
0.660259121595295	0.212070761377066
0.532096755483554	0.193850118427115
3.63104293019025	1.45185522619522
0.826295617816291	0.352510762099459
0.934005942223238	0.248873278369857
0.939298703364537	0.250809511779044
0.660259121595295	0.212070761377066
0.144983099103736	0.027824125638065
0.939853714804409	0.251002284675557
3.63553631715371	1.45516543033256
1.95373899190972	0.460332693481441
0.144624243113007	0.0277697138706121
-1.48375853349033	0.757911091286895
-0.768476810413841	0.337006908526865
0.827205121241707	0.352773078406787
0.501275827630971	0.315073872599252
-0.233849681268904	0.115724587163005
-0.0633955623199597	0.0275936473103222
0.154928167439297	0.0532400543451358
1.04053777709864	0.399211852400284
-3.08715388924473	0.973054341045401
0.532096755483554	0.193850118427115
-1.02655133741802	0.413516459136083
-1.51719900420769	0.549264213163276
0.161906078576276	0.04874952925091
0.942469249206212	0.251285156498659
0.152333554816668	0.0588163373718562
0.822141685307495	0.350753098387779
-0.0963880263988608	0.0383095601612976
0.144983099103736	0.027824125638065
-0.218710230536797	0.0713607252338727
1.95373899190972	0.460332693481441
0.158729294236089	0.04043260950787
0.939298703364537	0.250809511779044
3.25711819118569	1.12516204396806
0.141371543201342	0.027282216107575
-0.347136350857903	0.101509886664517
0.144624243113007	0.0277697138706121
0.144983099103736	0.027824125638065
0.144624243113007	0.0277697138706121
-0.352171048045609	0.102884554871845
0.164642263465142	0.0495275308334802
-0.221493832533703	0.0722470430982882
0.460467563830994	0.186853741674829
0.541924973286396	0.3115488249624
1.04129372424405	0.400498943475423
-1.27656840239241	0.58297122228144
-0.351841120455994	0.102432906020839
1.82393551449113	0.726315315015904
0.158106662910899	0.0610075848223268
0.158729294236089	0.04043260950787
-1.14781664720768	0.353699707342604
0.164377165872218	0.0495293176899797
0.939853714804409	0.251002284675557
0.936140043418633	0.249341310754104
1.95373899190972	0.460332693481441
0.71227204439895	0.466148073918676
1.07311908937101	0.525676834317642
0.350183314444832	0.17486460461876
0.533895130806427	0.194581489771343
0.531124427990143	0.193496952060357
0.674530619158694	0.216431168789075
0.444941001651978	0.180423459376096
2.75356411778207	0.788200953807627
0.144624243113007	0.0277697138706121
-0.640656975678056	0.157776356363176
1.9546069313489	0.460412245381477
-1.8009224274669	0.401413641514774
-3.08605931477026	0.975090216684496
0.15372623772021	0.039243442264908
0.159873979297135	0.0482815097019209
0.145952781975537	0.027957432098957
0.943541575109422	0.251560831713342
0.159877043029677	0.0481664355066161
1.44926079886845	0.486462370267577
3.63553631715371	1.45516543033256
-1.52295784924345	0.552861579278889
0.944102727079701	0.251755733219961
-0.352502268480792	0.102674771115327
-1.8009224274669	0.401413641514774
0.158165836302949	0.0401659252594738
0.145952781975537	0.027957432098957
0.528334378223905	0.192181471899543
0.536334960264534	0.194780608805757
1.44707333879815	0.486882965382531
2.74958998501656	0.787920507210083
0.944102727079701	0.251755733219961
1.57929810799721	0.797756577056543
0.6645527926843	0.213454144615325
1.95373899190972	0.460332693481441
1.95373899190972	0.460332693481441
1.95733767915288	0.46077898524688
0.148874773794293	0.0283648154803441
0.145952781975537	0.027957432098957
-3.08605931477026	0.975090216684496
1.04230743707962	0.401611574259419
-2.58550852264163	0.684811136427957
2.27101483628593	1.75195703407666
1.82393551449113	0.726315315015904
0.154411921384488	0.0527340847135605
1.57490494567969	0.79522669798621
0.936140043418633	0.249341310754104
0.145952781975537	0.027957432098957
0.535967126388868	0.195023784147857
-0.632707054239441	0.155821219725077
2.75257155834301	0.787872112571947
0.666049960969073	0.214022945375077
-0.723136371083305	0.250902518333636
0.521318955755247	0.189080032564817
1.03780816129706	0.399548214209553
1.03882026472922	0.400114292850008
-0.722656757230261	0.251937110505122
0.163359376675397	0.0491825169151302
0.161153094780194	0.048530513531666
0.158729294236089	0.04043260950787
0.82679228746987	0.353192581099221
0.796190443033925	0.476240285686702
1.9546069313489	0.460412245381477
-0.641728465892975	0.158059513381177
-0.348964786734811	0.101837107016821
2.36108815741373	1.2035255309015
0.154426155420695	0.0394015396377603
0.831885955734065	0.355824635219245
1.4420767310292	0.484387465743625
0.162765853660276	0.0412041418868207
4.17094345762427	2.03741648674295
0.158729294236089	0.04043260950787
0.453971605986436	0.184766637057688
0.604028468429978	0.314874830000077
0.526641831692418	0.191735599167788
0.665301548139678	0.214168982585133
1.95733767915288	0.46077898524688
0.531946232023591	0.193886067853674
1.44926079886845	0.486462370267577
-1.51867963642989	0.551199515777305
0.152038681284049	0.0587362093462159
0.666049960969073	0.214022945375077
0.668403197768976	0.213959199334806
0.161853403912824	0.0486615594212472
0.144983099103736	0.027824125638065
0.148874773794293	0.0283648154803441
0.144983099103736	0.027824125638065
0.938786187734731	0.250272333462114
0.144624243113007	0.0277697138706121
1.82041011870169	0.724546408240772
3.63664142756648	1.45554969527548
0.162070178892022	0.0411144637566376
0.943541575109422	0.251560831713342
-2.58142672375403	0.684312616488773
-1.51867963642989	0.551199515777305
-0.213286924508017	0.0696664262975339
0.390691534684503	0.176391046520388
0.397261650222179	0.179696179380157
1.28392416487813	0.715021423501392
0.456124834919805	0.185373171183353
-3.77104340813053	1.51447571335745
0.140400083006098	0.0271488262218611
-0.72819722029734	0.253451346382283
1.82041011870169	0.724546408240772
0.540928569054861	0.196926465061172
0.158036719368933	0.0402017101522864
0.829346227820373	0.354574714510443
3.25711819118569	1.12516204396806
0.144983099103736	0.027824125638065
0.158324698427983	0.0402149964785429
1.33282540187096	0.592006617797294
1.9546069313489	0.460412245381477
2.11724622187767	0.962498448798977
0.159421595053514	0.0405224643025682
0.15284060378209	0.0732857406962484
-0.724429393801244	0.251996505115541
0.162606586631393	0.0489632049155684
0.537151068021291	0.195568545631627
0.604930048958844	0.31571977026116
0.150560591340052	0.0581713067257616
-1.26682211368405	0.577178479347997
-1.14352115801698	0.352309794326609
0.166533308093854	0.0419929996668512
1.58305221311817	0.80054501208923
-3.45920905368023	1.25640999767694
-0.236698549982219	0.117849793036302
0.166533308093854	0.0419929996668512
1.95373899190972	0.460332693481441
3.26141769425846	1.12732988282303
1.03882026472922	0.400114292850008
1.28020663073513	0.71219167041258
1.45151622307992	0.488502446881907
1.82425955121577	0.726135704741858
0.934005942223238	0.248873278369857
0.6645527926843	0.213454144615325
1.78213828783033	1.00890853087356
1.34140806303024	0.595630219758559
0.665631852900648	0.213765325882499
1.45151622307992	0.488502446881907
0.156941675224984	0.0398954425925589
1.07492508210582	0.527058644112034
0.665941321685367	0.213560151165885
-0.636959492719679	0.156887069567616
0.366813282490604	0.184300000667002
0.15519818673238	0.0532456374000015
0.938786187734731	0.250272333462114
0.830713454319356	0.353808264779461
3.63664142756648	1.45554969527548
1.33195766626685	0.591426123433272
1.03780816129706	0.399548214209553
2.12324263855152	1.48311240128215
3.93004789569412	1.75111813857829
1.95373899190972	0.460332693481441
0.669903363513283	0.215634804708644
0.66957124715326	0.214831928354538
-0.0249149183594006	0.0118306312607827
-1.81665873624948	0.752232883970363
1.61989185827917	1.13190669381931
0.150502237232393	0.0517694433165819
0.15372623772021	0.039243442264908
0.157069116687721	0.0399247221824271
0.398150599170447	0.179987787415266
0.543584342045875	0.312438267543446
1.32834411864937	0.58946272635446
0.6645527926843	0.213454144615325
0.154592632475222	0.0467595304777688
0.145269564101328	0.0628285892375078
0.157160779536254	0.0539073954350234
0.141371543201342	0.027282216107575
0.906282042367378	0.491398748550521
1.44637717898614	0.486482829772734
1.06440404496172	0.520097329409915
0.157772450057789	0.0400836004593127
1.95373899190972	0.460332693481441
0.159120665328247	0.048062202194274
0.158857588582489	0.0479158038261938
1.03957617416576	0.399643236692894
0.158729294236089	0.04043260950787
1.32906700078086	0.589900984861052
0.830951835410689	0.355538325180902
1.25215278114175	0.864255794330727
0.146177697743635	0.0632053924937036
0.387440248179269	0.174633174299003
1.03882026472922	0.400114292850008
-0.140731315688552	0.0507658490792591
-1.14671720971639	0.353197314225222
-1.27495473558411	0.58335694060492
-1.02681629356167	0.412672237731607
1.33691638207705	0.594514622461538
-0.142267314491114	0.0513692178786248
-0.0959539995954747	0.0382084843158701
-2.58142672375403	0.684312616488773
0.158729294236089	0.04043260950787
2.12297005574823	1.48316098351985
0.510929730591369	0.321838410191774
0.144361728014979	0.0624240103865054
0.620476226365663	0.324206589286569
-1.16050726652835	0.650191977967804
2.74958998501656	0.787920507210083
-0.225980737566007	0.0736878678331904
0.398937559818082	0.180107148000261
1.45993032816195	0.913867542093102
0.144983099103736	0.027824125638065
-4.01323572716825	1.76954849338846
0.147168767139499	0.0568586827414826
0.457031613175772	0.185686620353555
-1.48462419632085	0.759367033073816
-0.985590007821122	0.491945039298103
-0.683033467856566	0.476938565022771
-0.303708705118458	0.139199567003071
-1.82013283681335	0.753499529716958
0.79283675597555	0.473948662793036
0.333074590676681	0.183397349852875
0.154261710674562	0.0594576449278038
1.06906023413505	0.52399481001835
0.160136994586442	0.0483380929433701
0.699083484895082	0.329914967051508
0.522039347960574	0.18935174265508
-0.609368230387201	0.292558936769549
0.693625748437534	0.327219531188027
0.145592290548819	0.0279027526196651
2.11927682222776	0.965901658271386
1.33982887990867	0.594860325283055
-0.641728465892975	0.158059513381177
1.33877169918845	1.39473892139968
0.354580745853812	0.177791280186234
0.157653769252957	0.0833545890936028
-0.9460117633765	0.577157698100559
-0.597544311937603	0.286643195496125
0.509119110815465	0.320705283570634
0.425320157026417	0.321419472697783
-0.776874131912883	0.340288930142101
-0.137622313529336	0.049786449357193
-1.8343699394035	1.15432880948837
-0.804685560070818	0.52917865001172
0.948709776335114	0.636096736752729
0.533642805684197	0.194234863625944
0.501946702708224	0.315693369419312
-0.544854913009303	0.343691973849316
-0.981341282031476	0.489036202673862
-0.485833167841123	0.253893865393645
-0.245745812673075	0.122561173631982
1.27685672182814	0.709735633620896
0.14864968543755	0.0574012460397016
-1.16019705629117	1.00414638836898
-0.800116509234342	0.436124783521164
-1.35144276156336	1.11181496810303
-0.30606430174352	0.140506815388475
0.170007041510239	0.0974339596330465
-0.19414379663825	0.103930519662649
0.453971605986436	0.184766637057688
-1.02231647525331	0.410527599337308
-2.06538713025603	0.955693446391778
0.145803712099116	0.063064274482338
-0.509527285836048	0.194677535004504
-0.187703091773264	0.10035595052226
0.158364705061637	0.0543781718203855
0.601421774301395	0.31407687916765
-0.951074373783125	0.581990256936947
-0.0962955273188297	0.0382766722020201
-0.386374130679002	0.161877087924867
-0.795200552574731	0.522707160090317
1.07582773491699	0.527232393665873
1.97074598731733	1.24259918385894
-0.980707175228182	0.48863605366341
-0.933563491615818	0.680214601655561
-0.0682104356857788	0.0296221191654273
0.792430310048112	0.473327613654925
0.457413152705226	0.185663592395749
-0.00725094833979657	0.00355435796675969
1.46645622216791	0.917828013185114
1.03328569894233	0.396661373515875
1.28020663073513	0.71219167041258
-0.779208884753454	0.420978565670643
0.853080060961336	0.773486161721849
1.08573630657126	0.663089256513692
0.820279000684581	0.349677769176251
-0.0217118296330873	0.0103598669054431
-0.537596986695775	0.337126960458733
0.163169995607563	0.0413572276497282
0.451440938272563	0.183586025165848
-0.022697127602781	0.0108173087597771
0.159877043029677	0.0481664355066161
-2.28279074178325	1.1711496700984
-0.794856823216156	0.523244840793455
-0.602365807682686	0.289195223891661
0.398370348578558	0.179968744201712
-0.717393763247237	0.249373645181193
1.03882026472922	0.400114292850008
1.81965712946419	0.72393570375632
-0.48460699015284	0.253136220107175
0.395155153654539	0.178559461364
-1.26549119869759	0.575887232891104
1.06878451319165	0.52227277850506
-2.58107011718166	0.682882000334415
0.664537539501677	0.213141860355242
1.79141590397399	1.01322100231959
0.148874773794293	0.0283648154803441
0.451123183314161	0.183433906627989
-0.147873446228401	0.0533861392609676
0.82679228746987	0.353192581099221
0.901803463510536	0.488358403403657
1.07024136781334	0.524551025659175
-2.11702498426685	1.61886887387612
0.149992025188819	0.0513760517981371
-0.721635104470276	0.250959824058763
0.448690692037347	0.182381129521223
0.533895130806427	0.194581489771343
-0.346391761922432	0.101125986544327
-0.217062344939073	0.0708765351682746
0.477152191300365	0.322849542406292
-0.242399179986945	0.120715215052534
-1.81637684396232	0.751651715408043
0.454594871922057	0.184978882106625
2.35939247065551	1.19942998657871
-0.352171048045609	0.102884554871845
-0.721156709968222	0.250838938542479
0.375227806854676	0.329578556201548
0.5460807452763	0.315103462337683
0.856127826558035	0.626740296931747
0.794345870323133	0.474335253946603
0.153592004384988	0.0462557329800537
-1.82040993178462	0.752616947712307
0.532920813071289	0.194317875052133
-0.216803244618851	0.0708846083253087
-1.48438048959655	0.758273432029444
-1.82115855719938	0.754396487877528
0.682641271839749	0.319311114949997
0.536431293429806	0.195654703291124
0.664969953013349	0.213264891085546
-3.0855122183307	0.972756963025588
-0.763794041873326	0.334576082547275
-0.510471133847125	0.195363258012676
0.156083307671789	0.0536388626462904
0.608646069877359	0.318682433967141
-0.717393763247237	0.249373645181193
1.58424649860747	0.799096067602224
1.45041930837423	0.487336762252141
-1.02583455098012	0.413043803481388
0.148874773794293	0.0283648154803441
-1.03225829611696	0.412528548177706
0.162765853660276	0.0412041418868207
-1.26682211368405	0.577178479347997
-1.82613817512577	0.754805614156922
1.03781437910079	0.398727726172423
-0.638059916511872	0.157099877961465
0.82679228746987	0.353192581099221
1.03430080604135	0.397225968697929
0.939853714804409	0.251002284675557
-2.58107011718166	0.682882000334415
0.514866374069302	0.704634822022347
0.26530765138269	0.234207145529058
0.687565156255462	0.323554543046697
0.149763115655363	0.0788783328454074
0.905689048159122	0.489470357213048
0.1620994158541	0.0928571841831836
0.657092683853705	0.465207586745512
0.444972633429835	0.180621127746924
1.33292908935071	0.591884606497793
0.395155153654539	0.178559461364
-0.300185497238798	0.137384864218066
1.07339792195029	0.527321292719669
0.531843076130347	0.193511668396616
0.665631852900648	0.213765325882499
1.57395283456156	0.791434909081199
1.44707333879815	0.486882965382531
0.157069116687721	0.0399247221824271
-0.151006099549245	0.0543906929914538
0.540582006924412	0.310705464376262
1.27685672182814	0.709735633620896
-0.0900323065754599	0.0357311868875265
0.457418159368871	0.185259112399745
-0.345110153737869	0.100567839937822
0.815615157338555	0.346170488954372
0.531946232023591	0.193886067853674
-1.48221295782614	0.758349119765208
1.27935518679951	0.712097383352111
0.459848768450191	0.186918395193145
-0.720885051656636	0.250598309067814
-0.143227535286128	0.0517130131549928
0.349874649755972	0.174881584752734
0.943541575109422	0.251560831713342
0.152614374846176	0.0587691870825461
0.936140043418633	0.249341310754104
-0.638059916511872	0.157099877961465
-0.641728465892975	0.158059513381177
0.742546242904991	0.925315313946117
0.413944340953214	0.428977339717143
0.298539843549454	0.202986831705552
1.24984270205086	0.862761233717801
1.25141304171664	0.864344511886608
0.160245495668551	0.0550404979204778
1.06878451319165	0.52227277850506
0.16089014359948	0.0485574624883246
0.651694000429756	0.459528022471543
0.363595795083068	0.182977595037202
0.67065498417138	0.215487616922184
4.18118731860925	2.04406589729136
0.159421595053514	0.0405224643025682
-2.58107011718166	0.682882000334415
0.458033727152023	0.185874163587837
0.143982397448329	0.0492669158564028
0.159421595053514	0.0405224643025682
0.157832724937022	0.0608330937906591
-0.311285637258564	0.142560675719554
0.395584329713684	0.179159454278939
1.0631525768679	0.519267507101529
1.79367754089207	1.01522426116247
2.57824052219562	1.45246021120826
1.82747931843685	0.725113764977104
0.667130392787493	0.214334835345571
3.63324582360405	1.45248485170375
0.322699777527911	0.194168214165452
1.33340728777399	0.59245625933366
0.154426155420695	0.0394015396377603
-0.143805271337669	0.0518465760520897
0.161184676470248	0.0553470097303974
-1.13838195218038	0.350237547909829
-0.637509639132058	0.157280902410938
0.271045356961631	0.26580041565507
0.366341223153852	0.319431096307401
0.700863130816497	0.330661786200069
0.399146368828594	0.18062814295671
0.799685003264054	0.629345631707667
1.25835722416317	0.869733788515169
0.992627492593283	0.802545018445949
0.664222224803941	0.213409026485109
1.45041930837423	0.487336762252141
1.33741569727502	0.594436428684969
-1.14336638515137	0.351799503810815
-1.47906568967012	0.754713979888223
-0.219686057817939	0.071808363943125
1.280241948865	0.713339736803871
0.368301031140518	0.185247049809414
-0.79047224465248	0.430706112977732
0.648282936518146	0.455571652107554
2.74958998501656	0.787920507210083
-0.347136350857903	0.101509886664517
2.74958998501656	0.787920507210083
-1.8009224274669	0.401413641514774
0.16539472162627	0.0497470234457683
1.07249407198733	0.52645293485323
-0.0939513242499082	0.0373820643222157
2.02542339303055	1.89467656467957
0.611743626404542	0.459625790852533
-2.91188225423936	2.1401589478721
-1.51406510425906	0.548397333153719
-0.215822966582871	0.0705622923402569
-1.80497515009983	0.40204480448646
1.08226182814057	0.661615150878055
2.3597506909628	1.1999225522107
0.154592632475222	0.0467595304777688
-0.347476635066155	0.101259316294087
-0.720885051656636	0.250598309067814
-1.14214562413243	0.351215554477081
-1.8009224274669	0.401413641514774
0.755114221460211	1.06543413295166
0.26387661645919	0.232160428600474
-0.153879526810115	0.133522658995406
0.452701808434066	0.426292932424359
0.306432102581682	0.209497970433886
1.2841614615814	0.712023136174656
-1.23669079645446	0.928467989967924
0.784126873845538	0.734010330679575
0.428487529430556	0.324399851030786
0.147202801956472	0.0774499701419545
1.00493429884351	1.19586536498416
0.446137570208268	0.319950531333925
1.77413222778695	1.79920790603186
1.23851140032533	1.03377201226821
2.75674691216414	1.70991011132457
1.04332248971287	0.402005344928024
0.531124427990143	0.193496952060357
0.793352928272574	0.474008068001009
2.36655716807477	1.20539590076972
0.536431293429806	0.195654703291124
-0.976194639700552	0.485199002275023
0.540080766366113	0.310557890932496
-0.795955547677782	0.522091067535244
0.698193396238726	0.329229906727324
0.454257246607656	0.184850448579938
0.938786187734731	0.250272333462114
0.159421595053514	0.0405224643025682
0.145952781975537	0.027957432098957
-0.636959492719679	0.156887069567616
-0.21727519745151	0.0706223918721037
-0.783009902203932	0.425899463734921
0.695696440345634	0.327652628104172
0.906840728834785	0.491577714340793
0.697605725358338	0.32955924642601
-0.0957370866815653	0.0380544121371131
-2.47332108711326	1.3940908113198
0.451158336600182	0.183419403196117
-0.30606430174352	0.140506815388475
-0.469971788781737	0.498598554737822
-0.0554194880842625	0.0242288232428228
1.23623809577062	1.03243129438846
0.666381294485655	0.214481042382208
-0.348964786734811	0.101837107016821
0.940922493736804	0.250741724034319
0.531124427990143	0.193496952060357
2.74958998501656	0.787920507210083
0.144624243113007	0.0277697138706121
-0.358318715506293	0.10413238667114
-2.58107011718166	0.682882000334415
-1.51257813221999	0.546472227688933
0.149023923332844	0.148254038698992
0.341099239063052	0.331596896122296
0.134415670918786	0.127510613391807
0.148780022569419	0.142895018667292
0.472725873314147	0.607623224181883
0.194968247702084	0.196838439930564
0.859827227981731	0.974494815231703
-0.433709634250226	0.332299252553448
2.11648743253231	0.961700591011935
-1.28026782015807	0.585048846712041
0.786405322997585	0.615711094225091
0.517345162033631	0.534358422316852
-0.104991861158621	0.0616983738859735
0.479293844177935	0.456225680668002
0.00725010338819443	0.0034370179002002
0.170464058119878	0.097686253035671
1.44971871938278	0.900432813523043
-0.0612766905687833	0.0267282662857739
1.44637717898614	0.486482829772734
0.155347225808938	0.0469152262497133
0.532814768867822	0.193864204311051
1.78454119043333	1.00696363399532
-1.66386771204303	0.944370257581839
0.533426538804183	0.193598763845595
-1.32127665581406	0.824388271855092
0.338632155411808	0.187574290296525
0.607750888947621	0.318054204847347
2.11476331684021	0.962649218894054
0.157160779536254	0.0539073954350234
1.57767325373724	0.796043070558657
-0.722928245021615	0.251489262306972
0.944102727079701	0.251755733219961
0.162070178892022	0.0411144637566376
0.1555950782341	0.0534656175944203
-0.153443388526274	0.0552577699290226
1.33788749462767	0.595246998169513
0.544002426133993	0.31282810292555
-0.243951633623705	0.121626969176766
-0.395520864335434	0.166072991543779
0.665301548139678	0.214168982585133
0.396043613060278	0.179128365991448
2.74958998501656	0.787920507210083
0.162765853660276	0.0412041418868207
0.155608726416379	0.0470349393301069
0.943029051172106	0.251479485037243
0.157633323445896	0.0401249768572365
0.938232517255131	0.250080666640462
-0.718361159550834	0.248530953754139
0.641499674213065	1.11572878021908
0.524783508331018	0.709485706571012
0.154258276198374	0.162243047783258
-0.101221866888792	0.0969319532765855
0.155263853506023	0.165966564159867
0.0672920668828313	0.0549647814966938
0.391500324889386	0.333415961924971
-0.72744557418559	0.252780736704773
-0.0314437104584672	0.0147976901349108
-1.1914665511574	1.84648136107014
0.104012770797394	0.078808680011424
0.427940063472181	0.423010082050991
1.00314151653043	1.18760951596222
0.0640257313879883	0.0413437046785976
0.563501971645934	0.445188982244609
0.615873890006061	0.573229322041307
0.996962422965035	0.810268186117155
-0.217783773381529	0.0710710016312923
0.695810744204863	0.327623473506661
1.7861755493217	1.0116451711998
1.77198705760053	1.37821311459375
1.27744801398607	0.708496134170436
0.365037876208391	0.183698589996
0.0508790451301011	0.031214069634711
1.36016244689768	1.24625567524444
1.27863099571195	0.710648376730035
-0.721906540285296	0.25157399652224
1.07711628178215	0.528486442400621
-1.02126179208727	0.410975081816502
0.453971605986436	0.184766637057688
0.155326344335333	0.0532303466929222
1.27683094625244	0.710575167166706
-0.655195660299514	0.387169841341161
0.160516143169782	0.0550975946447159
0.50353136911741	0.315344077190439
0.781548947414126	0.464075171656484
0.696733587758876	0.32850386968085
0.39525302062539	0.179085507024801
-0.475798590232524	0.246318539903195
1.7846826106398	1.00851580244987
-0.636959492719679	0.156887069567616
1.06873286888394	0.523403440158063
0.154853640575486	0.0467605063072903
1.09384599475014	0.820000480397951
-0.635886909613779	0.156604724964807
0.832842982642917	0.355029332095832
-1.02303104447883	0.410996649608088
0.159610674313697	0.048048445892231
2.74958998501656	0.787920507210083
-0.636990001200621	0.156817984288667
-0.348220543213602	0.101642486260234
0.801320074193855	1.21126687462216
-0.0291287191950056	0.0222311583534546
0.0361448915022775	0.0276696726356256
-0.0669061007238212	0.0419522216223816
-0.727930992330886	0.25380129172308
1.57862497316069	0.79913564273052
-0.0606367634717067	0.0263791039998754
-1.10102847255772	1.06076512636433
1.98403535001248	2.32471349950651
0.360430464112355	0.325062606894124
0.440588943371127	0.178421477572
-0.141354920327139	0.0510651509736396
1.24196730619075	0.853798777096077
0.169516428871037	0.0576648921050273
0.670986836259098	0.215663188176636
0.938786187734731	0.250272333462114
1.46256741382288	0.917501253811163
1.44637717898614	0.486482829772734
1.57490494567969	0.79522669798621
-3.46972182673074	1.25660867134557
2.35781275320046	1.20024532590207
0.159825702589389	0.0405961444844569
-0.141689378848865	0.0511796456978854
1.33706159798945	0.593100125557583
-0.0563509801355513	0.0246243392287184
0.954033290945418	0.643225187598632
-0.191897495319497	0.102759656595071
0.155347225808938	0.0469152262497133
0.53668704389391	0.195702410097146
0.161906078576276	0.04874952925091
1.33365346781733	0.593790400301544
0.665618647197154	0.213793073260368
0.146077315606513	0.0768346940808129
-1.14420932638858	0.351785528543761
0.938232517255131	0.250080666640462
0.530247760780079	0.192857360219512
1.95373899190972	0.460332693481441
0.562045576304742	0.951564776637987
0.257321903213413	0.277562044276214
0.159899852372392	0.16627544400967
0.56199066949434	0.727443988002306
-0.474495237202729	0.443804370697209
1.14627782297154	1.29620381303297
-0.603821303380947	0.28974801443783
-1.09793575902146	0.747877004766513
0.957066778993386	0.938023798842309
-0.287076994508082	0.207979888557719
-0.276278266703103	0.246515906156264
0.422601422571439	0.318181322714263
-0.59342012585383	0.478738657428771
1.25233367006676	0.864278232463853
0.712813795329724	0.464942052764198
0.670248773455259	0.21459388901258
0.163674195226776	0.0491371997006836
1.39301995014255	1.06839063677442
1.82317998866194	0.72570154697374
1.45488464570977	0.487942320885071
0.674197973069904	0.21591282907208
0.666381294485655	0.214481042382208
0.159421595053514	0.0405224643025682
0.939853714804409	0.251002284675557
0.533173376017961	0.194273902958868
-0.062785100043684	0.0273392072180372
-1.81938437581974	0.751723210527727
-0.00138486353058068	0.00075513700044772
0.451440938272563	0.183586025165848
-0.467092451429845	0.311084778089428
1.23011476132155	1.02316233044556
-1.16678926841605	0.655600676812176
0.663474154624287	0.212698372638009
0.140400083006098	0.0271488262218611
-0.212568324340494	0.0694726774908008
1.08494603620355	0.665493562518368
-0.212568324340494	0.0694726774908008
1.03983213015104	0.400302023323061
-0.51888125338665	0.198534098484653
-0.637475956974027	0.156989773793674
0.145952781975537	0.027957432098957
3.25819512813541	1.12540871646052
-3.0855122183307	0.972756963025588
0.133710119079995	0.151114570040431
-0.0426789607241482	0.0361136315731821
0.743510945496258	0.999631403211007
-0.018336722080182	0.0157417489693048
0.13542060054809	0.118859047004723
-0.34708760125102	0.373531681496411
0.99126874930576	1.08117204161037
0.700277243017744	0.330994902880954
0.308226298101787	0.198410687104008
0.167394750404094	0.108221819641859
1.07127663620828	1.24363017262167
0.884359787124716	0.894645220876035
-0.445191071110051	0.343366255508362
0.0204006324893832	0.0110439595382975
-0.545440500904918	0.342910850773008
-0.144090732859464	0.0518897838345355
0.893435461512558	0.480632009942897
0.164642263465142	0.0495275308334802
1.03882026472922	0.400114292850008
1.06901245624731	0.524379480292927
0.550515971063685	0.317744481482344
0.157693836049591	0.0541708009160174
0.161852867988486	0.0555536777785083
0.835381168401762	0.356836995772204
-1.8009224274669	0.401413641514774
0.934005942223238	0.248873278369857
0.158324698427983	0.0402149964785429
0.452724167369017	0.183767260398617
0.338559195338213	0.187211903004928
-0.767855340790427	0.337814115120684
-0.602707554285428	0.289287770029279
-2.07136620778168	0.959054677783964
-0.490450389601186	0.257119776979305
0.400840426899411	0.181657541240669
1.27596932307007	0.708796063356493
-0.21158767729877	0.0692522593193464
0.783112315924255	0.465980063631632
-3.08605931477026	0.975090216684496
-0.636438389477554	0.156998062672413
-0.222358457614273	0.0725370670442538
-1.02655133741802	0.413516459136083
3.26033581954854	1.12492242320153
2.74958998501656	0.787920507210083
-1.8009224274669	0.401413641514774
0.613374070664369	0.812078935404819
1.22335275350657	2.32596240767437
0.307317412765638	0.362448958481435
-0.295703897447861	0.303326101392419
0.373709080520205	0.433721859474445
0.175297258437344	0.176960487059714
0.303239082321934	0.343834097429187
0.457057685577439	0.523340269616947
0.825364614547601	0.351939693682102
-0.52679145209859	0.434919148285288
0.365917641673141	0.330959594791372
0.605583335707569	0.45351957883271
0.581416198863728	0.556881225404009
1.14183965928617	1.28369138392414
-0.0310442486364626	0.0146241448185488
0.707573141823849	0.462295293317248
1.24131404386964	0.851501955345735
0.539952322366126	0.196328540547315
1.78500012324316	1.01250629381909
1.61999869671316	1.13227217706725
0.342297762123997	0.189481033372818
0.606208471506363	0.317433329493624
0.526641831692418	0.191735599167788
-0.718143294445899	0.249734234417734
-0.636438389477554	0.156998062672413
0.160136994586442	0.0483380929433701
0.158098146078809	0.0542318936331157
0.66746146314869	0.214381150055683
0.612879388075565	0.320631136471724
-0.336374216674278	0.200794271080686
0.156040866513106	0.060267234897955
0.154261862198153	0.0741366185199426
0.452973749955339	0.184064823292599
-0.0705933604794918	0.0306134817270708
0.666049960969073	0.214022945375077
1.95733767915288	0.46077898524688
3.26141769425846	1.12732988282303
0.158729294236089	0.04043260950787
-0.0307196127072593	0.0144507583076648
2.36133341361285	1.20403053813798
-3.09073773131398	0.977080546046746
-0.384890510711624	0.161097082975423
1.82609644046978	0.725874712619824
0.157633323445896	0.0401249768572365
0.144624243113007	0.0277697138706121
0.166193468937221	0.200842578191275
0.156427486140441	0.162130317150926
-0.247451037161589	0.272000669109974
0.0390371306243352	0.0343993041859651
0.178403530061543	0.200426210072619
0.156083307671789	0.0536388626462904
2.36108815741373	1.2035255309015
0.496166058702455	0.538539925295276
0.749474330788481	0.730406351297229
0.193272554819077	0.163731172497064
0.346370538311025	0.327982375229387
-0.194274370883816	0.129821105570906
0.606616413298755	0.456191390643657
-0.612654826226575	0.499618528168415
1.36378386995673	1.24985423389319
1.81965712946419	0.72393570375632
1.27965259044001	0.712792932913603
0.940922493736804	0.250741724034319
3.63774697142823	1.45307523670395
1.65172902156957	1.53247238606206
0.327820067703507	0.197335472943924
0.660474727101613	0.467200700180879
1.2275271713459	1.33469573515354
0.442815387422984	0.179056690076939
-1.22040574995606	0.910572681554665
-1.02655133741802	0.413516459136083
0.67065498417138	0.215487616922184
-0.30366386415549	0.139255214118693
0.365037876208391	0.183698589996
0.537662684606419	0.195757705274551
0.161852867988486	0.0555536777785083
0.161906078576276	0.04874952925091
0.531946232023591	0.193886067853674
0.69510717262521	0.327977453773444
0.0000532433765343666	0.0000611995156651688
0.56267361393631	0.442642905046829
0.154261862198153	0.0741366185199426
0.36839975703354	0.185445215653388
0.16741376922561	0.0501270091653874
0.789557821445135	0.469387569535603
0.154760837461693	0.0743581412459133
0.144983099103736	0.027824125638065
0.667130392787493	0.214334835345571
0.16089014359948	0.0485574624883246
-1.8009224274669	0.401413641514774
0.814557298098737	1.5975337844363
0.428428887014425	0.50441669680342
0.337634719234625	0.18616510586563
-0.77688829215803	0.721700346294335
-0.370294577853539	0.381941364722824
0.651523500767295	0.840802997361137
0.10808077526621	0.0842560190010125
0.182685985538941	0.14471187936071
0.932601060960872	1.04497021693876
0.299359030010904	0.215605096391637
0.163570283734439	0.0999898220921831
0.28807148774898	0.216057682229433
0.143857471791002	0.0621709336431564
2.74307798894802	1.69841325705792
-0.526207522693189	0.201191703342192
-0.178090578798813	0.0946243405883862
1.03549578312765	0.973962961819536
-0.194380137960147	0.104181598539281
0.888380790915939	0.900954377070564
1.24740761828507	0.858386516152488
0.695712302909529	0.327858175939784
0.715939499696236	0.468441438223294
0.692017088085575	0.325284220993471
0.664969953013349	0.213264891085546
0.664222224803941	0.213409026485109
0.159873979297135	0.0482815097019209
0.537151068021291	0.195568545631627
1.06968794259771	0.523227092840031
0.787662590984319	0.468981790894217
-0.628950776229728	0.563082585633605
-0.787271458029014	0.599227461098437
0.0429184401889953	0.0247851497558446
0.449597240574579	0.182834116917075
0.151705174546684	0.0520762650731795
0.532920813071289	0.194317875052133
-0.0619948640479715	0.0269725366129192
-1.02027673323395	0.409478238556457
0.158729294236089	0.04043260950787
0.824417257120121	1.31095316793526
0.331954228179384	0.34558263830982
0.296344351627043	0.223073082418259
0.28062694797244	0.234771137642372
0.129193972894155	0.110377760891162
-0.52087197890466	0.576469774045156
-0.217348475164529	0.199720777344515
0.0918632360896467	0.0646535930539589
-0.304843316134238	0.269559661670652
1.50662473850003	2.3786071835697
0.468168242056041	0.316736598803712
0.476960000456944	0.438993560908142
0.560238542277238	0.323136198282268
0.946287739921132	0.63399132608181
1.58144959014591	0.795941631426234
1.28451070906094	0.715566170830406
0.36452339234272	0.183444243076885
1.81536932957483	0.720970661473197
0.149838258955292	0.0720750734216391
0.297365228909379	0.189674501723906
0.906282042367378	0.491398748550521
-1.48283389884717	0.75904802450482
0.149132125848063	0.0644446019312374
1.08633127533632	0.667167780345126
1.32543964009327	0.586418843400977
-0.607372860314525	0.292288849707055
0.526515382544166	0.191099640425118
0.315951145675555	0.189598546798861
0.507763148971081	0.319160163982767
0.279234646358305	0.216927593153741
0.0693481768117453	0.0447713917337356
0.787064695756861	0.738445893352775
0.15887724851496	0.0908318915096803
0.325344878727259	0.194928243822595
-0.274052799234525	0.171421882529911
-0.144142117823968	0.0520179795440079
1.61935518603231	1.13360112785663
0.153837644582369	0.0464855600138019
-0.032484413844246	0.0152691533354373
-0.0322910788329698	0.015103015320076
0.153661280365597	0.0592110803100596
1.57581363557876	0.794966455252864
0.457080958406359	0.185319617500116
1.81933356547965	0.723773070508788
1.03328569894233	0.396661373515875
1.44707333879815	0.486882965382531
0.197803522497808	0.172234457517051
0.507560783947363	0.638672626625598
0.136390559816558	0.132058201071919
0.49788267694994	0.52395431616621
0.885231910283603	1.18828052936662
-0.414271507353033	0.352692695626653
0.446021626986932	0.320338899297855
-0.00276521261111574	0.00140945094569624
0.160990130370149	0.0981159550046413
-0.604738600044644	0.492725379143632
0.546354506807689	0.313682933174033
0.530405394773187	0.19293383980914
1.57955625735979	0.800243929979803
0.547346620304833	0.313855665157425
0.47951052532611	0.325620565566058
-0.0314825553693054	0.0148054699319748
1.07086790911806	0.525014858045994
2.36424269776998	1.20243653837251
1.34263308878141	0.596574570872427
1.06405538147305	0.519908228968784
0.16212356874288	0.0555755222809407
0.306869532133479	0.210153306091215
-0.406353500291342	0.22878707266234
0.518859990065474	0.446477467937888
-0.551397562419362	0.348292131163992
-0.0231022554049339	0.0109794565420719
-0.950654019202969	0.579201196423685
1.24596930262473	0.857446530403276
0.547683943717638	0.315882791645432
0.82839895625885	0.353767602009201
0.142891846634229	0.0551098686475735
1.76543252581005	1.36308576048122
0.604771876600505	0.316747851379352
-1.82613817512577	0.754805614156922
0.612903400161451	0.321207167405034
0.146648467843771	0.0703139392446144
0.78673302316161	0.61635606014894
0.360705171980406	0.440920645544499
0.403433105009837	0.317064065131045
-1.34940618905492	1.73391609184276
-1.15410722435128	0.994372486347459
-0.095402150947848	0.0379515117427209
-0.0606367634717067	0.0263791039998754
0.432028662041905	0.327173825657222
-0.263176020372822	0.215841330255417
-0.284414583635967	0.255722815665923
0.702882646310468	0.703732302444535
0.129714628844886	0.105316026305591
1.03198762193084	1.329349044533
0.0342679435415475	0.0246680567559478
-0.160421145021629	0.139706824563458
0.286291258940358	0.20421386878561
0.182272801896543	0.124121972829647
0.290227751272777	0.207417555076656
0.483782988393158	0.519673044512941
0.932918351199924	1.04848055825466
-0.277388875377563	0.173940816026043
0.170320427544592	0.104177764828477
0.333483834376493	0.331725408005909
0.849111736737709	0.765977379516301
0.760522214709692	0.838082636968129
0.434013917083307	0.328693830114988
-0.101310659887303	0.0402595504210943
0.680013687387856	0.586543254898407
1.07492508210582	0.527058644112034
-0.0263557226048241	0.0124943183574797
1.3353473451776	0.592955954477314
1.06988331974864	1.24024349383093
0.876745949504875	1.00592631303312
1.9546069313489	0.460412245381477
0.487786037734175	0.330929533850218
-0.191108219688404	0.102258130589061
1.05980927760753	1.11863634043919
1.07405391051925	1.24968884900213
0.446673466688268	0.320845238999821
0.859169696740948	0.629126792363362
2.7486062124648	0.786021619850662
1.33268267370684	0.593331252982876
0.525547554244554	0.190440029431187
0.164377165872218	0.0495293176899797
1.06287617867629	0.519596188178555
0.576470422486568	0.458744605401886
0.0514404406071063	0.0315165969154118
0.143481619111072	0.0619992292076064
0.156316835097579	0.060329813065547
-0.0603443547667109	0.0263455849771063
-0.249417188716393	0.124401058547076
1.21733645049563	1.69319287301704
-0.260068578725789	0.270579198883745
0.385218586253372	0.441851099463891
-0.116151629816202	0.126262576352185
-0.519080100846399	0.766499953195904
0.150976843619324	0.153289100774892
0.580814349729705	0.901898838005059
0.496306058047256	0.311166388264679
0.144840135275386	0.133325386496978
0.0238176516039387	0.018226773370062
0.316509795379428	0.341404927516419
0.258252905329001	0.262452495494002
0.419972880522523	0.655955907414644
-0.0820197856287648	0.0738411135217525
0.300032933601908	0.357210076998939
0.592754736890418	0.831627081568701
0.18101811452177	0.143598546043441
-0.30930619184629	0.251769918727626
0.020942996966723	0.0113319826610821
-1.48066929941721	0.754501979389326
0.905450560980452	0.777482817586356
-0.762294852377534	0.334854539838056
0.0265164423757581	0.0142686503754017
2.56777679884083	1.45128432558929
0.473657108317283	0.434599933900538
0.938786187734731	0.250272333462114
-0.306017148378831	0.140808131815514
-0.680415208543527	0.794651069734467
-0.171598852708152	0.162354320682647
-0.0786633051663302	0.0635294880311984
-0.19271815775095	0.164336995836415
0.525855934268482	0.545719224570143
-0.272379280194734	0.1701230943186
-0.331695980942985	0.198648909536853
-0.00106072923949309	0.000584725540241467
0.7256369021997	0.597574771179706
0.154261710674562	0.0594576449278038
0.124425002624929	0.103191443725693
0.393673768511809	0.323075715185313
-0.102424381254166	0.0406238742075902
-0.553519630438968	0.349800091686934
0.407014850904923	0.320746291888387
0.275174623194825	0.229935262928939
0.265453827339572	0.240837615703585
0.450256595053827	0.512238816342744
0.19259291590768	0.148766779170199
0.266038457602722	0.227605859496709
-0.0391110162810046	0.0300026714557301
0.14778132410544	0.141950412813019
-0.166922212277755	0.130231175531059
-0.116329953617784	0.102223594200473
1.01846278250945	0.951212439980012
0.393904754700806	0.32237349290861
0.189587392563887	0.146276071789387
-0.936560338016738	1.05914101330012
0.586171019873886	0.427716856629904
0.710718726981507	0.714398104166766
0.187161465306143	0.157724650657629
0.309062363878551	0.198633292424942
0.176579702190349	0.130630663203144
0.285338911527475	0.239327650096299
-0.158559241607922	0.108402385888917
0.0532607844206584	0.0326390832442593
-0.884916411235914	0.81460781589565
0.399725684178655	0.18119345596336
-0.308420469569163	0.14129288306044
0.184664580563099	0.131865810026144
-0.0179832468458906	0.00866811881390284
0.166424170131245	0.101727595791346
2.03051468063492	1.90415073661437
0.302781497993574	0.217824480023009
0.95130293263739	0.928936684609285
0.641647557002381	0.573659080486122
0.789895070739567	0.741472565713367
0.323627547557062	0.194517587566316
-0.350873034079801	0.310138258266614
0.401863896267214	0.31526559522648
0.0536583396215027	0.0329012284952439
-0.00278419751998569	0.00142999484179894
0.397670233792591	0.326676527447607
-1.34353023748235	1.10366682986264
-0.0358754617470736	0.0274939408326875
0.265262858473221	0.247224803170626
0.248454760915726	0.27124098406943
0.439668446771364	0.437830688245343
0.992702631388518	1.38714046386245
-0.543996488208047	0.453354243449916
-0.331343138147037	0.234305209451895
1.05010758283644	1.10285798009406
0.177175504170609	0.1354707095607
0.187487030619243	0.149183946232996
0.268768720094503	0.223293338900582
-0.133109982285557	0.0932627185513531
0.590634773621544	0.648600151476909
0.880651364989709	1.28068572691891
0.541181089104674	0.447740906451685
1.76913436856476	1.78886595097823
-0.346219588919709	0.246735330995495
0.394597729114582	0.337099259547672
0.582119852393459	0.462500598629031
0.565423337054774	0.560341354709635
0.176692534081522	0.135356185620082
-0.0211714146771956	0.0139043284220427
0.706153541448137	0.708309330010846
-0.108463571841438	0.0772433062110303
0.405515990928352	0.334658446739671
-0.0565353880121617	0.0354280254261812
0.429158617183736	0.32483948690547
-0.0384769738855348	0.0180178350440682
1.62275342904108	2.06576588373149
-0.607715185731628	0.292447442782102
0.320912904767495	0.207123686336618
0.399940509227678	0.313114642049679
1.04435281641133	1.0932597654189
1.7752560149422	2.17720487880716
0.658706526092224	0.465199372923281
1.53133234386809	1.30078485758391
-0.582198993652172	0.569509376343268
0.0302130594530043	0.0175633368727989
0.836660183457443	0.87555091045504
-1.65463778053668	1.69788653802785
-0.0573964191200883	0.0429145718823777
0.90322677335693	1.38751572187194
-0.303623969912132	0.312628345069534
0.281173095499659	0.218962961499605
0.804790593133716	0.759830440309066
0.46488599340576	0.423351241354219
1.23609279352174	1.34556248142173
0.483384451064451	0.446420092743548
0.280792678770677	0.242867822250487
0.833331804928019	0.977090790872037
0.288619990745855	0.216513006870069
0.181686955837153	0.144098493074561
-0.0611755722648024	0.0457996738021
0.446599059950088	0.320895273041841
0.548826572845133	0.624326347212256
-0.504399764805067	0.531975144328531
0.032185758290313	0.0186841427156571
0.707539052550935	0.459837437755729
0.420003430694169	0.315771312948121
0.159132199857942	0.0403652499117015
0.186573635221108	0.138550211349101
0.544507736343895	0.450282760775497
-0.040466828122544	0.0260220178904209
-0.0554422484094161	0.0347057422051253
0.312393236109651	0.201607111806228
0.323085217792216	0.325932343939496
0.457781687057311	0.606526273761282
-0.297989293422434	0.241550084710197
-0.861184064356292	1.32808718597068
0.716725113800339	0.722562367551112
0.674512782673416	0.580127388336218
0.920141894556775	0.79453372771752
-0.582822306181987	0.569022977309035
0.311686564618036	0.213899677666879
0.0735042636800025	0.0602373427876027
0.554881174547448	0.633476734374119
0.262693811550366	0.267696394951456
0.0876120724531851	0.0617329754228455
-0.194785625594553	0.166255046193121
0.820109110847266	0.952850840952087
0.404829951885967	0.318534754422493
0.00449259296455468	0.00319198251117055
0.0247735890091133	0.0178341182817812
1.67976517967942	1.91979074178607
0.466893021849841	0.443376295482297
-1.07018803766849	1.12130065221681
0.320753726111078	0.193026281047072
0.724313995767572	0.817771363490524
1.94506074780001	2.67147370612594
0.581604718374509	0.55793145669837
0.183777936655789	0.141362935762201
0.290877052026301	0.36786346229954
0.897744854738867	1.21525459940466
0.738114490438162	0.70935279008342
1.22481955421503	1.46690615461337
-1.60263720235471	1.90143967520625
0.656804077060969	0.464320469865345
-0.349992226840973	0.30849212764677
0.403644367894109	0.316667125667716
0.358042824962422	0.41137491483511
0.817069994913778	0.981664070821311
0.705684984564404	0.887388654727916
0.377504286737649	0.490699800139735
0.257557562484778	0.277626836987931
0.897526026678539	1.52546992799512
0.583705176710523	0.559612555637094
0.557453561662873	0.869027945365523
1.15667608565444	1.43139414795214
0.791873441136001	0.741462228456071
0.373059203281833	0.416117389548369
0.105316573524894	0.0820733655475651
0.251742296398306	0.243444650712284
1.0463687669204	1.10137432174978
-0.24303728712423	0.121475654649862
0.69558090951486	0.44886688686638
0.370730595932632	0.324612560302673
0.0397702407180428	0.0296282956002735
0.249360777725101	0.240867988102552
0.0817825099628135	0.0759051583724408
0.675052079081494	0.79568782402332
0.349172178098403	0.503629235407231
0.35877284602228	0.429571071439082
0.42664191224078	0.501776317849064
-0.210545819279701	0.177033002374836
-0.0894493118586355	0.0649009067598805
-0.310929341630569	0.296391144612158
0.0783352885528745	0.0529709055744911
0.401962155734838	0.330421561750218
-0.564836033726332	0.513925582543571
-0.0320341618170815	0.0150958113728209
0.266355755395456	0.228169455601179
-1.15213561113017	0.992606804880198
0.836916106234691	0.9808812970656
0.184884899058232	0.151119320571568
0.103229229901264	0.075660251569046
0.276425213746104	0.271782155185112
0.428773880512298	0.424788440833104
0.496491130374927	0.442290013679787
-0.170560101908929	0.133125655406522
0.000560236312222302	0.000184065936194496
0.297426154270914	0.213925499633907
0.542441187393041	0.448903391827426
0.504080966915079	0.619829430210284
0.0431751539707211	0.0381971547648381
-0.623178770676083	0.726351113757767
0.583271765981936	0.730611915466113
0.654053638596998	0.759733198452428
-0.152960527187067	0.104315292195611
-0.461649599612416	0.428615635127365
-0.250857854895757	0.186008896104954
-0.078066696272365	0.0475491269706087
0.310802311515098	0.199584918684358
0.0381518255090424	0.0221484597394561
0.0900990206074962	0.0634967503069361
0.303667691687512	0.229132088489467
-0.0542137214087802	0.0404806636810715
0.0355322185441675	0.0272239213821078
0.289411956232609	0.205692324453481
0.540257495106974	0.447610141332117
0.396140212323834	0.179517366103042
0.0141309756211477	0.0102311081112564
-0.92985137105885	1.11977363764579
0.0460758329307437	0.0354403097499742
0.082504243368651	0.0578444754316274
1.62138281575167	2.06224215209542
-0.00964183773175885	0.00643284756979778
0.296516591196888	0.37113780217275
0.266114204833048	0.271688135326445
-0.169571077487567	0.132448063458395
0.574975851137172	0.647632928695504
-0.0679290064282031	0.055636070380847
0.546620041950258	0.533347208398291
0.400815130680272	0.313741364394779
-0.256751828227321	0.191018241483894
0.180653769639314	0.143230745133056
0.0728969112574761	0.0470167148869994
-0.621910003656054	0.552903020006885
-0.0443315794324464	0.0284813534170016
-0.536336049635587	0.529583030900647
0.097067550357563	0.0709307141017106
-0.193626543378724	0.148789813916124
1.32445363107525	1.53937667937574
1.30529299914885	1.7922871682623
0.0859198114869175	0.0603351232949852
0.76093246334425	0.838456160558804
-0.857129026579808	0.981131397731338
0.0131993014791519	0.00722677122035448
0.147719656222166	0.0705890418855331
0.421868504437634	0.317178528559727
-0.240826166411139	0.23427273813057
0.0780107895073543	0.0684586150897707
-0.199823440981457	0.195913902277711
-0.25717154715342	0.191412570347891
0.642156555496786	0.766139151724111
-1.35599333852753	1.74440604695152
0.165882219890585	0.107148462400634
-0.221656679919731	0.167663243004617
1.97419244594975	2.30713403795206
0.785844437294038	0.616157604509938
-0.794522362173962	0.520352370082972
-0.375486161198891	0.323489293218268
0.651747142584837	0.586794146051421
1.02714615493465	1.32175112136937
0.784554359605239	0.466949809728913
0.426580492137666	0.322517265967634
0.105451266767134	0.079937574141116
-0.157655346156952	0.107532448168135
1.77440001200119	1.37887599399869
-0.0536980573806136	0.052151062324982
0.0136854450167311	0.0112113610106397
-0.624865946057135	0.901176181339334
-0.187755200040512	0.159055069899778
0.564717998061906	0.559005435434873
-0.568698144044434	0.516962128937454
0.172824243518926	0.105654052192624
-0.602922301607226	0.289366782775419
1.97045215282631	1.24216536093489
0.1589083506524	0.0839001886586255
-0.143185474858029	0.0807681958523482
-0.0000375177256047322	0.0000885343115552091
0.150411831346825	0.0649758653945405
-0.113639462250028	0.0666902612387463
0.17686917095756	0.120439093489897
0.793874841000084	0.945819810087285
0.419157263394238	0.331950170779603
0.269365701047113	0.251694582212657
0.831621928970045	0.355145445447902
1.44816685557941	0.487186600500996
1.07864067108393	0.529264631560353
0.504047775758032	0.316860901275687
-0.0333123263999089	0.0214304098317704
-0.0495549888430289	0.0449061636488383
-0.211636463347197	0.236784065716328
0.00358670367906315	0.00305628677754902
0.0522920893703524	0.0413806162388566
0.512404909022201	0.545714904033249
0.707532399705499	0.709171195547453
0.158911426210393	0.0839172356295344
-0.000878782171505386	0.000510310282182445
0.160516143169782	0.0550975946447159
-0.601253510834328	0.288501903193898
-0.402244043815214	0.226598056992295
-0.465641280658171	0.309896631930813
-0.400683034708624	0.168043887403105
-1.25679991510354	1.16972353488739
-2.25012040782862	1.87535803264501
-0.277040566068468	0.229333626178262
0.276355599034059	0.237539911285464
0.064512002162311	0.0416249385990775
-0.353252610180752	0.103014720617828
0.329724111668453	0.198557928362867
-0.707144963650739	0.672363714551953
-0.00471810651547207	0.00235877057027332
0.695409362280478	0.328164450416817
0.399267104562513	0.180451719627039
-0.0431776995049595	0.0408821141240059
-0.0134406205870134	0.0115408996105924
0.527516660160937	0.699400795461888
0.367802642405955	0.426693909975952
0.0776668670923748	0.0524925485779733
0.352516584101489	0.336411424895983
0.618355555283648	0.577880612678457
0.157826961315139	0.0681692550045904
-0.975873586042442	0.486297529129953
0.861067225732718	0.630175949697774
0.844533312190708	0.763469460697312
-0.389029125737836	0.161886172602727
-0.0564459193517199	0.0246515207764823
0.953967344176961	0.642473125369655
-0.0613705567144834	0.0267794333586011
-1.13996234894768	1.2623250833163
0.426580492137666	0.322517265967634
1.25259874529651	0.864781654556601
0.151842624058427	0.0521461596866492
1.13275438837792	1.15289056759754
0.453348037888944	0.184394681005512
1.04230743707962	0.401611574259419
1.32834411864937	0.58946272635446
-0.0794080937165533	0.0481921589717069
-0.337326455899058	0.202176679452025
-0.0071346894927743	0.00353012281327369
0.156191990816967	0.0822310240555409
0.203686598974343	0.214381442399379
0.082105618680609	0.0721900768894018
-0.138370404931616	0.12114515525223
0.397670233792591	0.326676527447607
0.190946423419709	0.142363110755895
0.358574594401534	0.322077744586624
1.02446302469171	0.961602632321122
0.830281395788375	0.355150943185541
0.566907356226509	0.447859386277698
1.78590091839396	1.01406146274082
-0.0939513242499082	0.0373820643222157
0.154645893639048	0.052963730300106
-0.786925559733522	0.428186278802497
-0.16269020032104	0.111535142595105
0.319313910892432	0.192016138830042
0.490428354979367	0.435202768653255
0.172361490841009	0.111663138705842
0.748493370195274	0.729905690114323
2.7486062124648	0.786021619850662
-0.140070529647515	0.0505699186920027
0.95854009540732	0.940453151689032
-1.13838195218038	0.350237547909829
1.09942908718877	0.826155501289755
1.04434257719901	0.401730000883782
0.39110813577623	0.176640478596157
-0.0883484178812006	0.0351897869904275
0.166836477436277	0.101691910814063
0.439967298450144	0.177942970300615
0.0526234789200919	0.0323179506821677
0.0616177907463126	0.0396819304810439
0.0772423428230693	0.0522573903421423
0.557942341368355	0.871382842294962
0.132594277080764	0.145603370824288
0.315017269231218	0.33947440114193
0.184594197165128	0.151177248363123
-0.241764751378697	0.264521695329523
0.634520733792675	0.775034907629311
0.269693961412743	0.224369026701637
0.363183753363464	0.182678711121724
0.825857711677719	0.352770911116929
-0.385740201529226	0.16129703490359
0.468025585193996	0.316343675156622
0.0443500909458695	0.0271869146800688
1.97322717180602	2.30522764003628
1.34439668726889	1.40592408880107
0.183494483733287	0.112490101889569
-0.230309940864341	0.209765920562587
0.38289781101354	0.325575323154181
0.399750252199617	0.179913382727396
1.09326671572495	0.671873355499676
0.167874564332066	0.108498812856288
-0.405675905276171	0.228433429752397
0.609554700464912	0.31948996421209
0.689632974455738	0.324418762214956
0.821882024147526	0.350146289827548
2.11749992941985	0.964162427156984
-0.330652839727356	0.196994695135775
-0.781113190035175	0.729072643071963
0.859631229375355	0.629270523857834
-0.128023759474339	0.0894768911038697
0.572086651203799	0.454147089498362
1.02958224491457	0.966322747017624
0.385874458954134	0.496402041777203
0.0440838265408268	0.034701721155649
0.390067536725017	0.332892024250303
-0.495662817109421	0.556175391942098
1.04261163699461	1.43150382144789
0.914538134350752	1.137864014048
1.41675557065374	2.26740520803002
1.06685503049731	1.56843303181193
-0.401677088110366	0.455421553231695
-0.654824615407425	0.678461471761479
0.514269124438871	0.622033361257489
-0.00552874046789719	0.0042973242988522
0.146368910776013	0.126112028739989
0.199235669719016	0.220631013315657
0.196069331179775	0.161499173648611
-0.0300010140160467	0.014140141432593
0.185067607677546	0.163937326182619
0.462674283156218	0.438344742252516
0.960456628761655	0.943171478765285
0.711395321651662	0.464181718057559
0.378883479910961	0.333534234079184
0.385063000132354	0.313530640192742
1.38830934633767	1.8660690762159
0.0865227582689819	0.0585536240876671
-0.187172309960462	0.124917098152307
0.692021694237966	0.600509961693512
0.550057329896845	0.78104265126721
-0.680634811345246	0.833260617032906
0.626260703166355	0.585829455977631
0.104344207702508	0.0790803250288299
-0.423818377717764	0.398420788079551
-0.789755635842893	0.802329510332446
0.365712276181203	0.319055054641949
-0.39022419191689	0.217803971723552
0.427081923431295	0.32148884212724
0.169128702619203	0.103567217489767
-0.218545216527917	0.184456762008239
-0.0874503404318511	0.0533316820670309
0.386858799773573	0.329523040763551
0.0516094028436623	0.0406920373264651
0.142383641732789	0.0613841480652974
0.423261013381073	0.319178752208134
1.1058668688152	0.834167702272083
-0.402844036387708	0.227501324792501
0.60419510418007	0.454030226593505
-0.00374204283700425	0.00188427979278171
1.2530712184727	0.865544288442844
0.400283172936224	0.181484775537511
1.0778358464143	0.659059800644171
0.152879213638325	0.0806418678258981
-0.146144403790426	0.0825385855756289
-0.284490909227058	0.20595499929855
0.535494849277814	0.441627681177532
0.790002246612702	0.845614670500606
0.330929661287864	0.345036360169865
-0.448288555846358	0.56143198627389
-0.38411691557729	0.36391720519598
0.832713121976507	1.16045568791479
0.589511882223763	0.803265043932229
-0.329861411281204	0.2614868555995
-0.113028871650924	0.066608903718933
-0.0329895223656436	0.0155242610092924
0.39279633810394	0.177595379113736
0.953049073336459	0.642446919776957
1.57981526302213	0.798204506146012
0.912977346516958	0.787587942495332
0.0690737369461302	0.0446143777095256
-0.0795372951600046	0.0586044285234074
-0.63191959674012	0.565731910649583
1.30602527110014	1.79330879959304
0.612794347123262	0.462265181105711
0.147632434713101	0.0704284152560845
1.96766027476994	1.24451628645061
1.57981526302213	0.798204506146012
0.528334378223905	0.192181471899543
0.149144040740526	0.071424123312521
0.15126209936992	0.0727771576670532
0.143826964252465	0.06215379445896
-0.719166594127654	0.250138114551495
1.82256446107734	0.723448323404729
-0.0613705567144834	0.0267794333586011
0.908826861993073	0.781828643289393
1.2352768788553	1.03091979676273
0.609667847965814	0.80216515511965
-0.0318299964814307	0.0268001954490815
0.274114124134945	0.228719349456036
0.578147871424308	0.652253215040667
0.102008955339677	0.0747103517502999
0.400241052631515	0.3289251011239
1.46866697199667	0.919961431882718
-0.024430672215909	0.0116067364515731
1.90363699065658	1.62922649358511
-1.15158076823259	0.640695939728626
0.500007233668873	0.314529691971746
0.0161233320023704	0.00879467629121224
0.451038028027	0.324702824730374
-0.28316403113365	0.17774371948818
0.410342183221153	0.324132204590533
0.591925501111966	0.570955806946184
1.06933690227919	0.52417571767679
-0.309002793256867	0.142020795073276
0.158101352361165	0.047666865168031
1.04407793800765	0.401530572798881
0.152888066685811	0.0661441723436905
1.33813720779684	0.59634854680219
2.1105161986914	0.958283319997579
1.0385642363423	0.399078648892044
3.26465972756103	1.12436390836181
0.160518930457975	0.0406859460362184
0.158857588582489	0.0479158038261938
0.473581857972156	0.320144253360658
0.92133176586565	0.794621352353019
0.558446397726662	0.641673220167209
0.81543298933937	1.03514289083032
0.403127116540302	0.416106967434239
1.16470569020888	1.75511763510322
0.728730356030533	0.603344933871326
0.550045937164585	0.457012517164769
-1.04209857070835	0.415574497500611
-1.10182988102938	0.750945116951384
-0.309915336981443	0.142572414774972
-0.030106296045744	0.0142210847791421
1.06815606892826	0.523036733978032
0.549104681302545	0.316817712556498
1.78742710423363	1.01301914410524
-1.04626584191119	0.832779459230108
0.414483190280642	0.310315224992622
0.446693952984033	0.320462616470631
0.453348037888944	0.184394681005512
0.900921016354336	0.487649278800185
1.9064547752246	1.62973507011383
1.57981526302213	0.798204506146012
0.393684278439406	0.177887434989409
0.318533439496811	0.191027907835111
1.57606850871826	0.79709034488913
1.45041930837423	0.487336762252141
0.450532391701879	0.183205964517695
0.159120665328247	0.048062202194274
0.539389425821476	0.195106290483293
0.531223226643993	0.193578240394512
1.0264919373381	0.965175321416708
0.336799413848625	0.186495451352111
0.897261446681286	0.4832872322448
2.90427336240583	1.97207406670115
0.429296115577025	0.505417229058798
-0.304917746064695	0.314453831620352
0.638104672099811	0.672529785571672
0.399573412006474	0.327973650207289
0.452066149749284	0.183799113193962
2.02640737098816	1.89139296039939
1.3339002399907	0.591927981716306
1.0264919373381	0.965175321416708
-0.352502268480792	0.102674771115327
0.713618416464286	0.466173991329608
1.01149953792227	1.19242016018028
0.313800001085531	0.215294315840663
-0.52018513223896	0.5079518119416
1.32759280382863	1.54687635764433
-0.535179249594914	0.528889657803988
-0.2930728840248	0.213240080233064
-0.459641731903016	0.304517528840788
-0.550674379758844	0.347980673423255
0.538381587059364	0.19606450637348
0.904450639620258	0.48860053970736
-0.801308178456131	0.527549887364484
0.903568276603889	0.488997299730365
0.667130392787493	0.214334835345571
0.538125722278874	0.195922946060527
0.158324698427983	0.0402149964785429
0.709469709916939	0.463437779845146
0.301243174655069	0.205858504426761
0.00842829589895031	0.0047532524340198
0.500498699656237	0.314511390510241
0.333875581030314	0.32222813038993
0.30660631205132	0.33503346203713
0.394715457351569	0.425431388590238
-0.0049948405599181	0.00331910017674128
0.273358921251998	0.234764876945065
-0.398744612212798	0.274795889818077
0.155539460016025	0.0745942176939385
0.151950193441804	0.0729312605237723
-0.141065904193988	0.0509641882307141
-0.981286227544691	0.489267128736786
-0.611615630119419	0.293959577407768
0.702773181150063	0.332055176748536
0.711759281423558	0.464477595180183
0.676462194106754	0.580881720043978
0.650729795745845	0.458339090316753
-0.289103285391107	0.209992369474601
-0.913896097595538	0.760898176018186
-0.190464114002734	0.102054117076289
0.402811015205556	0.182058099919752
-0.61093003610866	0.293666072522947
0.60232546300268	0.314486498136942
-0.107368795163895	0.0420343813045702
-0.192451762158124	0.103027260812405
-0.0629287592039105	0.0273285892391537
-0.346797330227773	0.101185095553384
0.159825702589389	0.0405961444844569
0.154659020808215	0.0530816442464617
2.12029460662934	0.965946921202229
-0.0174998255306192	0.00844955944184383
0.79099131305117	0.472372002965124
-0.460511738466813	0.304499019595237
1.89950292969734	1.62363740188201
0.709454137492446	0.461194303504217
0.397582525209766	0.180058245543911
0.571630047097825	0.883856546726305
-0.0110346723879265	0.00958052571677579
1.00617191466928	1.85708869179341
1.47314962259343	3.22369743511747
0.970033335839905	1.45213711912031
0.693218076053214	0.797808592859019
-0.146416073959437	0.0828233332983521
2.25711120864345	2.47078572481505
0.96345189989459	0.650537913228547
0.373190545126617	0.187561523360229
-1.45283397192534	1.29319875785186
1.61846061671951	1.13295168892448
-0.487367056613498	0.254622199267679
0.178455910521595	0.145146510939093
0.502132055297811	0.315392922386053
0.415839482215685	0.433284897916575
-0.547415277668262	0.572744041726161
-0.718968948518057	0.73956749649396
0.167914135238197	0.102505621452267
-0.064232492036837	0.0279678825605393
1.08387550880423	0.665894319793732
-2.90873152428021	2.13582185186316
1.24688829708568	0.858302226645188
-0.081224408583718	0.049507726285328
0.35764003957787	0.179701956608891
0.532920813071289	0.194317875052133
-0.758119547123376	0.329448468683984
1.07245852247388	0.525502924762952
1.58141791457346	0.800800960739081
0.533173376017961	0.194273902958868
0.684166425855201	0.593248369711001
0.360308291216518	0.180574004567324
1.05862102531326	1.22070836433298
0.291708511655392	0.209062402298477
0.332179683461885	0.183419380229273
0.00874473691560668	0.00415715187384711
0.951068956779815	0.638350026700091
0.201800122395334	0.230537568570089
0.379925998908799	0.540822908865683
0.391453575046165	0.505908682534353
0.310619096790686	0.347260813313869
0.823321120528956	1.35564749332076
0.109443474310947	0.0854713077986862
0.970929711173537	1.38530576883114
1.3733084551538	1.98336405102052
1.53920206378264	1.31095613361249
0.853619695488975	0.774327195722802
1.45664714037602	0.912224648129222
0.152187693302683	0.0732133598533572
0.450201326830835	0.323285064306367
-0.230237114059814	0.114110846144498
-0.105363808146769	0.0749880553006701
-0.279912983878587	0.175321776373869
-1.79871038278164	3.09429312611689
0.495668390452175	0.439942607277459
-0.460298515586324	0.384499560305348
0.313160615872122	0.20191569764531
2.13165427926266	1.4950041604036
1.57142042382148	0.792092744955046
0.14568623297438	0.0562432171381234
0.784961804144106	0.46733449196189
0.436027406346174	0.310625337616158
-0.76880018659746	0.338169685372849
0.453634113803551	0.184221946709376
1.03755206316161	0.397862674763024
0.82679228746987	0.353192581099221
0.150202268163998	0.0648573533397257
0.155185700367323	0.0746059322887215
0.428511958058758	0.323899377050774
0.305630639450524	0.209246796255079
-0.544854913009303	0.343691973849316
0.326347016645153	0.196323196405327
-0.244526995431983	0.121819712636151
0.419286120766775	0.315403557988774
-0.926303374517402	0.674976994061394
0.541002658552445	0.311115400570981
1.44856277304921	0.48606242352576
0.605597602795936	1.27035397782863
0.337055166864504	0.327213429532614
0.341101941422486	0.332178006901432
0.144124962106784	0.168964680148098
-0.0106556682524821	0.010037000297227
1.13114846233309	2.47990766975526
0.727271132561896	1.40098669200093
0.0439411744598397	0.0388933216657707
0.954082180772091	1.35538856202029
0.546138019686595	0.640097082223329
0.824989548733774	0.961885824803783
1.00111133355248	0.813997667217736
-0.400148505709449	0.225169915786821
-0.30808994389508	0.141296749731066
1.48135613313543	1.47723124688287
0.323627547557062	0.194517587566316
1.02709609341315	0.958668584961771
0.656335785447252	0.463861810979125
0.462642382174834	0.437202119725821
1.22668047059148	1.71331869554286
-0.0519437548969869	0.0324859463862382
0.668307073944187	0.687770837552383
0.0747650781585999	0.0482825117711839
-0.394458081705923	0.221360144243279
0.313293511289358	0.202294140204288
-0.718143294445899	0.249734234417734
0.853526973219818	0.62262860847686
-0.190128220853354	0.101698054514417
-0.306547851694833	0.141091468517231
1.95821793241067	1.23029143160035
-0.519276339586016	0.199029682930515
0.44990614258087	0.18283441542229
-0.223318216634416	0.0726168422578091
-0.489617073533807	0.255945220798258
-1.99040987314967	1.38890063757048
1.06995816232033	1.24448121252815
1.08405681609357	0.664207574298418
0.732512337640919	0.605321943085877
0.564917151934792	0.446877618835201
-1.04014244204151	0.825746148014043
1.4318272838374	1.60332112306871
-0.688399942468647	0.481005475042478
0.44990614258087	0.18283441542229
1.78426812564989	1.01067685352275
3.63434791751239	1.44945159012357
0.156852394577416	0.213862561693913
1.16750532505365	2.04356881605611
0.181342117738453	0.17741369872383
0.0220367559841148	0.0230411518940214
0.65101815968709	1.11588027749637
0.472446119541496	0.765800753870698
0.977975616395857	2.05997227645498
0.863091342967224	1.42266816476156
-0.141340160249771	0.111438961111921
0.595039608310013	0.730927881954301
0.828143401429418	1.06033708845245
0.0183476060306133	0.00990590695314277
0.777504416473273	0.606002436008311
1.3333439196305	1.37609936018932
0.064655699299602	0.0396829225180802
-0.227738629302405	0.147877297597653
0.300199430823532	0.215583056872832
0.447085268750909	0.418791905159126
1.66789826536998	2.6877354600596
0.641172519030329	0.673770800300293
-0.245360163278001	0.205151085265096
0.186128440796419	0.164517368644846
0.868547234716794	0.635015463407036
0.999380848908507	0.812321446026597
0.785581157825564	0.61661960606093
-0.275997551027494	0.173026328486252
-0.7684758491305	0.338314891656376
1.12109052700985	0.998714335833993
-0.148480471682227	0.0535355693108311
0.545342641516526	0.313362395375145
-0.51738992593929	0.197865775918006
2.11299392791548	0.960651035808599
1.28142676140688	0.714044054375297
-1.32074801468864	0.823705980665358
0.327948522157274	0.180460565319335
0.173208945315726	0.117821388737846
-2.3516486744557	2.11453670176727
-0.901698494758204	0.748839619253029
0.155011358181086	0.0745161753145504
0.494678278150416	0.440588077527457
0.146073687451661	0.0700968281384464
0.529305127913445	0.192443828592845
-0.0938338048752124	0.0373455016866652
0.697321459402158	0.329525637027289
1.45261356648711	0.488099477529611
1.09307353018932	0.671078730666605
1.04658485729126	0.401153754729206
0.274463169706612	0.471442455074989
0.612309059427098	0.65927795512611
-0.497181932975245	0.559787457235718
0.473783953514603	0.835374916969617
0.336689161361988	0.543309552916865
0.667084740097465	1.16020051412336
0.696338783197151	1.58315602563292
0.416842489305695	0.575800548280192
0.408518195866784	0.494654460600987
1.18114499565688	2.26970487778655
0.859518995169935	1.17742419912376
0.642667711851215	0.576365124425804
1.22833934077826	1.18872135170397
-0.793066468869573	0.519366743443027
0.793213109206073	0.622584435254156
0.951556998168885	0.931839820122608
-0.0169959136293974	0.0111814491839006
-0.696324145959571	0.608039847633828
-0.948955983907917	1.0002847052321
1.23296992746547	1.73188871127542
-0.27100764947323	0.223427352331746
0.306183793177425	0.340987517305581
0.657821907302546	0.700258006252144
0.997456712804916	0.809952629792758
0.339995806179773	0.188102734012081
0.359739237950821	0.180437255612214
0.532920813071289	0.194317875052133
-0.295469714501279	0.238805873478497
-0.190464114002734	0.102054117076289
0.826531590934318	0.35315888780187
0.66882031530722	0.214977617538568
0.160136994586442	0.0483380929433701
0.525669905031077	0.191020978232112
0.454310618377414	0.184224189396158
0.158680470934162	0.0762533430434728
0.681695863293363	0.586025720441954
-0.224756212669197	0.145397748888125
0.0931730532401516	0.0656978797094157
-0.421169891137645	0.360463754818697
0.0511586301387911	0.031403026420739
0.522729975053569	0.451831756921634
-0.0226015531930148	0.0107687879028147
-0.596437196437142	0.285696190208375
0.160915784427684	0.0620137122114517
1.08956248405582	0.670202865529133
-0.100196147738987	0.0398084260885434
1.30161196197691	1.64520056913399
0.838880784721213	0.357342794870202
-0.523937564968149	0.200510104202262
1.78742710423363	1.01301914410524
0.174091465770802	0.23328591074422
-0.00255650878059737	0.00172223707456666
0.342432379433853	0.342111953536864
-0.408257543352622	0.684809895573667
0.380379206508059	0.638917223404619
0.1032028733436	0.115080736343064
0.51668854032498	0.774190513561497
1.01036351239037	1.87656003507756
0.387698082839172	0.427159386881569
0.359080678414768	0.421699330939664
0.265630854772928	0.247483975073733
2.64420447865996	2.63693680908997
0.565880215010621	0.447165088167907
0.446646511478821	0.319481242354094
0.556320915579815	0.320760146516866
0.892254859594805	0.903383580139839
1.25979001644984	0.868658180023278
0.718761505769735	0.724300214023703
-0.477350979916778	0.404560164238668
0.202855692929175	0.172556843093223
0.479816508285977	0.529948730472636
0.614090509449554	0.571786016357061
0.60608379615425	0.456007048920236
-0.181794579141763	0.0968957600079479
2.11648743253231	0.961700591011935
-0.637509639132058	0.157280902410938
-0.303221842590552	0.139214145314529
-2.07423080807324	0.958838458573181
-1.32941732653771	0.834766722893349
-0.797630019168334	0.608678371274147
0.300988954093869	0.226974372457709
0.394733008520152	0.323683495361013
0.63763575961107	0.570529416373904
1.49900236752497	1.968117822622
-1.34090269133947	1.09655549511862
-0.241332764489601	0.11997925800158
0.781957646373698	0.46480733564468
-0.798160493230933	0.525641467402081
1.08351842666093	0.664065544062261
-0.215362013913717	0.07044095074977
0.49772181455548	0.311967249517152
0.159877043029677	0.0481664355066161
0.338044684044915	0.186665708643861
1.03882026472922	0.400114292850008
0.674530619158694	0.216431168789075
0.330870622086966	0.328238672769956
0.954306755731449	1.69925774943398
0.111921855136972	0.144517143936886
0.156420459752213	0.189615821227174
0.565627500067807	1.04702152183442
0.586720239381825	1.03961223158012
0.142631940811723	0.145996793027637
0.68741926778368	0.882193498751574
1.44165992568021	2.64639455844309
0.274460123691805	0.229095208902152
0.157960910869884	0.0903926919831199
0.841025276652639	0.759241404790284
0.991417195526859	0.803770788768745
0.428373466542689	0.324099626808216
1.30680062516236	1.80101714971822
-0.103889788962858	0.0608669783890229
0.706969657248949	0.817260326415815
-1.56377506389354	1.49858431238327
0.578650775229341	0.648829774929453
-0.0112708476734576	0.00553166130689533
1.07267469640999	0.524535991634576
-0.383554597260228	0.160100075105466
-0.222467913282998	0.0724627297340102
0.698193396238726	0.329229906727324
0.599249097496511	0.312230147266288
-0.757606825717428	0.331612302146802
-1.1614090613725	0.652090173543142
0.306606376771821	0.209192725367351
0.688229522275825	0.597545635217424
0.31458653728083	0.202628287127826
1.14024532357714	1.16145151764192
0.179266181733792	0.116436475446364
-1.09321449787655	0.743883074867875
-0.794856823216156	0.523244840793455
0.702468213209671	0.331111345805726
-1.51793915586182	0.550681864442582
-0.396421062608657	0.166418251931146
0.944102727079701	0.251755733219961
-1.14352115801698	0.352309794326609
0.33028007394744	0.19889995339578
0.604237797129148	0.316255710718605
0.162765853660276	0.0412041418868207
0.163169995607563	0.0413572276497282
0.273630668065871	0.286879193187371
0.323030991925729	0.349384890548527
0.122885664736299	0.188975624466577
0.113369707784084	0.16333622850825
0.613904193157024	1.28114144039274
0.697875384417168	1.39057295676037
0.353713842790638	0.489289540628113
0.43532062747365	0.588806333505693
-0.0265547775652155	0.0228580784980371
0.686253774392416	0.880023486058878
0.630626920332463	0.592039349788437
1.65813458098581	1.54620776214351
-1.46511559076519	1.30730554279099
0.979091723768953	0.783948768441789
0.853354734284904	0.622837924339986
1.70445229793746	2.28478090292334
1.64105806572864	2.37816336787076
0.871042607986578	0.992396198248249
0.259662955419877	0.246945913940666
0.38878875885608	0.317155439736926
0.540501551815156	0.310750490015793
0.157521902035835	0.0608139560500287
0.156755264990959	0.0538881191673598
0.699386914285027	0.330724088267117
2.11606579991491	0.959751440653106
0.357052984919698	0.178842660432092
-0.511241807082356	0.386068686439531
-0.130102056032751	0.0909990180118655
-0.0397670383251489	0.0185149747770242
0.478139762748299	0.439271677230466
-0.609452227728482	0.496599785897504
1.06378815672185	1.12543126702967
-0.239887152495451	0.156092241851987
-0.496224803719673	0.25981642241743
-0.782094033555847	0.42526016364192
0.66746146314869	0.214381150055683
-0.0961715583055109	0.0383226667889411
0.663780082904929	0.212878960831006
0.15881726178971	0.0904751610197465
1.11008665223636	0.982962636095002
0.462056553986309	0.187258202861856
0.67023417962338	0.214944722788871
-0.929350898865755	0.677600223780693
0.155684363036366	0.0748273790124129
0.525547554244554	0.190440029431187
1.03227421594306	0.395452205530954
0.939298703364537	0.250809511779044
0.146183166952144	0.166923724736331
0.31266979743719	0.68340427386905
-0.162720308656467	0.271072070346629
0.827072141488456	2.59619852018932
0.784441067817566	1.70228721852396
0.75823269726324	1.60479398408456
0.879180182432227	1.86480071035759
0.019024113128703	0.0172146948260182
1.10512608572366	2.07398121890921
0.642218353518647	0.678385089293271
1.13427595364826	1.26997644323962
0.652954645576512	0.461858084428406
1.7826301036523	2.19306387843181
-0.137583653286399	0.077375413272843
0.706472213498022	0.708172545609324
0.483524515840066	0.534764362153821
-0.0876633029050161	0.0534218486675337
0.697605725358338	0.32955924642601
-0.763835775071784	0.335755273843228
-0.972143806596141	0.482188714832345
0.323306878938119	0.193518922196189
-0.302276822900946	0.138726503938083
0.437045325807643	0.311803926997506
-0.0348377540735879	0.0224164949728437
-0.231135942488023	0.150199924041132
0.00124128649576406	0.000772237542766048
0.188880772133935	0.154610185490665
0.58518743518271	0.562599698097789
0.283936798169885	0.212397789154861
-1.01003062087302	0.904221791212578
0.575922835706908	0.458378496427332
-0.0964124205970954	0.0382984265100388
0.159873979297135	0.0482815097019209
0.905634207289545	0.489185732454232
-1.05542685266237	0.842560619361284
0.566230528020921	0.445979407496322
1.34068855477734	0.59651233156247
-0.723678625838308	0.25185170240566
0.0150352697459168	0.00821611707599036
0.145952781975537	0.027957432098957
0.275882539625167	0.230325222870742
0.44623247523426	0.606262868273479
0.299515626078239	0.582003478725276
0.224554825393677	0.346013063635814
0.377446735237948	0.677763397486259
0.139211773744998	0.19044858137405
0.81741856992726	1.52722196254678
1.10532265770687	2.15597758455379
0.677728525121891	1.00596758676405
0.0335567536274332	0.0289487064178681
1.00955105749653	1.19783799984946
1.00477448504991	1.18964191060029
0.16163258684927	0.0983820716554902
0.0351687200366753	0.0203709936868041
0.683311170996503	0.592172797959774
1.4963775250772	1.96641082804244
0.501946702708224	0.315693369419312
0.860342160795595	0.630941714876874
-0.00807611334718989	0.00397756313916074
1.04332248971287	0.402005344928024
-0.390372944096083	0.16346363047257
0.162070178892022	0.0411144637566376
-3.46548192503542	1.25708114187766
-0.0594483296092192	0.0258669365265742
0.503553390002889	0.316657973982386
1.22351707568996	1.17729958826725
-0.892924557564565	0.822951279261015
0.27700669122713	0.246196270583975
-0.889975204156055	0.820501424922913
0.312622500475513	0.201580220462138
-0.0610565894553378	0.0265757390658971
0.0583240234321813	0.0374523223111618
-0.250213152399034	0.124966717580636
1.0872093540049	0.668194289681844
0.827465419165181	0.353580301177974
-0.510471133847125	0.195363258012676
0.147319030981638	0.063499710653736
0.85448990706853	0.774781138088004
0.609554700464912	0.31948996421209
-1.13907413243892	0.350415838742694
-0.019875407712832	0.00950550844027685
0.536431293429806	0.195654703291124
0.0874690846529441	0.0935201172905556
0.165373098047093	0.311794240091195
0.66686416020449	2.04951641811375
0.724983456133013	1.89900173251095
1.00747290761744	3.52830111019004
0.785688124506617	1.91193343765193
1.04895151895447	2.41219132690996
0.559241498943299	0.800970343229588
1.923893795624	4.83020949281223
0.903782682428297	0.917552139222265
-0.39531985637339	0.22184461040111
-0.340955133888885	0.242289224922639
1.14121791745024	1.1623359760457
0.842005601743705	0.881852240498905
1.11497032536365	0.994713971104273
0.791666441355457	0.473267771543649
0.883083605232509	1.01405757672588
0.299911302133025	0.215952070015528
0.143168442406181	0.0551544686698388
0.445854748443397	0.18074029488286
0.612508410935841	0.319695487364326
-0.22040475323253	0.0720313901877078
1.04332248971287	0.402005344928024
1.33644359895306	0.59421767565385
-0.773130586609426	0.339897719920206
-0.0507210729739425	0.0317420413521196
-0.466057176348786	0.309640914596391
-0.191830522609346	0.128224235225354
0.406607192070174	0.320454808216278
1.56778235162501	2.58541733154257
0.680766097759598	0.587670050494856
0.478067662416504	0.324145379051176
1.01740877404948	0.949780128233006
2.3710646982617	1.20386218420009
-2.28146206405933	1.17035518017606
0.162658669863083	0.0488809126815502
-0.635886909613779	0.156604724964807
-0.143852341471153	0.051846614986871
0.17239146254649	0.111729744906182
0.450250312571145	0.182923552644081
1.04159933206917	0.399425668548248
0.803278726459793	0.479608458733618
0.604937360702037	0.316087466257854
0.618955871343529	1.09517863785834
0.0232264489931813	0.0362634855216935
0.961212390807508	3.59938834955807
0.385812877303103	0.896727026403531
0.461125570269041	1.05070477731169
0.647019211663349	1.3584790755545
1.13587900773797	3.18980387491443
1.2217743233473	3.15122299870354
1.74699938134058	4.62057657147295
1.06926385074727	1.57719888948732
1.0642600515877	1.12511835846972
0.611841926905169	0.569391245001384
0.513612601651049	0.441161296545293
0.923074972173505	1.02733977847179
1.48443582985228	1.48217428293866
0.303057710755294	0.206717827960134
0.360769935960504	0.181034369796747
0.142166351691189	0.0681155648802882
4.5673953619983	2.62086200354908
2.35853943898821	1.20119104492624
-0.602350235765865	0.289450324501005
-2.46715831290454	1.3908336921426
0.400056695131092	0.181218684794906
0.319027654363268	0.205652428092718
0.811913326454106	0.766858822675813
-0.39401439723117	0.271536307127595
0.682673896651043	0.590973678385344
0.17403456921884	0.112930738575842
-0.327912895006766	0.293908639718461
0.786353371741942	0.615820684715688
-0.607770193111214	0.495888516822035
0.339995806179773	0.188102734012081
0.532920813071289	0.194317875052133
1.08917438472604	0.668329531418554
-0.637509639132058	0.157280902410938
-0.307431188224233	0.141037158405771
0.00231586569393245	0.00103243088256589
-1.02027673323395	0.409478238556457
-0.211324638578633	0.0690407324292403
1.12016539922681	0.998859793290849
-0.613278701616484	0.29483281716489
2.75257155834301	0.787872112571947
-0.637509639132058	0.157280902410938
-0.636959492719679	0.156887069567616
0.66957124715326	0.214831928354538
0.619513834441894	2.85972503380518
0.501640698197097	0.912872065115507
0.405671159991942	0.792694974434509
0.0490071512898598	0.0885422704877863
0.776252907551096	3.23939438996481
0.546883446594538	1.66215705948455
0.7598565275145	2.78715308413605
1.02757927406242	3.45647510671236
0.457985924764514	0.848380219992997
0.961753220090535	2.30538169315666
0.818864004267741	1.6865123812176
0.30135515694831	0.206066854353954
0.7143295902238	0.798762346915092
1.12062803867151	0.999198494621731
0.172757107836084	0.105903451664369
0.410405604339322	0.338659498648543
0.529005378130562	0.628338076544281
0.342459386232118	0.189593956693214
0.991393577547205	0.804789926690722
0.150991462015939	0.0724140145233077
0.904058712902593	0.487702980431617
1.06878451319165	0.52227277850506
0.702895626713881	0.457237225826845
-0.344362382759712	0.100549162971635
-0.142281904149211	0.0514291489901802
-0.230647797596512	0.175162300939944
0.178907688552253	0.157604872763221
0.0883686636533658	0.0623140814293037
0.199565943568089	0.174166160998737
0.961693367486081	1.36844698795404
0.184263243921873	0.141756070018304
0.298888135768688	0.214673675419741
-0.933236611033245	0.680655497094375
0.702405007184288	0.456798446301771
-0.215102781729368	0.0703679315225032
0.159825702589389	0.0405961444844569
-1.51942044620827	0.551189226731038
0.360823393862252	0.180916774087638
0.922231093629678	1.21892871288424
2.56848897433414	1.44727442621438
0.156755264990959	0.0538881191673598
0.399478512631254	0.180913521601348
-1.0272685011115	0.413655990175607
1.44637717898614	0.486482829772734
0.157633323445896	0.0401249768572365
1.95373899190972	0.460332693481441
-0.344362382759712	0.100549162971635
-1.14602109676128	0.352462565358244
0.159421595053514	0.0405224643025682
0.556589505573683	0.321164111315679
0.664222224803941	0.213409026485109
1.03806395636365	0.39882502542582
0.499932183845614	2.69490881609759
0.361103513982774	0.81071059738003
0.202138663799968	0.572043181674702
0.475913269834672	1.71943476674683
0.949618054870869	4.88979099095043
0.755514262269594	3.3348880509221
0.798423161185726	2.51539557883672
0.981614710007591	2.95200618867367
0.997784454142848	3.33154854441763
1.3388522854662	3.80140625002782
1.12125686532458	1.72352970978168
0.495920695631489	0.442029267384035
0.107250634386192	0.0812933696921156
1.50763876428563	2.37852184435496
1.3743905767845	1.9812580051127
0.604851684178222	0.66895030891123
0.905215327638907	0.777268043914138
0.951754540456381	0.932138233889257
0.860643458937781	0.629139577215915
0.320432858235311	0.191972859049035
1.07649484928629	0.526842873975153
1.52247878831407	1.28703855544989
0.32952584402813	0.198192440007201
0.705160397971455	0.457402860432901
0.35904271351345	0.323279813114803
0.0688465696632708	0.0599538921146899
0.922703744056834	1.3331820511209
0.831046652431515	1.067530942003
0.601671001853833	0.667412028440543
0.866812537912273	0.988866207595002
0.958643588755898	0.940615527652241
0.706464164637721	0.333193277832301
1.57981526302213	0.798204506146012
0.67065498417138	0.215487616922184
0.454050093962923	0.327262279467944
-0.137136416935633	0.110320357597812
-0.391537693060903	0.164334140548253
0.940922493736804	0.250741724034319
0.602229096741807	0.451949129889317
0.333376281989536	0.183409682112898
-0.342526998757891	0.100043172269755
-0.217062344939073	0.0708765351682746
0.938786187734731	0.250272333462114
0.665301548139678	0.214168982585133
2.11501415724733	0.962307404604812
-0.357239818178673	0.104004338129011
-3.08660653838605	0.975157312690119
0.140400083006098	0.0271488262218611
2.75057603691244	0.786424841779512
0.663780082904929	0.212878960831006
1.06933690227919	0.52417571767679
0.693625748437534	0.327219531188027
0.0272947142533357	0.0641790927362442
0.324177382295716	1.20192240995883
0.446029244227356	1.66134460117581
0.75544213089288	3.23394833218853
0.29875740681344	0.702336501529214
0.443236346744352	1.10214908645036
0.470435501096786	0.910888186595001
0.575224519489038	0.876785610368681
0.258166124369433	0.299458869709623
0.152034576503148	0.151904941009259
1.13895269763643	2.11797094163185
0.597529164863731	0.734466692346101
0.159399712618924	0.162606889779606
1.08992566706754	0.669338362870081
0.716671841868323	1.03969275607664
0.488619049943706	0.620895710510078
-0.099255714781625	0.0891727875357528
0.520576192101925	0.556150967679058
0.513925230218791	0.441527208596045
1.0997905397999	0.825427192030561
0.550659418763504	0.317586208200405
0.348751742671736	0.331935497412228
-0.0683064411473621	0.0295837505271135
1.24104742275096	0.852626586985952
-1.34917903217387	1.10519652782624
1.96825021313851	1.24186341196235
-0.149074022216404	0.0537217230515229
1.44816685557941	0.487186600500996
0.153579839740872	0.0463985633570496
1.06906023413505	0.52399481001835
1.45598541563742	0.488399771900037
2.35853943898821	1.20119104492624
-0.211850105553722	0.0692255268891727
1.81965712946419	0.72393570375632
1.34068855477734	0.59651233156247
0.956564563080715	0.645360511216242
0.353235260193918	0.17695553156328
0.943029051172106	0.251479485037243
1.03957617416576	0.399643236692894
0.256414758711214	1.09732246459184
0.05514435884979	0.134383902352639
0.399024078027069	1.36816183456326
0.726609754091383	3.15781495842029
0.22993577779486	0.511893104515757
0.349176295591246	0.881796053597918
0.338812895383644	0.746429006176914
-0.0944764968620338	0.117420986544379
0.815549661718934	1.82093406330964
0.372557036309155	0.62417722307183
0.042140735613457	0.0443221956059522
0.44234964209055	0.672400137477821
-0.0880094109513856	0.106879631642857
-0.13911558136426	0.22337398017055
0.706107125576609	1.16473185161791
0.244990329535167	0.27140050672309
0.191205769564964	0.199808794847739
0.250462473563267	0.252836094838995
0.146638046733591	0.143374312654867
0.317230055161399	0.326736532904271
0.150130500435017	0.0788928004386934
-0.0615712103035063	0.0267830291995861
-1.10179416358793	1.30062286073297
-0.470324214264506	0.312349564425169
0.1589083506524	0.0839001886586255
-0.649698769850508	0.382180718222423
-0.396308032577818	0.222478662785956
-0.0302324050402722	0.0142362638260709
0.661014028065539	0.212332873799895
0.355304073975485	0.178249558782822
0.531946232023591	0.193886067853674
-2.05871816678885	0.947057150487677
1.58814804457407	0.799450073453897
0.902685884079747	0.488818967405717
0.560311664620889	0.322362588916999
0.698213155936331	0.330003570818779
-0.494260684837984	0.259185288220802
0.332504605561668	1.14165065006462
0.306510833822158	0.835750445431279
0.654929959597627	1.72176504697784
1.159010198331	3.31366761577929
0.369601252625536	0.66746503068678
0.133411910759519	0.209575583324814
0.314488974305567	0.631849399946544
0.294719852881172	0.718247466671968
0.322542261723896	0.772962799822314
0.376165141609156	1.07667958569687
-0.0999432834429548	0.187207735381645
-0.169126074151823	0.341406283522507
0.31350113602733	0.887026085681729
0.312318362088447	0.431430006940256
0.887801566843777	1.39064249514174
1.01078751509755	1.50062121730819
0.267316473394238	0.213916155149975
0.191237995774254	0.196285537724944
0.601721546476949	0.666100769628141
-0.401884513747297	0.226868914244496
-0.90503410661521	0.752385657569822
1.56536355002147	2.15613714401134
0.103141987316999	0.0802371196498475
-0.0778279152315728	0.069878144880423
-0.105266684833021	0.100903496057187
-0.144356986135983	0.124450284619378
0.264618407148674	0.240077314486022
-0.0655203430479374	0.0544254813621187
-0.352653299632607	0.336486291175768
0.136027410323436	0.121215573353778
-0.339153421352085	0.34209685334462
-0.255948814979577	0.26551280534707
-1.4130927877929	2.0789082796156
-0.138788437835559	0.132613114185323
0.352799154927905	0.335907235107689
0.399395432916392	0.180941848521465
0.955865846426414	0.645138786116778
-0.0573143599871411	0.0359065708481134
0.0891381540676644	0.0833369170227892
1.0357472758576	1.33518638947874
0.294468687829021	1.16448193508696
0.0456243451371522	0.0942801141136398
0.679858334295394	2.48439567756962
0.503193778938101	1.24848502706149
0.0238913621421641	0.0307004966625198
-0.0431890332022027	0.0625973975634896
0.28467049415324	0.554145659804169
0.258590178949741	0.499077870732469
0.325869986641843	0.644517561090342
0.605179821457866	1.69777974896808
0.354301196039726	0.710274434083498
0.659861204884041	1.77168907866874
0.248304715350514	0.509461285098023
0.255533143921493	0.310474267124001
0.202174376320008	0.227998957354733
0.462302363012064	0.602754057469672
0.462007539658988	0.600808729375486
0.505701260675661	0.535659202023161
1.15501969153989	1.42446460233854
-0.16307990780848	0.139303962717586
-0.0267072920193755	0.0172072568366007
1.08074254642911	1.36058086728903
-0.0964124205970954	0.0382984265100388
0.159122325410511	0.0480117921042768
-0.0621711253648776	0.0389839854501508
0.182620404181613	0.135206519087676
0.728644697526315	0.602173212638645
-0.0352061130218284	0.0165233825944049
0.956851432872258	0.940551263728788
0.0477549737820131	0.0292431640551532
0.309712813601641	0.199114555255166
0.154760837461693	0.0743581412459133
0.318342570582392	0.191259513258791
0.444749271645039	0.318260522671343
0.67535090480855	0.581425785283059
-0.114673162663952	0.0674685728627767
-0.136723771902056	0.0955306876056932
0.0618857309730193	0.0399107684080265
-0.215362013913717	0.07044095074977
-0.301626583316367	0.138288885837996
-0.143192097426531	0.0517517934709728
0.655928648748	0.591745690703103
1.10834072402393	0.982198522408881
0.297278555399064	2.07907110766807
0.210796788318913	0.922986600812042
0.448826475168204	2.17284469007506
0.0954882797869534	0.205867552178938
-0.0415555687186753	0.0813945110656805
0.42026097618198	1.16444749465999
0.129824764984818	0.222492379404382
0.169530252207396	0.319140296274628
0.129250491019431	0.151017381883666
-0.199325081527804	0.266933031757042
-0.348572330390673	0.435864718700248
0.279376003330499	0.387629433490708
0.336894461246053	0.441288232708444
0.0106014868556848	0.00870288890890013
0.754841595339232	1.30292780207465
0.336005201116342	0.342091966134564
0.557495734905807	0.79640412066712
0.418715226347606	0.511299117168937
1.3358722528644	1.3866006983831
-0.787309707596619	0.428364918737237
1.22978641257531	1.72456925614237
0.971227306951601	1.26840596874045
-0.972418210860017	0.954805523012029
0.0867491072332503	0.0588507700570294
1.11919158431658	0.998037152858076
0.408825704041755	0.337240771373435
-0.247380757694299	0.123566769371142
1.10680787629696	0.835302304144062
-0.08107523120524	0.0494357144911495
1.28789032580244	0.715877812193715
-0.514935165518731	0.388304331090059
0.825857711677719	0.352770911116929
0.855832517821604	0.900570340597456
0.168356947732378	0.102814238108632
-0.794262083784734	0.60735249351766
-1.45184427569333	1.29167014183961
1.23281262954238	1.34496609475315
0.1767545952478	0.125628426604524
0.106079264063879	0.567455808012177
-0.0197893806467096	0.0223478489408416
0.287474301638489	0.385509670973476
0.124510470775293	0.15572872698996
0.234930434159361	0.321077388134368
-0.305028962378871	0.437602566435901
0.567012063510316	0.448184954747967
0.47278811676171	0.319930110776952
0.100014756850988	0.0755920924907399
0.398566026822748	0.328039179540847
-0.092934400837192	0.0369622860694602
1.57606850871826	0.79709034488913
0.458321526621627	0.186318935304384
0.36025468552045	0.180780446415884
0.354787938222215	0.177952486493947
-0.606817672308445	0.292067119296631
-0.0559326090351956	0.0244445320452892
-1.14214562413243	0.351215554477081
-0.351420017354976	0.10254393356513
-2.0696598940996	0.958279455182357
-1.27099398512007	0.58063946719774
0.905133623203981	0.489997867598985
0.168016712657457	0.102883178646444
0.16677567930667	0.0956803930958637
-0.0945087687933719	0.0376036536917361
0.282580422495236	0.39303229084042
0.258022415085551	0.383508814580168
0.602242597575931	1.08780631899319
0.455324704825147	0.862642131295442
0.211294446710346	0.290086866094624
0.045302341472141	0.0492756129111192
0.531639357824705	0.436453895186384
-0.111542861206037	0.0656813570445556
0.614770314401723	0.662999412930263
0.0868952731121576	0.0588701274416829
0.33334605887801	0.183473823479093
-0.303554860262983	0.138860813462372
0.163812524192532	0.0939045844991736
-0.24296636635314	0.120533646154352
-1.48400802964695	0.758811048932772
0.529432153744825	0.192266746460986
1.07311908937101	0.525676834317642
-0.215362013913717	0.07044095074977
2.36205785403792	1.2049765555766
0.159035230381225	0.0545136336490408
2.36583562246454	1.20445545730364
0.577885807278498	0.460081857843282
-0.0567659984943519	0.0247795591061522
0.485573733199711	0.447906566964106
0.461744346424687	0.451094852087079
0.516831012927539	0.807334052385102
-0.149722808621067	0.173156445098561
0.246881100556149	0.350640365627951
0.182942305057199	0.263915141881049
0.942626648436809	2.11376618160575
0.534669834132358	0.876098484085405
0.247142736797088	0.282208561967635
1.09847140236298	0.822094948048725
0.443007887198864	0.429502300449979
0.669903363513283	0.215634804708644
0.399725684178655	0.18119345596336
0.609019974615804	0.319130134428792
1.44707333879815	0.486882965382531
0.147573436608163	0.0707908776293756
0.155816413428406	0.0535628127143977
1.03781437910079	0.398727726172423
-3.08605931477026	0.975090216684496
0.456124834919805	0.185373171183353
0.693914859442229	0.326364127277041
-0.545812685157561	0.344455458178628
0.902376967423749	0.48751279559689
1.29109589674012	1.88885053019999
-0.0350059487998603	0.0224403929668945
0.691984952467033	0.795567765683655
0.134538245599549	0.152216696341664
0.0649449559554606	0.0680045219920424
0.468955589799674	0.733140912224827
0.70755815139751	1.60971258557513
0.360274726483464	0.553567027849604
0.45376817801415	0.610484905303575
0.457023450517848	0.579843508639273
0.790885546110451	0.622201721894898
0.841649030088108	0.760681652804597
2.36108815741373	1.2035255309015
1.33268267370684	0.593331252982876
1.03983213015104	0.400302023323061
0.158104109918261	0.0476970098800851
-0.311206443575002	0.143105967576224
-0.212568324340494	0.0694726774908008
2.35490376732089	1.1943465567601
0.645384911609513	0.929254839545519
0.88233555448136	1.38117104733849
0.680841274125462	0.870510162472018
-0.0365299665514054	0.027587262404733
0.344918259319867	0.416860458407353
0.394667362257972	0.510748341750839
0.380565652315904	0.555423960173679
0.335715093937787	0.445929282396396
0.364883860675144	0.544316261739541
0.5554753312658	0.832496669773477
0.0142354207019559	0.0123197403943201
0.67065498417138	0.215487616922184
0.152932126304545	0.0590527335598744
1.45372554333496	0.902385452017612
0.665301548139678	0.214168982585133
1.34043600393144	0.594175726923913
0.611634475279002	0.319433163220304
0.866007541119027	0.635291010901564
0.546551815291928	0.859904816017007
-0.441202984957604	0.601981593061998
0.896478747385671	1.97458756506207
0.165308218157846	0.191640293051341
0.211348482957669	0.283663639888438
0.140148876700497	0.173883986047127
0.275560692440808	0.414973270773743
0.230054710284658	0.301506141216854
0.335254892764219	0.423516668587857
0.903955115544546	0.488999995792316
-0.139940820364634	0.078771422234057
-0.405170664827009	0.228244590216382
-1.26549119869759	0.575887232891104
0.797220086536364	0.475625736729254
-0.150006579367621	0.0539918720347113
0.393991760751377	0.323008458410795
0.572408106409272	1.10547186070975
0.361296780798784	0.503359219234985
0.318921456797446	0.430316503678921
-0.116202247370204	0.1341515376239
-0.0927814271566712	0.101418022589679
0.76398885601498	1.32660218645283
0.167586705296922	0.213677804450228
0.0695565219677218	0.0594053196316531
0.447346948782855	0.321052681476979
0.95079852112249	0.64064001368194
0.370924527360686	0.185643682434895
-0.282933454522826	0.204206685644447
-0.497209819109262	0.260429946465431
0.991370923902163	0.802078589190151
-0.601594727395623	0.288333229592338
0.419127809593604	0.331170755638651
-1.47333127405897	1.02283390380658
0.904233494515599	0.775936904339842
0.120853817136627	0.190079389635406
0.171734917751635	0.254417603618739
0.146408554407824	0.211657287933928
-0.167378058263312	0.23606091899668
0.29293898942875	0.473955980402527
0.365604954619034	0.439012115997552
0.562239367243034	0.711371158080306
0.572114664668336	0.642990554406082
1.06989638322348	1.57585035530566
0.971990717323522	1.46362276885788
0.54791107771469	0.453579988453881
0.590064304855307	0.568904948529641
-0.228096591275224	0.206896025415994
0.995535515553678	0.806055008679695
-0.064232492036837	0.0279678825605393
0.379853129611434	0.334288460752573
0.953972682987618	0.935945251202591
0.453971605986436	0.184766637057688
1.27876523122903	0.71155099017836
0.138088965823883	0.217918074167192
-0.0905454875373632	0.110242621552496
0.0201620560837835	0.0244627140419546
0.0694774341226858	0.083043377414346
-0.0494730342606124	0.0609369973383445
-0.00480900007481231	0.0038037490785064
0.82522162222027	0.855301674173925
0.531357423835818	0.435739847807793
0.672481509697726	0.693810830567245
0.720611006509021	0.592113243028797
2.57473957584318	1.45377378101776
0.159873979297135	0.0482815097019209
0.102745354721332	0.16569813046311
0.423899386067867	0.956781522665283
-0.346220390050746	0.714402990456276
0.0138367166730736	0.0171367758265241
-0.37416324365037	0.775235305353922
0.501436876581366	0.841782833774364
0.28461160601944	0.406994455258053
0.497960982208824	0.541050250829592
0.494893134274821	0.30975344467199
1.04609558583464	0.401272374614787
0.596455925893294	1.86015711781846
0.299866333260632	0.629582582757424
-0.172359069438577	0.317014523551094
0.0775993515149887	0.117830808117486
0.279463259120257	0.561786292704854
0.438593295547761	0.753054246762479
0.0425093450001819	0.0418646036403225
0.596553378637521	0.731489522807988
1.11497837302977	1.70815897377151
1.04776793803329	1.10027708407794
0.350214899650652	0.861763707336952
-0.0350143216647151	0.0463797386972232
0.464971380836829	1.18421374194309
0.0949809974617903	0.141891919719451
0.101091899252422	0.146147437454678
1.1146039749285	1.70199999111611
0.703461237933183	0.810767560807748
0.557907532877483	1.55316471940843
0.388279163880407	0.991423847929159
-0.0430426604274344	0.0656058962590174
-0.05578591338625	0.0882756901026756
0.320293208146763	0.717766911408721
0.0758145704887426	0.10359449730707
0.064710402449709	0.0951018842842561
-0.271109875138854	0.502811958660683
0.264409421098572	0.534178152543587
0.512395950991017	1.07493703382022
0.40936062818182	1.14769907019125
0.291694861420601	0.578341913875449
0.208861748233535	0.406243584776114
-0.272182354595604	0.553046455135354
-0.811259992946895	3.14563502971663
0.739541736004289	2.10405743809109
0.517782694461206	1.19621130833891
0.173916895558551	0.486875954438165
0.108476028879653	0.230702699073368
-0.13249488281724	0.300525977554486
-0.639766706672558	3.09275946074438
-0.672929921228771	3.71216050555272
0.42176208210622	1.15908218786775
0.79831978444606	2.9659945374877
0.818063139458355	2.3285795925819
0.36346907145326	0.799355781214528
0.233833563304961	0.424923963179198
-0.311481496738641	0.718434547173841
0.483879724278718	1.40587529052441
0.392317629555294	0.911299486715787
0.449145583907698	1.22871485693105
-0.236424741907921	0.5168794967389
-0.0627940880254116	0.124178491917253
0.473952467821202	1.58684939544372
0.0794710133503278	0.155501199172941
0.0402290923517652	0.0848247998903563
0.166474788611255	0.446144318362201
0.124067165613918	0.329423165912755
0.141812414072205	0.377418448913841
0.120958370724159	0.311776421184889
0.0521963700457694	0.122784152234725
0.274157247930211	1.00947107502475
0.233979129247724	0.884161284655153
0.316016339139014	1.3023958126936
0.0930316815892503	0.276362696546045
0.339048209775165	1.64962469420308
