x	y
0.479935386625565	0.607831126396164
0.66582399977976	0.681802308628205
0.200964729702519	0.175313032131983
0.175522075487979	0.138581103171904
-0.114149180019718	0.100183019458839
0.189032808678628	0.129285490151809
0.169570059255324	0.103827899672948
-0.23862089265837	0.118936662664624
0.64738749104888	0.455858192688677
0.535711132992892	0.195347083049004
-0.0549065563738587	0.0240045907774995
2.56938090119753	1.45340677901211
-0.294225829540707	0.214203732750662
0.404739428250667	0.182922855993577
0.682142962157369	0.589239962128158
0.320286008795791	0.192696667973356
0.469641334367306	0.316657529606066
0.622213846315661	0.580623902287345
0.0114789865542896	0.00633824380350295
0.713071673811484	0.465211543625154
0.281046490083278	0.242967207280271
0.541718290379273	0.449252920291178
0.702405007184288	0.456798446301771
-0.0920417047697756	0.0366750242689807
0.318966870685964	0.190713542845024
1.0715899972797	0.524905641598542
0.17632792940828	0.114351715966924
0.95291157656234	0.931752905788755
0.14568623297438	0.0562432171381234
0.152956624309067	0.0805386046059514
0.164103597751223	0.11081034038763
0.646238771236382	0.453711322090233
1.40241061949964	1.078726443548
-0.225296215845777	0.146057827324196
1.39513850923507	1.07111352945649
-0.64563737217389	0.379827877729799
0.172258327292491	0.111729464135829
0.146578316896476	0.0770847459220663
0.840772909035421	0.881038217508317
0.149235500598711	0.0575404098935623
3.6299421323806	1.44791106405995
0.152108068416228	0.0523180707573953
1.02427274316028	0.958218335593588
1.11348469248618	0.991118024036411
0.286701857184634	0.223694062573652
0.443661006420948	0.318297290964633
0.652153430856746	0.459241970420743
0.60275883980116	0.452087868670687
0.145269564101328	0.0628285892375078
0.661014028065539	0.212332873799895
-0.723407361182732	0.252081836804318
1.03780816129706	0.399548214209553
0.432206723956208	0.327564239127557
0.0692482780898452	0.0447272953323144
0.849147206518146	0.768600610920883
0.851445754029348	0.620528185437934
0.86979601641214	0.636698184861922
0.363370195929265	0.182879847680227
-0.0746381985870763	0.0453707953872706
0.301104978367915	0.205600308738691
0.616741571044913	0.574627386457329
0.293495869199134	0.209710131495334
0.422962238664533	0.318814356544785
0.446161594444449	0.18120488602564
0.145952781975537	0.027957432098957
0.905163956247217	0.489198405882778
1.07729188319234	0.657628084112686
0.551156598406749	0.31817268818617
0.297894521808927	0.214193153672555
-0.794372951010381	0.52326845869555
1.78124037687442	1.00799019464972
0.606667400401563	0.455839597166835
0.991888010934319	0.805067424038229
0.953886497995568	0.935030379137382
0.719225989577454	0.470066920666997
0.850605624557768	0.771648295324867
0.32393788677996	0.195175235304507
0.300437728123476	0.215765627166212
-1.01380564257957	1.21346399215142
-0.547785753853025	0.457527873727799
0.418463572541513	0.331203210117886
0.794641111860536	0.855533062602539
0.40117090037606	0.181917773205401
0.145952781975537	0.027957432098957
-2.58142672375403	0.684312616488773
0.455788330014537	0.185537184077034
0.0602790311937603	0.0369819237974927
0.44993261268141	0.182659347852875
0.538278487292618	0.444651530469363
0.294049796512608	0.221382946104968
-0.807826425031867	0.532469754228139
2.40644036863796	2.04269880300832
-0.00152604884669875	0.000809521667890013
0.42025368529702	0.31623995557092
-0.0302324050402722	0.0142362638260709
1.40422470153929	1.72302519635374
0.154882952293707	0.0818284822155709
-0.236470249223594	0.153702096841306
-1.52147268994478	1.70449001836137
1.00451072387041	0.817070021245247
0.310738819847301	0.212492425544704
-0.198009769030882	0.132373417751013
-0.33393844446014	0.236375321055892
0.783246642620432	0.834292088677031
0.171165209753561	0.104965403084098
0.573103185766603	0.454281660863104
-0.215822966582871	0.0705622923402569
-1.80103877399874	0.401412128456168
0.157521902035835	0.0608139560500287
0.158201355784223	0.0684006159770017
0.332542572618198	0.183437153682967
0.427432707395619	0.323222967324999
0.165563792092012	0.101051222963013
0.907399177816273	0.490889366366602
-0.161789770846816	0.110554166635391
0.570565265120019	0.450672503674161
-0.221686999664396	0.167719174045936
0.151428102042791	0.0799099571997973
0.312761253721035	0.187077862506911
0.691168388889775	0.600195944534907
0.60925961322063	0.458017705782646
1.11821855806474	0.996874885608732
0.445218912230239	0.318378227453754
0.160646955485021	0.0977989412424394
0.536873956217672	0.442982665985055
0.471696941660645	0.319289864048464
0.610623514981351	0.319298647770529
0.170574995476575	0.110502138754722
-0.187632123045895	0.143616607948277
-0.433259581007137	0.373849308082207
0.51774365682829	0.445841540645587
0.542145938086528	0.447753949020503
0.540501551815156	0.310750490015793
0.324910853662344	0.195823752179979
-0.925480958917926	0.671460073883177
0.358599584021029	0.179483304808204
0.799699848010055	0.86194992117606
0.319132521645213	0.19168883248722
-0.315586650371659	0.145139832350916
-0.523937564968149	0.200510104202262
0.310311621019214	0.18502506530449
2.95197797237098	3.65263621827369
1.23602447567308	1.03095963332697
-0.252213604743881	0.125585288744138
0.175917330073245	0.107730357454395
0.651694000429756	0.459528022471543
0.323325069221156	0.194200101136859
0.157492701637177	0.0829990764269085
0.473768265818249	0.320704347087065
0.308760461259719	0.198949904186362
-0.339698178639039	0.203661177728135
0.562474307723848	0.443088322772545
0.69392783840352	0.327256868185279
1.58440067816991	1.69875577280375
0.549104681302545	0.316817712556498
0.546845522271133	0.315244968605839
1.39412449719561	1.06875413635709
2.02448683053339	1.89498688306925
0.172091537645661	0.111639262603959
0.343733770782155	0.190424023116814
0.165334438241399	0.0946334134202281
-0.388726211155407	0.306222521913092
1.01493180349858	0.94494413836217
0.29674557027544	0.201596766489769
0.60925961322063	0.458017705782646
0.599993242313052	0.31304144808107
0.638915618631467	0.446073793448988
1.81858126562737	0.723163580138357
1.24972462939138	0.862593816128379
-0.481206490655362	0.250115710577724
-0.599761288441155	0.286854563757672
-0.795962786872403	0.522421538771103
1.02677231926551	0.962919481106724
0.854494606866445	0.623944227047204
-0.143110611048044	0.0806273798155663
0.290961592212919	0.218459191749978
0.33909711817206	0.187842268131503
0.464941519094857	0.313943427408098
-0.027296803807225	0.0129156129432924
0.338559195338213	0.187211903004928
0.795569804291509	0.625736317755653
0.778155739008785	0.60612449457951
0.458521557073466	0.433321770969368
2.74958998501656	0.787920507210083
1.45081573296225	0.488099054152683
-1.14352115801698	0.352309794326609
-0.146416073959437	0.0828233332983521
-0.520885654160255	0.199641734514241
-0.599339032800012	0.287128074007026
0.710291255156768	0.463602596639998
1.13849290405357	1.27395025319415
1.23273732350529	1.02292999293796
1.35334842293547	1.23236622528512
0.647367591963069	0.58174703322159
0.65712906159033	0.46431965339141
0.602387294504262	0.451652670451584
1.11954546430006	1.00032629143728
0.340535517211462	0.188739893487922
0.475022018998597	0.321726465878457
-0.185029014120606	0.123021652822849
0.954950392172311	0.9372248240207
0.646852615924251	0.582755135556556
0.415449169472562	0.328766976686981
0.550293178860189	0.457889007378708
0.833511471570992	0.355414175976683
0.144983099103736	0.027824125638065
1.07458183946194	0.527550268184519
-0.76475469664406	0.335510040816294
0.153405388703481	0.066400669654385
-0.0321398060985282	0.01510503999015
0.155217364873595	0.0818645656299229
1.23438738982092	1.19613488519677
0.024384457275046	0.013096928050048
0.3966958610729	0.179734062954689
0.541173094708256	0.448483108294983
0.147073700611219	0.070594298539303
1.09424073753191	0.820814251304166
0.30323390769925	0.206415857008444
0.160196637554601	0.0917566870308579
0.710814903994214	0.463427621787012
1.23244055563857	1.19364458784095
0.674197973069904	0.21591282907208
1.33813720779684	0.59634854680219
1.4608093844089	0.915576364774492
-0.141602354674847	0.0509570697773616
-1.48438048959655	0.758273432029444
-0.100417777052136	0.0399342243603807
-0.0564459193517199	0.0246515207764823
1.78527424162253	1.01072310997633
0.273522549514458	0.202269162503916
0.998217435543786	0.812302080008649
0.733845841900925	0.60650017497918
1.23463481691374	1.02795919944745
1.86052868695712	2.42088037046871
0.342784467092029	0.189795776461157
0.177017010248585	0.114624048310488
0.314946335692179	0.203159650802287
0.547807847794972	0.556667419246021
0.535231659650632	0.540353857390134
1.0469405122167	1.44306967093956
1.52661338316092	1.81103944742697
0.100357939393474	0.0733996295972179
0.436027406346174	0.310625337616158
0.444941001651978	0.180423459376096
0.787145114935791	0.468549558778528
0.45486238198244	0.184462273033119
-4.40826751910764	2.27298206835765
0.159576214720181	0.0547910896912197
-1.27495473558411	0.58335694060492
1.52620096438029	1.29029256005106
0.152685551756238	0.0734084929984919
0.156642905851941	0.082721958951296
1.24313191221694	0.850911218926733
0.44104207984417	0.31595424199359
0.305775552575031	0.208971066582604
1.81965712946419	0.72393570375632
0.286549328394641	0.232341856851769
0.157633323445896	0.0401249768572365
0.356335767465531	0.178399468566522
0.343796744632813	0.190554480523832
-0.00171564488624167	0.00117045342505593
-0.586868082518016	0.427311351501584
1.58544268719765	1.70399122340998
1.65537973728972	1.5424135702997
1.08722946237737	0.668191160058478
0.534356291607524	0.44100300016704
0.582091017526749	0.558232812653451
0.613754214076523	0.572707926017491
0.569913082447636	0.450884715914816
0.312471836875696	0.201181466376634
0.309729098140702	0.212141407477522
3.25819512813541	1.12540871646052
2.11927682222776	0.965901658271386
0.15842519427007	0.0542236904580828
0.141789627266318	0.0610423460633002
0.504497427641901	0.317408633007878
0.314730841544708	0.203258432782233
-0.603756718307244	0.491461236979324
0.145803712099116	0.063064274482338
0.788438454901457	0.469075856685387
-0.0348566021680098	0.0163520364881824
0.642227285077542	0.577339763057806
0.426658078400067	0.321430236130779
0.471256806806057	0.319298823933806
0.28415729824635	0.230501116074031
-0.395993057717121	0.272697688591329
0.611981506048479	0.569773816043899
0.424940942121039	0.31914311299422
0.787665672312999	0.469088222095856
1.44856277304921	0.48606242352576
0.537151068021291	0.195568545631627
0.901803463510536	0.488358403403657
0.544002426133993	0.31282810292555
-1.51833170548507	0.550474500519343
-0.469665592001303	0.31245349748265
0.525370546205432	0.453931296160572
0.951984196641814	0.639371549957814
-0.0896203330633693	0.0650442301074778
-0.334902946525941	0.200349676614378
0.438881108059667	0.313622926020875
-0.94317001991546	0.573523032490313
-0.888455468376359	0.817191747468691
0.154773833029129	0.0813317766789793
0.725525698782697	0.59802414558432
0.399500718608864	0.328617231911219
0.304147334658096	0.207172420272207
0.857819539842781	0.77963553708726
-0.0134316156733085	0.00887807872475221
-0.123273399145912	0.0859085244217955
0.472305503542998	0.320173532031229
0.698943983903716	0.607283046196776
-0.974967055362518	0.485654316649321
0.540211271112476	0.196620066482342
0.303435648440479	0.194670410931459
-0.789701262636954	0.430638498336157
0.199905395618086	0.1601736271699
-1.15501000963658	1.00072767280274
-0.236669364958996	0.154073065567329
1.54016903926726	1.30760187844759
-0.629389539619376	0.563661606931851
0.154828511265755	0.0883571756542405
-0.280103559339375	0.17554625123537
-0.235109648948571	0.152827311816753
0.544756408611425	0.314207232482722
0.156787221358011	0.082818245992219
0.290207921838371	0.235208209117547
0.918184341782555	0.79205570572481
0.292490761885531	0.229091995161283
-0.190359602674991	0.127000473595344
0.182539992492607	0.124624396434877
0.890889458998701	0.902207888182489
0.470657835676219	0.430658808167742
-1.55535938314793	1.4928734221645
0.716471603010812	0.469037951007762
1.45081573296225	0.488099054152683
0.152741804792926	0.0388565669192884
0.3255662215449	0.195805917505508
-0.0604371360718973	0.0263808762856811
-1.16623524550492	0.655529150841431
1.12705388048671	1.13704889971718
-1.48283389884717	0.75904802450482
0.303234889851407	0.207141145565139
0.0805041663085035	0.0543111070780991
0.443448986384976	0.317985404400228
-0.0179549060916582	0.011788356955404
0.298871793460694	0.224930657206564
0.567899868928401	0.56196989716023
-0.106922226988739	0.0762007663317534
-0.794446074105997	0.680613599872989
-0.273274873756608	0.170865746270378
0.41105606213102	0.324069653638746
0.790064451837198	0.848012318536341
0.645124049750904	0.580992074596535
-0.795334426050177	0.866287517358245
-0.0545600161338529	0.0341740352429405
0.186334762650335	0.148222374747213
-0.790867980286153	0.911193723367276
-0.997015144713554	0.887471938328167
-0.603479026089005	0.289395666824751
1.9546069313489	0.460412245381477
0.665618647197154	0.213793073260368
0.911386131179433	0.493899265865598
0.787665672312999	0.469088222095856
-1.02099438295529	0.409776652047704
-0.0998609074557554	0.0397194014457479
1.25450675296713	0.867539772639688
0.86187785771214	0.631228114572194
-0.397349683919971	0.222908107949417
-0.0270102443142424	0.0176986793126476
0.0475000384996462	0.0274870809647948
-0.252235918909715	0.187229413854053
0.649432868892234	0.687777594281685
-0.88759066845594	0.818163565356798
0.452237898072543	0.325236580714884
0.831532471342028	0.969877874962467
0.173316323659524	0.112393586051556
0.499155391656389	0.312826219819267
1.00935685310441	1.20225628054441
0.474625291121898	0.319997320917662
0.0643568086274823	0.041530130138622
-0.633608225083499	0.56689654782628
-0.391310011135584	0.269343979428204
0.843446836845731	0.762722780770551
0.00420690075628754	0.00270833392257436
-0.699774570043603	0.613524522532767
-1.26454224768421	0.575306259165605
0.942469249206212	0.251285156498659
1.44926079886845	0.486462370267577
0.824695798850496	0.352131315008219
1.3442219752886	0.595549432174355
-0.541755086163542	0.340844331037789
0.90149222883647	0.486933094007087
-0.791082982615651	0.431470369441462
-1.15315298613466	0.998758836181693
0.935762713918924	1.05026186341083
-0.127751814429661	0.0891212527747248
0.32393788677996	0.195175235304507
-0.687413051170857	0.480580623131871
0.72193932568658	0.812670621678089
0.295948800005151	0.222893501205603
0.475226787319365	0.436522530300264
0.180254376060465	0.128605613929911
-0.576254926310405	0.417732100230515
0.785581157825564	0.61661960606093
-0.398253027021244	0.348588381176258
-0.579762533170712	0.42214994664668
0.294497679913817	0.221190997374975
0.165707896013514	0.101295754358675
2.11927682222776	0.965901658271386
0.144983099103736	0.027824125638065
1.44707333879815	0.486882965382531
0.454257246607656	0.184850448579938
-0.10187025232764	0.0403970924449242
0.173529364367996	0.123330909508777
1.40564351874764	1.08308413644007
-0.271931688707943	0.169669941484073
-0.14455639105379	0.0814507871314054
0.314370047646597	0.203016773300792
-0.389133625135341	0.305978990610526
0.794276854422759	0.74248554722457
0.324621971717481	0.209844556112704
0.444774175849403	0.317971824976797
0.0120600284907868	0.00666868727556217
0.639481572183349	0.573083786059407
0.306729827148885	0.210339348188298
0.742790620868628	0.997710349916114
0.538194015598075	0.544387109076685
0.679374136399206	0.703318670093906
0.784057087477456	0.731739174040155
0.181841717484421	0.134964370451008
0.0795120881749917	0.053819526802572
-0.784670683699632	0.793413618853674
0.590264012937232	0.568943727767756
1.32906700078086	0.589900984861052
0.943029051172106	0.251479485037243
-0.073629491859905	0.0318585344192608
0.64958877931456	0.458149836560462
-0.0625892684852186	0.0392281398715557
-0.380353901734966	0.35918801762136
1.1557965173608	1.30715368873085
-0.681240827424993	0.475292627612083
0.47988600242316	0.422452848034386
-0.38646146972954	0.366837782546595
-0.112915809520644	0.0664245631331549
-0.507193366245946	0.381684167435179
0.584399147344235	0.465329854788165
0.284756704226691	0.22259886013156
-0.862662822372833	0.925945273091576
-0.196048694732208	0.104959534513664
0.453216654181854	0.326052536603236
0.856009716638426	0.62374191218761
0.264048524822431	0.239379828291677
0.190825513900235	0.14716947285504
0.477444386731962	0.32374783748248
0.792428794097881	0.62267679664098
-0.411697093530895	0.232321095443216
0.156167882849855	0.082475900899541
-0.144162513711902	0.0814436541723344
0.188274104132569	0.145245923001539
0.301902672372845	0.206418481661569
0.486017266906134	0.448595564658499
3.25604250889092	1.1220922045732
0.44931180259087	0.182667658684816
-0.676942535691851	0.469998033460577
0.497730800777822	0.312148795064871
0.172375877928783	0.111800770135514
-1.45520356602572	1.29322099440406
1.02304963170998	0.956954949173488
0.784180000652832	0.61238732824815
0.400726919345249	0.330043372715986
1.11627486766438	0.993512381005872
0.785735333022729	0.466822240876726
-0.0707187469957661	0.0428705052072735
-0.290078073028681	0.210796532459232
0.590071860696632	0.567667866268395
0.0524921546569301	0.0322259541407467
-0.393298856629909	0.344445401322366
0.580796609113417	0.556725189323795
0.792130366738636	0.746497639391163
0.342322455418604	0.189293575895679
0.187179497347727	0.127783337506144
-0.00385834876160291	0.00192231690807702
0.01512950613182	0.00827232449090868
0.0878227764249873	0.0618429253972131
0.568135517774255	0.449979657766
0.329791506914432	0.197938769325751
-1.25857797700622	1.17107584694593
1.33147918721812	1.55441616024128
0.869960096324472	1.09393905879697
0.168907718078981	0.10920919625509
0.950157634250543	0.930472278597063
0.346344061912431	0.329032566062268
-0.607770193111214	0.495888516822035
-0.229443864169549	0.173787352839424
0.288412583629631	0.216285992253343
0.683008224767901	0.591849332688968
0.174864615938836	0.107110707358096
0.0584807948336731	0.0358549818836602
0.172943329232217	0.127425758657908
0.167622784197039	0.102097148882877
0.397670233792591	0.326676527447607
-0.236111571539816	0.153618964103413
0.180305992267793	0.133644776473914
0.75137958607013	0.733796976169224
0.451566121370883	0.43786492538635
1.23943280977118	1.20521775785545
1.3437989636467	1.4085212252312
0.645666107716867	0.683782896139592
0.0208447399547998	0.0149945242973766
0.179371515311168	0.109842080451149
0.751690066290451	0.734794234377887
0.00185048221184257	0.000807920263992939
0.756434898359383	0.918376991455078
0.726551241868555	0.600147889596588
-0.347136350857903	0.101509886664517
0.166014439460682	0.0567290684731921
1.34731419093544	1.41425465484436
-0.187520711112594	0.124792318745954
-0.0416127683758031	0.0308835337486544
0.163448799375845	0.0998129075830966
0.509119110815465	0.320705283570634
0.403073343729651	0.182521004414791
0.909910064421261	0.780295217977007
0.426743600271589	0.434824249242732
0.195387688185934	0.151034434206935
0.499938453844284	0.446275352606872
-0.384025472921086	0.301893411795806
-0.798705877388214	0.611959515205486
0.446758351459341	0.317722954934984
1.13083719558779	1.14362725996084
0.846282721776021	0.764607667462655
-0.637509639132058	0.157280902410938
-1.67333756583943	0.955698409549507
0.718715137997202	0.809062338834164
-0.0274742821719119	0.0177030902347835
0.278483036304799	0.2164238602056
0.449623635043644	0.182709849138681
0.445922392978256	0.320177203261313
0.175857586230086	0.100820586758932
0.876049179548883	1.00276260078976
0.449172200064502	0.323187609639757
-0.22463257213309	0.170436224205332
1.23701042534346	1.20021567160328
0.438101448859166	0.312648140235418
-0.0326232421442618	0.0209729671747268
-0.176184758731488	0.138053888274519
0.127685331396774	0.10363895370922
1.0759301858799	0.526756316551534
-0.213663560088835	0.0697787673490411
0.144983099103736	0.027824125638065
0.362153327127864	0.182079229896375
0.152479417975038	0.0804569563388339
-0.0957370866815653	0.0380544121371131
-0.0459610055698412	0.0287576943741933
0.184838723951952	0.126273165646514
0.150475281414967	0.0793809613618554
0.0348835372238954	0.0202351666717446
1.14286123594816	1.28443585814949
1.01056367282441	1.20271757989307
0.328791280206863	0.197896054362606
0.572813266329679	0.454946026178572
-0.223320050782216	0.14443322868113
0.681389615574488	0.589785740242037
1.24187725734215	1.03908835532867
0.316377907469877	0.228295599784129
0.68967449042098	0.598257698146607
0.29416437837409	0.211173477400764
-0.0688700779617786	0.0506543797243607
-0.272227350158441	0.224138484143208
-0.0905934418821428	0.036121792375747
0.901478876145368	0.487126860312414
0.157633323445896	0.0401249768572365
1.3316093311876	0.591498521126687
0.145269564101328	0.0628285892375078
0.504221138356936	0.317716682763235
0.781790252186636	0.609364947278302
1.06933690227919	0.52417571767679
0.48651794417007	0.524705005411246
1.39877887833117	1.07616870001104
0.522136923651346	0.450102166757123
0.992854557049826	0.804495343367774
-1.34722324615677	1.10589452374101
-0.548661228735389	0.346556392557653
0.1538802022059	0.0811463615964454
-0.1130887390216	0.0663293533823467
-0.31029491523275	0.142745297488236
-0.488490105941168	0.255951259649041
-0.0564214989110846	0.0245423755941163
0.908738148746538	0.492120983974542
-0.150576396465682	0.0851292056285478
0.175468190160814	0.119593916623541
-0.100345367266752	0.0807170894011699
-1.44099230800335	1.53365505708174
0.948383256954481	0.636628193575887
-0.523421764213872	0.430378151989636
0.613272399427365	0.321400465291053
0.904382087835344	0.488745162544982
-0.207795740422607	0.0678175110313592
1.04204927283613	0.400028703678037
3.63214416087956	1.45298046940176
0.943029051172106	0.251479485037243
-0.792834618783605	0.745842844970746
1.81933356547965	0.723773070508788
1.44637717898614	0.486482829772734
-0.635886909613779	0.156604724964807
1.03679582276878	0.398327830113064
1.82393551449113	0.726315315015904
0.939853714804409	0.251002284675557
0.668211247777032	0.21423636425458
1.44816685557941	0.487186600500996
-4.00884698113819	1.77139758973877
2.11927682222776	0.965901658271386
1.95373899190972	0.460332693481441
0.144983099103736	0.027824125638065
0.159122325410511	0.0480117921042768
0.1564887689413	0.0537706581930758
-1.82115855719938	0.754396487877528
0.314751535037671	0.203148313979245
0.282184425591776	0.354368309295801
-1.18822388627795	2.15989960005288
0.252090506712035	0.290470863051465
-0.190093753059318	0.101451002182991
-0.391442355737749	0.308289168749981
-0.179398284072881	0.136530514971982
0.0762582222328698	0.0654422060381199
0.181391232575113	0.123814124248695
-0.720875846637122	0.689797250485402
0.185782767911304	0.138036545350738
1.03882026472922	0.400114292850008
0.826531590934318	0.35315888780187
0.904382087835344	0.488745162544982
0.543756887694595	0.313696040668376
0.150848243830615	0.0582155963212491
0.151172602395058	0.051995377151868
2.7486062124648	0.786021619850662
1.78124037687442	1.00799019464972
1.44816685557941	0.487186600500996
0.829346227820373	0.354574714510443
0.148874773794293	0.0283648154803441
1.33960639471253	0.591661204324565
-1.26520679974662	0.576118661909323
0.157466300280273	0.053998963722883
0.829754300408287	0.353504349791504
0.159610674313697	0.048048445892231
0.165339630296702	0.0873133687242114
0.404772436477749	0.42957202327236
0.112771582277291	0.0830002986745964
-1.13860562811476	1.26037817229291
-1.05309771182309	0.839104737278341
0.790259864845234	0.619689398131025
0.0469235142940159	0.0287661733143251
1.09934055758562	0.825224256416673
-0.548175970910998	0.346140440060449
0.148913196973375	0.0715692597261407
-0.28415921095337	0.178432000923958
0.395483738802146	0.178837343918571
0.149975860929304	0.0579241892206102
-0.796665588522199	0.60908207840533
0.0683758529332374	0.0459698867880928
0.0212232815828802	0.0114131401960982
-0.0605421636590245	0.0263589738390532
0.358155113984451	0.180112887860171
-0.767855340790427	0.337814115120684
0.159328460119034	0.0908304816288542
0.946546912753776	0.635274652337832
-0.219444450044351	0.16580389550205
-1.47875398016895	0.754324576611081
-1.08646268730452	0.732389368831209
0.546100620717785	0.314854946734926
-1.18601210469165	1.21434329325294
0.169919365814446	0.137390080614087
0.769882908707517	1.02277099126524
0.290137576973967	0.235742450049689
-0.56192188687663	0.509807436662035
-0.00573488556534487	0.00284988159211734
-1.55445740391967	1.49224645711565
0.564518187578353	0.445586479693329
1.10121853323962	0.82770502749196
-0.409783664204179	0.231315040134111
-0.4077985521008	0.229802714393933
0.454880077555229	0.185222631284087
0.60566173497832	0.316451429482637
0.319995578791151	0.191513316987754
0.146711440431129	0.0634410284055987
-0.185939922594192	0.0992942269899868
0.323661121281148	0.194537024357024
-0.04592990433372	0.0200781915349621
0.157796924809243	0.06081561119906
0.89615041427861	0.910139069526525
-0.0610565894553378	0.0265757390658971
0.147721991478246	0.0639406169439748
-0.471366320784153	0.312181742628579
-0.492810500043983	0.258307671221628
-0.144172923005839	0.0813556508560817
0.184593606175362	0.126177466277988
-0.030211967356599	0.0142302196708562
-0.950541491870679	0.579414238669438
-1.22323456748711	0.916367548353236
-1.26587168520504	0.57659573259799
-1.47191021452094	1.02079996471465
-0.137001806541775	0.0495446265793543
-0.0771569119944358	0.0469150374787868
-0.241673291268416	0.120608057634852
-0.188311702572563	0.100419467010774
0.0397133869876184	0.0230212155205011
-0.0136954893197759	0.00671005091833842
1.76848471189012	1.37147405394266
1.13186063841532	1.14823332548171
0.60293335440925	0.558160803287984
-0.147251365806554	0.0531877126959508
0.318810707432998	0.191588529282753
-0.494684628003157	0.259283486578468
0.612758151570687	0.569485933722029
0.480989484680511	0.443036590120151
-0.786669080982773	0.427089406664784
-0.798361787011786	0.751089614197882
-1.26937561527664	0.578362564289604
-0.593630467968809	0.283746122623891
-0.678758935380647	0.473463766573332
0.150502237232393	0.0517694433165819
0.144624243113007	0.0277697138706121
-0.690214248971822	0.547356572798394
-0.333604820114212	0.20005148101141
1.2460967729041	0.854707764160955
0.958389651639925	0.646942492966846
0.156202785050224	0.0891238057674368
0.478564465083032	0.323866048981626
0.399167960449983	0.18078587064709
1.09898455641595	0.825823298408905
-0.680723881329682	0.47532560810983
0.297192283824307	0.213723850360682
1.77662519886156	1.37716167292479
1.23981701684101	0.847735322531445
-0.137564825672021	0.0773068267828062
-1.81562925100544	0.751335139968759
-0.4044223190196	0.227504278136875
-0.402852901539233	0.227462051831243
0.455788330014537	0.185537184077034
2.11825875465965	0.964963255219529
-0.514908806238071	0.197238634697011
1.82041011870169	0.724546408240772
-0.0375031575223437	0.0175554726248826
0.324910853662344	0.195823752179979
1.07114561222476	0.524621491672943
0.916084605793849	0.790073274206319
-0.242898118172299	0.120908325409694
-0.145502982135872	0.0822151722393841
-1.09986512967794	0.748905423800284
0.996516352611737	0.808735028300666
1.23315829947322	1.19478070345035
-0.385790153309993	0.161507939066906
-0.190570942008558	0.101734728168119
0.604403296747335	0.316337210750495
0.395809177717908	0.17930246077544
-0.600099947020625	0.287400311510686
0.143617462457805	0.0619207912654559
-0.138535181662081	0.0501089737478327
-0.306597796794792	0.140759029028169
1.33522197879349	0.59377655841739
0.664222224803941	0.213409026485109
-0.94929410904817	0.579346013754557
1.39434290297099	1.07183352785298
-0.234423475055307	0.11658985657614
0.54283525209626	0.313076585564289
-2.6331658443254	1.62823827295001
-0.407573057344442	0.229781427454295
-0.1991140694312	0.106621189180812
0.714048877028384	0.466692599913278
-0.339093930648206	0.240947175807274
-0.722920812241088	0.25106145885921
-1.02099438295529	0.409776652047704
0.146859842393633	0.0566584689336492
-0.76475469664406	0.335510040816294
-0.159640360966906	0.0571588920957809
0.160332957825737	0.0617853531712644
0.527363353825197	0.191753502011621
-0.38977783456394	0.163362303429155
-0.0325029544838021	0.0153076284309495
-0.981286227544691	0.489267128736786
2.13196975982479	1.48994718521558
1.04256665160238	0.400711187611403
0.365139621619399	0.183312227056569
-0.612169758011581	0.294425476124347
1.10167585240606	0.82611145951461
0.29580877517657	0.212629299989959
-0.544161884352872	0.341450921191059
1.57865199966418	0.795937063636575
-2.04388807763786	2.13339771443812
-0.7025195976229	0.557223140371537
-0.0609274856287619	0.0264957438170833
-0.141065904193988	0.0509641882307141
0.833778736566162	0.3560119154192
-0.7597630059276	0.333038039824014
0.531843076130347	0.193511668396616
1.26443497064322	0.695320427632149
-1.84676811478316	1.16660921278867
-0.92118187353329	0.668405800908634
0.827465419165181	0.353580301177974
0.698476047987222	0.329618996451351
0.161583030692245	0.0553811342318149
0.153817267949624	0.0593482181298857
0.924626438173485	1.03467765710367
-0.80662370911245	0.529710341393407
-0.718676113035522	0.73828505365772
0.14830504374332	0.0447814942145048
0.152348851936178	0.0588465452810224
-0.101645665119999	0.0403218449949219
-0.185118219706004	0.098687319407116
-0.314522846969831	0.144550145886195
-0.332188706898835	0.198443727298141
0.616243845232041	0.322469878516104
-0.0996392409265558	0.0395320370100678
0.150096441957987	0.072066664685257
0.535711132992892	0.195347083049004
1.78246699001818	1.00986563498498
1.95733767915288	0.46077898524688
1.33195766626685	0.591426123433272
1.33171160901013	0.592443644170249
-1.26898917918035	0.579150144945583
-0.212568324340494	0.0694726774908008
-0.436392639485884	0.377045822999683
-0.888876585615241	0.817781414852595
-0.85489956363154	0.977185726871796
-1.73209257142012	1.44535851878328
-0.948783074428195	0.578983513041556
-0.67829519999713	0.473009262010209
0.472889927804591	0.319252941397608
-0.181794579141763	0.0968957600079479
-0.0624719468882402	0.0271463410075117
-0.157754923414861	0.0890194498434891
0.791913819582654	0.473267614678129
-0.1487716047385	0.0534947641355997
0.362026700429419	0.182040071323944
0.920030441182788	0.795389611287904
0.709498738185488	0.46349275981715
0.299231771398278	0.204396825847404
1.62468716323061	1.13604209112211
0.167415546929761	0.0958467681598172
0.155684363036366	0.0748273790124129
0.956652174182831	0.643559337199758
3.17984445815886	2.57898362344377
0.144624243113007	0.0277697138706121
0.158729294236089	0.04043260950787
0.163624541637998	0.04930959903967
-1.02655133741802	0.413516459136083
0.541261876724765	0.311156727639389
-0.687992089811605	0.481048694799576
-1.14704562810076	1.27197059219722
-0.0621711253648776	0.0389839854501508
1.09893848172707	0.827563944409389
-1.00373509217869	0.894371881770037
-0.9460117633765	0.577157698100559
-0.0554859865321813	0.0347126187280652
-0.927399634968323	0.670994099964462
0.555671008601841	0.32053923681379
-0.195573064036721	0.104714714805133
0.362257349370139	0.182025812604321
0.331247762284887	0.182688835860829
-0.547353295395031	0.344436178547474
1.08090793138789	0.525905926829025
1.03063391748446	0.968220677461161
-0.0369022011995859	0.0172742009700582
0.158681518590011	0.0907099860424848
-0.18559596538468	0.0988147722606605
-0.703589018487152	0.559315264803272
-0.0288440820700492	0.0136155417586152
-0.399191397543485	0.224701604041188
0.317058254134296	0.190051416876944
0.901169307054895	0.48682385106215
-0.791148981971235	0.431861214511164
0.147168767139499	0.0568586827414826
-1.13976658402628	0.349898349308083
-1.14241956815201	0.351807769829277
1.95373899190972	0.460332693481441
-1.01774198098802	0.408465897919083
1.04058787371703	0.399831169158897
-0.139778556264901	0.050510440696469
-0.0806639918852808	0.0581876974769905
0.0131252689997561	0.00905532522514165
0.387838648161403	0.330699341348959
-0.334467779503334	0.199725052353223
-0.461801058517736	0.306282603169506
-0.386118835677415	0.264028093858097
0.521328182788265	0.450240277289998
-0.0624169601977587	0.0271127147894361
0.541718290379273	0.449252920291178
-0.144618733668662	0.0816530786800781
-0.505620025784102	0.380843281750795
-1.0468569727534	0.835457138466888
1.04306281920514	0.401137401202673
-0.606817672308445	0.292067119296631
-0.0190721744696141	0.0125359911639546
-0.0539749324748425	0.0235963914608786
-0.305685997906007	0.140303200503559
0.546579654136961	0.315469342632616
-0.643440801814543	0.621444995476593
1.90800865351942	1.63381286315359
-1.47526245321485	1.02600797208634
-0.13331139340689	0.0933149446870505
0.441492945504518	0.178796778357484
1.09839940825673	0.824139637532159
0.399395432916392	0.180941848521465
-0.0993042704777846	0.0394836667830403
-2.58107011718166	0.682882000334415
0.939853714804409	0.251002284675557
0.940922493736804	0.250741724034319
-1.14283325733795	0.352132388893513
3.25604250889092	1.1220922045732
0.150848243830615	0.0582155963212491
-1.27562101606895	0.583695327776066
0.477380124807755	0.323557680987916
-0.13331139340689	0.0933149446870505
0.820611644963195	1.04934720812217
-1.04540604738485	0.832839549574119
-0.675081052574913	0.471307931730509
0.544756408611425	0.314207232482722
0.650583415590669	0.688415860185635
0.792181108362411	0.473467774179212
-0.192446887510505	0.128613998789751
0.463636547001065	0.312111436109442
0.00199945383700913	0.000878030275275453
0.146729829647187	0.070134016383166
0.07534205851953	0.0486966464672308
0.699796809515843	0.453379690414928
0.603748037384314	0.451754215975869
-0.0535898830049958	0.033520348975895
0.0513138314222601	0.0395238893868141
-0.510812137271587	0.385757753474453
0.958112664252489	0.940005297097873
-0.340732665131198	0.272387108698089
-0.326568810059104	0.194758908783545
0.184487126803639	0.131902196977521
-0.471718108430605	0.314005149127336
0.163100394818381	0.0934395127228006
3.63214416087956	1.45298046940176
0.940922493736804	0.250741724034319
0.149536936283679	0.0647633654938517
0.160518930457975	0.0406859460362184
-0.72264604583748	0.251322189623296
-0.76475469664406	0.335510040816294
0.510108804678111	0.541178673459438
0.0111975949232519	0.00731556514107848
0.27340349133827	0.219580555607444
0.71450566998482	0.467092643002479
0.316419008446587	0.189877453647956
-0.192474124891748	0.102680117731526
0.419466279019819	0.315101097291073
1.54018150824086	1.30772886802099
0.0406989609034542	0.0236004190381789
-0.274806580917627	0.171686702568906
0.287227962212657	0.214944141159679
-0.595081659086567	0.479479818642938
-0.480865131472128	0.408140093822225
-0.78529209769384	0.794908724556757
0.41185856396826	0.185489876191593
0.440190180705421	0.313857754101892
-0.0645313948211482	0.0279859668218148
-1.93645366726707	1.88567488655226
1.09839940825673	0.824139637532159
-0.233136698297449	0.151533900779001
-0.142900251552044	0.0516611632062222
3.25819512813541	1.12540871646052
1.45151622307992	0.488502446881907
-1.83789305080558	1.16331067401623
0.544009032674135	0.552546716091057
0.403130842956169	0.447456161929945
0.478885660532229	0.324656132390007
0.183872102741327	0.125588150627461
0.641214389497581	0.677048585273714
1.00292623831059	1.19136303900368
-0.268670930088823	0.221364345111718
0.0172863053740387	0.00940500965899222
-0.148395485841531	0.0839726621594002
0.613436353672907	0.32133403949339
-0.381882625406543	0.332413595194368
0.65956279343181	0.465331495014248
0.0321960494930324	0.0172676571426916
0.024592252956044	0.0143395526920778
0.174021984711858	0.118505435658645
0.786877819564715	0.469636605919575
-0.191624718249258	0.127866820982928
0.855048656706485	0.622853298473344
-1.48022283251536	1.02711534911104
-0.97786917734024	0.48751597999684
-0.523937564968149	0.200510104202262
-0.980436528867813	0.489615442131538
1.9546069313489	0.460412245381477
0.150502237232393	0.0517694433165819
-0.383498483011809	0.159621796997866
0.990249800197243	0.801585160149299
1.04279710499249	1.09464583177702
0.79244541142594	0.744838591810428
-0.342913115691384	0.243869252592014
0.905296733445217	0.776783043206241
0.308226298101787	0.198410687104008
-0.0988318685073264	0.0578756134206294
0.501633628885166	0.600108582345317
-0.00936081485361689	0.00461132205052486
-0.0945087687933719	0.0376036536917361
-0.407100062683278	0.229785037873014
0.399146368828594	0.18062814295671
0.612794347123262	0.462265181105711
0.502284754762998	0.315825085593737
0.71450566998482	0.467092643002479
0.455217835956066	0.184918668410377
-0.762590236735665	0.334826851024763
0.318497853920223	0.190832497562663
0.609187571391593	0.318991725796134
1.03003926940747	0.393764988431968
0.582871888678213	0.463740763688398
1.11702003027847	0.993897012645658
0.830951835410689	0.355538325180902
-0.399080454308603	0.224848622263506
-0.0856307285674295	0.052257592312418
-0.31029491523275	0.142745297488236
0.394106995580542	0.177816857119785
0.451158336600182	0.183419403196117
1.77966155709264	1.37932897140872
-1.48524065293387	0.759537398828412
0.955449413104624	0.643386459315051
-0.407585652010945	0.230124455288892
0.456767924118164	0.328899627846465
0.317434072686553	0.190512435936567
0.491694783967196	0.306913741237094
-0.0333954010977006	0.0157035144331175
-0.6473824111071	0.37877829563189
0.647343923066252	0.456193833509133
0.721000933649376	0.592749643927093
2.57221290263107	1.45239443539007
0.160915784427684	0.0620137122114517
-0.0608573610445958	0.0265679691811687
-0.134176358060072	0.0484891500537458
0.355678171045949	0.339459534049478
0.466609072582488	0.426209499863914
-0.906234728692643	1.20752061696181
-0.715738924559052	0.775799264518084
-0.245389842607773	0.18121165636393
0.178887318785178	0.116198792257367
0.190765729726154	0.136592643449992
-0.387506502148281	0.264540685992331
0.5448411904652	0.312716314195297
1.76740813523155	1.78805395923749
0.259525736891851	0.227852811758074
2.43089468841152	3.03035759432621
0.0748304316894519	0.0484132164445348
0.49808076427428	0.445045924870927
1.05083391103846	1.10618971523541
-0.279996086487542	0.250870284998726
0.161731091435832	0.0922933524435172
0.79412916907623	0.748749391297061
0.866082621082976	0.635003587384763
0.145297442141366	0.062817294385945
0.153762707087432	0.0738860778183168
0.147086128380138	0.0635502899399896
-0.00858785723895507	0.00422513993373637
0.164494306784176	0.0868798605985122
-0.391853018895284	0.164211548410465
-0.788640701487503	0.429388671170809
1.08633127533632	0.667167780345126
1.64724568930926	1.52398170254054
-0.145425131809366	0.0821963030669108
0.504236934779981	0.317663062507206
0.441623019214149	0.315999681682987
-0.325250744115315	0.193852496775261
1.61752237230053	1.12670150886415
-1.4831368712248	0.757214073923297
-0.799366765394496	0.611547466509474
0.60105421818041	0.313750400557326
0.67065498417138	0.215487616922184
0.533895130806427	0.194581489771343
-0.208061988888876	0.0679286622422791
-0.21688918582617	0.0709123691608258
-0.598653181965407	0.28694358139292
-0.074565139145093	0.0322370529524752
-0.646665590635426	0.378664556523166
0.659936638860136	0.211580245845419
-0.149947241666676	0.0537614206520765
0.14806360850737	0.0571942588723571
0.159975713550132	0.0548588370938941
0.959305138060342	0.647742363557632
-0.658158588756335	0.388930742629767
0.394696629328008	0.178727714279621
-0.0914856348568854	0.0364543695011356
2.56402797758103	1.44608388479496
0.532198432599625	0.194009998264973
-1.02753370414198	0.41314398527887
0.178220751663773	0.109250153114044
-0.675690437332837	0.471303755678217
-0.975288553297247	0.485765853390852
0.442601394340864	0.316808237465007
-0.547715272537223	0.346002092362199
1.23239227091574	1.19528341720363
0.0595893061909171	0.0365073776606929
-0.197659849337683	0.105835904893971
1.3353473451776	0.592955954477314
1.52162212850491	1.28248718351573
0.408741399510687	0.18489566282846
0.349252250844178	0.174222502443514
-0.0360363969740981	0.0168603419642672
-0.327979592067459	0.195960330928754
-0.215456639814682	0.0703666824038741
0.790586362387427	0.471274868903951
0.158432487426697	0.0835888525736214
-0.14153765641155	0.0797106839291463
0.707732168249489	0.459449015474949
0.146773632983462	0.0504445189396815
-1.84124970198499	1.66679631264007
0.340483165965594	0.188233868243653
-0.804689466532991	0.530435910682054
0.151438453850196	0.0520921659930463
-1.83199845224736	1.15173872588187
1.45747142816904	0.910935408493685
1.3547953862878	1.23477184288309
-0.948679909801449	0.57919073145
0.165256770392786	0.0947648286953292
-0.636438389477554	0.156998062672413
-0.38695836629556	0.162163500198277
-0.246015122762329	0.122929191728052
0.698496407756354	0.330246463159199
1.22736399800247	1.18688945063462
-1.42345851108614	1.71914138881036
0.513080366436476	0.441182166185617
0.0327630225597093	0.0190477363222701
0.359083885538431	0.180666040495287
1.10072728885709	0.827858175360324
0.570421256348675	0.452639722745118
0.852105961956049	0.771920441246057
0.547923176364337	0.316349650579169
-0.0564459193517199	0.0246515207764823
-0.496356114554604	0.259919418616837
-1.26937561527664	0.578362564289604
0.303237512693974	0.194303024364504
0.0415600901170402	0.0240960601730339
0.0424207110325278	0.0245527800885469
-0.50274033212521	0.378140065007237
1.39574255468243	1.07383123380724
0.900607479263894	0.486138294120238
-0.0598315377558209	0.0261109343523279
-0.512280737246887	0.195454867644349
0.318497932890048	0.190497678974059
0.697017789428803	0.329355646837997
1.28907695879506	0.716622378595279
-1.27400836223229	0.581258703136909
0.158871849796249	0.076357978280426
-2.07450402951586	0.959112073230256
0.604221873632434	0.315324948905561
0.145430623099491	0.0628598878751034
-1.14712146603742	0.35296389743942
-0.0539749324748425	0.0235963914608786
-0.14322563711156	0.0516022583569959
-0.970647638276469	0.482194393877049
0.904706217626394	0.488668494262271
3.63553631715371	1.45516543033256
-0.0962955273188297	0.0382766722020201
-0.797264302287722	0.812273481576798
-1.74755844242305	2.28220719413721
0.690459227271704	0.599264818090181
0.0295280122881284	0.0171605725546334
0.160332972304061	0.0846635143377623
0.783515787381741	0.732987185123435
-0.467112695105619	0.435796055728752
0.958890380545285	0.647458167710227
1.23545347843941	1.19603629534976
0.844173912666963	0.763896969856067
-0.221071026604255	0.142816724404842
0.913607283788865	0.785648399786247
-0.337940675435716	0.202890225675232
-0.998582996980039	0.887746555762562
-0.919728003280249	0.666370253764614
1.15716418840109	1.42962387127831
-0.111103642344196	0.0653749548217919
-1.03563544380871	1.16486751994671
-0.424562672202018	0.364575927693405
0.174322721997526	0.106806975633087
1.39432839150469	1.07143819511158
0.445596889213535	0.18061730877116
0.169197751562243	0.103621022394691
-0.390092049604046	0.163335404835178
-0.675165095061405	0.470530760973428
0.155864682985526	0.0535446683405654
-0.211850105553722	0.0692255268891727
0.156755264990959	0.0538881191673598
-0.509527285836048	0.194677535004504
-1.81063366362509	0.745845479779578
-1.14602109676128	0.352462565358244
-0.633819675881249	0.156036191470775
0.160626900474085	0.0484137065522702
-0.641728465892975	0.158059513381177
2.35684336584017	1.19934905083067
0.821470561221444	0.349856755101541
1.33195766626685	0.591426123433272
-0.0589907090179537	0.0257568581634088
0.412500133336587	0.416168241811085
-0.179537314772954	0.0954529815000397
0.344197372027571	0.190644504470228
0.152374380215692	0.0523737819250446
0.189944250972575	0.141513794948385
0.499038648598747	0.313760861432011
2.39727143790337	2.02187538046391
-0.0286613589349696	0.0134895474254592
0.319345292490575	0.191701575838973
2.40611100422449	2.03608490221346
0.606535829600333	0.456239532357275
-1.10775331018924	0.752126918581968
0.819606366656095	0.348783463924373
-0.490129892691144	0.256191068167495
0.692732319345477	0.32710229474396
0.153379183445807	0.0809353213001844
-0.0362606984377738	0.0170035067735801
-0.228772889435894	0.173790817118384
-0.328280334319285	0.195747357025518
1.39936836366136	1.07696065072512
-0.187171175879723	0.100032823557184
0.653597217041479	0.460677228195703
0.305658550444492	0.196322561354738
0.155219294480996	0.067150255399717
-0.0581780045263077	0.0253427353921314
-0.102978741292149	0.0408247116753395
-0.509138024446073	0.194378229748663
-1.27676803648149	0.581766483346834
-0.971876624140904	0.482805576227173
-0.72264604583748	0.251322189623296
-1.02583455098012	0.413043803481388
-0.347136350857903	0.101509886664517
0.145952781975537	0.027957432098957
0.936140043418633	0.249341310754104
-1.14781664720768	0.353699707342604
0.158729294236089	0.04043260950787
0.391020428718766	0.176738874014979
-1.46032811181635	1.30252951141442
0.793453074395687	0.854192191632084
-1.2563557294978	1.16848999188226
1.24748842061119	0.859345007273993
0.652658950068947	0.460528038630388
0.994066959106893	0.807189740998336
0.286482921410243	0.223345910100509
-0.00889341164957285	0.00438494255635675
0.148390772658447	0.0639123130157391
-2.06538713025603	0.955693446391778
-0.0577147355899337	0.0251327104080089
0.177201919764531	0.126208851781352
0.141037683060604	0.0608972030290533
-0.181800815211319	0.0967494728961129
0.0897975845029249	0.0632232517172612
-0.287402684732619	0.180125768382229
0.451440938272563	0.183586025165848
0.907860527866842	0.781375610525792
-0.0378623160537561	0.0177212531057862
-1.24581350019428	1.15131415716498
-0.0869025545059569	0.0346424907904693
-0.38844442543575	0.162514558269721
-1.02833846011384	0.412461825619006
-0.72819722029734	0.253451346382283
0.159877043029677	0.0481664355066161
-0.341779219786228	0.0996625955420077
0.530971390293767	0.193164551984235
-0.635886909613779	0.156604724964807
0.167233311085895	0.0420824369080308
-3.46409750383962	1.2590838657058
-0.349401376778399	0.101795159147307
-0.137622313529336	0.049786449357193
-0.000412694233526391	0.000285619544970701
0.266961796714273	0.228358937404642
0.0867491072332503	0.0588507700570294
0.334872661253557	0.185289270892437
0.947967819333836	0.63689685195689
0.153905001275072	0.0813108010862401
-0.52434303247287	0.432442753584743
0.0581116195077516	0.0357014893731902
-0.226172205958947	0.146825815588227
-0.335908096547849	0.200522285097397
-0.0574913610121689	0.0251012901336183
0.522398457792277	0.542014873670933
0.318665385769814	0.191312445542254
0.312549167523716	0.2143734308272
0.780390003622042	0.610382267794905
-0.0914856348568854	0.0364543695011356
-0.516956067965125	0.390346185151118
-0.0974131098748721	0.0386715926296058
-0.345110153737869	0.100567839937822
-0.979853197506475	0.488893696013304
-0.597544311937603	0.286643195496125
-3.45920905368023	1.25640999767694
-1.5211231585376	0.550885444723327
-1.51684905918208	0.549966932484854
-0.138864220789683	0.0501873456253006
0.356123077866886	0.17837679283819
0.902614638554908	0.487800853081471
-0.543136337969273	0.340913900461828
-0.582703027040325	0.422981967326701
0.328086663899708	0.197826909531811
0.367472889141828	0.184932276845568
0.502775449225009	0.316563910314741
-0.906741503888517	0.755184548775958
0.395155153654539	0.178559461364
1.03603918315932	0.397047597589558
-0.399080454308603	0.224848622263506
0.448336458215981	0.321590648764026
0.149504135229395	0.0645989408600278
-0.352171048045609	0.102884554871845
0.666049960969073	0.214022945375077
-0.348220543213602	0.101642486260234
-1.14283325733795	0.352132388893513
-0.499260006340022	0.261603209877549
-0.939921671913735	0.684637566466849
-0.129010218526794	0.0901501877243381
0.401071264214692	0.328851174612476
-0.240680282101182	0.120144189768699
0.60583191944719	0.316398117733436
-0.0606701907883097	0.0264056931275092
0.64787536083735	0.584221499620091
0.733543505860685	0.607898562652169
2.52146188035513	2.32560075702648
0.184953950785073	0.126510405035309
1.0236533620933	0.955943528288864
0.61380515738731	0.321759708638614
1.07636724421759	1.25265919565563
0.39962396374502	0.180305687005681
-1.05019111353757	0.83818305671907
-1.14104219214391	0.350714860686515
-2.58107011718166	0.682882000334415
-2.58142672375403	0.684312616488773
0.158729294236089	0.04043260950787
0.527613487096402	0.192164364642399
0.897646641915624	0.484253098183668
0.569377869901829	0.639083461041088
-1.19541611496436	1.97729440072994
0.095268743948975	0.0646607593019327
0.308167393598272	0.211213515407233
0.550936261156945	0.317991043794565
0.0511760319168482	0.0313944152377125
0.121193827760166	0.102993704567621
0.165256770392786	0.0947648286953292
0.469257585547025	0.429341850463414
-0.380264724191733	0.41030108293112
0.0347351270252329	0.0201304428131306
-0.866134216617011	0.931692952250849
-0.464945671411932	0.30828986130614
-0.390986363484818	0.267982763282972
-0.34327511670262	0.100238459904739
0.151438453850196	0.0520921659930463
2.1175761026622	0.960490645185552
-0.721906540285296	0.25157399652224
0.939853714804409	0.251002284675557
0.939298703364537	0.250809511779044
0.938786187734731	0.250272333462114
0.163866602100675	0.0414467921764721
0.152108068416228	0.0523180707573953
0.105830947097588	0.0802787969758455
0.181469512653448	0.129489749264512
-0.108705439358878	0.0639026368941648
0.149990506614946	0.0718864778338146
0.171605886948889	0.105226043185409
0.392034355051675	0.334417839329936
1.10117647551701	0.828882637477394
-0.481741585628956	0.408540328425583
0.156311390655736	0.0826266799999894
0.464876651268309	0.313844618554423
0.648652004064452	0.456903287286571
-0.310897199638406	0.275619859809794
0.442511517885143	0.316541821961978
0.637539715529463	0.442230268731446
0.291993959465723	0.209426106539787
0.60774421819666	0.3179288251819
-0.662541491273364	0.391319147937363
1.3346239887035	0.593831354304034
3.63104293019025	1.45185522619522
1.95373899190972	0.460332693481441
1.44707333879815	0.486882965382531
-1.14241956815201	0.351807769829277
0.666381294485655	0.214481042382208
0.159120665328247	0.048062202194274
1.44746976337709	0.486785860941538
-2.58550852264163	0.684811136427957
3.25711819118569	1.12516204396806
0.157633323445896	0.0401249768572365
0.157693836049591	0.0541708009160174
-0.0084999627696033	0.00569427761221843
-0.269938717552458	0.222519683847897
0.613159221741501	0.462103318115016
-0.274945791836975	0.172202756516627
-0.642646628823187	0.622499251766381
0.285419971084725	0.23121470972599
-0.0552104433315976	0.0346016569200756
0.875213545620405	1.00403107531722
-0.223107060712665	0.169040762996572
-0.449921171018112	0.45173651708389
0.729558703592176	0.603773626516767
-0.699668122553665	0.610844662312789
0.0177263611145298	0.00957321278804306
-0.0763259261560017	0.0628614621874902
0.0651512868725242	0.0399516523155666
1.65620865015296	1.53530123148663
-0.391000839021752	0.307845586460704
0.689021989957694	0.324336218368935
0.153405388703481	0.066400669654385
-0.0597688889188469	0.0260168070124319
3.63664142756648	1.45554969527548
0.159825702589389	0.0405961444844569
-0.635886909613779	0.156604724964807
0.938232517255131	0.250080666640462
-1.52725743812157	0.552658014762978
-2.58998866267518	0.684472676699341
1.95373899190972	0.460332693481441
1.95733767915288	0.46077898524688
0.148508541635756	0.0283091884660306
0.145592290548819	0.0279027526196651
0.159873979297135	0.0482815097019209
1.95373899190972	0.460332693481441
1.27774394667273	0.710352418399547
0.115838126504899	0.0908425438203355
1.35796383292873	1.24261584945782
-0.145959456484332	0.0825334308660687
0.169740078077383	0.104018348291412
0.405266644222877	0.333776892278703
0.432236000063897	0.327468000391646
0.61732166133651	0.465251315850905
-0.233248725145574	0.151884260535851
-0.105812099388497	0.0621563017122274
0.325674724620265	0.195981811237632
-0.140442729242083	0.0507204684508811
-0.0623035288868257	0.0271624619706698
-0.113019591512184	0.0664876395391829
0.73888550544702	0.613141182631508
1.07115283508858	0.649299638390014
0.325879898843787	0.195955753484981
0.265361275044212	0.234272423240138
0.159670723881193	0.0913841608085178
-0.30375401035138	0.139411934742237
0.912436200608173	0.785048545546955
1.08549250092789	0.66392273810916
0.57607431731887	0.457520721535045
0.602860492686234	0.314702853949202
0.145952781975537	0.027957432098957
-1.14104219214391	0.350714860686515
0.144983099103736	0.027824125638065
0.159120665328247	0.048062202194274
0.69790906599664	0.330043247012599
-0.641728465892975	0.158059513381177
0.159873979297135	0.0482815097019209
1.4452850207351	0.485057538595493
0.148302839959414	0.0378752998519464
2.74958998501656	0.787920507210083
-2.58107011718166	0.682882000334415
1.03705635707568	0.398367450189889
0.49631578806391	0.441910182614323
0.423688110201768	0.319708990170761
0.863106316227969	0.633600782064393
-0.687877205338321	0.481059793476145
-0.802552527366896	0.690565362668813
1.02400276994935	1.31456047867434
-0.0816357032769187	0.0497663437658806
0.159815562887993	0.0911386435163524
-0.270396841167421	0.16862730388478
-0.160192986040473	0.0904378645273722
-0.139940820364634	0.078771422234057
0.61386682163099	0.461839039721445
-0.303561721730717	0.138515789927164
0.577921579386067	0.459148028089478
0.466784356290605	0.314144320451918
1.0463687669204	1.10137432174978
-0.139940820364634	0.078771422234057
-0.194619025931632	0.104210643234151
0.0162911662954326	0.00881629090937636
0.521045568698462	0.447759038115383
0.481509038563557	0.32670212866195
0.156083307671789	0.0536388626462904
0.539159296936068	0.30988474353771
0.606849407534933	0.316869445014576
-0.0661952038327544	0.0287718999133971
0.664969953013349	0.213264891085546
1.33074027635565	0.590717559474398
-0.348964786734811	0.101837107016821
-1.48377185942353	0.756314977892655
-0.633819675881249	0.156036191470775
0.698800167313728	0.330521280205619
-0.347881275810247	0.101704932899344
-0.389303114154179	0.162668337190517
-1.80497515009983	0.40204480448646
0.158131361022045	0.054145973112695
2.57030994348066	1.45365937926228
1.87812871280308	2.05827329599361
-0.148720848528392	0.0840190764599256
-0.926283693685275	0.674693986096887
-0.409298561438682	0.231016912504294
-1.00458369514601	0.894231236494595
0.498554610979592	0.312670661557976
0.343330456881998	0.190234744288522
-2.55461491402217	2.65597925849735
-0.782430994121929	0.425069867358625
-0.284741143422541	0.178673382182409
-0.018937197504389	0.00910227020238899
-1.09704732256811	0.74402848833264
0.908738148746538	0.492120983974542
1.23696061930458	1.03219730899348
-1.09464616926907	0.745493654326501
-0.343357476079166	0.244011170520468
1.27506069987766	0.709328572158562
0.158857588582489	0.0479158038261938
-0.212568324340494	0.0694726774908008
0.953728587135748	0.642197787384453
0.18164444916727	0.124026561213284
0.462472276518142	0.310673273531112
0.178907479640683	0.122030306582063
0.367886521359726	0.185191354806975
-0.136542534741525	0.0957533337857223
-0.00296737371448918	0.00150626707149335
1.33802369792653	0.592673375336427
-0.141978824969554	0.0513095739208992
0.155550381288868	0.0533726526007366
0.608117522807983	0.318502976762962
-1.81712481822928	0.751432729760429
-1.02556922335767	0.412012891941837
1.47941289389175	1.47616205261055
-0.144142117823968	0.0520179795440079
-0.0996392409265558	0.0395320370100678
0.826271750411342	0.352114542073385
0.701144665578866	0.454852156625752
0.289563503704373	0.207033767583247
0.164876201142645	0.0943808568087575
0.679791120349672	0.58648040739661
-0.688290414896124	0.543411354400534
-0.957758161597005	1.01952764996253
-0.172017158748653	0.134418800310713
0.164581887662698	0.100438732434049
-0.330456854660316	0.197622779296542
-0.589132907126424	0.428774126559506
-1.34496633632483	1.334940339142
0.150599717713594	0.0856919800963324
-0.401884513747297	0.226868914244496
0.45918543852064	0.331019601065238
0.0748777240583149	0.0483938334695461
0.146177697743635	0.0632053924937036
0.171554221981076	0.0983223734785603
0.794236887179941	0.474192167062015
-1.03738705660692	0.820654794371833
-0.150626613076463	0.0852769270610129
0.160265851663677	0.091730808147291
-0.348220543213602	0.101642486260234
0.343330456881998	0.190234744288522
-0.0568644161075437	0.0248403449950877
0.150265211518485	0.0722781406515666
0.391350090845568	0.176852229199589
-0.404287630867487	0.228309475241669
0.29416437837409	0.211173477400764
-0.0637182386608087	0.0277444197112858
0.443217228467121	0.317825439919241
0.400840426899411	0.181657541240669
-0.150090457934657	0.0849609395829628
0.541904539690718	0.197072052508761
-2.64281976993209	1.630102871398
1.57769338856191	0.79694733357431
-0.979853197506475	0.488893696013304
-0.346051722995957	0.100990327474769
1.81965712946419	0.72393570375632
0.695409362280478	0.328164450416817
-0.0286648875726479	0.0135526834976084
0.151438453850196	0.0520921659930463
0.155816413428406	0.0535628127143977
0.393478586911913	0.177795063466044
1.52761233100025	1.29687952148399
1.10537694943361	0.833563580323404
1.78737485491656	1.813741666714
0.600151513325803	0.313072911417596
0.351114819394487	0.175412478034965
0.802357062073315	0.631226424658883
-0.602365807682686	0.289195223891661
0.394140003649719	0.1781426136427
0.156363426242974	0.047190420192791
-0.0285584656385593	0.0134700525976077
1.02966210210481	0.967037836969478
0.150236847737236	0.051602371349838
-0.332160227767894	0.199015460059466
0.535711132992892	0.195347083049004
1.03755206316161	0.397862674763024
0.14806360850737	0.0571942588723571
-2.46932405257007	1.39370332170556
0.909666551507062	0.491690128162449
1.57608961504829	0.795282229257361
-1.01702628305176	0.407896565848327
-0.241401838225242	0.120203365966034
-0.0936153822407014	0.037234297410612
0.158366958173935	0.0477619066778733
0.539952322366126	0.196328540547315
1.0681107560213	0.523863359158871
0.451158336600182	0.183419403196117
0.45212868260082	0.183281182706324
-0.0612766905687833	0.0267282662857739
-0.0817729292771532	0.0497633402454228
0.793352928272574	0.474008068001009
0.9894913384782	0.800219369896654
0.159670723881193	0.0913841608085178
0.30334842715513	0.207514121892944
0.146205786101033	0.0631732698820436
-0.551692593439443	0.348886460576212
-0.927334169215119	0.673948989893434
-0.511138195182615	0.195620508789569
0.603318795364971	0.31464709471682
-0.787989828456985	0.428135853935737
0.363595795083068	0.182977595037202
0.159873979297135	0.0482815097019209
0.450532391701879	0.183205964517695
-0.00106072923949309	0.000584725540241467
0.656122741492938	0.464367624226034
1.08686832229273	0.668059053663801
-0.0268266880818635	0.0127111387499436
0.69970491449887	0.453871000490228
1.24306088657166	1.03852741758208
0.304606955733789	0.195690367399692
1.02824516338573	0.964255715051298
0.450532391701879	0.183205964517695
-0.391265768818464	0.163995996745211
0.15190298259254	0.0865229964441361
0.458321526621627	0.186318935304384
-0.542227549310382	0.341231826024419
1.82073340465931	0.723968171977521
0.158104109918261	0.0476970098800851
0.701603834422439	0.331337092316178
0.940922493736804	0.250741724034319
-0.142891948035302	0.0516141016686805
-0.765647538128022	0.336254034875293
-0.311739505321106	0.143391278291556
0.344683582705454	0.190959480499764
0.156316835097579	0.060329813065547
-0.950995355784714	0.5812231287938
-0.146050154808727	0.0526254078407853
-0.605365691783786	0.291039737825185
0.150039122185617	0.0648502450161375
0.155454991000138	0.0600038955313648
1.3271322305254	0.588565404794414
0.67065498417138	0.215487616922184
0.151145060903721	0.0583778906974097
0.148254985144565	0.0641765306323083
0.13252217759728	0.063021648151032
1.46024822989263	0.914939033368804
0.17548283201557	0.124877798835581
0.319313910892432	0.192016138830042
-0.491426205946888	0.256310832581744
-0.602559327916406	0.289804737386457
0.393705818629334	0.177497598533749
0.548265066046468	0.316084801790317
1.78590091839396	1.01406146274082
-0.0902563220048039	0.0359833350486778
-0.787858125546425	0.427178102466166
0.666003992459644	0.470776645328821
0.157514264293963	0.0680117795994513
-0.722928245021615	0.251489262306972
-0.147540071935549	0.0532574291277169
0.453971605986436	0.184766637057688
-1.01917450542754	0.408793596683385
1.07965293871919	0.527475401987332
0.396702542158763	0.179290416391278
1.04306281920514	0.401137401202673
-0.138842239188248	0.0501271331509696
-0.300336735413601	0.137758241966233
0.921111572353903	1.02427902148818
0.713104316301559	0.465439456047213
1.23330796160725	1.02395754045174
0.291443578092417	0.208955743816264
1.09374852708382	0.819776289161854
1.78273902592425	1.00718439295684
-0.515782684048713	0.197574022242274
-4.00372890763927	1.76738115230511
0.61380515738731	0.321759708638614
0.152921677006695	0.0590114306768206
0.704246520576926	0.332075487200049
0.903242722273968	0.488293660658994
0.67065498417138	0.215487616922184
0.532198432599625	0.194009998264973
0.608117522807983	0.318502976762962
0.544506847286481	0.312736606936159
0.332079036693913	0.18325172940719
0.913281180683968	0.494045733041582
-0.212568324340494	0.0694726774908008
0.15433459922411	0.0465544527222368
0.451783977538765	0.183363070775372
-0.722656757230261	0.251937110505122
0.537151068021291	0.195568545631627
1.82148708414178	0.724579036933352
0.533173376017961	0.194273902958868
0.822141685307495	0.350753098387779
1.3271322305254	0.588565404794414
1.06530536060331	0.52073766886957
0.787394271841508	0.470287084764648
2.36108815741373	1.2035255309015
1.25208131816755	0.864701814660993
0.540211271112476	0.196620066482342
-0.137622313529336	0.049786449357193
-0.650979802369976	0.384734070954028
-1.02485306183988	0.411542674464278
-0.636438389477554	0.156998062672413
0.158419152296544	0.0906355493792778
0.340069876266978	0.1884693738549
0.855049584954711	0.623553744336486
-1.32035646601997	0.825248140293113
0.501329936899158	0.315061315670057
0.155155684092677	0.059796518327779
0.15341867575611	0.0663799864432788
-0.091380228261277	0.0364035026224855
1.57423460281206	0.794725226646763
0.531946232023591	0.193886067853674
1.95910045319213	1.23080448894722
-1.15439788496409	0.643505432727063
-0.723672302673316	0.251728336614369
-0.76445898984795	0.335968098647039
0.693625748437534	0.327219531188027
-0.764730750434994	0.336315068168277
0.820951286567722	0.349491735539168
1.0385642363423	0.399078648892044
-0.061956931216502	0.026939006504978
1.46312731116123	0.915661388961565
0.446502278429375	0.181108730956228
1.2434065267708	0.853319007404664
0.454594871922057	0.184978882106625
-0.00714403223297529	0.00352042361445938
0.523007418446361	0.189775957345919
0.0351705137653287	0.0204297794193264
0.906282042367378	0.491398748550521
1.82393551449113	0.726315315015904
1.45595429082102	0.907751856685176
1.57583179594837	0.795775282921038
1.33899532956063	0.593153568399733
0.147000030686198	0.0705466289955605
1.46765446930187	0.920120068795693
0.00375438208567529	0.00172809563306817
-1.60267241921992	1.22106136525807
-0.147251365806554	0.0531877126959508
-0.721635104470276	0.250959824058763
0.902053553340603	0.487619411741115
1.04256665160238	0.400711187611403
1.58584448626152	0.800830820240021
-1.14851210229951	0.353384284502155
0.156316835097579	0.060329813065547
1.33195766626685	0.591426123433272
0.664537539501677	0.213141860355242
3.63104293019025	1.45185522619522
0.450532391701879	0.183205964517695
-0.312272775272306	0.143613165880035
0.160914434221123	0.0552474007488785
-0.0304740895047207	0.0143555832112926
0.454257246607656	0.184850448579938
0.303070893757662	0.207101630009702
-0.240617546692706	0.120055409838279
-0.00791849423169923	0.00391021599309466
-1.48283389884717	0.75904802450482
-0.483160727570256	0.251648086173024
-1.16533230690341	0.654753086475839
0.326744658599867	0.178951186911265
1.06933690227919	0.52417571767679
-0.352502268480792	0.102674771115327
-0.00552090981624252	0.00275318056706653
-0.097748068493197	0.0387627224945672
-1.14712146603742	0.35296389743942
-0.601809544147604	0.288906996366902
-0.0563509801355513	0.0246243392287184
-0.660612967429995	0.389206726410292
-2.06439359288975	0.95463510943463
0.942469249206212	0.251285156498659
0.660259121595295	0.212070761377066
0.144896280914455	0.0626596294935733
0.665631852900648	0.213765325882499
-0.41073647605967	0.231896654402591
0.826531590934318	0.35315888780187
0.939853714804409	0.251002284675557
1.03780816129706	0.399548214209553
-0.215362013913717	0.07044095074977
1.76734240204442	1.37239423266163
-0.0977391269333095	0.0387992901722613
-0.030211967356599	0.0142302196708562
1.09147018590591	0.671196051218328
1.6227181426644	1.13719865880179
0.158201355784223	0.0684006159770017
0.967666686584058	0.652807132348164
-0.235347449040989	0.153255326678714
0.914200391193093	0.787181744084348
0.154703016161459	0.0668125837202353
-2.11226953945243	1.6009262346612
0.548421445901621	0.316715613912567
1.62035596892007	1.13146147814274
1.58141791457346	0.800800960739081
1.78707662335376	1.01202482076114
-0.486271831487776	0.253323628462508
1.45905124612978	0.911008922400888
0.150226451346373	0.0649340963371622
0.534744441536618	0.306294224968245
-0.508861305520234	0.194302291676518
1.33088806936703	0.591060570434883
0.156763807018891	0.067759613248126
-0.0893636381516683	0.0355840985394435
0.148341848280815	0.057205639084938
0.798332332236184	0.476206608071885
0.162606586631393	0.0489632049155684
0.450532391701879	0.183205964517695
0.783519127576044	0.466100165031084
-0.137622313529336	0.049786449357193
0.162765853660276	0.0412041418868207
0.833488367140475	0.355255177970303
0.819347213357939	0.348558683240123
-4.3980086906225	2.26494017423935
-0.773748935616848	0.340319327114862
-0.303068376187179	0.138859830055361
-2.46379153969894	1.3861078771049
0.693625748437534	0.327219531188027
0.147732809884131	0.0637760952478726
-0.510471133847125	0.195363258012676
0.531124427990143	0.193496952060357
1.03328569894233	0.396661373515875
0.530247760780079	0.192857360219512
-1.15841215624715	0.647358309178234
0.605305743912209	0.316963513665249
0.785361967646833	0.466435417285027
1.33074027635565	0.590717559474398
-0.0643296837248918	0.0279928741636013
-0.217062344939073	0.0708765351682746
0.936140043418633	0.249341310754104
-4.40379440159852	2.2747228491944
1.7668221027846	1.37154818870518
-0.722385544152519	0.251104758974595
0.152921677006695	0.0590114306768206
-0.134176358060072	0.0484891500537458
0.159576214720181	0.0547910896912197
0.529305127913445	0.192443828592845
-0.348220543213602	0.101642486260234
0.821210492165555	0.350333919962237
0.446502278429375	0.181108730956228
-0.391853018895284	0.164211548410465
0.660259121595295	0.212070761377066
0.156936880277468	0.0605850035962117
0.159825702589389	0.0405961444844569
0.158857588582489	0.0479158038261938
-0.141354920327139	0.0510651509736396
1.03957617416576	0.399643236692894
0.540669868021835	0.196241668166449
0.161642899961838	0.0486892383673852
0.431546737567828	0.326207897673415
0.505788235686156	0.31790814785433
1.44598024938091	0.485455548198704
1.03957617416576	0.399643236692894
0.502609847052593	0.31577624446898
0.697893620860663	0.32926888925522
4.56834154454349	2.62024393074543
0.829082707116246	0.353891357733884
0.69790906599664	0.330043247012599
0.604771876600505	0.316747851379352
-0.0914856348568854	0.0364543695011356
-0.142891948035302	0.0516141016686805
1.07277333902931	0.526857200434305
-0.716644618036395	0.248646064552887
1.81965712946419	0.72393570375632
1.44707333879815	0.486882965382531
2.11927682222776	0.965901658271386
0.455181505783454	0.184594030324218
-3.75679120459628	1.51679930864271
-1.51684905918208	0.549966932484854
1.82041011870169	0.724546408240772
0.159825702589389	0.0405961444844569
0.829346227820373	0.354574714510443
-0.324149498558854	0.192961670440468
-0.0713252113102925	0.0433106166221425
-0.0572972986886657	0.0358146568106326
-0.105454084449422	0.0417147798628178
1.61991588664052	1.1316263828868
-0.606817672308445	0.292067119296631
0.987554402314561	0.798748615724217
3.25711819118569	1.12516204396806
0.158729294236089	0.04043260950787
1.32180910867786	0.583599722997172
0.363080802516986	0.182632322834209
-0.637509639132058	0.157280902410938
-1.81362120382364	0.748711738733382
1.44816685557941	0.487186600500996
3.63214416087956	1.45298046940176
-2.58178332536446	0.682930522892635
0.940922493736804	0.250741724034319
-0.221638506503658	0.0723137933689917
0.156363426242974	0.047190420192791
1.33716574216828	0.596130922443722
-0.637509639132058	0.157280902410938
-1.52187037799917	0.552145600192979
0.938786187734731	0.250272333462114
0.499899818725635	0.313049485606748
0.714201056783366	0.800819602608608
0.0862452049194484	0.0607344153362166
-0.352171232685667	0.283527598299617
-0.0787084586482154	0.0479278425704468
0.152871946077288	0.0661485643318195
0.0936789100539877	0.0704803712547659
0.564620534232554	0.44576208062751
0.0450936553877213	0.0261240198089183
0.180366151817035	0.103314928286488
0.424651596197457	0.320744297898078
0.160976319617339	0.0981920974183098
0.29937101266305	0.204197086094176
1.96251009312843	1.23698416272059
0.661728658064843	0.468020919028754
0.3966958610729	0.179734062954689
2.14002284813721	2.1776062961469
1.11461042345213	0.98919831358556
1.10075896549818	0.829335012448297
0.716915029320065	0.468728685051828
1.44816685557941	0.487186600500996
0.159975713550132	0.0548588370938941
2.12281247852273	0.965310170814929
0.144624243113007	0.0277697138706121
1.06468052402213	0.521190538628543
0.532096755483554	0.193850118427115
-0.035662542318084	0.0167346288377624
-0.149074022216404	0.0537217230515229
1.58301839527747	0.798405043984206
-0.38977783456394	0.163362303429155
0.451123183314161	0.183433906627989
0.14505842944232	0.0625557857791415
-0.0798045343623353	0.0485756153767771
-0.796865154186052	0.68281664304186
-0.406129377160044	0.228815901523118
0.15333233148057	0.0390971321912012
-0.985590007821122	0.491945039298103
-0.358318715506293	0.10413238667114
-1.34845112096704	1.10859764235125
0.431761566557867	0.428191674407123
0.539352337731715	0.545968007448091
-0.797676632236589	0.684961490338992
0.360389581346754	0.180697512223701
-0.00534557508936606	0.00355107857757624
-0.19768671399097	0.105830981666699
0.702188639204418	0.331853922277242
1.04434257719901	0.401730000883782
1.33292908935071	0.591884606497793
-1.09711474657884	0.746771229604413
1.45081573296225	0.488099054152683
0.160518930457975	0.0406859460362184
0.940922493736804	0.250741724034319
0.162765853660276	0.0412041418868207
-0.636438389477554	0.156998062672413
2.75356411778207	0.788200953807627
0.180116392726147	0.146818162340967
-0.133301896024716	0.106895346047721
0.182022213866322	0.14873970862829
0.0581021478844125	0.0374401522813847
0.156540314753043	0.0825259434991141
0.382163550550306	0.323740133740569
0.115126297962363	0.0928346996759003
0.582827018437102	0.558530630941758
-0.405666223541986	0.228851335115728
-1.52138331882075	1.70801924869498
0.140626360094956	0.0671616298930827
1.32408890847567	1.54231932832138
0.71221523977813	0.465343888809851
-1.14241956815201	0.351807769829277
-2.06850564311402	0.955623602669619
0.395809177717908	0.17930246077544
0.357050262353888	0.178735174770239
0.599089536993305	0.312418599128068
-0.6066044979255	0.291574679111263
0.459229674353528	0.186708341659701
0.148508541635756	0.0283091884660306
0.152038681284049	0.0587362093462159
1.33268267370684	0.593331252982876
-0.391537693060903	0.164334140548253
-2.11328557474677	1.60465949025296
-0.484928030311263	0.253453685044182
-0.648561134689833	0.382132624828829
0.463015913652412	0.438847994830638
-1.09854728281768	0.748592632260613
2.1105161986914	0.958283319997579
1.95373899190972	0.460332693481441
-0.717393763247237	0.249373645181193
0.6125352771763	0.32057906460081
0.173783719249282	0.118060702999466
-0.0324392430513796	0.0152576537883895
0.155143712679243	0.0533136788534507
-1.1335609925176	1.48330708511397
-0.980941122012122	0.962061307012397
-0.191997666272336	0.102421075005101
-0.718143294445899	0.249734234417734
-0.782479808833709	0.425497759383064
-3.75605424325041	1.51534982337763
-1.82190756498679	0.755058428004035
0.144983099103736	0.027824125638065
0.144983099103736	0.027824125638065
0.897090705664082	0.483195349849893
0.534990586328699	0.194669034502889
0.0789036120199885	0.0553005379613335
0.689580881696437	0.789729486320038
0.921905348174133	1.02277024571586
0.353650307896688	0.177240681618947
-0.0810895364941509	0.0585817927468164
1.1239760164059	1.7211948432281
-0.169252023645167	0.116220562481635
0.78363015426341	0.46618358375931
0.292275855972651	0.209436258199643
0.610457029386433	0.319959411303901
0.614583972159224	0.573605792331425
0.78371780109337	0.611854467691376
0.156109961647803	0.075041794638741
0.667130392787493	0.214334835345571
-1.4556655853394	1.28980542257931
0.697605725358338	0.32955924642601
0.534734954570662	0.194672048613434
0.396932069772902	0.179599961331167
0.158366958173935	0.0477619066778733
-0.0333772366997904	0.0156800026805776
0.531223226643993	0.193578240394512
0.660259121595295	0.212070761377066
1.33788749462767	0.595246998169513
0.602921696339895	0.452440131232379
-0.396421062608657	0.166418251931146
-0.217866879591594	0.0711304956018471
-0.864187822126321	0.857031768662723
-0.949711445808998	0.579386960354327
-0.489495939210446	0.255549751228657
0.149245560977646	0.140689310276732
-0.171860341600955	0.134313428442492
-0.314522846969831	0.144550145886195
-0.51463277921927	0.474037176925662
-0.205098425673255	0.109437706249394
0.366959335214856	0.184678329931306
-1.01989133264931	0.408322516344122
-0.215102781729368	0.0703679315225032
-0.635886909613779	0.156604724964807
-1.8009224274669	0.401413641514774
-2.58142672375403	0.684312616488773
1.45081573296225	0.488099054152683
-1.80497515009983	0.40204480448646
2.75057603691244	0.786424841779512
-0.376499015504376	0.473364775351585
0.27354259277182	0.242453278381708
-0.143626351899632	0.081042859115888
0.368549328294839	0.322486803473625
0.170874497643407	0.110518890518154
-0.455531792517407	0.352520139980421
0.266827237519256	0.235719365042326
-1.46178085928967	1.30367963989812
1.04110188378161	1.0885874235743
0.709039986073265	0.46222694371333
-0.402008075708942	0.226046410882982
-0.399663915296735	0.224802148696252
-0.391265768818464	0.163995996745211
0.853515320063173	0.773514175761227
1.07059115341825	0.52387011515017
0.536431293429806	0.195654703291124
0.450532391701879	0.183205964517695
0.162070178892022	0.0411144637566376
-0.0874559670126083	0.0348463584648228
-1.14173074601379	0.351630194981725
-0.654884177926629	0.387223360408539
0.162080659814295	0.0623283245377446
-0.00678601525623638	0.00332664122223471
-0.0974131098748721	0.0386715926296058
-0.580760367849273	0.423252827193512
-0.00361985568092463	0.00241599137817306
-0.782623932653772	0.425506794164463
0.167186219060181	0.10797059439168
-0.547866299763882	0.34503161424802
1.24389968214281	1.04025201242408
0.428190323381499	0.323874675054949
1.78996072073065	1.01259619096451
-1.14104219214391	0.350714860686515
-0.722656757230261	0.251937110505122
2.75057603691244	0.786424841779512
0.453686919121105	0.184282387612812
3.26033581954854	1.12492242320153
-0.0123651554866246	0.00819254858598503
-0.220338937827508	0.166685220127118
0.271823135493077	0.226120541243645
0.00842829589895031	0.0047532524340198
0.372573612646909	0.326924564931423
0.0574273307211897	0.0466293836205609
0.17685571230347	0.120137079413191
-0.119903781283016	0.0706634772240834
0.860921373229701	0.630179879176727
0.0244897508073638	0.0132110245004112
-1.43768172120523	1.52129309105422
0.564917151934792	0.446877618835201
-1.09384415321692	0.741799255817169
-0.210870083038772	0.0690051452148311
0.705160397971455	0.457402860432901
-0.501026914508409	0.375909592964035
-0.0636223533630261	0.0276366338074103
-0.312225097478924	0.143601768119538
1.62563607750094	1.13559750709439
0.950100495202467	0.637086664057997
0.788629952167631	0.469050994761828
0.61146834572881	0.320092594330738
0.609019974615804	0.319130134428792
-0.00838568971512816	0.00413637430945648
-0.791037779599991	0.428685809871476
-0.198658057029226	0.106345417132696
0.0704399436781856	0.0474974815679941
-0.0644202184455646	0.0280422366372584
0.160626900474085	0.0484137065522702
0.445254943515106	0.180826712699052
0.954033290945418	0.643225187598632
-0.29331473182916	0.213446071027839
0.794477700770721	0.624986392828447
0.363595795083068	0.182977595037202
-0.334976303549827	0.199801780428724
0.352414010044861	0.176297095442368
-1.27428878983577	0.582639355082303
-0.327081821744626	0.194968825073228
-1.09284529293058	0.739504656054939
0.917714528982694	0.495482645250856
-0.390056931578861	0.163577070139297
-0.543183882314581	0.341991410338625
2.39886890788738	2.02602418430813
0.70718057555309	0.461062033863813
0.163812524192532	0.0939045844991736
0.603318795364971	0.31464709471682
0.915631622400209	0.789460245098817
-0.0000375177256047322	0.0000885343115552091
1.03882026472922	0.400114292850008
1.89606142954258	1.61576160637167
0.612903400161451	0.321207167405034
0.389804067264925	0.175625172363808
0.512320568620019	0.439641135541065
1.03455764314919	0.397057034101838
0.334979764936658	0.18507060494777
0.046309260022648	0.0283782117308678
-0.0750617750207586	0.045634301718368
-0.337475935309934	0.202550188192623
0.158036719368933	0.0402017101522864
0.15514468556827	0.0599065447102182
-1.15977983657183	0.649500065308071
-0.611827078149116	0.294337080765376
-1.48592400501553	0.759090320592301
1.78061617718324	1.00742947847421
0.702895626713881	0.457237225826845
1.12469083692549	1.00582103914091
0.61751560465736	0.323226385508005
-0.0565586619578325	0.0247139526763079
0.915599274708252	0.494906962194538
0.443016565609509	0.179132376692587
0.160245495668551	0.0550404979204778
0.361666885817463	0.181448556052555
0.890787140924216	0.47822438096822
1.23696061930458	1.03219730899348
1.32834411864937	0.58946272635446
-0.678961575616469	0.473274009850058
-0.728930360789535	0.253129187314378
-1.02126179208727	0.410975081816502
0.158104109918261	0.0476970098800851
0.82839895625885	0.353767602009201
0.157426877687479	0.054095802255857
1.45081573296225	0.488099054152683
1.07154807786812	0.524761013102316
1.07221575363815	0.524136236107927
1.44637717898614	0.486482829772734
0.45083767344141	0.183111265974364
2.11505214578591	0.96111669527156
-0.645468225391831	0.158511996656751
-0.636438389477554	0.156998062672413
1.03780816129706	0.399548214209553
0.159120665328247	0.048062202194274
1.08686832229273	0.668059053663801
1.82041011870169	0.724546408240772
-0.975222069240432	0.485508813766345
-0.306597796794792	0.140759029028169
0.355820017013279	0.178433679689945
0.939298703364537	0.250809511779044
-0.187712300656247	0.099966012636641
0.788112118701257	0.468256153076577
0.144983099103736	0.027824125638065
-0.347136350857903	0.101509886664517
0.539952322366126	0.196328540547315
0.359739237950821	0.180437255612214
-1.17643133784154	0.657572776399279
-0.769096652976814	0.338609468695455
1.33971586138168	0.59505177277686
0.333154113938346	0.183923583635988
0.528334378223905	0.192181471899543
0.939853714804409	0.251002284675557
2.75057603691244	0.786424841779512
0.165349277551262	0.0565982916185137
-2.58587528855637	0.684874790734986
1.82393551449113	0.726315315015904
0.66209183440345	0.212643534404712
1.44707333879815	0.486882965382531
2.75656983410044	0.786824865410408
0.159825702589389	0.0405961444844569
-0.636438389477554	0.156998062672413
-1.27656840239241	0.58297122228144
-0.520489423661184	0.199119614912018
-4.0073535009264	1.76940920844372
-0.632707054239441	0.155821219725077
-1.51406510425906	0.548397333153719
-1.14781664720768	0.353699707342604
-1.14173074601379	0.351630194981725
1.9546069313489	0.460412245381477
0.164410243521159	0.0562284388731446
0.939853714804409	0.251002284675557
0.664969953013349	0.213264891085546
0.159877043029677	0.0481664355066161
2.11302394251325	0.960139316615714
3.25711819118569	1.12516204396806
0.939853714804409	0.251002284675557
0.665301548139678	0.214168982585133
-0.637509639132058	0.157280902410938
1.4519121380375	0.487696442951866
0.661014028065539	0.212332873799895
-1.14283325733795	0.352132388893513
2.74958998501656	0.787920507210083
0.15372623772021	0.039243442264908
0.665631852900648	0.213765325882499
0.161906078576276	0.04874952925091
-1.8009224274669	0.401413641514774
-1.14352115801698	0.352309794326609
0.664222224803941	0.213409026485109
0.530499832462958	0.192903879235124
1.95373899190972	0.460332693481441
-0.517941904306001	0.198111769037771
-1.27428878983577	0.582639355082303
1.0385642363423	0.399078648892044
0.939298703364537	0.250809511779044
-3.08605931477026	0.975090216684496
0.163624541637998	0.04930959903967
-0.641728465892975	0.158059513381177
-1.8009224274669	0.401413641514774
-0.34327511670262	0.100238459904739
-0.347881275810247	0.101704932899344
-2.58550852264163	0.684811136427957
1.95373899190972	0.460332693481441
-2.58587528855637	0.684874790734986
0.144292720137753	0.0276888229156664
0.943541575109422	0.251560831713342
-1.8009224274669	0.401413641514774
-2.58587528855637	0.684874790734986
1.95373899190972	0.460332693481441
0.939298703364537	0.250809511779044
1.9546069313489	0.460412245381477
2.75356411778207	0.788200953807627
-0.520217181433706	0.199453993404994
-0.353252610180752	0.103014720617828
-1.51257813221999	0.546472227688933
0.158036719368933	0.0402017101522864
0.526761641127368	0.191176261224839
0.539952322366126	0.196328540547315
0.155114325714535	0.0596269782645986
0.609019974615804	0.319130134428792
0.735627250713196	0.609854893152296
0.335847925649094	0.185915619154983
1.53596376754224	1.30721556370399
0.17567471482734	0.119451692750018
0.357279949502941	0.178262819508029
-0.241610477819292	0.12071979890276
-0.727665050071283	0.2526903198642
0.327820067703507	0.197335472943924
-0.0362606984377738	0.0170035067735801
0.0209212968496399	0.0112871548672464
0.426894646043406	0.322542708879445
0.428190323381499	0.323874675054949
-0.395332879314323	0.272707095976776
-0.00760159237707155	0.00375484666010385
-0.0316522787248734	0.0148854347919461
-0.277222256492714	0.173142265420294
-1.45704751858981	1.29647426623786
-0.306597796794792	0.140759029028169
1.57397705594337	0.794128271912553
-0.637509639132058	0.157280902410938
-0.786096947066662	0.424979623907923
0.452973749955339	0.184064823292599
0.359598447793694	0.180964014187806
0.654392343670097	0.4629176292011
0.156276837742924	0.0533449870177049
0.698496407756354	0.330246463159199
-1.27656840239241	0.58297122228144
-0.980707175228182	0.48863605366341
0.940922493736804	0.250741724034319
1.44746976337709	0.486785860941538
1.44707333879815	0.486882965382531
-0.721906540285296	0.25157399652224
0.156530838902088	0.0537701104160248
0.666381294485655	0.214481042382208
1.4452850207351	0.485057538595493
0.322191308927138	0.193467511304108
1.5240352129534	2.77702816804832
-0.647675767357988	0.668380824250433
0.154468851936004	0.0879430313152002
-0.78328355266731	0.792804285453659
-1.02243803269035	1.14308052591155
-1.07710653986553	1.35258750885757
0.805124355657545	0.479981928303869
-0.0838061887039833	0.0509458282945435
0.269120368488156	0.223820070658899
-0.153044582372517	0.10422958616417
-0.256962813240277	0.209089359706116
0.300038487556863	0.216045877093981
0.703203419030458	0.704165582104707
-1.10044744509633	1.05397763816225
-1.22579788987179	0.916495577401371
-0.0679431431033991	0.0498424853609303
0.290112664576637	0.20741582033562
-0.0659777597725097	0.0285995782218332
-0.503351265027793	0.376699779719369
0.147448030541528	0.0568373638499751
-0.191830522609346	0.128224235225354
-0.113298676251872	0.0665308454192312
0.856450839849381	0.624563770405396
-0.306017148378831	0.140808131815514
0.157097378388178	0.0752949392650819
-2.24481324314839	1.86496886208498
0.392137327199586	0.176940423183817
0.156530838902088	0.0537701104160248
-0.727930992330886	0.25380129172308
-0.511138195182615	0.195620508789569
-2.58107011718166	0.682882000334415
-0.772217138315866	0.339370153386499
0.158036719368933	0.0402017101522864
0.145592290548819	0.0279027526196651
2.75257155834301	0.787872112571947
0.939853714804409	0.251002284675557
-0.640656975678056	0.157776356363176
0.144983099103736	0.027824125638065
0.157633323445896	0.0401249768572365
1.82285567270069	0.72447069477398
0.379389866577909	0.321406306812821
0.887287219228835	1.29591865231248
0.767074656948401	1.09108164431409
-0.501687846771994	0.262582680436709
-0.39234138637432	0.342437561921979
-0.540382261335358	0.63448045095227
-0.257503733732006	0.23287151893003
-0.614302340514607	0.760945756947775
-0.337109437816959	0.416406148909741
-0.905606817844478	1.49969317341667
0.24213053043808	0.267616306229356
0.596032115940001	0.656857772775738
0.0768016796738005	0.064484727231343
-0.524587392678782	0.558783331849701
-0.696953618676851	0.608794104307939
0.693456026965625	0.797787535292732
-0.102837491817038	0.0999509605793865
0.29120536068284	0.218804869089562
0.456131951471978	0.328109992443777
1.24221629097294	1.03688317951233
-0.182746462965457	0.0974342444842008
0.562924989145223	0.443953939900149
0.334979764936658	0.18507060494777
1.3342784970142	1.39476684043416
0.152333554816668	0.0588163373718562
0.153579839740872	0.0463985633570496
-0.490550190023842	0.256497169003208
-1.14283325733795	0.352132388893513
0.155730891195915	0.0601356355216201
-1.84268528721892	1.16259263678228
-0.090929796907427	0.0362166152873234
-0.722928245021615	0.251489262306972
-0.638041567101684	0.157111298213115
-0.0948442081054409	0.0377295149269852
-3.08605931477026	0.975090216684496
0.934005942223238	0.248873278369857
-0.635886909613779	0.156604724964807
1.95373899190972	0.460332693481441
0.943541575109422	0.251560831713342
3.64005636387319	1.4534177013571
0.157633323445896	0.0401249768572365
0.576614133291557	0.5729065127216
-0.0248270447900439	0.0210985282433753
-0.610841646202947	0.675077214096859
0.309068768857344	0.198626750187816
-0.10211475164235	0.072487607463868
0.104445826059006	0.076727442752587
0.0436069137107516	0.038560547318394
0.613033909730089	0.660753459957605
-0.0245680099213632	0.0189766434734424
-0.0920724146558409	0.0822899436710477
0.136396187311586	0.12729069879911
0.725711795697607	0.819603544111154
2.06376595075284	2.5655095347735
0.111626608878421	0.0897670866453197
0.394159374966506	0.335501764745478
0.380248678857949	0.322484798326746
0.726475666749691	1.08667571951567
0.431054445988324	0.439977464893766
-0.189024207840437	0.10119702669564
1.258872246245	0.868028939093419
0.475911887307491	0.323093458409054
-0.0875128668410218	0.0530129885961384
0.415196407170252	0.328497004211921
0.0893948182973923	0.0629708985342064
-0.31158440956349	0.14291823792432
-1.26615648919643	0.576700733308464
-0.206631616113668	0.0673513443854883
-0.188793717676176	0.100612980814248
-0.100088981249221	0.0397814202564071
-0.397288097755451	0.166559985092832
1.27990709716744	0.710766526885626
-0.506968648349492	0.193256821424707
0.145952781975537	0.027957432098957
1.06996418155248	0.524640045916601
0.157772450057789	0.0400836004593127
-0.346051722995957	0.100990327474769
3.25819512813541	1.12540871646052
2.75057603691244	0.786424841779512
0.157633323445896	0.0401249768572365
0.939298703364537	0.250809511779044
1.33437745347812	0.592914189800261
0.688819863586578	0.597422813206995
0.203873284937786	0.177658683554362
0.489821463035511	0.528715143292803
-0.460804249984937	0.428460156527025
0.266168794603146	0.227948757437164
-0.168568106364246	0.13156692878382
-0.560894403027333	0.782561427607694
-0.111649407855599	0.0795267317127077
0.262574042377679	0.261877777018891
0.0245372747201918	0.0227160089287342
0.368670632059657	0.435507701599524
0.578446521636876	0.653073696858816
-0.0172005236170613	0.0113177357122529
0.106833620440219	0.106462245166772
-0.27651564672609	0.228688429790528
-2.67187001863507	4.15365823680855
0.0884648586328056	0.0623258098366771
-0.741204776474582	0.992565070213027
0.71221523977813	0.465343888809851
-0.0533973731130338	0.0232999450493841
-0.200596944137823	0.10730268138915
0.161549513867569	0.0696916759084831
-0.00569340445238089	0.00283236443266855
-0.212568324340494	0.0694726774908008
1.07339792195029	0.527321292719669
-0.08783015827919	0.0348385046262858
-0.722178250971348	0.25075614733526
0.145952781975537	0.027957432098957
-0.147827814844752	0.0531918604954045
-1.14283325733795	0.352132388893513
0.140400083006098	0.0271488262218611
-0.348647465724826	0.101723259540307
-0.641728465892975	0.158059513381177
0.946736216714011	0.251684249918529
-0.218095977331293	0.164597047608321
0.643886074523252	0.769801771986098
0.456243230185824	0.430752055283241
0.0511805387820896	0.029571503856985
-0.480441232304291	0.514005620170249
0.188794365731306	0.18647669327203
0.0246865372397418	0.0177756253158203
-0.268793102559947	0.221259957642063
0.17635343394198	0.158523071131595
-0.195792986324333	0.210818786743313
0.130308548866741	0.140711698020439
-0.0556550088730501	0.0467696837356083
-0.745517916543826	1.07893042633682
0.652172841092224	0.588163839050695
0.082007311833564	0.0721146165552329
-0.95079608909228	1.37422245438991
0.90818646744808	1.12726664535969
-0.0843311944356452	0.0623354796538385
0.54214609486086	0.633948468493373
-0.0674910169538131	0.0496307328897917
-0.696337086427979	0.608805738998129
-1.60615993800292	1.21812383275169
0.0315216652730272	0.0183313711197354
-1.47740790309011	1.02452759161383
-0.142573306208437	0.0514606942828237
-0.0970637201732369	0.0386561842595737
-0.100642089585741	0.0400077999772352
-0.147251365806554	0.0531877126959508
-1.8009224274669	0.401413641514774
-0.346391761922432	0.101125986544327
-0.633263297544021	0.156213540903658
1.95733767915288	0.46077898524688
-2.58142672375403	0.684312616488773
0.944102727079701	0.251755733219961
-2.58107011718166	0.682882000334415
0.298033461622598	0.233746363536167
0.622708214881527	0.673620104134427
0.337204607011089	0.335447942036233
-0.0941717075536865	0.0375157318846001
0.961621898979706	0.648928040180444
0.48651794417007	0.524705005411246
-0.682134555711492	0.871405334889458
-0.463003467773904	0.431345049819407
-0.747548179931293	1.08558558208965
-0.585134635878207	0.882791453898376
0.311641343960784	0.334943984973246
0.272113424052263	0.254120906492374
0.677667440581402	0.864777498607918
-0.479335522180668	0.511311553747186
0.38302236525158	0.398887358606834
0.568754060236571	0.450122093204319
-0.644660195239323	0.662410791003996
0.275649578237154	0.257773637116349
-0.1276666543828	0.122868525705562
-0.628073194426274	0.600233925534612
-1.83290735276733	1.1561472364467
-0.899087662916074	0.743947291678387
-0.671573586175996	0.465901564083248
-0.216082437585751	0.0706900588053257
0.160645055568265	0.0549932515063305
-0.786183829224479	0.428256165803895
-0.638059916511872	0.157099877961465
-0.636438389477554	0.156998062672413
0.144983099103736	0.027824125638065
-2.58107011718166	0.682882000334415
1.95373899190972	0.460332693481441
3.26465972756103	1.12436390836181
0.160626900474085	0.0484137065522702
0.0628135778770418	0.0404247463412206
-0.156263333977948	0.120830025274152
1.06168260476571	1.55477943501373
-0.343033177347782	0.205587686685857
2.40734956598951	2.0447774108822
-0.792131026271071	0.856963243663557
0.922203025587316	1.4921913753714
0.183407040947132	0.136236945537966
-0.341925408015434	0.354161307476679
-0.263947356371658	0.255421595287474
-0.219936865008012	0.218057271047796
-0.719411474220211	0.867154804207724
-1.24651915601668	1.7632278217961
0.358037667480712	0.332283279530814
-0.963398427385676	1.33929335735994
-1.43296636821575	1.51781742770223
-0.0445252567864221	0.028608866268051
-0.375123109187857	0.324497719065994
0.394226609609738	0.445562469535378
-0.41073647605967	0.231896654402591
-0.801789192186415	0.527574687393237
0.445596889213535	0.18061730877116
-1.81562925100544	0.751335139968759
-1.22654425320129	0.918239554519319
1.95373899190972	0.460332693481441
-2.58587528855637	0.684874790734986
0.145592290548819	0.0279027526196651
0.148874773794293	0.0283648154803441
-0.514177567970251	0.196553069850422
-0.636438389477554	0.156998062672413
0.144983099103736	0.027824125638065
2.74958998501656	0.787920507210083
1.04434257719901	0.401730000883782
0.157633323445896	0.0401249768572365
0.144983099103736	0.027824125638065
0.162765853660276	0.0412041418868207
0.278727966972725	0.240724198523643
0.197047368506384	0.179445152039407
0.104667056247573	0.079351362680914
-0.509385889918668	0.384328402759983
0.276901894284138	0.238903645292076
-0.141266204132708	0.121390888337509
0.15031517496453	0.141871662413966
-0.220034564862814	0.185832069601063
0.647696249522276	1.00839276133583
0.205060697979375	0.220510603097691
0.189963137955162	0.191407699568097
-0.0819386900823634	0.059167273872444
0.416701199073415	0.434233149284917
0.288904286133041	0.226276282169549
-0.399609542533382	0.500650438423187
0.799774422336714	0.958925140942807
0.35554362282029	0.329045651891911
-0.652229674722843	0.633111121738726
0.746544346786307	1.00443147665125
-0.508437800609653	0.381356473915767
-0.370458915861942	0.319199391969362
0.790071252491001	0.469803142467178
-0.348647465724826	0.101723259540307
0.403628938718973	0.182811518185001
0.152871946077288	0.0661485643318195
-0.348964786734811	0.101837107016821
0.151491668846245	0.0726356837688022
0.148813900739721	0.078286754397297
-0.141663852742166	0.0511389466314022
1.44707333879815	0.486882965382531
0.145952781975537	0.027957432098957
1.95733767915288	0.46077898524688
-0.2098903203841	0.0686010473884186
-0.728949254888783	0.253711766914117
3.25604250889092	1.1220922045732
0.144983099103736	0.027824125638065
2.74958998501656	0.787920507210083
-1.80103877399874	0.401412128456168
-0.636990001200621	0.156817984288667
0.939298703364537	0.250809511779044
0.190490853213734	0.151745790131337
0.261661752484265	0.222283471212409
0.129994928259903	0.105245492714583
1.09074546585577	0.670017017642611
-0.0278711518329468	0.0131735003449107
0.35923273923807	0.343713025126428
0.539804243251902	0.717307527465676
0.18304598427939	0.149469589296112
-0.578233426534999	0.843145203766329
0.325037025490259	0.433753435919178
-0.239455691350513	0.218993741728501
-0.602787355790413	0.631057897494906
0.390009721606669	0.319253650260718
-0.0545190660075809	0.0341241456089463
-0.462749819958585	0.521133010250242
-1.83424807817869	1.6569764906668
0.386539873708309	0.329192917052454
-1.16119670364132	1.00246248137539
0.306533070466847	0.313033333322319
0.010487771521093	0.00581763776013255
-0.692534317885296	0.547489269330877
1.44707333879815	0.486882965382531
-0.636959492719679	0.156887069567616
0.527613487096402	0.192164364642399
0.664860493439773	0.213529366716842
-0.221381474348764	0.0723536757666175
0.995996528237031	0.809567415995886
1.95733767915288	0.46077898524688
0.158729294236089	0.04043260950787
1.9546069313489	0.460412245381477
0.165129397966442	0.0496596498417191
1.95373899190972	0.460332693481441
1.9546069313489	0.460412245381477
1.44637717898614	0.486482829772734
0.942469249206212	0.251285156498659
1.9546069313489	0.460412245381477
-1.8009224274669	0.401413641514774
2.74958998501656	0.787920507210083
-1.8009224274669	0.401413641514774
0.943029051172106	0.251479485037243
-1.8009224274669	0.401413641514774
-1.14173074601379	0.351630194981725
0.789108840284998	0.844223844255336
0.0369938670736421	0.0283452481461065
0.946417876580636	1.44961156683806
0.335872040814393	0.185354752321806
0.295588129859925	0.221931002401823
-0.645384911699445	0.623006541570657
0.244095540741009	0.288560459029398
0.49824737322781	0.444503968049563
0.00925070041970088	0.0073652985221488
-0.0989368692991569	0.115948834619017
-0.531577596084453	0.73961702197643
-0.785621320226109	0.851608515125555
0.267243788094211	0.229018070870695
-0.227610596057322	0.147700193036305
-0.349607699463669	0.356260572979227
0.334354603520491	0.183777752552886
0.0469403391245498	0.0270736384245895
0.275931765027265	0.23801505842219
0.385716798853848	0.424416243629867
0.784158294580409	0.731215384478336
-0.272379280194734	0.1701230943186
0.69730313301527	0.32814042782902
0.689632974455738	0.324418762214956
1.82393551449113	0.726315315015904
-2.58107011718166	0.682882000334415
0.156941675224984	0.0398954425925589
1.96306562058953	1.23739533434833
0.157633323445896	0.0401249768572365
-2.58142672375403	0.684312616488773
0.159421595053514	0.0405224643025682
0.144983099103736	0.027824125638065
-1.8009224274669	0.401413641514774
-1.8009224274669	0.401413641514774
0.144624243113007	0.0277697138706121
0.144624243113007	0.0277697138706121
-1.14283325733795	0.352132388893513
-1.51793915586182	0.550681864442582
0.295831516764713	0.212318615408189
0.14189295074216	0.121983173406008
0.426387212293605	0.434588106412607
-2.46029600936456	2.39334367413533
0.888243993571043	0.897413145839793
-0.0191047638357446	0.0125543194156954
0.378279439977141	0.472969607435445
0.761906428672381	0.925616438312448
0.0481163229373611	0.0442091102415612
0.0706992532777846	0.0603597804469205
0.00337614129414302	0.00312594067413001
0.601987796844366	0.66762308340798
0.185084377263965	0.142539959416073
0.358017241038536	0.310342764962594
-0.102959919747759	0.0829459794559488
0.391829528253837	0.334459089179866
-0.192530813366299	0.128708802070064
0.35028985675916	0.323614325847811
0.427116917821754	0.501943498839881
-0.392418205741847	0.269146250173078
0.148874773794293	0.0283648154803441
0.15333233148057	0.0390971321912012
0.148508541635756	0.0283091884660306
-0.348964786734811	0.101837107016821
-0.636959492719679	0.156887069567616
0.144983099103736	0.027824125638065
0.148508541635756	0.0283091884660306
0.944102727079701	0.251755733219961
0.144983099103736	0.027824125638065
-1.8009224274669	0.401413641514774
-0.637509639132058	0.157280902410938
-1.81591136124749	0.751370102486519
-0.635886909613779	0.156604724964807
-3.08605931477026	0.975090216684496
1.81933356547965	0.723773070508788
0.673606740317588	0.880778546846008
0.356315898590107	0.42495633501596
0.239434074967959	0.249227217191613
0.692733693329814	0.326479597718437
0.482800479358918	0.444870099366127
0.27249537911976	0.234231300204668
-0.206327413698076	0.241810312127732
0.130386450376148	0.116532837998172
0.127468959073117	0.120301097580473
0.261763544473258	0.313895926142014
-0.0591337787272605	0.0590959101383409
0.0120699358903155	0.00990746211625545
-0.180120815861226	0.137328141697784
-0.146679573361382	0.0994773701513294
0.42436119211037	0.508353355082278
-1.03403745851179	1.16168859355107
-0.312078793380102	0.27754074772031
0.280002895248679	0.217381225882945
0.437142299620876	0.569265810163979
-1.8009224274669	0.401413641514774
0.533895130806427	0.194581489771343
1.04159933206917	0.399425668548248
-1.14283325733795	0.352132388893513
0.155815241427209	0.0822895029418419
0.527613487096402	0.192164364642399
3.63104293019025	1.45185522619522
0.144624243113007	0.0277697138706121
0.145592290548819	0.0279027526196651
0.943029051172106	0.251479485037243
-0.519820883897615	0.198536352412549
-0.212568324340494	0.0694726774908008
3.25711819118569	1.12516204396806
0.159421595053514	0.0405224643025682
-0.768149963318717	0.33666752256518
0.518396725159187	0.446584818514517
0.526213348469639	0.454468052135596
-0.15813957400477	0.108115220812818
0.502609847052593	0.31577624446898
0.74091116114196	0.614415559698267
0.57083102863704	0.566892285919391
0.915525966886895	0.790920172051184
-0.546683315261437	0.456397669830855
0.101616792662325	0.0742924029818833
0.187101695148936	0.143760538554199
-0.558242929373599	0.588870734579398
-0.276391095563201	0.173267794984199
0.584380914959507	0.561830664314378
-1.36636508081926	1.3629771798672
0.28023066015902	0.234793044713959
-1.29797248277476	1.76040945039925
0.99819383894205	1.09141633935482
-0.260976591516186	0.213767871490285
0.0911637919337783	0.0643412882633983
-0.610376690779966	0.293376049768535
3.63214416087956	1.45298046940176
-1.14214562413243	0.351215554477081
0.835113861973658	0.356003428926739
-0.519276339586016	0.199029682930515
0.462673234440248	0.187627691466998
-1.5155534047255	0.547544421448577
-0.339734523359	0.0989645737139586
0.144624243113007	0.0277697138706121
-1.26549119869759	0.575887232891104
-0.796286907230843	0.43455234128038
0.339118700399967	0.187840627218597
1.82393551449113	0.726315315015904
0.830281395788375	0.355150943185541
0.450532391701879	0.183205964517695
0.866090199998461	0.635171662379481
0.0402681942125493	0.0233475804901937
0.475481285250445	0.322191274111465
-0.312806253572797	0.1437625490264
-0.331121590284441	0.197067388164621
0.151508178967841	0.0655546264156102
-0.718143294445899	0.249734234417734
0.187155435891515	0.13392588630786
0.144013735265409	0.0622118058321614
-0.514887609909971	0.388978320503909
0.532920813071289	0.194317875052133
0.523975203501484	0.190037373409903
0.518251960009823	0.446711071174633
-0.696220130482365	0.552544975189515
0.164040860622969	0.0629258861926537
0.148508541635756	0.0283091884660306
-0.508861305520234	0.194302291676518
-1.01702628305176	0.407896565848327
-0.763835775071784	0.335755273843228
-0.727930992330886	0.25380129172308
0.145952781975537	0.027957432098957
-1.51759021741262	0.550484114851072
0.144624243113007	0.0277697138706121
0.67065498417138	0.215487616922184
0.157426877687479	0.054095802255857
0.144983099103736	0.027824125638065
-1.01774198098802	0.408465897919083
0.155608726416379	0.0470349393301069
0.453348037888944	0.184394681005512
0.942469249206212	0.251285156498659
3.25711819118569	1.12516204396806
0.159421595053514	0.0405224643025682
2.12662648397539	0.963369877701206
0.699821572533346	0.329689434451034
-0.390992556989641	0.163426770071789
0.15333233148057	0.0390971321912012
1.03780816129706	0.399548214209553
0.146106063259919	0.0501718731834185
-0.347136350857903	0.101509886664517
-1.1681241602599	0.653928678288463
-1.27400836223229	0.581258703136909
-0.353252610180752	0.103014720617828
-1.51684905918208	0.549966932484854
0.152053878698423	0.0586618420366476
0.604403296747335	0.316337210750495
1.96427794070285	1.23851349469672
0.158729294236089	0.04043260950787
-0.950145927504755	0.578577034319724
-1.83895422721968	1.16012241679957
-0.343614950418389	0.100353977595961
0.0402670157717702	0.0233532385801597
0.152108068416228	0.0523180707573953
-0.395898601970029	0.222250035226509
0.139221366642561	0.060061814455414
-1.33376764188472	0.836860680576432
0.423296900035539	0.317938105823383
0.695119844342961	0.448377598114309
0.155816413428406	0.0535628127143977
0.159132199857942	0.0403652499117015
-0.345306452425536	0.100608479618864
-2.62996644779573	1.6224785497449
-2.27926960675526	1.1671765233149
0.531223226643993	0.193578240394512
-0.514908806238071	0.197238634697011
-0.969807381859111	0.480972338660883
0.530151821487384	0.192827665875907
-0.638059916511872	0.157099877961465
0.938786187734731	0.250272333462114
1.45151622307992	0.488502446881907
0.148874773794293	0.0283648154803441
-2.58550852264163	0.684811136427957
0.159610674313697	0.048048445892231
0.934005942223238	0.248873278369857
0.158729294236089	0.04043260950787
-0.514908806238071	0.197238634697011
0.939853714804409	0.251002284675557
0.145592290548819	0.0279027526196651
3.25711819118569	1.12516204396806
1.44746976337709	0.486785860941538
-3.09018140585655	0.975319743554836
1.44707333879815	0.486882965382531
-0.347476635066155	0.101259316294087
0.535589924172933	0.19449590881287
0.66209183440345	0.212643534404712
0.496316955385619	0.310767200633278
-1.09970717064308	0.74597808638403
0.155709984818057	0.0820750676464166
0.699386914285027	0.330724088267117
-0.602151025648749	0.288882306181663
-0.79168986186258	0.519725251166368
-0.792588192840485	0.518876698564433
1.28935874860181	0.715550561164611
0.855941616517044	0.625798692215858
0.320826428867632	0.191488882733476
0.345565296742599	0.191169156175782
-0.885493805581422	0.815177293556117
2.40825916201018	2.0460118356196
0.652954645576512	0.461858084428406
-0.0956170879648099	0.0381091865393533
0.422422330716781	0.31799697994119
0.324596507626366	0.195197714017665
-0.469754901083136	0.312948073322444
1.09164224802605	0.671326431426242
0.323899335008807	0.194820898994345
0.160914434221123	0.0552474007488785
0.46088713542413	0.18588624967037
-1.02054390147798	0.410401139638387
-1.27590137938967	0.582633022248989
-2.12156825402055	1.62378549776188
-1.16050726652835	0.650191977967804
0.158856086796509	0.0478216925261301
-0.233375978667886	0.151727356824938
-0.0299478013118136	0.0229208284572732
0.44524647657122	0.445336019865138
1.9546069313489	0.460412245381477
-0.347136350857903	0.101509886664517
-0.641728465892975	0.158059513381177
-1.82190756498679	0.755058428004035
0.795376791459446	0.473728672596631
0.939298703364537	0.250809511779044
0.674197973069904	0.21591282907208
0.668211247777032	0.21423636425458
0.152633350829298	0.0389395951664406
0.145952781975537	0.027957432098957
0.666700173480009	0.213823752041035
0.144983099103736	0.027824125638065
-0.635886909613779	0.156604724964807
0.163624541637998	0.04930959903967
-3.45920905368023	1.25640999767694
0.157633323445896	0.0401249768572365
-0.213286924508017	0.0696664262975339
0.966255175658329	0.652040514837331
0.48699292951126	0.52535860325766
-0.345605604816448	0.349581151841255
0.358075063489754	0.342626944437157
-0.435968154801094	0.335110181528029
-0.0140403182868422	0.00926365353602619
-0.41452668428802	0.417478643062847
0.142971693787017	0.119860650822021
0.316302318057741	0.325571031690055
-0.107370070501491	0.0954604845304589
0.257430325842315	0.255623761780287
-0.490173470436309	0.488662598719001
0.513019253610522	0.441302918070616
0.477992630536164	0.526809120277348
0.335588179519864	0.334415796285628
0.0286347997360086	0.0205893176389052
0.409017699718159	0.322270513378653
0.94740613565198	0.92444872365568
0.475840337406312	0.436522757274509
-0.0822887071217898	0.050146964473347
0.308838075794991	0.211825876828239
0.166983953107657	0.095454007560706
-0.248363601136836	0.207379752110731
0.40177984761197	0.3309953882061
0.30334842715513	0.207514121892944
2.0287113903838	1.89677813656905
0.940922493736804	0.250741724034319
0.939853714804409	0.251002284675557
0.145952781975537	0.027957432098957
0.939853714804409	0.251002284675557
0.162070178892022	0.0411144637566376
1.95373899190972	0.460332693481441
0.160518930457975	0.0406859460362184
2.11724622187767	0.962498448798977
0.661014028065539	0.212332873799895
-2.58550852264163	0.684811136427957
2.75057603691244	0.786424841779512
4.17504112096583	2.03929731174513
1.9546069313489	0.460412245381477
-0.632707054239441	0.155821219725077
0.158729294236089	0.04043260950787
1.81858126562737	0.723163580138357
-2.58550852264163	0.684811136427957
3.26141769425846	1.12732988282303
1.7758306744263	1.38149362911227
0.289333792815743	0.234847409485778
-0.278119581236459	0.287463953159001
0.365466369802492	0.329954558178074
0.0403897002756881	0.0234113163755876
-0.711110687266794	0.677749129879246
0.1952461617548	0.145527347326331
0.379883781136173	0.415538867591524
0.0888557108407453	0.0647643169122721
0.102487306669352	0.104871322635032
0.38174152467549	0.419044135105835
0.563132133771934	0.557266082025263
0.997172111326442	1.39485065266698
0.284094181422149	0.212322217316113
0.0632341828338237	0.0408107117745005
-0.243469572440709	0.121640086940565
0.551473608887988	0.457435894982334
0.148414031005773	0.0713041429004418
1.07872644466943	0.660082517535179
0.150259005972845	0.0579535958632467
0.154845026185089	0.0670171161365225
-0.138535181662081	0.0501089737478327
0.113806690343844	0.0939134927475733
0.308108439272929	0.22216496170652
0.513161152876176	0.439234303332914
0.486200155720477	0.536777575109265
0.0344376074330163	0.0184549591203253
-0.141989537347061	0.0512652961916329
-0.71841689794844	0.249777152570215
1.03957617416576	0.399643236692894
-0.153443388526274	0.0552577699290226
1.33644359895306	0.59421767565385
0.537151068021291	0.195568545631627
-0.632707054239441	0.155821219725077
0.938786187734731	0.250272333462114
1.4454247852823	0.484840762250273
-1.13769004302713	0.349325823144218
0.145952781975537	0.027957432098957
1.95373899190972	0.460332693481441
0.159421595053514	0.0405224643025682
0.144983099103736	0.027824125638065
-0.641728465892975	0.158059513381177
-1.0260992604196	0.411639865603186
0.144624243113007	0.0277697138706121
-1.52295784924345	0.552861579278889
1.45261356648711	0.488099477529611
0.145952781975537	0.027957432098957
0.943029051172106	0.251479485037243
-0.598102732449723	0.28643829700348
0.543781925516546	0.635928277379478
0.44101448649832	0.511773712283855
0.248350551996194	0.260698950010895
-0.28874939307835	0.181379928990682
0.289416592472555	0.217292595261178
-0.111048563742792	0.0876790883392729
0.529639181723052	0.629470050864362
-0.0564159206010545	0.0457906440295701
0.582928727595752	0.812652356327873
0.347803812903594	0.320064812307401
0.555785967466531	0.637329093505763
0.722815466064189	0.813684999897179
0.321221290912249	0.193269870229984
0.722879247793887	0.594896427244651
1.27656120939762	0.707560257781463
0.923544427821311	0.797724226832704
0.334131075033897	0.201070561822221
0.568532597316473	0.636462709734912
0.430814424650081	0.427141353107755
0.398566026822748	0.328039179540847
0.514308363640439	0.32393127775937
1.05202307507064	1.10989048924761
0.451057070773431	0.324160016289068
-0.036748336092282	0.0172266303065698
1.62146937533846	1.13518045357693
2.75356411778207	0.788200953807627
0.157633323445896	0.0401249768572365
0.528334378223905	0.192181471899543
1.33691638207705	0.594514622461538
0.667130392787493	0.214334835345571
0.939853714804409	0.251002284675557
-0.641217763381128	0.157896990579203
0.158729294236089	0.04043260950787
0.15333233148057	0.0390971321912012
-3.08715388924473	0.973054341045401
-3.08605931477026	0.975090216684496
0.159421595053514	0.0405224643025682
-0.211671045448768	0.069056901354419
0.148874773794293	0.0283648154803441
-1.52725743812157	0.552658014762978
-1.80497515009983	0.40204480448646
-0.390048934740149	0.163373352279334
-2.58550852264163	0.684811136427957
1.82393551449113	0.726315315015904
3.92758157346939	1.75250654263634
1.32575048150561	2.24862457301494
-0.567468607701405	0.728807348672148
-0.279407007095247	0.231209552108165
0.0103983189592482	0.00575866467362843
-1.06809297368873	1.11841055389919
0.0402776788443449	0.0307515178012398
0.403169208093882	0.525819191411828
1.23575738985831	1.03220413140759
0.144723021205103	0.0693739081344468
0.409773299106293	0.338144642209971
-1.27960390710866	0.58447674818335
-0.00374204283700425	0.00188427979278171
0.323432581216925	0.194684815792884
0.0674475221662082	0.0435422419342429
-1.09811554918494	1.04932560471204
-0.474547246083945	0.401610832512314
-0.139097987423443	0.0784053096198694
0.469257585547025	0.429341850463414
1.64751894096596	1.52575012512962
-1.11658857786044	0.717246748281352
0.399953189478384	0.181114977812527
0.532920813071289	0.194317875052133
-0.145719307633456	0.0526071631077758
0.151745169358508	0.058587168086963
1.33716574216828	0.596130922443722
-1.05171239171902	0.836702937967744
-0.49052178548857	0.256316059995221
-1.14241956815201	0.351807769829277
1.03882026472922	0.400114292850008
-1.51793915586182	0.550681864442582
-0.758523354386678	0.331559227861644
0.831885955734065	0.355824635219245
2.11501415724733	0.962307404604812
-0.348220543213602	0.101642486260234
-0.352922420805713	0.102954332052563
0.526641831692418	0.191735599167788
-0.310140944121936	0.142240617885988
1.96071333987068	1.23464073880237
0.155377646606879	0.0672055412534232
0.827726572998535	0.353380486630744
-0.974965086769686	0.48493035581699
-0.659590883747258	0.389976343171419
-0.0363506101476825	0.0233859605365152
-0.277065633849987	0.247682825394058
-0.149141907120592	0.117881572077485
-0.187064112221563	0.143154837160226
0.0853098517006153	0.0599234123677195
0.878385988304074	1.27717536800505
0.287068639260743	0.215037839743359
2.02649146045176	2.92407152811007
0.145297442141366	0.062817294385945
0.864352691955993	0.63244690699216
0.0161677958142095	0.00878679600350724
0.602860492686234	0.314702853949202
1.33547122315643	0.593485432342235
0.789473879209175	0.470305751472723
0.697587806294046	0.329263069222229
0.141998336728414	0.0547766423672713
0.151854009934363	0.0655712316592993
0.153509536138134	0.0591399627949425
-0.528612278080739	0.20163482011278
1.44707333879815	0.486882965382531
1.58398375763736	0.801446534352579
1.34166096481196	0.597003916862013
1.27833464404385	0.709110956245364
-0.309869972952943	0.142441480449791
0.161853403912824	0.0486615594212472
0.350600990583721	0.175121732388287
0.531223226643993	0.193578240394512
0.914390131300989	0.494908514275646
-2.47362270984403	1.39355394142428
0.540928569054861	0.196926465061172
-0.721906540285296	0.25157399652224
0.159975713550132	0.0548588370938941
0.533173376017961	0.194273902958868
1.44316717989614	0.484689694417716
-1.80497515009983	0.40204480448646
0.156755264990959	0.0538881191673598
0.710915364121719	0.463401410680843
1.33691638207705	0.594514622461538
0.608203093715482	0.456773269748217
1.07339792195029	0.527321292719669
-1.1603342112263	0.649980701034027
-2.28608885970219	1.17039718869926
-0.402978884877553	0.226711161865282
-0.69075342576681	0.547467081836339
0.565461647540508	0.447478861356057
0.705574616041292	0.33270417252782
0.336711215413739	0.1856985014768
0.44434807454254	0.180334205480996
1.44598024938091	0.485455548198704
-0.192850416761219	0.103098505498343
-0.127200686923422	0.101727135800776
-0.592086816424243	0.581389854289619
-0.121332156051967	0.071447592286509
-0.143516882394247	0.0518303322908422
0.664969953013349	0.213264891085546
-0.148785407254285	0.0536907631429728
-0.142603029870794	0.0515255055439621
0.156040866513106	0.060267234897955
0.838880784721213	0.357342794870202
-1.48159230986718	0.75723648157268
-0.272607882298782	0.170055232335697
0.607750888947621	0.318054204847347
-1.83859587261211	1.15969217351798
-0.210870083038772	0.0690051452148311
0.693015063861983	0.326542175884016
-1.51942044620827	0.551189226731038
-1.02655133741802	0.413516459136083
0.609922708743433	0.319599721856233
1.03957617416576	0.399643236692894
1.44637717898614	0.486482829772734
0.661014028065539	0.212332873799895
0.150236847737236	0.051602371349838
-1.80103877399874	0.401412128456168
0.535711132992892	0.195347083049004
0.160143020262516	0.0482319015045651
0.148787769061883	0.0643761087265717
0.955365939519473	0.644967935620539
-0.531572276874152	0.594143664081619
0.349860123551825	0.414828715910825
0.198384411875098	0.163566411044182
0.545495633939088	0.451446889555379
0.427255259391701	0.323103194938704
0.547427707324359	0.453902961468179
0.122784189666375	0.109035617663629
-0.156897547367743	0.107076183182886
0.101883795454885	0.0770569267605098
0.361795948192651	0.326222382711076
0.440061138323675	0.314985779105727
0.323004040168623	0.194428750646791
-0.676527223156193	0.472686049912821
-0.307839552269052	0.141401520537444
-0.440811645608253	0.338527629437609
0.327948522157274	0.180460565319335
-1.83678940703583	1.16149486711607
-0.497807729323849	0.260066180311324
0.159122325410511	0.0480117921042768
1.07835823830561	0.528165310374035
-0.223318216634416	0.0726168422578091
0.939853714804409	0.251002284675557
0.170181111999759	0.10431279031049
1.07530756837681	0.526295514452422
0.160518930457975	0.0406859460362184
1.58305221311817	0.80054501208923
1.57581363557876	0.794966455252864
0.160136994586442	0.0483380929433701
0.822141685307495	0.350753098387779
0.157426877687479	0.054095802255857
1.81965712946419	0.72393570375632
-0.790617993123266	0.431533736915007
-4.0081000526726	1.77106539749408
1.33619399827848	0.595395987953639
0.527613487096402	0.192164364642399
0.446161594444449	0.18120488602564
-0.0278908579342332	0.0131891231504887
-0.981286227544691	0.489267128736786
-0.23630119983496	0.153760655955783
-0.782864682371114	0.424698001490274
0.317092564271164	0.19012068481886
-0.0185395267755121	0.0121917500595458
-0.974881257585251	0.957827427044551
-1.25757460602914	1.16942554754407
0.799172052558182	0.75453828424317
0.453597924386493	0.184007032064059
0.0767880073204815	0.0497274269452134
1.39370386373713	1.87555879488353
0.324095219416801	0.194732219238107
0.185725025729674	0.126905263830616
-1.27408765362485	1.38402973004742
-0.493834668950202	0.258654450573901
0.145269564101328	0.0628285892375078
0.336335305360076	0.186074844819435
-0.600558591776475	0.287920730990453
-1.0272685011115	0.413655990175607
0.832555298107461	0.355431221264413
1.62357381944248	1.13709105901965
-0.147873446228401	0.0533861392609676
-0.142891948035302	0.0516141016686805
0.787918833490388	0.740687245183043
1.40036909400947	1.07570799149077
0.399725684178655	0.18119345596336
0.15372623772021	0.039243442264908
-0.0995248930114809	0.0395849266276717
-0.636959492719679	0.156887069567616
0.155520410174332	0.0395661334713537
-1.32360895235181	0.82711047870906
0.702773181150063	0.332055176748536
-0.298412730800259	0.136658440166648
-0.102877270455412	0.0407676185916729
-0.394036461091162	0.16532634810801
2.39834541962861	2.01835789121588
-0.102424381254166	0.0406238742075902
-0.794839489000481	0.4336915825128
0.745800006467478	0.813720195236915
-0.0466195957587463	0.0299812037704757
-0.328678248516224	0.317219129166641
-0.616813232999208	0.503448693138537
-1.35427772991118	1.34895525931791
0.723976350973324	0.817576445229408
0.09584345352803	0.0721935317169028
-0.0212565059819629	0.0163657780786289
-0.887065860731777	0.81399492970427
1.07491580110104	1.25016196206831
0.321535190287068	0.207795814799728
-0.722656757230261	0.251937110505122
-0.721906540285296	0.25157399652224
1.33171160901013	0.592443644170249
-0.21688918582617	0.0709123691608258
0.144983099103736	0.027824125638065
0.161184676470248	0.0553470097303974
1.95373899190972	0.460332693481441
1.95373899190972	0.460332693481441
0.696394719263295	0.327394498323248
0.158729294236089	0.04043260950787
0.935072365625058	0.249598704803732
0.162070178892022	0.0411144637566376
-3.09018140585655	0.975319743554836
0.666049960969073	0.214022945375077
-0.215362013913717	0.07044095074977
3.63894777888708	1.45070336848621
-0.638059916511872	0.157099877961465
0.902614638554908	0.487800853081471
-0.0680792740462037	0.0500822288233197
0.222038454317472	0.237392866024305
0.585263526145957	0.733114624892655
0.92386951482378	0.795982053242594
0.0965350951701606	0.068097513231756
0.279207164199604	0.233636074108978
-0.00990576246099562	0.00487074743269914
-0.0696421121293694	0.0511677067086862
0.174629749543795	0.133396163000852
-0.0117404435746461	0.0057569209450423
-0.0970637201732369	0.0386561842595737
0.942469249206212	0.251285156498659
1.81825742519256	0.721714939545741
1.95373899190972	0.460332693481441
0.164642263465142	0.0495275308334802
0.15372623772021	0.039243442264908
-1.51793915586182	0.550681864442582
0.470467666135919	0.317628537325606
1.45151622307992	0.488502446881907
2.74958998501656	0.787920507210083
0.144624243113007	0.0277697138706121
0.159421595053514	0.0405224643025682
-0.636959492719679	0.156887069567616
0.144292720137753	0.0276888229156664
0.939298703364537	0.250809511779044
0.154426155420695	0.0394015396377603
0.67065498417138	0.215487616922184
-0.9312793087973	0.678017149106968
1.11004754317306	2.08999311709944
0.740970619754166	1.29155536759369
0.576909429723891	0.75329488000479
0.368686913771938	0.333559058016557
-0.388567751529822	0.266590575210898
0.649407028537221	0.914527174698082
0.749401229450854	0.82349926227794
-0.460621486412531	0.305235665931898
0.159361263405312	0.0545892183314205
1.4452850207351	0.485057538595493
1.95373899190972	0.460332693481441
1.04509800845742	0.401257594746164
0.15333233148057	0.0390971321912012
-1.14336638515137	0.351799503810815
-0.632707054239441	0.155821219725077
0.940922493736804	0.250741724034319
-0.640656975678056	0.157776356363176
0.167893017972165	0.0503601236935632
1.95373899190972	0.460332693481441
0.155520410174332	0.0395661334713537
0.938786187734731	0.250272333462114
2.74958998501656	0.787920507210083
0.669903363513283	0.215634804708644
0.152333554816668	0.0588163373718562
0.58787935395395	0.946798852486731
-0.551264792472615	0.865237634730443
0.191322874104661	0.213279683061715
0.390501727673671	0.319701043937056
0.455031932671605	0.710090774915996
-0.0889445208984735	0.0910792717059692
0.0573560317162013	0.0466073551038823
0.843106440578735	1.14392133083662
0.179460312565142	0.122252519384848
1.90232739982768	1.62488806203681
-0.636959492719679	0.156887069567616
3.25604250889092	1.1220922045732
0.65918242528061	0.211319089723116
1.95373899190972	0.460332693481441
0.154592632475222	0.0467595304777688
0.144983099103736	0.027824125638065
-0.723678625838308	0.25185170240566
-3.0855122183307	0.972756963025588
0.157069116687721	0.0399247221824271
-1.8009224274669	0.401413641514774
0.145592290548819	0.0279027526196651
-0.341779219786228	0.0996625955420077
1.04058787371703	0.399831169158897
1.45081573296225	0.488099054152683
-1.01675590822062	0.407972067925741
0.666049960969073	0.214022945375077
1.781566083082	1.00875204975224
0.634253759880163	1.1156960820965
-0.053241988059919	0.06178167169976
0.0877398784644054	0.0925377058068696
-0.941914583448558	1.07038590302904
0.109897110084299	0.086000870905635
0.182023746247934	0.118172130095312
-0.109254544082727	0.0642111997837497
-0.606817672308445	0.292067119296631
-1.80103877399874	0.401412128456168
3.25711819118569	1.12516204396806
1.82888740799418	0.725528705815613
-3.08660653838605	0.975157312690119
0.939853714804409	0.251002284675557
3.25819512813541	1.12540871646052
1.95733767915288	0.46077898524688
-1.13838195218038	0.350237547909829
3.25711819118569	1.12516204396806
0.162070178892022	0.0411144637566376
3.25819512813541	1.12540871646052
0.938786187734731	0.250272333462114
0.404184300167606	0.182982862808348
0.190064313494182	0.180003146408343
0.607738256178833	0.457811224258395
0.608722974575042	0.458702232348341
0.551343020630184	0.629659640930283
-0.185426104077491	0.123381862146471
-0.394620821533815	0.165578696918499
-0.513295933018928	0.19643545895166
0.381857105857212	0.171192721314363
-0.0961715583055109	0.0383226667889411
-1.82265695551501	0.755060218180958
-0.073629491859905	0.0318585344192608
0.460467563830994	0.186853741674829
1.58117169799899	0.79583071395714
-0.0759277309644082	0.062493648892096
0.192102139104605	0.15330108683804
1.35223140760842	2.05529872018336
0.503124549210466	0.531531421254122
0.30284250042904	0.206196071349306
0.7954013192042	0.748603311303405
-0.00573488556534487	0.00284988159211734
-1.55707685977716	1.49234590023668
0.44189491228775	0.316316909219061
-0.00408162882184079	0.0020567833486828
0.294786379700238	0.21027858084135
0.161733888764058	0.0985772822084648
-1.00110004574009	0.892784352735395
1.02799553554297	0.966195309109524
1.27990709716744	0.710766526885626
0.449623635043644	0.182709849138681
0.838531654191169	0.755884098876781
0.0875759285968941	0.0615711781112358
0.470668916160008	0.317190355220306
1.41415524935272	1.75563166063062
-0.0176374032247908	0.0115733285528112
0.467235479338828	0.443574971462408
0.598533788774122	0.447021600736698
0.399395432916392	0.180941848521465
0.305658550444492	0.196322561354738
1.12067741564456	0.998264627351456
2.35878186245514	1.20046484944145
1.56515727423315	0.784927973706863
0.830951835410689	0.355538325180902
0.399503897298541	0.422694307366185
0.88261164949813	1.0130392530442
0.154845026185089	0.0670171161365225
0.545742155606186	0.451937984996462
0.187481168803879	0.149168163635022
0.902655341440571	0.772074929922401
0.0194471789062115	0.0139737986587098
0.417311297617843	0.329743146402551
0.475172496521014	0.434461093257516
0.29517553076242	0.211736155166677
1.08107028731082	0.662090246710669
0.350159041253842	0.3512148006318
0.17562851056944	0.119077365543878
0.19193497631233	0.157340473542133
0.0128040571464704	0.00883746047867729
-0.0857548296433155	0.0621311519909527
0.979939982398877	1.06521775433868
0.956178388058489	1.35772626798206
0.189300002391575	0.146115526450357
0.0970799506173806	0.0686131162610178
1.06996418155248	0.524640045916601
0.831621928970045	0.355145445447902
1.07711628178215	0.528486442400621
0.510409162521179	0.542869130166669
0.540362300222942	0.706658952906215
-0.0802240335916016	0.0661940318928818
-0.591458098503482	0.612886344764073
0.182131582148378	0.148796039385149
1.29156994274034	0.716083972155786
0.146861027372445	0.0566969835090629
0.669903363513283	0.215634804708644
0.778760140617091	1.19333312711876
0.26277593454576	0.267660195923634
0.137168295969799	0.125691205710227
0.135329538442022	0.123679885180502
0.665301548139678	0.214168982585133
0.145952781975537	0.027957432098957
1.95373899190972	0.460332693481441
0.573488641125598	0.645302010261348
-0.544966413486637	0.729040641229035
-0.0569586953703138	0.0479302621634661
-0.0949130917821495	0.077578845415887
0.395849039309149	0.428477517546973
1.04929814387199	1.53325229703105
2.35676088993966	1.19916099770652
0.106478363862477	0.0873859381225857
0.114297417004896	0.0965852118529229
-0.0661747038218287	0.0541600212849872
1.04079764462692	1.43118731378478
0.471847644341024	0.51808985598468
0.612775080288327	0.831183964406855
0.267591000785297	0.273419803964061
0.463104163256735	0.531651747871612
-0.152326813735169	0.153974189899037
0.143181889622465	0.131772270251524
-0.324211181252079	0.369020881542804
0.333009824025747	0.322232169545722
0.331643078029807	0.337688595644519
0.765571585324886	1.01427251300479
0.762765911432345	1.0801016223052
0.438090981554371	0.436238012300511
1.04126277630892	1.64514671497344
-0.565570786994484	0.70142271934937
0.971840029268619	1.4623141932446
0.73892011274618	1.06248191561795
0.772041159902363	1.09958043080459
0.602030278542176	0.742579355932147
0.0770702190230021	0.0660261484149911
0.194085794575688	0.168404798036204
0.736855317059025	0.610920422458697
1.42761038988092	2.29643232650113
0.504444648400883	0.533113114387453
0.249635147223498	0.251852817558108
0.205400629824814	0.201340182342889
-0.229624516946365	0.19486016524022
1.21480136496404	1.56769580479539
0.376401552383818	0.455118520970898
0.793550385160564	1.19139001031741
0.262285635537221	0.250038377314342
0.455596968801041	0.678325363567279
0.0868152341285709	0.0750251404960681
-0.00439301121919816	0.0033971383793741
0.277996888439642	0.240173287466194
0.395483738802146	0.178837343918571
0.901728403152065	0.918120880242824
0.367219921136457	0.320307013665322
0.0897043310303471	0.0654028306956359
0.249531273704805	0.241092915240002
0.527959556040643	0.549486030411984
0.0503743090439534	0.0397991784625399
0.569938301797765	0.56548941805064
0.573582383116658	0.8113475306421
0.329935345252321	0.335745770226149
0.621659997931991	0.754916096298872
0.385611228790778	0.414419680562376
-0.0256700578374547	0.0220857883604298
0.16677567930667	0.0956803930958637
0.448095565489095	0.322250987720825
0.428184001403854	0.323289378552488
-1.10675470576319	1.31357545349369
0.433716487763021	0.329086552599765
0.102053305007146	0.079357092031768
0.431771479041982	0.326150425983773
0.284419244013171	0.238459937344757
0.524125799118832	0.544179218090073
0.271513172135426	0.233451205503784
0.246140870755388	0.242449308863698
0.333483809583927	0.331282110127228
0.757169714453836	0.738977149712778
1.06283218891502	1.64370737722891
