x	y	clickSelects
-0.09749199277947	0.746833585708175	93
0.015313266708984	0.491302403590035	59
0.031023203397384	0.479407247422755	59
-0.03673220057408	0.41465136287282	59
-0.0258345509801201	0.413043803481388	955
-0.02224709287202	0.410608941783725	237
-0.02224709287202	0.410608941783725	59
-0.02269870771255	0.411303674855888	59
-0.02152858466472	0.41003633195509	59
0.029610834728566	0.482297418223224	59
-0.02224709287202	0.410608941783725	1278
0.0232932211435261	0.487372497728726	1278
-0.02126179208727	0.410975081816502	103
-0.02347694248815	0.410248691257658	62
-0.0219800607115199	0.411274533949238	62
-0.01982638852231	0.409294816847698	62
-0.0275337041419801	0.41314398527887	62
-0.0160408315278899	0.407403518042765	59
0.034849903222171	1.5501076534827	1278
-0.0122657102814301	1.20981581039643	1278
0.0990332433140551	1.19696255755758	1278
-0.0375398982722901	1.36113562344723	1278
0.076534317376495	1.10816693475889	1278
0.01542376061472	1.23729602660938	428
-0.0348069223863901	1.16576964554087	428
0.067234928576872	0.679784536227598	103
0.057152785608762	1.07308856142614	62
-0.12460592613455	1.4651814041173	62
0.113665570857385	0.816135776963263	62
-0.09216665613896	0.739408392048119	62
0.023688626485039	1.22341506582915	62
0.027024786469245	0.483043609694177	62
0.11240933154406	0.818163565356798	62
0.013885470215132	0.970945109816194	62
0.0973402197551551	0.746716512028182	62
0.082611813115881	0.662588786146595	62
0.050887377243427	0.580940901573	62
-0.0258345509801201	0.413043803481388	643
-0.01845805499361	0.408763534655611	569
0.059536318375725	1.06794355851804	59
-0.05982019472877	2.21904717368543	59
-0.05947775063326	1.75613879060898	59
0.114570121237948	1.33322089219166	59
0.082219638369052	1.16252261108054	59
-0.0391379347402701	1.44123097134344	1278
0.115273463168771	0.8880020029951	1278
0.054044782703081	0.996131190147665	1278
0.00989127451018101	1.25195837190766	1278
0.055439850703718	1.36483979837784	1278
-0.0243820535483501	1.22886145348734	428
-0.08886131697372	0.73646158487273	428
-0.0468569727534001	0.835457138466888	428
0.051283495428499	1.00366198147536	103
0.119842560714132	0.883732291183723	103
-0.06084633576688	1.31967645554123	62
0.000473618992442026	1.186097584199	62
0.042152597432962	0.586406495110411	62
0.113538200309123	0.813809057663729	62
0.075479175818931	0.670441921506615	62
-0.0985154638024801	1.05182675689863	62
-0.0506524672229101	0.838972572899722	62
-0.10526630091833	0.752299291431107	62
0.051216925571805	0.578983513041556	62
0.076432565877545	0.669552322068816	62
-0.0318592374786799	0.414980836560012	4073
0.118846401630268	0.805126692682349	62
0.023874039063565	0.486927927519843	62
0.0126629128706151	0.491746280851596	1165
-0.02681629356167	0.412672237731607	189
-0.0219800607115199	0.411274533949238	643
-0.0219800607115199	0.411274533949238	643
-0.0219800607115199	0.411274533949238	29
-0.0219800607115199	0.411274533949238	298
-0.01702628305176	0.407896565848327	569
0.031890364238836	1.28143078972558	955
0.050194666437503	0.579508239942932	59
0.067400037520026	0.679813497175578	59
0.08994705510777	0.755050321737302	59
0.10165885294538	1.19223556631324	1278
0.078347717578268	0.669163044934219	1278
0.078905692593945	0.666671434127047	1278
-0.0386332301240999	1.36438199933166	428
-0.0934663084143399	1.2824365964535	428
0.050887377243427	0.580940901573	103
-0.0718322359271599	1.34180443960507	428
-0.02655133741802	0.413516459136083	103
0.115083588764086	0.81460781589565	62
0.069990820165255	0.677048883094531	62
0.049435794200234	0.58198163053543	62
0.019292824771818	0.48863605366341	62
-0.0177419809880199	0.408465897919083	62
-0.0167559082206199	0.407972067925741	62
-0.0258345509801201	0.413043803481388	1500
-0.02152858466472	0.41003633195509	207
-0.02296597963264	0.410908197770573	13
-0.02347694248815	0.410248691257658	13
-0.09458142957203	0.740980101927546	29
0.023541124291656	0.486623205126517	298
0.021461356473476	0.48604719450971	197
-0.0275337041419801	0.41314398527887	569
-0.0234177334526799	0.410826590483551	374
-0.02224709287202	0.410608941783725	218
0.116706816066902	0.811417448815131	59
-0.10797056613473	1.06777198267541	59
0.04258447248443	0.586568109376667	1971
0.0706491011342451	0.677600223780693	59
0.06055492319705	0.683294836837674	59
-0.09540115729781	1.04880205474799	59
0.024390717934898	0.48441663224042	59
0.043924179706363	1.52615695719852	59
-0.0311435899907899	0.41466914140038	1278
0.024448238004705	0.485979489293663	1278
0.069518432820189	0.677574926854816	103
0.027923251308931	0.951551611082672	62
-0.02374598899693	0.411135954461803	62
-0.10068563767564	1.05290643461065	62
0.01350656551695	0.491361087548199	62
0.028705998608865	0.482027330230746	1165
-0.0983252932952701	0.744190566950383	13
0.093907917254441	0.747861081272967	29
-0.10461166880087	1.06254305936051	29
-0.02655133741802	0.413516459136083	29
0.01988508042586	0.489418532086656	45
-0.0272685011114999	0.413655990175607	569
0.046838169181218	0.581982473108559	615
-0.01702628305176	0.407896565848327	615
0.022633873439302	0.486054814054359	218
-0.0195594609890499	0.408907543271993	218
-0.0275337041419801	0.41314398527887	1120
-0.0272685011114999	0.413655990175607	1120
-0.02655133741802	0.413516459136083	1061
0.079170478145195	0.668032586243667	59
-0.02497457204228	1.14614575921537	59
-0.10411203539575	1.06442754807731	59
-0.02655133741802	0.413516459136083	59
0.017811941061995	0.490207639636099	1278
0.090393602183412	0.755202902610504	428
0.0631203361491121	1.34713130324308	62
-0.02224709287202	0.410608941783725	62
-0.0276250547772201	0.412152135341901	62
-0.0521062374358201	0.840128893080151	62
-0.0227622512530099	0.410642108899905	62
-0.02269870771255	0.411303674855888	62
-0.0167559082206199	0.407972067925741	62
-0.0209943829552901	0.409776652047704	189
-0.02027673323395	0.409478238556457	13
-0.0344792112094701	1.16427024764595	29
-0.0318592374786799	0.414980836560012	298
0.0750070756688001	0.670850747447366	292
-0.00548478929525009	0.897290138892654	197
0.080111978926794	0.66610232428726	1507
-0.02296597963264	0.410908197770573	615
0.0232932211435261	0.487372497728726	2239
0.013245527953803	0.492298919499597	4319
-0.0483579623396	1.38164909736859	955
0.05449775594732	0.576796655212425	237
-0.0321223702645701	0.414294926993374	59
0.026699192054501	0.483336660270678	1971
0.027863955920451	0.483928968898868	59
-0.02336148843773	1.41210089387198	59
-0.0471904418184399	0.833947885235395	59
0.07103345637006	0.67529594463273	1278
0.047064659101968	0.583528390275705	1278
-0.0311435899907899	0.41466914140038	428
0.02046807907243	0.488971745774085	1278
0.028564497460698	0.952884410806693	428
0.063088410892544	0.565562294548457	103
0.059551880669688	1.06660034261401	103
0.031858046760526	0.479592176505172	428
0.041130590971366	0.587406556553626	62
-0.01702628305176	0.407896565848327	62
0.029610834728566	0.482297418223224	62
-0.02628576158792	0.412152659857664	1955
-0.02243081627196	0.409335013447221	62
-0.0311435899907899	0.41466914140038	62
-0.02681629356167	0.412672237731607	1686
0.054778517588714	0.576317095835151	822
0.025032944637482	0.485654316649321	822
0.050307751945362	0.579430672939284	13
0.078210881921052	0.668663675805139	13
-0.00592502195775002	0.900721179684162	29
-0.0318592374786799	0.414980836560012	45
-0.0241372766757999	0.410514033565441	292
-0.01982638852231	0.409294816847698	197
-0.0248530618398799	0.411542674464278	578
0.111492338530057	1.51303454058697	93
-0.0707546087391999	1.52638313935331	59
0.0308563397557871	1.28426014857398	59
-0.0275659508555399	1.14639966792702	237
-0.12239210305286	1.66629482391001	237
-0.0379164381574699	1.16757535463621	59
0.093932448293538	0.752536628284364	59
-0.02945043365598	0.412243364118332	363
-0.08601951004896	0.733542784754922	1213
-0.10187876830828	0.750302944147588	428
0.023219745533527	0.485729407307986	103
-0.09837862249536	0.747697416421832	103
0.052847596083534	0.577753107832341	62
0.078210881921052	0.668663675805139	62
-0.10182988102938	0.750945116951384	1018
-0.0567335961046001	1.10108241913434	62
0.05070589095183	0.579346013754557	62
0.076432565877545	0.669552322068816	62
-0.01058773101919	0.905487066638499	62
0.026201588560498	0.484339946364837	62
0.0247114467027531	0.485765853390852	62
-0.0167559082206199	0.407972067925741	62
0.022369773407166	0.486612908966987	1165
-0.0318592374786799	0.414980836560012	29
-0.02368524530921	0.41093826511309	29
-0.0219800607115199	0.411274533949238	1507
-0.05256809019757	0.840236807911539	59
-0.0207280762247799	1.40709900339645	59
0.055530462646193	1.29414340685355	59
0.019301826126752	0.489626676436646	59
-0.0528754791721799	0.838631223972577	1278
-0.06378876817053	1.11159183171838	1213
0.043891563553437	0.583292513332555	428
0.096050684368414	0.750056803057807	428
0.076796764290853	0.669889391893917	428
0.05376184982813	0.577038633160897	1278
0.0396488786929839	1.02371914200916	1278
0.028446503813386	0.48360544938142	428
-0.09721739841607	1.05296929064558	428
-0.1032644863597	0.752001424844403	428
-0.0491617256543699	0.835578136917684	103
0.067892407182147	0.679441541768604	103
-0.10045412538316	1.05999854997617	428
0.07310156410499	0.672051503456679	62
-0.0177419809880199	0.408465897919083	62
0.046984613780248	0.583096671940291	1514
-0.02896965906045	0.412887475855812	62
-0.09749199277947	0.746833585708175	62
0.044611628657392	0.584721445190688	62
0.072753826285851	0.675328600448007	62
-0.02204793512445	0.410502951592421	62
0.023541124291656	0.486623205126517	62
-0.0181871885549101	0.408299416064853	1165
-0.0174713604435499	0.408269330515601	822
-0.0270026768912099	0.41175796254343	822
-0.0219800607115199	0.411274533949238	189
-0.03042831861484	0.413737551949063	2554
-0.02126179208727	0.410975081816502	207
-0.0308800899146	0.413479379600555	13
0.028446503813386	0.48360544938142	13
0.015313266708984	0.491302403590035	29
0.019301826126752	0.489626676436646	197
0.120080019711575	1.32089717493396	59
0.071442525640841	0.67612984240809	59
-0.0265128303831801	1.14976234632748	59
-0.0614170571925901	1.10961782065633	59
0.071158278938369	1.12001567999636	59
0.000226289864257989	1.18716087933422	59
0.119266472266622	0.805286835183939	363
0.100985177262983	0.829899298923234	1278
-0.05833155854517	1.10502363379184	428
0.025032944637482	0.485654316649321	428
-0.0944731529637399	0.742342543600819	428
-0.0491617256543699	0.835578136917684	428
0.070463053659766	0.676283922324342	428
0.047164293133111	0.582233807767243	428
-0.0993694537518901	0.748779223526523	103
-0.0902412031006401	0.739444712132358	1514
0.05354623368201	0.575109187345112	62
0.041562729513297	0.587032317765048	62
-0.0219800607115199	0.411274533949238	1500
0.013245527953803	0.492298919499597	189
-0.01845805499361	0.408763534655611	189
-0.02296597963264	0.410908197770573	13
-0.0209943829552901	0.409776652047704	29
0.02873585979963	1.5040529111825	93
-0.0114566182242599	1.68483517216188	93
-0.00782411931341009	1.8242297934684	59
-0.0970256667999601	1.05379354127867	59
-0.07010249369653	1.34074908926513	59
-0.06330065019246	1.1086187830046	59
-0.0439444166151399	0.826654993219858	428
0.092813529710884	0.755636317166555	428
0.024390717934898	0.48441663224042	62
0.046143796159531	0.583984480648196	2889
0.025444289975543	0.953557216940134	1018
0.047495517925969	0.582845325381987	1018
-0.09749199277947	0.746833585708175	62
0.0788181264667101	0.668405800908634	1018
-0.02126179208727	0.410975081816502	62
0.0533689954159	0.576141941446236	62
0.024197704557829	0.48595166057885	62
0.119715354029747	0.804912495051046	1514
-0.0160408315278899	0.407403518042765	1514
-0.0272685011114999	0.413655990175607	1514
-0.09458142957203	0.740980101927546	62
0.01988508042586	0.489418532086656	62
0.022969991702422	0.486647207067339	293
-0.0258345509801201	0.413043803481388	189
-0.02368524530921	0.41093826511309	13
-0.0318592374786799	0.414980836560012	2207
-0.0483091004443299	1.37786978467788	59
0.00616438298638899	1.49034283271141	59
0.0888914294862621	0.756345596740359	59
-0.00479990547238995	1.20085780391806	59
-0.0058860631997899	0.90039843889012	428
-0.0912903464013901	0.738928625111019	428
0.021020840696372	0.9608138760477	1034
0.00925119947179997	0.493620297927824	103
-0.07193783688433	1.34160062165994	62
-0.09837862249536	0.747697416421832	1018
-0.00317864001967005	1.19481785160456	62
0.023874039063565	0.486927927519843	62
0.0244546030278719	0.486210829047288	62
0.024448238004705	0.485979489293663	62
0.05070589095183	0.579346013754557	62
0.018396040612831	0.490271397263528	293
0.0539882366235001	0.577157698100559	293
0.0901326504844629	0.757062270567656	822
0.05070589095183	0.579346013754557	13
-0.02054390147798	0.410401139638387	13
0.028123375859096	0.482805576227173	13
-0.0981466921266101	0.745767868246541	13
-0.02655133741802	0.413516459136083	13
-0.0146513219111499	0.405242288709068	45
0.054897507576278	0.576398296971569	298
0.019563471132187	0.489615442131538	298
-0.02171241051411	0.409806924167185	292
-0.0163109608263099	0.406800295212078	197
0.021225000761569	0.487236292846658	1791
0.039724919861113	1.0226976278166	59
0.12402983916656	0.87350767188186	59
0.036658238549503	0.589512974076729	59
-0.0177419809880199	0.408465897919083	103
-0.05188224137529	0.835075943288551	2889
0.108806542516896	1.2362105792337	62
0.023278054411095	0.48596934273912	62
0.026373975423623	0.483776495964029	293
0.094262109488963	0.753909293025381	293
0.069518432820189	0.677574926854816	13
-0.02081045464866	0.408933527207846	45
0.045460259310538	0.584680774888386	298
-0.02204793512445	0.410502951592421	223
-0.0209943829552901	0.409776652047704	615
-0.03647113929269	0.415792999867536	76
-0.02054390147798	0.410401139638387	3799
0.091477829872865	0.755369452614929	59
0.026761667107548	0.956571079619157	59
0.112540988411983	0.815743597335331	59
0.031277313560383	0.947338126424037	59
-0.02054390147798	0.410401139638387	1891
0.017490111099017	0.489691604438174	1278
-0.0219800607115199	0.411274533949238	428
0.023541124291656	0.486623205126517	428
0.124349605345627	0.877314935476893	62
-0.02296597963264	0.410908197770573	1018
0.121750329571047	1.63955765382103	62
0.026957364462212	0.48365648985277	62
-0.0189033929134299	0.407829094949249	62
-0.0932097842944899	1.28858237356756	62
-0.0160408315278899	0.407403518042765	293
-0.09793575902146	0.747877004766513	13
-0.0444935043263801	0.832447809661205	13
0.017811941061995	0.490207639636099	13
0.04502731533635	0.583802634353205	13
0.0549917384800061	0.997771918473623	13
-0.0989263178050599	0.748405526735507	13
-0.02303104447883	0.410996649608088	223
-0.02126179208727	0.410975081816502	292
-0.02269870771255	0.411303674855888	1791
-0.02655133741802	0.413516459136083	1105
0.027863955920451	0.483928968898868	374
-0.0258345509801201	0.413043803481388	218
0.123960625432821	1.31358924892893	59
-0.09446556435788	1.68725832475308	59
-0.10073244404169	1.05793753754091	59
0.02046807907243	0.488971745774085	59
0.0148687828396979	0.970697222105982	59
0.099829506349736	1.19433492916007	4115
-0.04311775096003	0.829444044381732	1983
0.09070392415586	1.15117524491353	59
-0.0921046233195	0.739640829444505	363
0.108698231480095	0.821601847469707	1278
0.07103345637006	0.67529594463273	986
0.05045557672035	0.581254464006149	428
0.115304495954869	0.813789340539383	103
-0.0996452132888399	1.05692227223744	428
0.116327223146484	0.806341272451363	62
0.031603500593574	0.479533027936019	62
0.020692453426632	0.961476903536049	62
-0.0951401345906999	0.745894843709305	62
0.047495517925969	0.582845325381987	62
-0.02303104447883	0.410996649608088	119
0.016320477546622	0.489013004816369	62
-0.0075407831473	0.904089015036193	62
0.015894522042094	0.490668273213241	62
-0.02374598899693	0.411135954461803	293
-0.0276250547772201	0.412152135341901	189
0.046984613780248	0.583096671940291	13
-0.02896965906045	0.412887475855812	13
-0.0234177334526799	0.410826590483551	13
-0.0954649279480799	0.743144794083816	13
-0.0219800607115199	0.411274533949238	13
-0.02224709287202	0.410608941783725	223
-0.0195594609890499	0.408907543271993	1105
0.03722420726832	1.60838959739829	59
0.054086881294942	1.07714122184237	59
-0.10092848361008	1.50713811587586	59
-0.00222441034772003	0.8970948433313	59
0.047170397404379	1.01122241475731	59
0.080111978926794	0.66610232428726	59
-0.00260917973728003	0.893448942730984	59
0.051727770419936	0.578420898950815	59
0.0232932211435261	0.487372497728726	59
-0.09415237656505	0.744816899613193	363
-0.1046037823715	1.06242130533364	363
0.103699897034351	0.740249390236855	1278
0.046143796159531	0.583984480648196	428
0.10190998387577	0.742691330121184	428
0.024126413957558	0.486297529129953	428
-0.0160408315278899	0.407403518042765	103
0.01988508042586	0.489418532086656	103
0.05500708637083	0.576236141885541	62
-0.0244048902648399	0.410464208205061	672
-0.02126179208727	0.410975081816502	62
-0.09887395139294	0.748376430830867	62
0.026120312505952	0.483542535242062	62
-0.0266455653020099	0.411660707456765	119
-0.0209943829552901	0.409776652047704	119
-0.02224709287202	0.410608941783725	62
0.018396040612831	0.490271397263528	62
0.045962250277421	0.582805473273737	293
0.02271214907369	0.487579497608867	2083
0.073875880138186	1.11669920752957	59
0.119108693158649	0.881612442741592	59
-0.0899327674105701	1.04025702665831	59
0.023219745533527	0.485729407307986	93
0.0780258017037621	1.10915641831168	1983
0.068557186307214	0.676720024784076	59
-0.0177419809880199	0.408465897919083	428
0.039134035490633	0.587435528091945	428
0.0188918334893931	0.965405142713063	1034
-0.0491617256543699	0.835578136917684	1034
0.092368429917005	0.755835524754291	1034
0.0730868610175151	0.672256247337527	62
0.05070589095183	0.579346013754557	62
0.018074542770612	0.489482847860143	1018
-0.02171241051411	0.409806924167185	62
-0.0209943829552901	0.409776652047704	62
0.019563471132187	0.489615442131538	62
-0.0209943829552901	0.409776652047704	293
0.122679006853354	0.800990665644348	293
0.038113582516263	0.588829676031153	293
-0.02269870771255	0.411303674855888	293
-0.02152858466472	0.41003633195509	293
0.017490111099017	0.489691604438174	189
0.025032944637482	0.485654316649321	13
-0.0241372766757999	0.410514033565441	13
-0.02171241051411	0.409806924167185	13
-0.02062042675795	0.40900976372954	29
-0.0174713604435499	0.408269330515601	45
-0.02081045464866	0.408933527207846	45
-0.02655133741802	0.413516459136083	569
0.019073276938768	1.52777966312241	59
-0.0963964156729899	1.04734465170055	59
0.049435794200234	0.58198163053543	59
-0.0509993791438701	0.838089849372423	59
0.023805360299448	0.485199002275023	59
0.029028796684373	0.483077229419228	59
0.00410311547703801	1.25658496423169	59
-0.0965024004294099	0.745754612743106	59
0.016651033409875	0.489334689522075	1942
-0.0104485273056301	1.20893406384483	4855
-0.00975223480911991	1.2072736946863	363
0.070480212567462	0.677172512450515	363
0.072149661593177	0.676187215881317	363
0.028123375859096	0.482805576227173	363
0.025032944637482	0.485654316649321	363
0.014731756800628	0.491631095324249	428
-0.02296597963264	0.410908197770573	428
0.0901326504844629	0.757062270567656	1034
0.0806207461965101	0.664678357707104	62
0.049658434402718	1.008986999066	62
0.025032944637482	0.485654316649321	62
-0.02231647525331	0.410527599337308	1018
-0.02303104447883	0.410996649608088	62
-0.02126179208727	0.410975081816502	62
0.018658717968524	0.489036202673862	62
0.047064659101968	0.583528390275705	293
-0.02204793512445	0.410502951592421	293
-0.03140646864859	0.413366127641057	13
-0.02655133741802	0.413516459136083	189
0.024770833413836	0.484338964700153	13
0.082121203323195	1.1021199659448	59
-0.00771223791290998	1.20591512501941	59
0.021169736783629	1.44978610495757	59
-0.0719303766515	1.33938240157685	59
0.073329227546712	0.672396202449297	59
0.074519041082074	0.671460073883177	59
-0.10797056613473	1.06777198267541	59
-0.0956342726349	0.746020099092103	59
-0.100937631048	0.74736068648371	59
0.116304865842241	0.810172589536927	59
-0.10187876830828	0.750302944147588	955
0.001150330605735	1.18838046398724	955
-0.09501930912969	0.741067305203328	59
0.0798019470332551	0.667397048666051	59
0.070219973890188	0.678177052077024	59
-0.0277755942097599	1.14746065929573	59
-0.0113623492163499	0.908401684259802	59
-0.03983400249458	0.825596561239522	1942
-0.0219800607115199	0.411274533949238	59
0.048925626216875	0.581990256936947	363
0.041071383347147	1.02213540931384	428
0.018439464679386	0.48591590326992	3200
-0.0219800607115199	0.411274533949238	3200
-0.0209943829552901	0.409776652047704	103
0.024777930759568	0.485508813766345	103
-0.0273583360894001	0.411969988811906	103
-0.0944731529637399	0.742342543600819	103
0.021549241707246	0.486898835394247	103
0.046042408356414	0.584258121837317	62
0.022111942426421	0.485234656923495	62
-0.09887395139294	0.748376430830867	1018
0.021050822262274	0.488251197847747	1018
-0.0272685011114999	0.413655990175607	62
-0.04502979221309	0.830898564341168	62
0.049435794200234	0.58198163053543	62
-0.0191745054275401	0.408793596683385	62
0.044611628657392	0.584721445190688	62
0.014409992178878	0.491945039298103	62
-0.0272685011114999	0.413655990175607	2719
-0.0227622512530099	0.410642108899905	62
-0.0321223702645701	0.414294926993374	62
-0.02368524530921	0.41093826511309	293
-0.0234177334526799	0.410826590483551	293
-0.02126179208727	0.410975081816502	293
-0.0282514925208599	0.413283993547182	293
0.023863274661684	0.486099627797188	293
-0.02296597963264	0.410908197770573	13
0.097819219394678	1.60347943678136	59
0.016306031303021	1.46462026724398	59
-0.0139217639951099	1.6210540350546	59
-0.0897986252234599	0.739035587099458	59
-0.00914107675467002	0.898410838629031	59
-0.0311435899907899	0.41466914140038	59
0.051283495428499	1.00366198147536	59
-0.06111119145364	1.10726201082019	59
0.0973402197551551	0.746716512028182	59
-0.0213339937447401	0.410034538747514	4855
0.048692393050475	1.01033042809245	428
0.111151571656099	0.819598627143199	428
0.073716306314725	0.674693986096887	1034
-0.01845805499361	0.408763534655611	1034
-0.02628576158792	0.412152659857664	103
-0.0524993269723499	0.838476049011132	62
0.043527731596736	0.585405448916677	1018
0.050421940085319	0.577358552721081	62
0.0777570787936111	0.669257591111527	62
0.103311272155308	0.740382463407635	672
-0.0345607641322701	0.81672556683003	672
0.048494345819442	0.581473940047142	62
-0.00710478391670999	0.904041281076599	62
0.046984613780248	0.583096671940291	62
-0.0984309517191799	0.748279555131063	62
0.054778517588714	0.576317095835151	62
-0.03875854055415	0.823269680663094	62
-0.11194866205961	0.75166221707232	62
-0.0969971100525699	0.746431748529318	62
-0.0893551544250699	0.736740162827621	293
-0.0258345509801201	0.413043803481388	293
0.017811941061995	0.490207639636099	293
0.048375056059869	0.579229455273158	293
-0.0167559082206199	0.407972067925741	13
0.046543756105931	1.77381210357848	59
0.039650710069887	1.66016369483873	59
-0.0292584684230599	1.42450798201543	59
-0.09986512967794	0.748905423800284	59
0.051888162332059	1.07855560915138	59
0.022026400931705	1.22835532045274	59
-0.00884707549669006	1.60932392881863	59
0.009316160391735	1.24909752015172	59
-0.0255692233576701	0.412012891941837	59
0.116690522193143	0.885916138131622	363
0.101581613845146	0.829353988402677	428
0.085544798720153	0.76160444626147	1034
-0.10531640063595	1.06393077718575	428
-0.0324854055897501	1.1594832176859	62
0.080319158991618	0.765179534990585	672
0.061497996396425	1.0666140105645	672
0.03135586677067	0.946982783137491	672
0.045122540926785	0.584713252751266	2887
-0.0897986252234599	0.739035587099458	62
-0.0467897639758601	0.834643869353901	2719
-0.04863920133046	0.835355679119832	806
0.044802589950721	1.01633685163078	62
0.018979883904056	0.490062948615881	62
0.049683251906183	0.579446313548818	62
0.067871821974537	0.678849066700979	62
0.023541124291656	0.486623205126517	293
0.024186197618512	0.484211037224153	293
-0.02054390147798	0.410401139638387	351
0.027540497875428	0.483333049189275	29
-0.02126179208727	0.410975081816502	162
-0.02152858466472	0.41003633195509	569
0.080130599759807	0.666647610840959	59
0.102350565707179	1.24796166748231	93
-0.02027673323395	0.409478238556457	59
0.071933553960571	0.674762787104962	59
-0.02296597963264	0.410908197770573	363
-0.06386203213932	1.11484877994257	363
-0.0982665619396701	1.05119242543796	1278
0.039274656378869	1.01962304552748	428
-0.0500877228791701	0.83563684024587	1034
-0.00566896325836996	0.901424547104102	428
-0.0275337041419801	0.41314398527887	1018
-0.00645347206943003	0.899759622775991	62
0.081091246831308	0.664068247776758	2887
-0.09092132078633	0.739960375338622	62
-0.0949689536277001	0.742864252382889	62
-0.0167559082206199	0.407972067925741	62
0.042946766257006	0.585296709777993	62
-0.0467280694833401	0.833499568027739	62
0.026698094287039	0.483918518491508	62
0.02137253989597	0.48720056173569	293
-0.0308800899146	0.413479379600555	293
-0.0209943829552901	0.409776652047704	293
0.014409992178878	0.491945039298103	293
0.0110549349326871	0.491208722941422	293
0.046143796159531	0.583984480648196	293
-0.0260992604196	0.411639865603186	29
-0.00139237594721009	1.79767796433721	59
-0.04261285979159	1.78255892446206	59
-0.0761708490129001	1.7208673991868	59
-0.02126179208727	0.410975081816502	59
-0.0125115897446599	0.404353014672515	59
0.048121500478882	1.00923310228317	59
0.016428291020491	1.23819424044431	59
-0.02171241051411	0.409806924167185	1983
0.07189619152928	0.674841765932611	363
0.029725659238606	0.949629761453106	363
-0.06339974357357	1.10984592154926	363
0.095411171470584	0.752047826511365	428
0.051104922574378	0.578382340128469	428
0.023863274661684	0.486099627797188	103
-0.0878741593639401	0.735178994880073	103
-0.0495473257725401	0.835742073972088	103
0.023541124291656	0.486623205126517	1018
-0.0501911135375701	0.83818305671907	62
0.043527731596736	0.585405448916677	62
-0.09917415470999	1.05644474705231	62
-0.0276250547772201	0.412152135341901	62
0.107496445223371	0.822230289643676	672
-0.03040205903699	1.15570257076625	62
0.050307751945362	0.579430672939284	62
0.065491991641784	0.681299972255719	62
-0.000616750378479969	0.894124517169459	62
-0.00910280146426001	0.906042679153519	62
0.046984613780248	0.583096671940291	62
0.029934068872152	0.481668392537244	62
0.081719082899256	0.661318417327851	62
-0.0219800607115199	0.411274533949238	62
0.020790130443553	0.4876451712386	293
0.075621144230676	0.672942733062937	293
-0.02027673323395	0.409478238556457	351
-0.0792937290477001	2.37349130450765	93
-0.0633291654984201	1.92811423929987	59
0.037679701785417	0.588778985874086	59
-0.02655133741802	0.413516459136083	59
0.095132767774266	0.750357525442739	93
-0.02224709287202	0.410608941783725	59
-0.0318592374786799	0.414980836560012	59
0.066456007533896	0.680898780720335	59
0.024777930759568	0.485508813766345	363
0.070989456644051	0.674602447911955	363
-0.0990359439047299	1.29455411146478	363
0.065491991641784	0.681299972255719	1278
0.0918105577484269	0.756216773833114	363
-0.00710478391670999	0.904041281076599	428
0.019300925068923	0.966768702503259	428
-0.06710817946877	1.11735504049343	986
0.0469127309379041	0.583526138926534	1034
0.055915571549304	0.57547798114334	103
0.0469127309379041	0.583526138926534	62
-0.0859819305259899	1.03147917690717	672
0.00410583813322596	1.18070820438492	672
-0.0628187242590801	1.11026427567357	672
-0.0272685011114999	0.413655990175607	1018
0.043527731596736	0.585405448916677	62
-0.00953923710973004	0.906090405087986	62
0.080786563877287	0.665046522784693	2719
-0.09953436667633	0.749396690614908	62
0.050887377243427	0.580940901573	62
0.015573436450521	0.490087795635554	62
0.070219973890188	0.678177052077024	62
0.071424352203243	0.675881494724746	2177
0.025939335704131	0.483894472955633	293
-0.02126179208727	0.410975081816502	2780
-0.0258345509801201	0.413043803481388	29
-0.0282514925208599	0.413283993547182	29
-0.0275337041419801	0.41314398527887	1507
-0.02655133741802	0.413516459136083	615
-0.0430316028339599	1.78374581651556	59
-0.09353662331041	0.741843624359259	59
0.0960304270466949	1.19927535401273	59
-0.0922280518253999	0.741512305269455	59
0.014731756800628	0.491631095324249	1983
0.116343355133906	0.812159040067758	363
0.110280820926165	0.818297944803642	428
-0.02027673323395	0.409478238556457	1034
-0.02615668824822	1.14905037137509	672
0.00834909216068602	0.493034894730891	62
-0.0120235117237799	0.906993144553915	62
0.0736778270295701	0.67301035447359	62
0.050443873836357	1.00735782846244	62
0.049514758018424	0.580747497378275	62
0.037679701785417	0.588778985874086	62
-0.0219800607115199	0.411274533949238	62
0.02271214907369	0.487579497608867	62
-0.0275337041419801	0.41314398527887	293
-0.02368524530921	0.41093826511309	293
-0.02126179208727	0.410975081816502	189
-0.02126179208727	0.410975081816502	3640
-0.0219800607115199	0.411274533949238	2203
0.107804051499816	1.57095986014204	59
-0.0764528407751801	1.349204116357	59
0.0622087871995241	1.06557686677037	59
-0.02844633306246	1.1514988397439	59
0.108845304504077	0.82250712235695	59
0.0167970477046751	0.488898266466747	59
0.049796326412217	0.579793446877527	59
0.056314127952681	0.996108337739168	59
-0.0506093109682599	0.834517016769277	428
-0.01380890112804	1.21122275508959	428
0.047421758695448	0.582895556425818	986
-0.0219800607115199	0.411274533949238	1034
0.0272811528101971	0.484048387209294	1034
0.017490111099017	0.489691604438174	1034
-0.0990876553494	0.748376627520693	3200
0.015635472514211	0.489856186901135	103
0.117300880564114	0.809022047530177	672
-0.0999310227608601	1.05515063485544	672
0.112120081387044	0.816332400469333	62
0.054778517588714	0.576317095835151	62
0.047064659101968	0.583528390275705	62
0.024448238004705	0.485979489293663	513
-0.0926615911764399	0.739437508045153	293
0.050307751945362	0.579430672939284	293
-0.02027673323395	0.409478238556457	351
-0.0227622512530099	0.410642108899905	29
0.042624170608341	1.01745001414289	59
-0.0080252747963101	0.902764709058026	93
0.0772682901707	0.669687201901373	59
0.100497722136516	0.743726121725683	93
-0.06192205832641	1.32106681071426	59
-0.03098293997875	1.1579553111479	59
0.088847292693942	1.15444303395668	59
-0.0933910888382401	1.49176808669902	59
0.082407767852715	1.16525528449867	59
-0.0415878092166799	0.826768210873675	59
0.021633310190995	0.486964715633517	363
-0.04547899337136	0.831435624714315	363
0.09789169049312	0.745840406702547	986
-0.0167559082206199	0.407972067925741	1034
0.022369773407166	0.486612908966987	1034
0.124538860932512	0.877052340357344	1034
-0.0949689536277001	0.742864252382889	62
0.119558472951086	0.806494968998368	672
0.116558010476284	0.810007377668187	672
0.074167795067874	0.674452237797282	672
0.024448238004705	0.485979489293663	2887
-0.02171241051411	0.409806924167185	1018
-0.02152858466472	0.41003633195509	1018
-0.00409297280586007	0.900284691005304	1018
-0.08794187257175	0.733943202509227	1018
-0.00606190038814991	0.899175319597442	62
-0.09370797935048	0.744558942126431	62
0.0573202109205781	0.572112007277655	119
-0.0392196968437399	0.824360894252752	62
-0.09986512967794	0.748905423800284	62
-0.0209943829552901	0.409776652047704	62
0.059605819974404	0.68539591965019	62
0.082420867021371	0.661325506772191	513
-0.0347854278031501	0.41353536078547	13
-0.0219800607115199	0.411274533949238	351
-0.0311435899907899	0.41466914140038	29
-0.0219800607115199	0.411274533949238	29
0.105839164065957	0.898263731267683	59
-0.05833155854517	1.10502363379184	59
0.097382927901996	0.74947856138037	59
0.057040937750379	1.07434134617769	59
-0.0595494432801	1.10512662173094	59
0.0175549084412689	0.489618442115324	59
0.092730630950545	0.753806017982914	428
0.110548829019692	0.81814478619289	428
-0.05631316814499	0.842781959858095	428
0.024448238004705	0.485979489293663	1034
-0.0219467050639699	0.918015281084292	3200
-0.02798604242193	0.413256750767976	2449
-0.0318592374786799	0.414980836560012	62
-0.0513447791008901	1.09112356850185	428
0.109116734404232	0.820080321761903	672
0.10466017387368	0.822747938748773	62
0.111570946431512	0.819360349115924	62
0.049796326412217	0.579793446877527	62
-0.1014554670449	1.06160179559804	513
-0.02681629356167	0.412672237731607	293
-0.0174713604435499	0.408269330515601	29
-0.10469943302482	0.75110214876359	59
0.071634564639781	0.676943032280065	59
0.087994796916451	1.08802205206149	59
0.028446503813386	0.48360544938142	59
0.0761135995935041	0.670624604101906	59
0.022633873439302	0.486054814054359	59
-0.01148156023861	1.2123457583682	428
0.050061623476487	1.00810799519889	428
-0.02027673323395	0.409478238556457	428
0.066291697755233	0.681213975162001	62
0.114032388858663	0.811637860859413	806
0.055792093544409	0.571869463752638	62
0.03862390137171	0.588308726870737	62
0.0232932211435261	0.487372497728726	62
0.099532816492938	0.746596640805049	2177
0.045531005212701	0.584266852242576	3229
-0.0985472828176801	0.748592632260613	293
-0.01982638852231	0.409294816847698	29
-0.10940045681671	1.06933091022248	93
-0.05611891678365	1.10195681168765	59
0.120555365672304	0.804161144782766	428
0.026699192054501	0.483336660270678	1034
0.092368429917005	0.755835524754291	103
0.097446031203593	0.746290163452305	103
0.0508772447526	1.00550930665888	62
-0.0275337041419801	0.41314398527887	62
0.033235150153794	0.943150770835732	672
0.0315261085162269	0.94552770471392	672
-0.0967296781978699	1.28884057556355	672
0.049168492804357	0.575960501261908	62
-0.05995155857071	1.10552224954288	806
-0.10474368684923	1.06176186410758	62
0.019624545617105	0.487791257016207	62
-0.0471904418184399	0.833947885235395	62
-0.0462010926324501	0.828403266365184	513
0.051727770419936	0.578420898950815	293
-0.0177419809880199	0.408465897919083	293
-0.02655133741802	0.413516459136083	13
-0.0181871885549101	0.408299416064853	29
0.027012970352346	0.951426096337962	59
-0.0213339937447401	0.410034538747514	363
-0.05251375076358	0.839425290892547	428
0.045894123217096	0.583988231653479	428
0.051811319848583	0.576171856952529	428
-0.05814436386179	1.10448907004792	103
-0.0965024004294099	0.745754612743106	103
-0.00810417892223003	0.905474597546475	672
-0.0219800607115199	0.411274533949238	1018
-0.0973632845905399	1.05514488364997	62
0.0505938998082081	0.578321110937991	62
-0.01321546797086	0.908691792941699	806
0.089686868044117	0.757514714026737	62
0.02137253989597	0.48720056173569	62
-0.0433665860941499	0.827517153097752	3229
0.024777930759568	0.485508813766345	513
0.0135481876763039	0.49095581776309	293
-0.02296597963264	0.410908197770573	293
0.046042408356414	0.584258121837317	293
0.019301826126752	0.489626676436646	29
0.018979883904056	0.490062948615881	29
-0.0308800899146	0.413479379600555	29
-0.0260992604196	0.411639865603186	1499
-0.0258345509801201	0.413043803481388	162
0.011757702986512	0.491167276512483	162
-0.02655133741802	0.413516459136083	615
-0.0191745054275401	0.408793596683385	615
0.024127687014048	1.71744318024472	59
0.020194744953431	0.487218320275361	93
-0.0946461692690701	0.745493654326501	59
-0.0571828173109501	0.842901664695112	59
-0.0549167104528301	1.09995092499375	93
-0.0035321392721801	0.899341929598494	93
-0.0588057096663901	1.10690498857129	59
0.073348547925947	0.673181447993402	2370
0.014409992178878	0.491945039298103	59
0.025296222724603	0.484980985533228	59
0.04164168675995	0.587040348971874	59
0.093145648300846	0.754087393205243	59
0.094148029005933	0.753507170149723	363
-0.04631358656639	0.827918879114218	59
0.12499029387621	0.874156389802209	363
-0.0123618793579201	0.90727557680672	428
0.052126398885587	0.577858320833396	1034
-0.0529141398231801	0.838934046299917	2449
-0.0630874968386399	1.11243873469416	2449
0.10717016068227	0.823324582912003	2449
-0.10719700115772	0.754189201203128	103
0.063946922600695	0.682020292100517	103
-0.04869894467495	0.835129264417011	103
0.069621194363353	0.676070343807763	103
0.09545209967486	0.748829494531728	62
-0.0954649279480799	0.743144794083816	62
0.028239011231777	0.952943129145715	806
0.100360366721044	0.743409249397964	119
0.110587642798681	0.820501881687729	119
-0.0181871885549101	0.408299416064853	62
-0.02655133741802	0.413516459136083	29
0.027024786469245	0.483043609694177	3403
-0.01845805499361	0.408763534655611	29
-0.02231647525331	0.410527599337308	29
-0.02204793512445	0.410502951592421	162
0.0552118358446	1.55988445793643	59
0.124816829521322	0.874387559553642	93
0.061040979153272	1.06578651743252	59
-0.1036645430902	1.30533795810003	59
0.020146802493525	0.488893696013304	59
0.068573196229238	0.677928296765056	363
0.074705592176146	1.11572733157273	428
-0.10519510256984	0.751020120449565	2449
-0.0011549396221	0.891141259278384	103
-0.0430200581140401	0.823363136781596	103
-0.10173520126306	1.0605611669108	103
-0.02511814143824	0.41200820059487	62
0.01988508042586	0.489418532086656	62
-0.02296597963264	0.410908197770573	1018
-0.0131435165149201	0.908659883510732	62
0.101537083118881	0.744110941796711	806
0.102019528214423	0.742296797896971	62
-0.0191015212294099	1.13744602692598	62
-0.04863920133046	0.835355679119832	62
-0.0301650740028001	0.413168838752643	62
-0.0444935043263801	0.832447809661205	62
-0.0902412031006401	0.739444712132358	513
-0.0486885841057301	0.833257877871922	62
-0.02126179208727	0.410975081816502	4874
-0.0248530618398799	0.411542674464278	1366
0.080028259768979	0.664333277789182	1366
-0.02628576158792	0.412152659857664	293
0.0726208304063371	0.675516744848956	513
0.07354553168559	0.6695460244989	293
0.020631722072881	1.45103550230735	59
-0.000407134364690087	0.892953759835923	59
-0.00702135644871005	0.900982010496024	93
0.078528631010118	1.43117509401834	59
-0.0469242947773501	1.37595007501576	93
0.019209810106782	1.73008222797572	93
-0.0481614691675401	0.832970375962843	2370
0.023397516686699	0.960419731153998	59
0.02849263708136	0.951493562663477	59
-0.0064841832107001	0.897630617260899	59
0.114882597913377	0.888494139494321	279
-0.0282514925208599	0.413283993547182	428
0.0223885826807479	0.487091304289586	103
0.069233880804932	0.678834890189512	103
-0.0467280694833401	0.833499568027739	103
0.051396861230372	0.580465035444476	103
-0.02296597963264	0.410908197770573	62
-0.0902927711441599	0.739314570191516	62
0.070007912083619	0.677468988104035	62
0.020207465749117	0.487853014850325	62
0.0175549084412689	0.489618442115324	513
-0.0255692233576701	0.412012891941837	29
0.024448238004705	0.485979489293663	162
-0.02126179208727	0.410975081816502	232
0.051004799214459	1.00605099090129	59
0.027863955920451	0.483928968898868	93
-0.10284757001238	1.30649559549912	93
0.092838009828221	0.753696845952924	59
-0.0951401345906999	0.745894843709305	59
0.0964948984902529	0.750126794612481	59
0.086103902404462	0.760898176018186	428
0.121820670159561	0.878856220738386	279
0.088575656538834	0.757762567461296	428
-0.02374598899693	0.411135954461803	103
-0.0993694537518901	0.748779223526523	62
0.026189502476984	0.957058452764971	672
0.075129548539415	0.673818198199838	62
-0.0167559082206199	0.407972067925741	513
0.059709025778995	0.570321866604953	513
-0.03042831861484	0.413737551949063	293
-0.0163109608263099	0.406800295212078	3403
0.073647981128206	2.08883338145375	59
0.083598679463842	2.36540953295853	59
0.071445990707333	1.11870160015465	93
-0.10230982479907	1.06231036054354	59
-0.0515257386336601	0.839027294877824	550
-0.00278498196785004	0.897192301087455	59
-0.0248530618398799	0.411542674464278	59
0.024448238004705	0.485979489293663	59
0.026189502476984	0.957058452764971	428
0.025817712066828	1.21821493466317	428
-0.09662194994171	0.745462257050568	428
0.091923196660488	0.755762744558485	428
-0.02054390147798	0.410401139638387	428
-0.00317267495169005	0.894368928111426	428
-0.000972336293729947	0.894013652967665	428
0.024448238004705	0.485979489293663	428
0.0490046442152861	0.5812231287938	62
0.0232932211435261	0.487372497728726	1018
-0.01982638852231	0.409294816847698	1018
0.042055490860016	1.01806841657069	62
-0.10232457784226	0.751503576493597	62
-0.0908323116549401	1.04210176850497	62
0.097998644727784	0.744410147431354	62
-0.0434429413951201	0.830670424574004	62
0.075171949256307	0.670467125416149	62
-0.00987350659559993	0.905205082409853	62
-0.0132244601003699	0.40491562005861	293
-0.0266455653020099	0.411660707456765	1418
-0.03283864853932	0.414606391010606	29
0.076796764290853	0.669889391893917	29
-0.0209943829552901	0.409776652047704	162
0.0852544686643491	1.09262137424458	59
0.068573196229238	0.677928296765056	93
0.115883933331026	0.810009299226303	93
0.054897507576278	0.576398296971569	4741
0.088126214313439	0.758468818341405	4741
0.089094260545782	1.14780034774214	59
0.0936667463309671	0.747684617102057	59
-0.04547899337136	0.831435624714315	59
0.118277656522925	0.882414029476448	59
-0.0144038477106401	0.910678254147426	428
0.026785526244306	0.483008604292286	2449
0.018658717968524	0.489036202673862	103
-0.0526567562376301	1.09561779898558	103
0.080271996719751	0.666370253764614	103
-0.0439687512335301	0.832194077126855	103
0.0701775126309701	0.678272566722145	103
0.090919830011903	0.756343610773942	1018
0.023642633014618	0.961328166632017	62
-0.0383865524306199	0.823432332854562	62
0.0901326504844629	0.757062270567656	62
0.05427027546622	0.57678923130708	62
0.0759511223331	0.669827054137031	62
0.097689288115148	0.746770784902368	62
0.013827887658088	0.492274249557995	62
0.026698094287039	0.483918518491508	4874
0.049796326412217	0.579793446877527	1366
0.022955577507461	0.486743487685973	293
-0.02655133741802	0.413516459136083	1418
-0.0282514925208599	0.413283993547182	29
-0.02152858466472	0.41003633195509	3403
0.050377709041318	0.581191372480998	3403
-0.02027673323395	0.409478238556457	29
-0.0234177334526799	0.410826590483551	800
-0.0255692233576701	0.412012891941837	162
-0.02224709287202	0.410608941783725	615
-0.08840285074488	1.47366410474648	59
0.082887330649627	1.42024848078245	59
0.080019015337222	2.34108122605244	59
0.052182255286495	2.17712427812056	59
0.031771633782902	1.28040643500585	59
-0.10380970778072	0.751157228740749	59
-0.10391757123196	0.75186883974229	4741
0.025032944637482	0.485654316649321	59
0.026785526244306	0.483008604292286	59
-0.00233360044626996	1.19496770439757	59
0.013487819278121	0.969555093593716	59
0.034521041290249	1.27207432573221	59
-0.0454171096585501	0.833070859075045	428
0.069705772549621	0.678684306621727	103
0.074031860122843	0.671231161262418	428
0.094262109488963	0.753909293025381	428
-0.0275337041419801	0.41314398527887	428
-0.0471904418184399	0.833947885235395	428
0.069212246029815	0.677699479369965	62
0.062800027251218	1.06525739906796	672
0.060786846864998	1.06668194834458	672
-0.02231647525331	0.410527599337308	672
0.046654139367612	0.583264229566345	1018
0.0937296567399139	0.752793455055712	62
-0.0468569727534001	0.835457138466888	62
-0.05007462689646	0.837191734401835	62
0.094283955513046	0.751810384550412	62
0.081540767895641	0.764830976532504	62
0.033342871899596	0.478571799591354	1366
-0.02152858466472	0.41003633195509	683
0.048006237158267	0.582368210709497	293
-0.02296597963264	0.410908197770573	293
0.046553626280165	0.584006513426087	293
-0.02171241051411	0.409806924167185	29
-0.02224709287202	0.410608941783725	29
-0.0219800607115199	0.411274533949238	504
-0.02171241051411	0.409806924167185	162
-0.02152858466472	0.41003633195509	4475
-0.12012072245562	2.03110200640387	59
0.117062302135592	1.59733731972914	59
-0.04908522893844	0.835144586479426	59
0.037603078806725	0.589042260232122	59
-0.0473184194184999	0.836055686389923	59
-0.0777049238179499	1.54704013019652	93
-0.0289040959161599	1.14681322842976	4741
0.110702177504597	0.818151890013795	4741
-0.0474495350156501	0.83122445047018	59
-0.10288645770447	1.05877832826167	59
-0.0115862779702101	0.907267879250086	59
0.05045557672035	0.581254464006149	103
-0.09793575902146	0.747877004766513	428
-0.0167559082206199	0.407972067925741	428
0.090244121005201	0.756158736113106	672
-0.0318592374786799	0.414980836560012	1018
-0.10581943351449	1.06648685133776	62
0.082096863261469	0.661790628144798	62
-0.08738083899606	0.734127551683737	119
-0.09087402277507	0.738489129356133	62
0.052338611403571	0.578466672455565	62
-0.0209943829552901	0.409776652047704	62
-0.0219800607115199	0.411274533949238	513
0.042073693520404	0.586934090859484	62
-0.02224709287202	0.410608941783725	683
0.044611628657392	0.584721445190688	683
-0.02269870771255	0.411303674855888	683
0.013872187197531	0.489681935003305	293
0.0736778270295701	0.67301035447359	293
0.046143796159531	0.583984480648196	293
-0.02126179208727	0.410975081816502	4705
-0.02054390147798	0.410401139638387	189
-0.02027673323395	0.409478238556457	4105
-0.06667483633389	1.33390201723345	93
0.051216925571805	0.578983513041556	59
0.025617394757113	0.485123505343381	59
-0.05297661268384	0.839724735949244	428
-0.05771500304889	0.843095169922248	279
-0.09353662331041	0.741843624359259	428
0.025032944637482	0.485654316649321	428
-0.02296597963264	0.410908197770573	428
-0.00105199496163011	0.894865376189881	2449
-0.10576033699296	0.752702610754485	428
-0.10331082734434	1.06286474107683	428
0.05070589095183	0.579346013754557	428
-0.00346277735530998	1.19241015218467	672
-0.02269870771255	0.411303674855888	1018
0.02496508608852	0.957192294190577	62
0.093283900154244	0.753358453636231	62
-0.04725147099286	0.834009853999543	62
0.0456332633866861	0.58446214274432	62
0.0759679802015319	0.669213087434619	62
0.041493380219654	0.586603980263233	62
0.019563471132187	0.489615442131538	513
0.118874865872005	0.804819928880154	293
0.022955577507461	0.486743487685973	189
-0.0209943829552901	0.409776652047704	189
-0.0258345509801201	0.413043803481388	162
-0.02368524530921	0.41093826511309	232
0.022633873439302	0.486054814054359	59
-0.0965024004294099	0.745754612743106	59
0.083680402911507	1.09877634721216	3428
0.069518432820189	0.677574926854816	59
0.081017454951743	1.10181438713265	59
-0.0560538331362099	1.09708725594309	428
-0.0902412031006401	0.739444712132358	279
-0.02027673323395	0.409478238556457	279
-0.00217219941536007	0.892605908927386	2449
0.11184581941048	0.818332972531491	2449
0.047064659101968	0.583528390275705	103
0.095856316101086	0.75148335431577	103
0.037576469434391	0.934321354236055	62
0.103705232417232	0.826606138822916	1018
0.018718315979064	0.48956308680362	62
0.072386183595576	0.674840696387837	62
0.044950544531831	0.584778572489304	62
0.106868788731066	0.821083915373661	62
0.016320477546622	0.489013004816369	62
-0.02628576158792	0.412152659857664	62
0.018979883904056	0.490062948615881	62
-0.02296597963264	0.410908197770573	2150
0.00718646931439604	0.492721203650726	683
-0.09887395139294	0.748376430830867	189
0.023617224616811	0.486158358630486	3403
-0.0275337041419801	0.41314398527887	162
-0.0979685900559699	1.50490655583825	59
-0.0410439927014199	1.61772544974908	59
0.101250764996359	1.18999685834848	59
-0.10375966946155	0.75224999052497	59
-0.00305985206958992	1.19701464710754	279
0.076091829467503	0.672419329813627	428
0.096856182951075	0.750904409244305	428
-0.00992652080310008	0.90669313724274	62
0.098889711502133	0.743718102743321	62
0.043816929270168	1.01671528240641	62
0.041051580345223	0.586802442641747	62
-0.09502362707333	0.742673691836324	62
0.074187540295432	0.674638088463039	62
-0.0462036113569599	0.831908676858292	62
-0.0219800607115199	0.411274533949238	62
-0.05386791508518	0.840688218122517	62
0.023617224616811	0.486158358630486	513
-0.05333763534434	0.839080070269172	513
-0.02511814143824	0.41200820059487	683
-0.0219800607115199	0.411274533949238	293
-0.0219800607115199	0.411274533949238	3403
-0.02368524530921	0.41093826511309	3403
-0.02368524530921	0.41093826511309	29
-0.10947985253036	1.72011450369638	59
0.094261665983236	1.14327606421557	59
0.040106372637941	1.02245489185016	59
0.060537495695788	1.06544824646649	93
0.042872671706486	1.01775020749631	59
-0.0628574273188001	1.10870170609924	59
-0.06976474532288	1.53042365804421	59
0.079623620823946	0.66528238473857	59
-0.0943599495851699	1.04977120214806	4741
-0.0506868133390199	1.0911711792015	428
0.05449775594732	0.576796655212425	428
-0.0142778287846199	0.910851630967909	428
-0.04579487100866	0.829461618465274	279
-0.04205898290162	0.829330283326122	103
0.047064659101968	0.583528390275705	103
0.096789830902785	0.746846209356242	103
0.026512588319659	0.95649595511825	103
0.040873433626666	0.928598477921172	62
0.025617394757113	0.485123505343381	119
-0.0998920766742799	1.29937834411345	62
-0.0433665860941499	0.827517153097752	62
0.0247114467027531	0.485765853390852	62
0.031603500593574	0.479533027936019	62
-0.0927211887364201	0.742899904696998	62
0.045969789751919	0.584316078302034	1366
-0.02296597963264	0.410908197770573	513
0.05070589095183	0.579346013754557	293
0.022955577507461	0.486743487685973	293
-0.02126179208727	0.410975081816502	29
-0.01393770403739	0.405210698913732	29
-0.0275337041419801	0.41314398527887	29
0.048006237158267	0.582368210709497	59
0.068257869656303	1.45513376824221	59
0.0682208358180561	1.05512467383203	93
-0.03932822445381	1.61580517417194	59
-0.02152858466472	0.41003633195509	59
0.027469193137201	1.28765610436806	59
0.062529237546514	0.683719497482565	4899
-0.06117698660511	1.11094168514923	4899
0.089230020140088	0.75903252210352	428
-0.06117698660511	1.11094168514923	428
-0.0620920545027399	1.10743390439287	279
-0.10232457784226	0.751503576493597	428
0.10002263050189	0.745477076515289	103
0.01845862199186	0.48819762268695	103
-0.10539239971151	1.06650692948141	103
-0.08930465194614	0.738516408507673	3405
0.055516228015581	0.575452682793181	181
-0.0282514925208599	0.413283993547182	428
-0.0213339937447401	0.410034538747514	428
-0.0213339937447401	0.410034538747514	62
-0.09335890754099	1.04759286951742	62
-0.10182988102938	0.750945116951384	62
-0.0255692233576701	0.412012891941837	29
-0.01393770403739	0.405210698913732	29
-0.0282514925208599	0.413283993547182	29
-0.0191745054275401	0.408793596683385	29
-0.03042831861484	0.413737551949063	29
0.109635949081669	1.3414465650258	59
-0.1073155772932	1.06540993729423	59
0.092730630950545	0.753806017982914	59
-0.0529141398231801	0.838934046299917	59
0.112226642893987	0.814139790693015	4899
0.00241499077483898	1.18100474738202	428
0.102242989586299	0.827572032921269	279
0.050887377243427	0.580940901573	279
-0.08799155159315	0.734108706051289	428
-0.02296597963264	0.410908197770573	103
0.092730630950545	0.753806017982914	3405
-0.00266019135590989	0.89811364170398	3405
0.076911549937084	0.668191011576898	428
0.100912337083926	0.743947291678387	672
-0.10222480213337	1.05881084001649	62
-0.00552554582496989	0.901336015294575	62
0.086432117456771	0.759960977373	62
0.078699498205161	0.668647075938239	62
0.029028796684373	0.483077229419228	62
0.099025427751369	0.746053813955116	62
-0.05624770869442	0.842215233586625	62
0.020790130443553	0.4876451712386	683
0.051727770419936	0.578420898950815	29
0.028705998608865	0.482027330230746	29
0.024126413957558	0.486297529129953	29
-0.0181871885549101	0.408299416064853	1897
-0.0209943829552901	0.409776652047704	162
0.091893454416555	1.51056123272074	59
0.0247114467027531	0.485765853390852	93
-0.09907562639901	1.30018008904428	59
0.023896064179766	0.955237362189634	59
0.0937296567399139	0.752793455055712	59
0.028123375859096	0.482805576227173	59
-0.04962626414391	1.08959909190076	4899
-0.11686715662736	1.07585028289748	4899
0.027993686825495	0.949263372055064	279
-0.10096822829685	0.748452403458292	279
0.07496454252494	0.672287633847984	279
-0.0979870487155401	0.746959754979035	3405
-0.09215707805429	0.73803235298508	428
0.022633873439302	0.486054814054359	62
-0.0508981202328001	1.08937957117793	62
0.082399910615616	0.663446694169599	62
0.048887062491406	0.579066392358594	62
-0.02054390147798	0.410401139638387	29
-0.02296597963264	0.410908197770573	162
-0.0255692233576701	0.412012891941837	59
0.040235695145822	1.02296123868901	59
0.08793500946559	1.15551584761248	93
0.08945519337556	1.15248713567632	59
-0.0955196422350799	0.742411431568802	59
0.024390717934898	0.48441663224042	59
-0.0115862779702101	0.907267879250086	428
-0.00317267495169005	0.894368928111426	181
-0.0599752605316299	1.10844365155742	181
0.074519041082074	0.671460073883177	428
-0.1032644863597	0.752001424844403	62
0.108494228404593	0.821274031043551	62
0.074534821795622	0.671053108926306	62
0.0815273966707309	0.764726914824934	62
0.057242266147492	0.572388291012788	62
-0.0209943829552901	0.409776652047704	62
-0.0942016332629401	0.744959671022221	513
-0.0160408315278899	0.407403518042765	513
-0.0965024004294099	0.745754612743106	293
0.023863274661684	0.486099627797188	294
0.024448238004705	0.485979489293663	29
-0.02027673323395	0.409478238556457	29
-0.0195594609890499	0.408907543271993	29
-0.02296597963264	0.410908197770573	162
-0.0275337041419801	0.41314398527887	162
-0.0482363086792199	0.834408252759282	59
0.058466495475804	1.06914484254838	59
0.07646135718013	1.31275704683704	59
0.111849884125336	1.22875263026973	59
-0.02054390147798	0.410401139638387	59
-0.0258345509801201	0.413043803481388	279
0.044044491351933	1.01439029484362	103
0.095411171470584	0.752047826511365	103
0.106457974818612	0.824738730335506	672
0.052338611403571	0.578466672455565	62
-0.0444068129214299	0.827747871259884	39
0.0778771577755391	0.669684391201715	62
0.023805360299448	0.485199002275023	119
0.094283955513046	0.751810384550412	119
0.048006237158267	0.582368210709497	62
0.05376184982813	0.577038633160897	230
0.044212408879249	0.583970126946329	62
0.028446503813386	0.48360544938142	513
-0.0234177334526799	0.410826590483551	29
-0.02054390147798	0.410401139638387	29
-0.0185160103345601	0.407432048797052	162
-0.03130323543259	1.1541564175912	93
-0.09143704795803	1.48854379670577	59
0.069233880804932	0.678834890189512	59
-0.01982638852231	0.409294816847698	59
-0.0311435899907899	0.41466914140038	59
0.086845995341735	1.08936647995749	59
0.081909819712241	0.664020301656987	4899
-0.09765352176766	0.745850017717761	428
-0.04862327676293	0.834236122643223	279
0.089686868044117	0.757514714026737	279
0.0759679802015319	0.669213087434619	103
0.0508189874713521	0.578867750869275	103
-0.04961246796734	0.836280363414373	428
-0.08794187257175	0.733943202509227	672
-0.02655133741802	0.413516459136083	672
-0.1032644863597	0.752001424844403	1018
-0.02296597963264	0.410908197770573	62
0.023541124291656	0.486623205126517	683
-0.10521993562503	0.751761397925828	513
0.026957364462212	0.48365648985277	294
-0.02054390147798	0.410401139638387	294
-0.0273583360894001	0.411969988811906	294
-0.0219800607115199	0.411274533949238	294
-0.02224709287202	0.410608941783725	162
0.022969991702422	0.486647207067339	426
0.101240051400884	1.12563657054361	59
0.0265858816886641	1.21791100957816	59
-0.03249288990959	1.42762736671817	59
-0.0125840524566301	0.908379427349119	59
-0.02368524530921	0.41093826511309	59
-0.02224709287202	0.410608941783725	279
0.05500708637083	0.576236141885541	279
-0.02655133741802	0.413516459136083	279
-0.01982638852231	0.409294816847698	103
0.0659643269546	0.680887734838339	2016
0.085657973136946	0.760921831027692	103
0.00309284498240903	0.887707934526912	103
0.05449775594732	0.576796655212425	428
0.07165458227369	0.671605956816322	428
-0.01384115242553	0.910366251910581	428
-0.0950693784226899	0.741849432324033	428
0.122784016013919	0.877532056126395	672
0.0941752796541589	0.751995733393253	672
-0.00789621528215001	0.90056971736597	672
-0.00492671673199996	0.899295501616378	62
0.015894522042094	0.490668273213241	62
0.048887062491406	0.579066392358594	62
0.053148221597594	0.573994886042389	951
-0.02511814143824	0.41200820059487	119
0.080969345404776	0.664628134236811	119
-0.0219800607115199	0.411274533949238	62
0.015313266708984	0.491302403590035	683
-0.02296597963264	0.410908197770573	4780
0.052338611403571	0.578466672455565	513
0.092838009828221	0.753696845952924	2149
-0.0213339937447401	0.410034538747514	294
-0.09986512967794	0.748905423800284	294
-0.0163109608263099	0.406800295212078	294
-0.02027673323395	0.409478238556457	29
-0.0275337041419801	0.41314398527887	703
0.081702908787693	1.82351110716706	59
-0.10888674706324	1.3134274406254	59
0.121403958083549	0.800969141248127	59
-0.0219800607115199	0.411274533949238	59
0.06501264923235	1.05771124659301	59
0.111007156549902	0.820022827858803	428
0.00352816468609996	0.887110033348178	428
0.110937235022031	0.892524073079982	181
-0.10759557836063	0.75232193325867	672
-0.0335553038325001	0.414320332911909	62
0.072386183595576	0.674840696387837	62
-0.0925461545127999	0.740008884506934	62
-0.0113398119900101	0.904575067429732	119
0.0232932211435261	0.487372497728726	62
-0.0458037590233	0.831767938574496	62
-0.0258345509801201	0.413043803481388	62
0.025617394757113	0.485123505343381	293
0.013827887658088	0.492274249557995	29
-0.02798604242193	0.413256750767976	29
-0.0219800607115199	0.411274533949238	1126
-0.0272685011114999	0.413655990175607	162
0.060715228500583	1.06584663073454	93
0.067400037520026	0.679813497175578	59
-0.0219800607115199	0.411274533949238	59
0.042506623120497	0.585869256165123	59
0.033142382251739	0.590502213591786	59
0.026957364462212	0.48365648985277	181
0.024126413957558	0.486297529129953	428
-0.0942016332629401	0.744959671022221	428
-0.0301650740028001	0.413168838752643	672
0.046988298090715	0.582726609527033	62
-0.0392196968437399	0.824360894252752	62
0.021050822262274	0.488251197847747	62
0.024126413957558	0.486297529129953	62
0.021633310190995	0.486964715633517	119
0.0232932211435261	0.487372497728726	119
-0.0275337041419801	0.41314398527887	62
0.023541124291656	0.486623205126517	513
0.0223885826807479	0.487091304289586	513
0.047575506939744	0.582807719551856	683
0.025296222724603	0.484980985533228	294
-0.0311435899907899	0.41466914140038	257
0.103705232417232	0.826606138822916	93
0.111544531623641	0.817191747468691	59
0.079846429771686	0.666317775185365	59
0.046553626280165	0.584006513426087	428
0.069800546411476	0.676142121879093	279
0.089130713820388	0.758079355147045	279
0.078370982608339	1.1011823646119	103
0.047575506939744	0.582807719551856	181
0.045234453147319	0.583242219761226	98
0.074187540295432	0.674638088463039	672
0.054098893046445	0.575716282314449	672
0.113700294434103	0.890772337713805	428
0.047495517925969	0.582845325381987	870
0.024448238004705	0.485979489293663	62
-0.0258345509801201	0.413043803481388	62
0.0735065462190701	0.673452584189134	62
-0.0213339937447401	0.410034538747514	119
-0.0965024004294099	0.745754612743106	119
0.11566204141231	0.813253010604376	62
0.076422915298331	0.668991227834528	62
-0.02655133741802	0.413516459136083	62
0.040107843575557	0.587275186058806	2149
0.0539882366235001	0.577157698100559	2149
0.047064659101968	0.583528390275705	293
0.055810949793017	0.574441077822495	189
0.01690542275676	0.489629484686196	29
-0.0219800607115199	0.411274533949238	703
-0.0275337041419801	0.41314398527887	29
-0.0219800607115199	0.411274533949238	29
-0.02368524530921	0.41093826511309	162
-0.0591750844280201	1.75424199397064	59
0.029028796684373	0.483077229419228	59
-0.03426742484291	1.16451256178165	59
-0.11934013258031	1.65404989741037	59
-0.0673631396007901	1.11952606231541	59
0.0933578009522959	0.753329966239069	59
0.064876481295444	0.681091777027777	428
0.099088544958826	0.746933026949287	279
0.086887776126143	0.758561556291115	103
0.026957364462212	0.48365648985277	103
-0.0282514925208599	0.413283993547182	103
0.121522324553039	0.803768824487485	428
0.094902616080725	0.74876669953747	62
0.013827887658088	0.492274249557995	62
0.050377709041318	0.581191372480998	62
0.023541124291656	0.486623205126517	62
-0.0255692233576701	0.412012891941837	230
-0.10293120476358	0.751428494716355	62
0.031858046760526	0.479592176505172	62
0.029934068872152	0.481668392537244	513
-0.0273583360894001	0.411969988811906	4780
-0.02027673323395	0.409478238556457	344
0.018134467076113	0.489594120900239	29
-0.0272685011114999	0.413655990175607	703
-0.0219800607115199	0.411274533949238	29
-0.02204793512445	0.410502951592421	223
-0.02368524530921	0.41093826511309	162
-0.02171241051411	0.409806924167185	162
-0.0275337041419801	0.41314398527887	1059
-0.0118852816189601	1.4598662601266	59
0.084746092959637	1.22183663970828	1354
0.042872671706486	1.01775020749631	59
0.029028796684373	0.483077229419228	924
0.0964948984902529	0.750126794612481	924
0.072051583966629	1.04552721076182	279
0.022500683619897	0.960600015777191	428
0.04164168675995	0.587040348971874	428
0.0777570787936111	0.669257591111527	428
0.0247114467027531	0.485765853390852	98
0.045531005212701	0.584266852242576	98
0.086160556024872	1.46870000700398	428
0.022955577507461	0.486743487685973	62
-0.02171241051411	0.409806924167185	62
-0.09469545971871	0.745084893553968	62
0.046553626280165	0.584006513426087	513
-0.02224709287202	0.410608941783725	513
-0.0577629037451199	1.10106477577629	294
0.073225302584195	0.675272608175274	294
-0.02224709287202	0.410608941783725	29
-0.0244613091661201	0.410741903929385	29
-0.0878741593639401	0.735178994880073	29
0.022969991702422	0.486647207067339	703
-0.0160408315278899	0.407403518042765	703
-0.0219800607115199	0.411274533949238	29
0.019563471132187	0.489615442131538	223
-0.10227464013169	0.750552142694754	223
-0.0234177334526799	0.410826590483551	326
-0.0248530618398799	0.411542674464278	257
-0.0282514925208599	0.413283993547182	120
-0.02081045464866	0.408933527207846	316
-0.02224709287202	0.410608941783725	622
0.0334870787600921	0.944317311130846	59
0.12340382144835	1.93752673751	59
-0.02054390147798	0.410401139638387	59
0.022003600876964	0.962242546338298	59
0.12124499576476	1.20770734750971	279
0.077843127509167	0.667983269168495	428
-0.0177419809880199	0.408465897919083	103
-0.02081045464866	0.408933527207846	181
-0.03283864853932	0.414606391010606	428
0.015894522042094	0.490668273213241	98
-0.0189033929134299	0.407829094949249	62
0.071442525640841	0.67612984240809	62
-0.0276250547772201	0.412152135341901	2149
-0.0428113818493101	0.415914899193914	2149
0.045969789751919	0.584316078302034	29
-0.0822997478169101	0.726147792581886	294
-0.09502362707333	0.742673691836324	703
0.093258496111483	0.755184548775958	29
-0.02681629356167	0.412672237731607	223
-0.02126179208727	0.410975081816502	162
0.022692577055393	0.485301161686538	316
0.017078235725437	1.46604054527018	93
0.068857250380142	0.677772536748003	59
0.057011232085202	1.61753775108417	1354
-0.02054390147798	0.410401139638387	59
-0.02027673323395	0.409478238556457	924
0.015847836880049	1.46416600758496	279
0.092951102198822	1.20793645025786	279
-0.0108822315249	1.21123160229171	428
0.113510242560597	0.891411794699818	103
0.018396040612831	0.490271397263528	103
0.055301158403493	0.574603309543629	181
-0.02027673323395	0.409478238556457	98
-0.02027673323395	0.409478238556457	98
0.070007912083619	0.677468988104035	428
0.0223885826807479	0.487091304289586	62
0.022969991702422	0.486647207067339	62
0.0535384120672781	1.07301064894283	62
-0.0177419809880199	0.408465897919083	62
-0.0248530618398799	0.411542674464278	62
-0.02655133741802	0.413516459136083	4354
0.074167795067874	0.674452237797282	2149
-0.02224709287202	0.410608941783725	2149
0.050194666437503	0.579508239942932	189
0.050307751945362	0.579430672939284	344
0.049854072495245	0.578577034319724	294
0.072753826285851	0.675328600448007	3865
-0.02224709287202	0.410608941783725	1254
0.027863955920451	0.483928968898868	703
-0.02171241051411	0.409806924167185	703
0.018713772455309	0.489267128736786	29
-0.02126179208727	0.410975081816502	223
-0.02269870771255	0.411303674855888	326
-0.04863920133046	0.835355679119832	162
-0.0219800607115199	0.411274533949238	86
-0.02231647525331	0.410527599337308	316
-0.0209943829552901	0.409776652047704	1340
0.093002883911695	1.26685346584394	2096
-0.00436277742838009	0.898649733199118	2096
0.124564264408706	0.943959854918247	3203
0.052630153730526	1.00195346816861	93
-0.0655445994300501	1.33087702993332	1354
-0.0124248424275299	1.21331924796131	59
0.055117771745801	0.573861090491116	59
0.050288554191002	0.579386960354327	428
-0.0930948258084601	0.740932074264058	428
0.077054637914341	0.669808848755642	2157
0.04258447248443	0.586568109376667	428
0.078699498205161	0.668647075938239	924
-0.04212351687586	0.828662084887663	279
0.045969789751919	0.584316078302034	103
0.073559437518202	0.671846867388362	181
-0.0442915844652301	0.827917027841226	98
0.021824992592546	1.22818889660683	428
0.061069136371849	0.683569511812704	62
0.054345950844144	0.575426706435315	62
0.016475522994447	0.489448272185893	62
-0.02296597963264	0.410908197770573	62
0.01988508042586	0.489418532086656	62
-0.0925996379656999	0.740411712998113	513
0.01988508042586	0.489418532086656	4354
-0.02296597963264	0.410908197770573	294
-0.02126179208727	0.410975081816502	1254
-0.0248530618398799	0.411542674464278	703
-0.03647113929269	0.415792999867536	29
-0.02896965906045	0.412887475855812	162
-0.02152858466472	0.41003633195509	171
-0.08686686414287	1.27202466064017	93
-0.0621615171537799	1.11134381496905	59
0.050377709041318	0.581191372480998	59
-0.000928619337559944	1.19087069621986	59
-0.0926963993109	1.04196483690412	103
-0.10102847255772	1.06076512636433	103
0.0667633889667551	0.680655497094375	103
-0.00409297280586007	0.900284691005304	98
0.044611628657392	0.584721445190688	428
0.033652588867074	0.590527470780259	62
0.024975818637501	0.483088159635418	62
0.066948557113039	0.680003782229925	62
-0.0248530618398799	0.411542674464278	39
0.049796326412217	0.579793446877527	39
0.020194744953431	0.487218320275361	62
0.09549007329272	0.750962390467246	62
-0.1085853757022	0.753492623245547	62
0.023874039063565	0.486927927519843	62
0.023805360299448	0.485199002275023	3630
0.046654139367612	0.583264229566345	62
0.02760571181154	0.48250841189123	62
-0.0248530618398799	0.411542674464278	62
0.025617394757113	0.485123505343381	2149
-0.0177419809880199	0.408465897919083	1353
0.023219745533527	0.485729407307986	1353
-0.0272685011114999	0.413655990175607	29
-0.02126179208727	0.410975081816502	703
0.020207465749117	0.487853014850325	162
-0.0174713604435499	0.408269330515601	15
-0.02027673323395	0.409478238556457	396
-0.02171241051411	0.409806924167185	120
-0.10724999774713	1.06324274491632	2096
-0.00856366675914999	1.20651430090923	93
-0.02511814143824	0.41200820059487	59
-0.02269870771255	0.411303674855888	59
0.075129548539415	0.673818198199838	59
0.023541124291656	0.486623205126517	59
0.024126413957558	0.486297529129953	2157
0.0883487177371261	0.757250500406473	1146
-0.04862327676293	0.834236122643223	924
0.071424352203243	0.675881494724746	103
0.0508189874713521	0.578867750869275	103
0.096938979645136	0.749927638714613	103
0.000336798010715955	0.891463979480271	181
0.035288208173104	0.940524268095157	181
0.093703329186956	0.754480853978476	181
0.100978474884116	0.745203782696207	428
0.078210881921052	0.668663675805139	98
0.075434995659371	0.671878938384477	98
-0.0553705389276	1.09984650080379	98
-0.10576033699296	0.752702610754485	428
-0.02126179208727	0.410975081816502	4796
-0.05746471086245	1.10260024454959	62
0.066928099402158	0.680486650454705	62
0.025355212710095	0.484218430760984	62
0.090735080403607	0.753272531786306	62
-0.0955839094025701	0.744641044177853	62
-0.09518945882268	0.74490164260121	62
0.013827887658088	0.492274249557995	62
0.01690542275676	0.489629484686196	62
0.079188965929075	0.667668534897768	62
0.028446503813386	0.48360544938142	513
0.048006237158267	0.582368210709497	558
-0.02368524530921	0.41093826511309	1261
-0.02269870771255	0.411303674855888	1353
-0.02126179208727	0.410975081816502	29
-0.02126179208727	0.410975081816502	703
-0.02126179208727	0.410975081816502	1059
-0.0459993091053601	1.38022822672886	59
0.05500708637083	0.576236141885541	59
-0.04869894467495	0.835129264417011	59
0.108914899860832	0.820301918464711	59
-0.0876513475992999	0.732738167506135	2157
0.110702177504597	0.818151890013795	924
-0.01982638852231	0.409294816847698	103
0.078347717578268	0.669163044934219	103
0.089130713820388	0.758079355147045	181
0.047152813926695	1.01001812721889	181
0.074504128918681	0.670394190351731	181
0.045894123217096	0.583988231653479	181
-0.09502362707333	0.742673691836324	98
-0.0922761699051799	0.741285393301026	98
-0.05297661268384	0.839724735949244	62
0.11312075178334	0.815538908972896	62
-0.0939777680837399	1.04718402073892	62
0.018658717968524	0.489036202673862	62
0.04994577766228	0.581730930079566	62
0.049435794200234	0.58198163053543	62
0.066948557113039	0.680003782229925	62
-0.0463283808224699	0.834345727325647	62
0.050377709041318	0.581191372480998	62
-0.0974407396063199	0.74719824613095	3630
0.052748891290217	0.57655372047118	62
-0.04817647962551	0.835179767252813	558
0.051104922574378	0.578382340128469	513
0.018718315979064	0.48956308680362	2149
0.026523202592572	0.483366492541231	344
0.049435794200234	0.58198163053543	294
-0.02368524530921	0.41093826511309	29
0.019301826126752	0.489626676436646	162
-0.02655133741802	0.413516459136083	162
-0.02231647525331	0.410527599337308	162
-0.02296597963264	0.410908197770573	86
0.095411171470584	0.752047826511365	59
-0.03283864853932	0.414606391010606	59
0.000325534171585984	1.18673392298927	151
0.123828718876847	1.36599621996208	59
-0.00695791130470003	0.900446495584088	59
-0.09631275722772	1.28894023152189	59
0.049644835064533	1.08281693536252	1146
0.110127501713039	0.818734872271542	1146
0.109830431889764	0.820791745055988	924
0.038326819542048	1.02422160308572	924
-0.10266098941112	1.51654037314866	428
0.045122540926785	0.584713252751266	103
-0.05433028051988	0.841137958933701	103
0.017418058059999	0.968550978709057	181
0.0659643269546	0.680887734838339	181
0.095620241233758	0.74940047454507	428
0.09011982741486	0.758128443333775	98
-0.0444156296466101	0.829549373206112	98
0.00211978725243001	0.887041763818253	428
0.124294597666661	1.30933503895131	98
0.013827887658088	0.492274249557995	39
0.072576868115005	0.67463546697106	119
-0.0965024004294099	0.745754612743106	558
-0.0209943829552901	0.409776652047704	4354
0.03218354428047	0.479413582214499	2149
-0.0476529589949699	0.834123833155529	294
0.05070589095183	0.579346013754557	294
-0.0438290128664001	0.827842450636524	29
0.077285639148682	0.669237374363196	1353
0.046143796159531	0.583984480648196	29
-0.0244048902648399	0.410464208205061	29
-0.0209943829552901	0.409776652047704	703
-0.0270026768912099	0.41175796254343	326
0.025207897482514	0.957506572956108	59
0.108933174031816	0.818135074227137	59
0.052126398885587	0.577858320833396	1146
-0.0479772010492301	0.83206695409253	924
-0.0214094608087201	1.14067667699212	924
0.0750070756688001	0.670850747447366	103
-0.00452922723799998	0.900768800433598	103
0.064528511235428	0.6804357607206	103
-0.0444068129214299	0.827747871259884	103
0.01988508042586	0.489418532086656	428
-0.00910280146426001	0.906042679153519	98
-0.0473731612078501	0.832936146080283	62
0.0135481876763039	0.49095581776309	62
-0.0954649279480799	0.743144794083816	62
0.019292824771818	0.48863605366341	39
-0.02152858466472	0.41003633195509	62
-0.04908522893844	0.835144586479426	62
-0.0318592374786799	0.414980836560012	1353
-0.0255692233576701	0.412012891941837	703
-0.0275337041419801	0.41314398527887	703
-0.02054390147798	0.410401139638387	703
0.024126413957558	0.486297529129953	443
0.016320477546622	0.489013004816369	443
-0.0209943829552901	0.409776652047704	443
-0.02224709287202	0.410608941783725	86
0.015912385913784	1.74134433615985	93
-0.12451783935476	1.6731222755257	59
0.038488544003401	1.02432686660915	59
-0.0917245654501699	0.740271630477432	59
0.051396861230372	0.580465035444476	1146
0.091732439194968	0.754193968371214	924
0.072149661593177	0.676187215881317	924
0.078210881921052	0.668663675805139	103
-0.09711474657884	0.746771229604413	103
-0.00148736791060999	0.895346897752705	103
0.051727770419936	0.578420898950815	98
-0.000972336293729947	0.894013652967665	98
0.027540497875428	0.483333049189275	98
-0.05532212449387	0.842380766232076	98
0.100130810572732	0.744910459012493	98
0.088575656538834	0.757762567461296	428
0.077506376595899	1.10845176666929	62
0.069518432820189	0.677574926854816	62
-0.08930465194614	0.738516408507673	62
0.025939335704131	0.483894472955633	62
-0.0275337041419801	0.41314398527887	119
-0.00460968465136991	0.896321741581643	62
-0.0369263096770101	0.820331529105633	62
0.01988508042586	0.489418532086656	2045
-0.0321223702645701	0.414294926993374	2149
-0.01845805499361	0.408763534655611	344
-0.02628576158792	0.412152659857664	294
-0.01845805499361	0.408763534655611	294
0.023278054411095	0.48596934273912	443
-0.02126179208727	0.410975081816502	162
-0.0272685011114999	0.413655990175607	86
-0.04953008468524	1.56362062188009	151
0.074638811426764	0.673688841918305	1146
-0.00548478929525009	0.897290138892654	1146
-0.0998920766742799	1.29937834411345	103
0.0810716218648681	0.664722420361901	103
0.112513585010681	0.814804736865113	103
0.023805360299448	0.485199002275023	98
-0.01982638852231	0.409294816847698	62
0.05002468734628	0.58003113474946	62
0.02046807907243	0.488971745774085	62
0.107629839684207	1.11074952894887	62
0.024448238004705	0.485979489293663	3277
0.074776610919569	0.667830544615384	4356
-0.02224709287202	0.410608941783725	344
-0.0920511799104899	0.738558046012617	294
-0.000924510564600078	0.894684867466504	294
-0.0177419809880199	0.408465897919083	29
-0.10342430180502	0.751831170823407	29
-0.0275337041419801	0.41314398527887	703
-0.08720451229067	0.732121499172151	703
-0.02126179208727	0.410975081816502	29
-0.02296597963264	0.410908197770573	326
-0.03283864853932	0.414606391010606	326
-0.0282514925208599	0.413283993547182	162
-0.0219800607115199	0.411274533949238	86
0.024126413957558	0.486297529129953	2096
0.0553481457132981	0.996891431448708	59
0.078681947965054	0.667827843691583	59
0.045969789751919	0.584316078302034	59
-0.02728575037772	1.57666542443259	59
-0.04488002698645	0.82859340082461	59
0.0247114467027531	0.485765853390852	428
0.069990820165255	0.677048883094531	428
-0.00983863513737004	0.905328539967733	1146
0.092813529710884	0.755636317166555	428
0.0876834404157581	0.758920182707056	103
0.051216925571805	0.578983513041556	103
-0.00275722515355992	0.89728424881718	103
0.052238425618642	0.577634620167254	967
0.096378499155785	0.750313778251833	428
0.0706491011342451	0.677600223780693	428
-0.0410566218806701	0.821751654517202	98
0.073206568988624	0.673771597177855	98
0.0247114467027531	0.485765853390852	62
0.019301826126752	0.489626676436646	62
0.023805360299448	0.485199002275023	62
0.112951533323788	0.890677717605047	62
0.089686868044117	0.757514714026737	62
0.045234453147319	0.583242219761226	62
0.095966150563616	0.751806459961886	513
-0.02303104447883	0.410996649608088	344
-0.02126179208727	0.410975081816502	344
0.045460259310538	0.584680774888386	294
-0.0311435899907899	0.41466914140038	703
0.02213082265976	0.48751597999684	703
-0.0984309517191799	0.748279555131063	443
0.058338036226156	0.571198273887241	326
-0.0488693756994201	1.38551739631305	59
-0.0174713604435499	0.408269330515601	59
-0.0271381640058801	1.41064483134374	151
-0.09482776525035	0.743229414648294	59
-0.0429814776090101	0.830495169681687	428
0.094706745316689	0.753206665326789	2157
0.051330033112829	0.578081124883658	428
-0.0989335093193699	1.05663274509732	1146
0.106457974818612	0.824738730335506	1146
-0.09625668601205	1.0501011123538	1146
-0.10236553156316	1.05958173083535	1146
-0.09981168701069	0.747238677755028	428
-0.0980788308562399	1.05439155593015	103
0.045460259310538	0.584680774888386	103
0.047495517925969	0.582845325381987	181
0.015313266708984	0.491302403590035	98
-0.05670233917209	1.10371116676627	98
-0.02027673323395	0.409478238556457	62
-0.04677661935019	0.828244510583585	592
0.050307751945362	0.579430672939284	62
-0.08471162832783	0.726949368281632	62
-0.02126179208727	0.410975081816502	2045
0.09607706742607	0.750487718983681	513
-0.0273583360894001	0.411969988811906	344
-0.0420497459354501	0.826841971894888	344
-0.0177419809880199	0.408465897919083	294
0.024448238004705	0.485979489293663	29
-0.02126179208727	0.410975081816502	1593
-0.02054390147798	0.410401139638387	703
-0.02126179208727	0.410975081816502	703
-0.03647113929269	0.415792999867536	326
0.017490111099017	0.489691604438174	326
-0.0219800607115199	0.411274533949238	1440
-0.02152858466472	0.41003633195509	1440
0.084616000281303	1.09716232426476	93
-0.03882607474998	1.3599582415118	59
-0.00397630191754006	1.196164780219	2057
0.119323973111947	1.53871024734849	59
-0.0104435845233199	0.905080994437839	59
-0.09484092002414	1.86627347597543	151
0.05540663389518	0.576037715189495	1146
0.021928114738179	0.960709275174157	924
0.110797304297122	0.891110486825929	103
0.021050822262274	0.488251197847747	98
0.074167795067874	0.674452237797282	98
0.0963013273450169	0.750686123613406	98
0.065491991641784	0.681299972255719	98
-0.0706626329151301	1.33691716871116	98
-0.04304584551746	0.83102684917276	62
0.071914431412099	0.675604549569384	62
0.019563471132187	0.489615442131538	592
0.05427027546622	0.57678923130708	62
-0.0946461692690701	0.745493654326501	62
-0.10337882225721	0.749796753266804	2045
0.046654139367612	0.583264229566345	344
0.058260200030833	0.572284866899934	344
0.029610834728566	0.482297418223224	344
-0.02655133741802	0.413516459136083	344
0.024126413957558	0.486297529129953	3835
-0.02126179208727	0.410975081816502	3835
-0.02126179208727	0.410975081816502	29
-0.0219800607115199	0.411274533949238	703
-0.02126179208727	0.410975081816502	326
-0.02054390147798	0.410401139638387	396
-0.02224709287202	0.410608941783725	86
0.041241439722739	1.33027906814059	780
0.022047743818713	0.486175826254412	2096
0.0518421260723621	1.00497958900325	59
-0.0871718073102199	1.4760360796841	59
0.058183341684282	0.570784809600587	59
-0.02027673323395	0.409478238556457	1146
-0.0177419809880199	0.408465897919083	924
0.109038104344668	0.819603400412837	103
0.124927996313922	0.876685674755108	103
0.053079258290865	0.576636389861015	181
0.046553626280165	0.584006513426087	98
-0.0219800607115199	0.411274533949238	62
0.073932579659364	0.671805436876286	62
0.05070589095183	0.579346013754557	592
-0.02296597963264	0.410908197770573	62
0.025880742220242	0.483647370154643	2045
-0.0241372766757999	0.410514033565441	2045
0.046984613780248	0.583096671940291	3277
-0.0960580046456401	0.743501075856123	62
-0.0258345509801201	0.413043803481388	513
-0.0272685011114999	0.413655990175607	294
0.01988508042586	0.489418532086656	3835
-0.10276947661824	0.751442714649019	326
-0.10997354948016	1.06925335808199	2096
-0.0441081899595801	0.830614459550083	2096
0.096856182951075	0.750904409244305	2057
-0.01500103029035	1.21773097307065	59
-0.0710823280597399	1.70559841293595	59
0.054388192471149	0.57655956635133	428
0.015313266708984	0.491302403590035	103
-0.02224709287202	0.410608941783725	98
-0.10571394262116	0.752977568231802	62
-0.02152858466472	0.41003633195509	62
0.014991841711362	0.491309861338566	62
0.0232932211435261	0.487372497728726	62
-0.0258345509801201	0.413043803481388	2045
0.051727770419936	0.578420898950815	62
-0.0255692233576701	0.412012891941837	70
0.066456007533896	0.680898780720335	70
0.018396040612831	0.490271397263528	70
-0.02054390147798	0.410401139638387	70
0.0232932211435261	0.487372497728726	294
0.022969991702422	0.486647207067339	3254
-0.0318592374786799	0.414980836560012	29
-0.02231647525331	0.410527599337308	703
-0.0276250547772201	0.412152135341901	326
0.029934068872152	0.481668392537244	326
-0.02296597963264	0.410908197770573	107
-0.0209943829552901	0.409776652047704	257
-0.0569458306460799	1.10380032413949	59
0.074519041082074	0.671460073883177	59
-0.03439880875751	1.59729681983721	59
0.050194666437503	0.579508239942932	59
-0.09986512967794	0.748905423800284	428
0.0247114467027531	0.485765853390852	103
-0.04778001051132	0.836354048684229	103
-0.01884256586002	0.40780874728478	181
0.077739662685169	0.669278488586703	181
0.023863274661684	0.486099627797188	98
0.0659643269546	0.680887734838339	98
0.050965191491711	0.580536252528698	98
0.016673341391927	0.968388714023629	62
-0.02027673323395	0.409478238556457	62
0.050307751945362	0.579430672939284	62
-0.0946461692690701	0.745493654326501	39
-0.0444935043263801	0.832447809661205	592
0.05354623368201	0.575109187345112	592
0.049796326412217	0.579793446877527	62
-0.02126179208727	0.410975081816502	2045
-0.0219800607115199	0.411274533949238	62
0.018979883904056	0.490062948615881	344
-0.0976077153336501	0.747657883049334	344
-0.02368524530921	0.41093826511309	344
0.025617394757113	0.485123505343381	344
0.024777930759568	0.485508813766345	344
-0.0989263178050599	0.748405526735507	193
-0.10085700265473	0.748130136351486	193
0.028188183388224	0.482636565734394	344
0.0232932211435261	0.487372497728726	70
-0.0191745054275401	0.408793596683385	3254
-0.0174713604435499	0.408269330515601	3254
0.028188183388224	0.482636565734394	1593
-0.0282514925208599	0.413283993547182	703
-0.0191745054275401	0.408793596683385	468
0.0232932211435261	0.487372497728726	703
-0.02628576158792	0.412152659857664	326
-0.02126179208727	0.410975081816502	326
0.050887377243427	0.580940901573	326
0.023617224616811	0.486158358630486	326
-0.09190667371866	0.739906794432041	326
-0.09710957863835	1.29615587874865	1028
-0.0609590333236201	1.10884624416905	1028
0.079717290527191	1.10333954748144	59
0.034698963430609	1.27417568190718	151
0.123792480365897	0.878469983872262	59
0.110970036639506	0.817331203246836	428
-0.09887395139294	0.748376430830867	450
-0.0496246516961401	0.835754291835769	1146
0.028247943554385	0.948861521770349	1146
0.05303617133165	0.57566754602637	924
0.048375056059869	0.579229455273158	181
-0.08606805821997	0.732277874479631	98
0.047421758695448	0.582895556425818	98
0.054897507576278	0.576398296971569	428
0.023874039063565	0.486927927519843	98
0.0215348520205511	0.485558663733781	98
-0.02054390147798	0.410401139638387	62
-0.09727038989144	1.04919423742697	62
-0.0912903464013901	0.738928625111019	62
-0.02126179208727	0.410975081816502	62
-0.0219800607115199	0.411274533949238	592
0.04502731533635	0.583802634353205	592
-0.03771189525712	0.820260313654503	592
-0.04869894467495	0.835129264417011	592
-0.0420497459354501	0.826841971894888	62
0.014409992178878	0.491945039298103	62
0.019563471132187	0.489615442131538	230
-0.10373840576868	1.06271915316652	62
0.02271214907369	0.487579497608867	70
-0.02655133741802	0.413516459136083	3254
0.018396040612831	0.490271397263528	29
-0.02655133741802	0.413516459136083	29
-0.0272685011114999	0.413655990175607	703
-0.0219800607115199	0.411274533949238	4226
0.0232932211435261	0.487372497728726	326
-0.0570778495620801	1.39347548142814	2096
-0.0987899759134501	1.05710923619338	151
0.048375056059869	0.579229455273158	428
-0.00614700963125991	0.900274601981915	1146
0.0149570876706751	0.968728502576365	181
0.094010009356564	0.749461094077873	967
-0.04999455501399	1.08656284427056	181
0.049683251906183	0.579446313548818	98
-0.0491617256543699	0.835578136917684	98
-0.0932144978765499	0.743883074867875	870
0.023874039063565	0.486927927519843	39
-0.0258345509801201	0.413043803481388	62
-0.0167559082206199	0.407972067925741	62
0.021806919098716	0.487298612728869	62
-0.02126179208727	0.410975081816502	62
-0.01393770403739	0.405210698913732	3277
-0.01702628305176	0.407896565848327	344
0.018396040612831	0.490271397263528	1593
-0.0219800607115199	0.411274533949238	1593
-0.0255692233576701	0.412012891941837	703
-0.10237349798309	0.750219435564561	326
0.0730868610175151	0.672256247337527	326
0.021806919098716	0.487298612728869	1440
-0.0282514925208599	0.413283993547182	15
-0.0112334789428099	0.909118859443866	93
0.021050822262274	0.488251197847747	151
0.028446503813386	0.48360544938142	151
0.049207570964297	1.3124807481218	151
-0.0429814776090101	0.830495169681687	59
-0.0515257386336601	0.839027294877824	1146
-0.09008427149365	1.03957049268118	1375
-0.1046037823715	1.06242130533364	924
0.074679314521886	0.67329425566699	924
-0.0628171410712799	1.11092229694715	924
0.020119112194919	0.966050314959797	428
0.055516228015581	0.575452682793181	103
0.04994577766228	0.581730930079566	181
-0.02296597963264	0.410908197770573	98
-0.01845805499361	0.408763534655611	98
-0.04272686642671	0.827857347614564	98
0.015313266708984	0.491302403590035	62
0.015026236794749	0.489026988730679	62
0.117027165275635	0.808777966706983	62
-0.0282514925208599	0.413283993547182	62
0.0223885826807479	0.487091304289586	592
-0.02655133741802	0.413516459136083	592
0.021633310190995	0.486964715633517	592
-0.0191745054275401	0.408793596683385	592
0.050377709041318	0.581191372480998	211
-0.02269870771255	0.411303674855888	592
-0.0258345509801201	0.413043803481388	592
-0.10982859381454	1.0693123332972	592
-0.00496561052056999	0.900990558497692	62
-0.02224709287202	0.410608941783725	230
-0.02126179208727	0.410975081816502	62
0.0247114467027531	0.485765853390852	62
-0.0195594609890499	0.408907543271993	344
0.018134467076113	0.489594120900239	344
-0.02224709287202	0.410608941783725	344
0.051216925571805	0.578983513041556	344
-0.0213339937447401	0.410034538747514	344
0.06742055899984	0.679853194088937	70
-0.0255692233576701	0.412012891941837	29
0.023863274661684	0.486099627797188	345
0.110863978922453	0.818811807221857	59
-0.10375966946155	0.75224999052497	428
-0.02655133741802	0.413516459136083	428
-0.02152858466472	0.41003633195509	450
0.057242266147492	0.572388291012788	428
0.021050822262274	0.488251197847747	1146
-0.00828013584654008	0.901744640459034	1146
0.024126413957558	0.486297529129953	1146
-0.0209943829552901	0.409776652047704	1146
-0.0986815635754901	0.743168835899147	1146
0.0253579034156241	0.484795069174205	103
-0.0162764160872699	0.912294796014348	103
0.043605475753946	0.584973314809396	103
0.028446503813386	0.48360544938142	103
-0.01982638852231	0.409294816847698	181
0.024126413957558	0.486297529129953	181
0.029028796684373	0.483077229419228	98
-0.02027673323395	0.409478238556457	98
0.074519041082074	0.671460073883177	62
-0.02511814143824	0.41200820059487	62
-0.0181871885549101	0.408299416064853	62
-0.02628576158792	0.412152659857664	39
-0.02126179208727	0.410975081816502	211
0.079170478145195	0.668032586243667	592
-0.02171241051411	0.409806924167185	592
-0.0191745054275401	0.408793596683385	1575
0.014991841711362	0.491309861338566	62
-0.0930948258084601	0.740932074264058	62
-0.01393770403739	0.405210698913732	230
0.070480212567462	0.677172512450515	193
-0.02171241051411	0.409806924167185	70
-0.0318592374786799	0.414980836560012	70
-0.02171241051411	0.409806924167185	29
-0.02126179208727	0.410975081816502	703
-0.0282514925208599	0.413283993547182	703
-0.0282514925208599	0.413283993547182	468
-0.02027673323395	0.409478238556457	171
-0.0241372766757999	0.410514033565441	125
0.025617394757113	0.485123505343381	1028
0.048925626216875	0.581990256936947	1028
0.026201588560498	0.484339946364837	1028
0.0645468590174581	0.681308627807533	4113
0.025032944637482	0.485654316649321	151
-0.0920511799104899	0.738558046012617	59
-0.02152858466472	0.41003633195509	428
-0.0191745054275401	0.408793596683385	1146
0.050965191491711	0.580536252528698	924
0.047316699571755	1.00958026431257	924
-0.02269870771255	0.411303674855888	967
0.022369773407166	0.486612908966987	181
-0.0219800607115199	0.411274533949238	62
-0.01982638852231	0.409294816847698	592
-0.0949689536277001	0.742864252382889	344
-0.0209943829552901	0.409776652047704	70
0.0430172697849009	0.58577079046855	1846
0.019041369851751	0.487177739224328	29
-0.0992175330229199	1.05717668030717	29
-0.0897986252234599	0.739035587099458	468
-0.02296597963264	0.410908197770573	326
-0.10411203539575	1.06442754807731	103
0.064219737197705	1.06122774684504	181
-0.0357570415500199	0.41502408337403	967
0.095411171470584	0.752047826511365	98
0.023574032470524	0.956039659873345	428
0.072440320445732	1.38746280635004	62
-0.00891537641430995	1.60645947534132	62
0.023617224616811	0.486158358630486	62
-0.02171241051411	0.409806924167185	344
-0.0275337041419801	0.41314398527887	193
0.071442525640841	0.67612984240809	344
0.108698231480095	0.821601847469707	344
0.042114726568373	1.59562892188771	70
0.103255707481794	0.740491461892406	29
-0.0213339937447401	0.410034538747514	468
-0.02655133741802	0.413516459136083	29
-0.09662306731129	0.745245383720161	326
-0.0463283808224699	0.834345727325647	326
-0.02152858466472	0.41003633195509	1440
0.02046807907243	0.488971745774085	107
0.097689288115148	0.746770784902368	1428
0.014991841711362	0.491309861338566	171
0.028123375859096	0.482805576227173	171
0.018979883904056	0.490062948615881	257
-0.02798604242193	0.413256750767976	120
0.090022270057303	0.756399184200658	120
0.028446503813386	0.48360544938142	604
-0.0406163467774301	1.17203575719264	151
-0.0195594609890499	0.408907543271993	573
0.023805360299448	0.485199002275023	428
0.00466606093128297	0.494438668139733	924
-0.01702628305176	0.407896565848327	103
-0.04599191629359	0.831598914723064	181
-0.09793575902146	0.747877004766513	181
0.028188183388224	0.482636565734394	62
0.078717919400296	0.667870587055351	344
-0.0266455653020099	0.411660707456765	344
0.078228365116862	0.669055552119672	1846
0.088903273738715	0.755276319260476	1846
-0.0907870898132599	0.739342539207629	1846
-0.0318592374786799	0.414980836560012	703
-0.09116748912839	0.73674809533876	703
-0.0275337041419801	0.41314398527887	468
-0.0181871885549101	0.408299416064853	326
-0.02511814143824	0.41200820059487	158
0.023219745533527	0.485729407307986	326
0.0539882366235001	0.577157698100559	326
0.021806919098716	0.487298612728869	326
-0.0234177334526799	0.410826590483551	326
-0.02655133741802	0.413516459136083	1428
0.057643928629478	0.571034529325023	780
-0.1032644863597	0.752001424844403	4113
0.026785526244306	0.483008604292286	4113
-0.0377802642607299	1.84104574653112	151
0.119565377092615	0.882244029206326	151
-0.09793575902146	0.747877004766513	151
-0.0244613091661201	0.410741903929385	924
-0.10345997368428	1.06119504142619	924
0.0215348520205511	0.485558663733781	967
-0.02027673323395	0.409478238556457	98
-0.0219800607115199	0.411274533949238	592
0.0759679802015319	0.669213087434619	592
0.0232932211435261	0.487372497728726	62
-0.0219800607115199	0.411274533949238	1324
-0.02126179208727	0.410975081816502	1324
-0.0311435899907899	0.41466914140038	344
0.025296222724603	0.484980985533228	344
0.026698094287039	0.483918518491508	70
-0.0258345509801201	0.413043803481388	1846
0.06949435916721	1.05101457423784	70
0.0312776677491849	0.47991280403049	703
-0.0174713604435499	0.408269330515601	326
-0.0275337041419801	0.41314398527887	326
0.039676364545572	0.586782310755217	326
0.045745190517241	0.582524237685847	326
0.021050822262274	0.488251197847747	326
-0.09897768063721	0.746187838962944	326
0.025939335704131	0.483894472955633	326
0.029352361723531	0.482194393877049	326
-0.02126179208727	0.410975081816502	107
0.049435794200234	0.58198163053543	1428
-0.02224709287202	0.410608941783725	151
-0.10020664776022	2.2247076880034	1659
0.025296222724603	0.484980985533228	2752
0.072877036756102	0.67394293382718	924
0.063946922600695	0.682020292100517	428
0.040818450997858	1.01901577117267	98
-0.10440095056979	1.51453399908893	62
-0.0195594609890499	0.408907543271993	39
-0.04908522893844	0.835144586479426	344
0.019301826126752	0.489626676436646	344
-0.04029453180367	0.826310728843077	344
0.096894501632446	0.747373585346091	29
-0.0282514925208599	0.413283993547182	703
-0.01393770403739	0.405210698913732	468
-0.05007462689646	0.837191734401835	326
-0.0168306299161201	0.912403933144667	326
0.014387678428634	0.971480791574969	326
-0.02081045464866	0.408933527207846	107
-0.0979870487155401	0.746959754979035	1020
-0.09887395139294	0.748376430830867	1428
0.0232932211435261	0.487372497728726	1301
-0.0219800607115199	0.411274533949238	604
-0.01393770403739	0.405210698913732	604
-0.02054390147798	0.410401139638387	604
0.028770399960519	0.482516920035912	125
-0.0321223702645701	0.414294926993374	4113
-0.0511829656757901	0.838889785145964	59
0.047421758695448	0.582895556425818	59
0.0373147526788991	1.0229677558902	1659
-0.09298119564211	1.0456037378165	1659
-0.1056021312831	1.06268725452794	151
-0.0268742767063599	1.41702538382763	924
0.020146802493525	0.488893696013304	924
-0.02511814143824	0.41200820059487	103
-0.02081045464866	0.408933527207846	3969
-0.0219800607115199	0.411274533949238	428
-0.02269870771255	0.411303674855888	428
-0.06577925254124	1.3319480375831	62
0.027863955920451	0.483928968898868	62
-0.02303104447883	0.410996649608088	344
-0.02655133741802	0.413516459136083	344
-0.02303104447883	0.410996649608088	193
0.01988508042586	0.489418532086656	344
0.092368429917005	0.755835524754291	70
0.00572146366552995	0.879622380594313	3069
-0.02126179208727	0.410975081816502	29
0.018074542770612	0.489482847860143	703
0.079376136609154	0.666611992174789	2665
-0.0258345509801201	0.413043803481388	326
0.02271214907369	0.487579497608867	326
0.02046807907243	0.488971745774085	24
0.028446503813386	0.48360544938142	171
-0.02126179208727	0.410975081816502	170
0.0126629128706151	0.491746280851596	170
-0.0311435899907899	0.41466914140038	125
-0.02054390147798	0.410401139638387	1028
0.045234453147319	0.583242219761226	4113
0.123605194850715	1.36654894273572	93
0.082456144246704	1.42250065498967	1659
-0.0272685011114999	0.413655990175607	573
0.042663323107946	0.585444928417502	428
-0.0515360071767701	0.833942968275952	924
-0.00209845894773997	0.896595648982955	924
0.064462460201837	0.681824562229503	428
0.019292824771818	0.48863605366341	181
-0.0951401345906999	0.745894843709305	98
-0.0100306208730201	0.904221791212578	62
-0.00815324744405999	0.903173471733457	62
-0.10588804020367	1.06495006683896	62
-0.0160408315278899	0.407403518042765	592
-0.01845805499361	0.408763534655611	62
0.018658717968524	0.489036202673862	344
-0.02152858466472	0.41003633195509	344
-0.0219800607115199	0.411274533949238	344
0.054897507576278	0.576398296971569	344
0.024126413957558	0.486297529129953	344
-0.0283384601138399	0.412461825619006	3069
-0.0965024004294099	0.745754612743106	29
-0.0244048902648399	0.410464208205061	2665
-0.0146513219111499	0.405242288709068	326
0.019301826126752	0.489626676436646	170
0.042152597432962	0.586406495110411	93
0.0490046442152861	0.5812231287938	93
-0.0990876553494	0.748376627520693	1659
-0.10133535729095	0.750054808327821	573
0.026201588560498	0.484339946364837	573
-0.02224709287202	0.410608941783725	1889
-0.0311435899907899	0.41466914140038	428
-0.0997071706430801	0.74597808638403	924
-0.00448456990251001	0.896181391122212	924
-0.02511814143824	0.41200820059487	3969
-0.02896965906045	0.412887475855812	3969
0.023541124291656	0.486623205126517	98
0.03862390137171	0.588308726870737	62
-0.0590704417416701	1.10585135793248	62
-0.02374598899693	0.411135954461803	39
0.025296222724603	0.484980985533228	39
-0.02269870771255	0.411303674855888	592
0.021806919098716	0.487298612728869	62
0.023551146358285	0.485931475764711	62
-0.0411260170223	0.8264434980829	344
-0.02368524530921	0.41093826511309	344
-0.0524511943349699	0.839311569495979	3069
-0.09887395139294	0.748376430830867	3069
-0.0301650740028001	0.413168838752643	29
0.072405372129968	0.674466895668216	703
-0.09353662331041	0.741843624359259	2665
-0.0160408315278899	0.407403518042765	326
0.0568110225010881	0.572274315617657	326
0.0247114467027531	0.485765853390852	1756
-0.1006224022586	1.51051580016413	780
-0.00192286928952989	0.895568486346893	4113
0.053392674811844	1.00211400243483	1612
0.065229547119411	0.677897158186064	1612
-0.0612589460217301	1.76063525652675	59
-0.09757932428054	1.2965262013574	1659
0.020207465749117	0.487853014850325	1889
0.014089008630006	0.490727684035507	428
0.045384543019884	0.583759526182802	924
0.014991841711362	0.491309861338566	103
-0.02303104447883	0.410996649608088	3969
-0.0177419809880199	0.408465897919083	967
0.012068509757621	0.490814370462654	181
0.025296222724603	0.484980985533228	98
-0.09122993844272	0.740243783604558	62
0.025880742220242	0.483647370154643	1454
-0.0525752667031501	0.836669508211072	344
0.023874039063565	0.486927927519843	344
-0.0275337041419801	0.41314398527887	230
-0.02126179208727	0.410975081816502	70
0.04502731533635	0.583802634353205	70
-0.0177419809880199	0.408465897919083	703
-0.0209943829552901	0.409776652047704	703
-0.0275337041419801	0.41314398527887	703
0.01988508042586	0.489418532086656	703
0.023617224616811	0.486158358630486	326
-0.0219800607115199	0.411274533949238	326
-0.0080252747963101	0.902764709058026	1451
0.119019559087451	0.8087566879355	59
0.038780829736636	1.02042117770074	59
-0.0231252345927999	1.40752666487764	151
-0.0602093772977601	1.50321370588704	1659
-0.08935914448109	1.67050696168293	1659
-0.01982638852231	0.409294816847698	697
-0.00560869882704007	0.896662213114401	103
0.074023183194828	0.672300998890283	181
-0.02054390147798	0.410401139638387	428
-0.09596107603085	0.743173304866998	62
-0.0174713604435499	0.408269330515601	62
-0.0035321392721801	0.899341929598494	344
0.074031860122843	0.671231161262418	344
-0.0195594609890499	0.408907543271993	344
-0.09239960826009	0.739325437658721	3069
0.112696687543361	0.814766209784589	3069
0.091477829872865	0.755369452614929	70
0.0266816292427799	0.955928739474556	2224
-0.02204793512445	0.410502951592421	703
-0.01845805499361	0.408763534655611	703
0.026523202592572	0.483366492541231	703
-0.02896965906045	0.412887475855812	703
-0.02374598899693	0.411135954461803	326
-0.00679629887483002	0.903585605460925	326
-0.02296597963264	0.410908197770573	93
-0.02374598899693	0.411135954461803	93
0.0209368381871839	0.964146241604009	59
-0.02655133741802	0.413516459136083	151
0.0508772447526	1.00550930665888	151
-0.0213339937447401	0.410034538747514	924
0.07189619152928	0.674841765932611	924
-0.02231647525331	0.410527599337308	428
0.024126413957558	0.486297529129953	428
-0.09087402277507	0.738489129356133	428
-0.02655133741802	0.413516459136083	98
-0.02374598899693	0.411135954461803	1749
-0.0255692233576701	0.412012891941837	1324
0.124202606844724	0.875568021263858	344
0.063602745482915	1.06066240427714	344
-0.0191745054275401	0.408793596683385	230
-0.02374598899693	0.411135954461803	344
0.056158142052293	0.995004139273413	344
0.018658717968524	0.489036202673862	344
0.0244546030278719	0.486210829047288	3069
0.032578184640945	1.2754375698864	70
0.062073549239471	1.06361705063606	2224
-0.0146513219111499	0.405242288709068	326
-0.0255692233576701	0.412012891941837	326
-0.0160408315278899	0.407403518042765	326
-0.0335553038325001	0.414320332911909	286
-0.0255692233576701	0.412012891941837	286
-0.02655133741802	0.413516459136083	107
-0.0177419809880199	0.408465897919083	553
0.066436508384182	0.680214601655561	171
-0.0174713604435499	0.408269330515601	120
-0.0270026768912099	0.41175796254343	170
0.05079632591122	0.578761906790304	93
0.024777930759568	0.485508813766345	93
-0.0984539211139701	1.05556414332679	93
-0.02054390147798	0.410401139638387	151
-0.02296597963264	0.410908197770573	1889
0.044115700295148	0.583305055125838	924
0.018396040612831	0.490271397263528	924
0.053356396970861	0.576733145382125	428
-0.09171033924531	2.10204656753356	428
0.017359015082274	0.96696605244273	103
-0.02027673323395	0.409478238556457	428
-0.0431598312186701	1.61758969526712	62
0.05500708637083	0.576236141885541	62
-0.0248530618398799	0.411542674464278	39
-0.0258345509801201	0.413043803481388	62
-0.02231647525331	0.410527599337308	62
0.018396040612831	0.490271397263528	1341
0.059560901881528	0.683880437772308	344
0.018134467076113	0.489594120900239	70
0.021806919098716	0.487298612728869	2224
0.084999680403027	0.759832409660514	2224
-0.02269870771255	0.411303674855888	295
-0.0984309517191799	0.748279555131063	326
-0.0392196968437399	0.824360894252752	326
-0.0899366553593799	0.738892223924208	326
0.021050822262274	0.488251197847747	326
-0.02027673323395	0.409478238556457	326
-0.02160228096364	0.409501347707808	553
-0.0160408315278899	0.407403518042765	566
0.0508189874713521	0.578867750869275	566
-0.0213339937447401	0.410034538747514	498
-0.02368524530921	0.41093826511309	170
0.00925119947179997	0.493620297927824	93
0.010732877299613	0.492464509240087	93
0.024448238004705	0.485979489293663	93
-0.08848574243174	1.74746328514398	59
0.029610834728566	0.482297418223224	924
-0.02152858466472	0.41003633195509	924
-0.0209943829552901	0.409776652047704	924
0.042073693520404	0.586934090859484	428
-0.09607818582165	0.745041805083777	428
0.0683844591017761	1.04981236178697	103
0.056202771369787	1.29377203924803	103
-0.02126179208727	0.410975081816502	1867
-0.02303104447883	0.410996649608088	181
-0.02027673323395	0.409478238556457	98
0.04258447248443	0.586568109376667	98
-0.0932144978765499	0.743883074867875	98
0.112310044087691	0.81731766670197	62
0.011809425553399	1.24858773712173	62
0.023219745533527	0.485729407307986	62
0.020536053424222	0.961468760130716	62
0.0223885826807479	0.487091304289586	62
-0.02152858466472	0.41003633195509	62
-0.02081045464866	0.408933527207846	62
-0.08606805821997	0.732277874479631	62
-0.0275337041419801	0.41314398527887	1341
-0.01279797159295	0.908074334458971	344
-0.05810749733693	0.843801424135186	344
0.071206869846429	0.676748783849018	344
-0.0272685011114999	0.413655990175607	344
0.023541124291656	0.486623205126517	344
-0.0272685011114999	0.413655990175607	344
-0.09739469666516	0.741798649343193	344
-0.0258345509801201	0.413043803481388	344
0.023541124291656	0.486623205126517	344
0.088129615437823	0.758467344267328	70
-0.10681097215805	0.752995741740841	70
-0.0318592374786799	0.414980836560012	4543
-0.0219800607115199	0.411274533949238	4543
-0.0272685011114999	0.413655990175607	468
0.07210579202312	0.675980341829001	326
0.026373975423623	0.483776495964029	326
0.045019416731295	0.583964825035704	326
-0.09612858350671	0.745836402231134	326
-0.02126179208727	0.410975081816502	326
0.045969789751919	0.584316078302034	96
-0.0944731529637399	0.742342543600819	2828
0.03732655888948	0.473458610528055	4787
-0.02152858466472	0.41003633195509	566
-0.02368524530921	0.41093826511309	566
-0.02655133741802	0.413516459136083	566
0.020720660850678	1.22746080433773	1612
0.04475016333134	1.01304381211089	59
-0.0894445802000201	0.737918327979612	573
0.0526368526753021	0.577297034494558	697
-0.09986512967794	0.748905423800284	697
0.072990980701499	0.672879501482771	428
-0.00642523482149993	1.19962179502835	428
0.05594420079545	1.07159328407783	428
0.078347717578268	0.669163044934219	103
-0.0318592374786799	0.414980836560012	1867
0.019299277866682	0.964419822457627	181
-0.02296597963264	0.410908197770573	98
0.025032944637482	0.485654316649321	98
-0.0213339937447401	0.410034538747514	428
-0.04711771915513	1.08258282356981	62
0.048375056059869	0.579229455273158	62
0.0424380322817141	0.585815232358177	39
-0.02126179208727	0.410975081816502	62
-0.0167559082206199	0.407972067925741	62
-0.02204793512445	0.410502951592421	62
-0.02126179208727	0.410975081816502	230
-0.0219800607115199	0.411274533949238	344
-0.0167559082206199	0.407972067925741	344
-0.04151832569919	0.823621430380424	344
0.01988508042586	0.489418532086656	344
0.00925119947179997	0.493620297927824	70
0.070219973890188	0.678177052077024	295
-0.02126179208727	0.410975081816502	4543
-0.0209943829552901	0.409776652047704	326
-0.0272685011114999	0.413655990175607	326
-0.0255692233576701	0.412012891941837	326
0.022369773407166	0.486612908966987	326
0.0178110921690789	0.488982547182895	566
-0.02243081627196	0.409335013447221	120
0.101880743412313	1.19048551880514	59
0.037603078806725	0.589042260232122	59
-0.0219800607115199	0.411274533949238	573
0.025034913230314	0.48493035581699	924
-0.02269870771255	0.411303674855888	924
0.0573202109205781	0.572112007277655	924
-0.02655133741802	0.413516459136083	103
0.101465390324248	0.74356321462395	1867
-0.0425846091014499	0.830015628268642	181
0.0659643269546	0.680887734838339	428
-0.0321223702645701	0.414294926993374	98
-0.02655133741802	0.413516459136083	98
0.021633310190995	0.486964715633517	428
0.07167834143491	0.676598079344991	62
-0.02681629356167	0.412672237731607	62
-0.02054390147798	0.410401139638387	39
-0.0311435899907899	0.41466914140038	62
-0.02171241051411	0.409806924167185	62
0.05070589095183	0.579346013754557	62
-0.0177419809880199	0.408465897919083	62
-0.08930465194614	0.738516408507673	62
-0.02027673323395	0.409478238556457	62
-0.02126179208727	0.410975081816502	4194
-0.0255692233576701	0.412012891941837	4194
-0.02231647525331	0.410527599337308	344
0.071933553960571	0.674762787104962	344
0.027540497875428	0.483333049189275	344
0.019301826126752	0.489626676436646	70
-0.0219800607115199	0.411274533949238	70
-0.0219800607115199	0.411274533949238	2224
0.019563471132187	0.489615442131538	468
-0.02126179208727	0.410975081816502	326
0.021050822262274	0.488251197847747	326
-0.0311435899907899	0.41466914140038	107
0.104867769398719	1.95465991638394	780
0.107832143520359	1.2947052107586	780
0.02754298466131	1.50151105448034	93
-0.02655133741802	0.413516459136083	151
0.024870694034658	0.957678755801686	59
0.045122540926785	0.584713252751266	428
0.099132390693654	0.746169400587613	428
0.047064659101968	0.583528390275705	4562
-0.00197315496947992	0.894588295613521	98
0.0657757273223431	0.679985661283677	62
0.073559437518202	0.671846867388362	62
0.046143796159531	0.583984480648196	2589
0.0135481876763039	0.49095581776309	2589
0.02046807907243	0.488971745774085	62
-0.0273583360894001	0.411969988811906	62
0.028446503813386	0.48360544938142	4194
0.018718315979064	0.48956308680362	230
-0.0189033929134299	0.407829094949249	344
0.025939335704131	0.483894472955633	344
-0.0219800607115199	0.411274533949238	344
0.02137253989597	0.48720056173569	70
0.031603500593574	0.479533027936019	70
-0.0258345509801201	0.413043803481388	70
-0.0282514925208599	0.413283993547182	3752
-0.01393770403739	0.405210698913732	468
0.025939335704131	0.483894472955633	468
-0.09469545971871	0.745084893553968	468
-0.0219800607115199	0.411274533949238	326
-0.0930948258084601	0.740932074264058	326
-0.02243081627196	0.409335013447221	833
-0.0582193209084301	1.10436656451174	93
-0.10425096960909	1.30523587360051	151
0.074519041082074	0.671460073883177	59
0.015313266708984	0.491302403590035	59
0.022823348187451	0.962340360751039	1659
-0.02054390147798	0.410401139638387	573
0.02413204684269	0.484654206701602	573
0.015852776341323	0.969696364975164	428
0.014149992122315	0.49165577187569	428
-0.1008810277968	1.0605132552227	924
0.047495517925969	0.582845325381987	103
0.11240933154406	0.818163565356798	1867
0.02271214907369	0.487579497608867	428
-0.0177419809880199	0.408465897919083	98
-0.0577665496637201	0.841640709079749	62
-0.05798409717399	1.09978592652365	62
-0.02016604519341	1.2220139156214	62
0.013827887658088	0.492274249557995	1954
-0.0474454385644001	0.833553644126828	1954
0.028446503813386	0.48360544938142	1954
-0.0248530618398799	0.411542674464278	39
0.066928099402158	0.680486650454705	62
0.075479175818931	0.670441921506615	62
0.047164293133111	0.582233807767243	62
-0.0275337041419801	0.41314398527887	62
0.072877036756102	0.67394293382718	62
-0.02655133741802	0.413516459136083	62
0.04192911435791	0.586026834261714	4194
0.055810949793017	0.574441077822495	344
-0.09793575902146	0.747877004766513	344
-0.02204793512445	0.410502951592421	70
0.02213082265976	0.48751597999684	70
-0.0248530618398799	0.411542674464278	29
0.044471463975862	0.583158043101123	468
-0.0273583360894001	0.411969988811906	107
-0.00115252612303007	1.50724251961768	93
0.107296111317654	0.823251721404381	93
0.00940013336704004	1.24805244134886	59
0.0885397967967	1.21324156196378	151
0.113677480262699	1.28289682255403	151
-0.0440319183857401	0.831727902787209	573
-0.0234177334526799	0.410826590483551	573
0.114663428430366	0.81497713206856	428
-0.04662766066476	1.38159450492216	428
0.018979883904056	0.490062948615881	4562
-0.04771390287254	0.834730965978367	181
-0.00184573059246995	0.894498546983021	428
-0.05000956734371	0.836040923985988	181
-0.0258345509801201	0.413043803481388	181
-0.0510632282630299	0.838427490707537	428
-0.0990876553494	0.748376627520693	428
-0.0227622512530099	0.410642108899905	98
0.021225000761569	0.487236292846658	428
0.026120312505952	0.483542535242062	62
0.043095066523161	0.585934535298324	62
-0.0468569727534001	0.835457138466888	62
-0.09810085631063	0.748213932424267	39
0.037092390125447	0.588902330892504	39
-0.0888108512072801	0.737746878935113	39
-0.02224709287202	0.410608941783725	39
-0.09415237656505	0.744816899613193	62
0.071634564639781	0.676943032280065	62
0.106038724393524	0.825087094966071	62
0.048494345819442	0.581473940047142	62
0.05500708637083	0.576236141885541	62
-0.0993694537518901	0.748779223526523	62
0.06742055899984	0.679853194088937	62
-0.09810085631063	0.748213932424267	62
0.024197704557829	0.48595166057885	344
-0.02027673323395	0.409478238556457	230
-0.02027673323395	0.409478238556457	4333
0.02213082265976	0.48751597999684	468
-0.02126179208727	0.410975081816502	326
-0.02054390147798	0.410401139638387	326
0.049790927024097	0.577923231106166	96
-0.02296597963264	0.410908197770573	5473
-0.01702628305176	0.407896565848327	96
-0.02224709287202	0.410608941783725	566
0.038509668541575	1.02570778459448	93
0.067400037520026	0.679813497175578	93
0.014409992178878	0.491945039298103	573
-0.0840503589289501	1.56190556621128	924
-0.0448175420595101	0.82973503214458	181
-0.09353662331041	0.741843624359259	428
0.05500708637083	0.576236141885541	428
0.025355212710095	0.484218430760984	428
0.075064239677035	1.11234444454782	428
-0.00540261657425001	0.897268023026572	39
-0.02296597963264	0.410908197770573	39
0.044212408879249	0.583970126946329	62
-0.02204793512445	0.410502951592421	62
0.112961775955114	0.814931983112645	230
-0.02204793512445	0.410502951592421	4194
0.070691655658463	0.678026569157053	4194
0.04994577766228	0.581730930079566	344
0.023863274661684	0.486099627797188	230
0.0759679802015319	0.669213087434619	344
-0.0244048902648399	0.410464208205061	344
-0.02269870771255	0.411303674855888	230
0.0272811528101971	0.484048387209294	344
-0.0471904418184399	0.833947885235395	70
0.028446503813386	0.48360544938142	1365
0.025032944637482	0.485654316649321	468
-0.0177419809880199	0.408465897919083	326
0.020146802493525	0.488893696013304	1674
0.059221720577153	1.06818242777586	151
0.099577455518712	1.1960130260876	59
-0.08601951004896	0.733542784754922	697
0.100090457059913	0.746100463715268	1064
0.069062849347908	0.677305049715241	1064
0.0495793268754809	1.00453492107992	181
0.019292824771818	0.48863605366341	428
0.0759511223331	0.669827054137031	428
0.103207745562966	0.740348118341593	62
0.019301826126752	0.489626676436646	39
-0.09353662331041	0.741843624359259	39
-0.09749199277947	0.746833585708175	62
-0.02224709287202	0.410608941783725	62
0.045019416731295	0.583964825035704	62
0.051104922574378	0.578382340128469	230
0.023805360299448	0.485199002275023	62
-0.0275337041419801	0.41314398527887	4194
0.025355212710095	0.484218430760984	4194
0.014731756800628	0.491631095324249	230
-0.0916718942050301	0.739129017850734	344
-0.10281944783493	0.751751903281367	344
-0.0994218573847401	0.748221822077759	344
-0.02224709287202	0.410608941783725	816
-0.02655133741802	0.413516459136083	344
-0.02655133741802	0.413516459136083	29
-0.02269870771255	0.411303674855888	468
-0.0979870487155401	0.746959754979035	96
0.024126413957558	0.486297529129953	5473
0.05299411027068	1.00211110424544	93
0.039722922423705	1.26327342756882	59
0.019563471132187	0.489615442131538	573
-0.04725147099286	0.834009853999543	924
0.044212408879249	0.583970126946329	924
0.023219745533527	0.485729407307986	1867
0.025617394757113	0.485123505343381	181
0.023863274661684	0.486099627797188	39
-0.01982638852231	0.409294816847698	39
0.041130590971366	0.587406556553626	39
0.071634564639781	0.676943032280065	62
-0.10232457784226	0.751503576493597	230
-0.01845805499361	0.408763534655611	230
-0.10187876830828	0.750302944147588	344
0.017811941061995	0.490207639636099	344
0.02271214907369	0.487579497608867	816
0.023219745533527	0.485729407307986	70
0.024186197618512	0.484211037224153	96
-0.02681629356167	0.412672237731607	5473
-0.0219800607115199	0.411274533949238	389
-0.02655133741802	0.413516459136083	389
-0.02126179208727	0.410975081816502	1603
-0.0219800607115199	0.411274533949238	1603
0.047575506939744	0.582807719551856	780
-0.02312766659831	0.40859994282476	573
0.022823348187451	0.962340360751039	573
-0.00671337008738004	0.901310101043029	428
-0.11623907540107	1.53787490137879	336
0.06932870115028	0.677102341015061	336
0.0272778189563569	0.482896860321828	1867
0.026698094287039	0.483918518491508	428
-0.02269870771255	0.411303674855888	62
-0.0258345509801201	0.413043803481388	2060
-0.0272685011114999	0.413655990175607	62
0.076902905878115	0.669258092131656	70
-0.0942016332629401	0.744959671022221	299
0.016651033409875	0.489334689522075	299
0.022633873439302	0.486054814054359	326
-0.02204793512445	0.410502951592421	96
-0.04390454957382	0.830553223897232	5473
-0.0321223702645701	0.414294926993374	553
-0.0209943829552901	0.409776652047704	1603
0.079790762990309	1.10555434166944	573
0.047949080515438	1.01064438635067	573
-0.0509993791438701	0.838089849372423	1064
-0.09837862249536	0.747697416421832	1064
0.100240063248332	0.742796248900447	1064
-0.0990407384931899	0.749149383670419	1064
0.101093204126776	0.74444678499081	181
-0.0425846091014499	0.830015628268642	181
0.097412129938681	0.750199123913718	181
-0.02628576158792	0.412152659857664	428
0.019014416638403	0.484805293229335	428
-0.01284091565246	0.908579776741782	62
0.102256463214414	0.741318645636829	62
0.028446503813386	0.48360544938142	1954
-0.02126179208727	0.410975081816502	1954
0.029028796684373	0.483077229419228	1954
-0.0177419809880199	0.408465897919083	62
-0.08886131697372	0.73646158487273	230
-0.0272685011114999	0.413655990175607	230
-0.02171241051411	0.409806924167185	230
0.046042408356414	0.584258121837317	230
-0.0167559082206199	0.407972067925741	230
0.017811941061995	0.490207639636099	230
0.0505938998082081	0.578321110937991	344
-0.01845805499361	0.408763534655611	29
0.0750070756688001	0.670850747447366	326
0.0456332633866861	0.58446214274432	326
-0.0272685011114999	0.413655990175607	286
-0.0209943829552901	0.409776652047704	286
0.055915571549304	0.57547798114334	566
-0.0944731529637399	0.742342543600819	151
0.029352361723531	0.482194393877049	59
0.093031818252625	1.26528031788392	151
-0.0945074711460401	1.04909594224647	924
0.000336798010715955	0.891463979480271	1867
-0.00140896959118009	0.894377861713856	181
0.031858046760526	0.479592176505172	62
-0.0442922060591	0.827224681152158	1954
0.014409992178878	0.491945039298103	39
0.03218354428047	0.479413582214499	39
0.056424320659979	0.574695656875561	62
0.028770399960519	0.482516920035912	62
-0.09793575902146	0.747877004766513	4070
0.0272811528101971	0.484048387209294	461
-0.02896965906045	0.412887475855812	230
-0.0177419809880199	0.408465897919083	230
0.018074542770612	0.489482847860143	230
-0.02126179208727	0.410975081816502	344
0.0441005264564071	0.584418828600992	1202
0.029934068872152	0.481668392537244	1202
0.022633873439302	0.486054814054359	29
0.057242266147492	0.572388291012788	29
-0.02126179208727	0.410975081816502	299
0.018979883904056	0.490062948615881	299
-0.0219800607115199	0.411274533949238	326
-0.0907870898132599	0.739342539207629	96
-0.0167559082206199	0.407972067925741	1603
0.015461534055221	1.46487900386984	93
0.0508189874713521	0.578867750869275	151
0.0859873552914861	0.761078650081378	1064
-0.09899280247447	0.746846865943586	336
0.018396040612831	0.490271397263528	1740
0.028446503813386	0.48360544938142	62
-0.00996206035762004	0.903571600180527	1954
0.05449775594732	0.576796655212425	1954
0.028123375859096	0.482805576227173	1954
0.023219745533527	0.485729407307986	62
-0.0318592374786799	0.414980836560012	62
0.070970466194765	0.676426069400077	230
0.018979883904056	0.490062948615881	461
0.01234091289099	0.491715895044216	230
-0.0248530618398799	0.411542674464278	344
0.024448238004705	0.485979489293663	299
-0.0209943829552901	0.409776652047704	326
-0.02054390147798	0.410401139638387	326
-0.02243081627196	0.409335013447221	1603
0.024126413957558	0.486297529129953	566
-0.0275337041419801	0.41314398527887	3193
0.044115700295148	0.583305055125838	428
0.022969991702422	0.486647207067339	428
0.018713772455309	0.489267128736786	62
-0.0275337041419801	0.41314398527887	62
-0.02171241051411	0.409806924167185	62
-0.0315954817494399	0.413194685338354	1954
-0.02296597963264	0.410908197770573	409
0.078699498205161	0.668647075938239	2060
0.026373975423623	0.483776495964029	230
0.017811941061995	0.490207639636099	1202
-0.0258345509801201	0.413043803481388	1202
-0.0959053333923801	0.741746995291025	468
0.037679701785417	0.588778985874086	468
0.012435018202309	0.483994156766109	468
-0.0258345509801201	0.413043803481388	326
0.028446503813386	0.48360544938142	326
0.024126413957558	0.486297529129953	326
-0.0283384601138399	0.412461825619006	326
-0.0258345509801201	0.413043803481388	326
0.023219745533527	0.485729407307986	739
0.023863274661684	0.486099627797188	286
-0.0219800607115199	0.411274533949238	286
0.018979883904056	0.490062948615881	286
-0.02655133741802	0.413516459136083	286
-0.02655133741802	0.413516459136083	1603
-0.02126179208727	0.410975081816502	566
-0.0177419809880199	0.408465897919083	120
-0.0276250547772201	0.412152135341901	780
0.019563471132187	0.489615442131538	59
-0.11305019005171	1.07260055801321	59
0.024390717934898	0.48441663224042	428
0.047164293133111	0.582233807767243	924
0.017511973290668	1.23575984358779	336
0.025296222724603	0.484980985533228	336
-0.02126179208727	0.410975081816502	428
-0.08930465194614	0.738516408507673	62
-0.0318592374786799	0.414980836560012	62
-0.0219800607115199	0.411274533949238	461
-0.10276947661824	0.751442714649019	344
-0.02126179208727	0.410975081816502	344
0.085938269620535	1.09383576546702	70
0.031858046760526	0.479592176505172	1202
-0.02269870771255	0.411303674855888	299
-0.02126179208727	0.410975081816502	299
-0.0260992604196	0.411639865603186	299
0.08509880481402	0.761918614934967	468
0.027540497875428	0.483333049189275	326
-0.0219800607115199	0.411274533949238	326
-0.0526259404998699	1.09405934373537	326
-0.02296597963264	0.410908197770573	326
0.079170478145195	0.668032586243667	739
-0.02224709287202	0.410608941783725	1603
0.106778713101533	0.823144064447079	171
-0.0125115897446599	0.404353014672515	566
0.013245527953803	0.492298919499597	170
-0.02224709287202	0.410608941783725	170
-0.02126179208727	0.410975081816502	780
-0.02054390147798	0.410401139638387	780
-0.02126179208727	0.410975081816502	93
-0.0682922179631	1.33455782781192	573
0.049435794200234	0.58198163053543	1064
-0.01884256586002	0.40780874728478	62
0.0247114467027531	0.485765853390852	62
-0.04371588843242	0.827163660865382	1588
-0.0492314060921699	0.83704534343415	344
0.06742055899984	0.679853194088937	344
-0.0335553038325001	0.414320332911909	344
0.028181103985181	0.482398775511905	1202
0.123760268022231	0.877020278943085	1202
-0.0951401345906999	0.745894843709305	3076
0.054388192471149	0.57655956635133	299
-0.0335553038325001	0.414320332911909	326
0.043095066523161	0.585934535298324	326
-0.02231647525331	0.410527599337308	96
-0.0132244601003699	0.40491562005861	286
0.024448238004705	0.485979489293663	1603
-0.0282514925208599	0.413283993547182	566
-0.0191745054275401	0.408793596683385	566
-0.0282514925208599	0.413283993547182	53
-0.0174713604435499	0.408269330515601	191
-0.0177419809880199	0.408465897919083	365
-0.0272685011114999	0.413655990175607	170
-0.0275337041419801	0.41314398527887	780
0.05500708637083	0.576236141885541	59
0.040078388914734	0.586276809741103	59
0.03243817224153	0.479069994467421	573
0.0456332633866861	0.58446214274432	573
-0.0283384601138399	0.412461825619006	573
-0.02511814143824	0.41200820059487	336
-0.0448175420595101	0.82973503214458	1740
0.018979883904056	0.490062948615881	1954
0.043641580703441	1.32245579235461	1954
-0.02681629356167	0.412672237731607	1588
-0.0272685011114999	0.413655990175607	1954
-0.02896965906045	0.412887475855812	230
0.030207554412101	0.950681570924945	230
-0.0213339937447401	0.410034538747514	461
0.048925626216875	0.581990256936947	461
0.111123414384759	0.817781414852595	230
0.0999356904097231	0.742726172047258	344
0.023805360299448	0.485199002275023	299
-0.0174713604435499	0.408269330515601	299
-0.0174713604435499	0.408269330515601	326
0.018134549786553	0.488943388738021	326
0.019563471132187	0.489615442131538	326
-0.02171241051411	0.409806924167185	326
0.071163185879934	0.677615044871189	326
0.021225000761569	0.487236292846658	107
-0.02296597963264	0.410908197770573	286
-0.02126179208727	0.410975081816502	286
0.0464735246032461	0.583105940489027	171
0.027863955920451	0.483928968898868	566
-0.02374598899693	0.411135954461803	566
-0.02126179208727	0.410975081816502	566
0.086925583000145	1.15908102688247	93
-0.05425639399841	1.09884841047954	59
-0.01180543222339	1.68294580504999	93
0.110398713708733	1.17245421939075	59
-0.09502362707333	0.742673691836324	59
0.049272460664583	0.579847345768062	59
0.046988298090715	0.582726609527033	573
0.018074542770612	0.489482847860143	573
0.075129548539415	0.673818198199838	573
0.04994577766228	0.581730930079566	1064
0.096441421208021	1.20140651629064	640
-0.0902412031006401	0.739444712132358	428
0.0546084268423011	0.574934906941533	428
0.031277313560383	0.947338126424037	2951
0.092026197547785	0.753832227514242	1740
-0.0888108512072801	0.737746878935113	62
0.09365307504953	1.14654990233438	62
0.112513585010681	0.814804736865113	1954
-0.10485906716547	0.751003005367239	1285
0.019563471132187	0.489615442131538	39
0.01988508042586	0.489418532086656	409
0.018396040612831	0.490271397263528	230
0.071634564639781	0.676943032280065	461
-0.02204793512445	0.410502951592421	461
-0.01702628305176	0.407896565848327	344
-0.02303104447883	0.410996649608088	344
0.074187540295432	0.674638088463039	344
-0.02269870771255	0.411303674855888	1365
-0.0209943829552901	0.409776652047704	1242
-0.0282514925208599	0.413283993547182	1242
0.025617394757113	0.485123505343381	1242
-0.02269870771255	0.411303674855888	299
-0.02126179208727	0.410975081816502	2025
0.02213082265976	0.48751597999684	326
-0.02054390147798	0.410401139638387	389
0.067433394931384	1.70228489232825	59
0.03092786333341	1.28386030880002	573
0.097826743328665	0.748780190828659	573
0.096522221629499	0.750640503411804	573
-0.0737219860817699	1.34677757651877	573
0.050887377243427	0.580940901573	428
0.041791421435851	1.01820360546019	336
-0.06312482387827	1.10777005589259	2951
0.086436385028554	0.760131191264234	62
-0.0897986252234599	0.739035587099458	62
0.023874039063565	0.486927927519843	1954
0.025032944637482	0.485654316649321	62
0.023541124291656	0.486623205126517	39
0.0223885826807479	0.487091304289586	230
0.018979883904056	0.490062948615881	461
-0.0411260170223	0.8264434980829	461
-0.02628576158792	0.412152659857664	461
-0.0969971100525699	0.746431748529318	344
0.051216925571805	0.578983513041556	344
-0.0272685011114999	0.413655990175607	1202
-0.02368524530921	0.41093826511309	1202
0.050887377243427	0.580940901573	1242
-0.0255692233576701	0.412012891941837	299
-0.02269870771255	0.411303674855888	299
-0.0219800607115199	0.411274533949238	299
-0.0219800607115199	0.411274533949238	299
-0.02126179208727	0.410975081816502	2025
-0.02126179208727	0.410975081816502	326
0.023219745533527	0.485729407307986	326
0.013245527953803	0.492298919499597	326
0.057751324995548	0.572446802313374	96
0.026698094287039	0.483918518491508	739
-0.01073029770538	1.2076788967036	151
0.031650819619207	1.03287407483022	59
0.065347860186864	0.681432514294684	573
0.014409992178878	0.491945039298103	573
-0.0411260170223	0.8264434980829	573
0.013666394451441	1.24507489569983	640
0.031925091263397	0.943850275323695	640
-0.0946461692690701	0.745493654326501	428
-0.0909816852748799	1.2758994129589	428
0.079170478145195	0.668032586243667	336
-0.10497997720073	1.3069519524121	336
-0.02224709287202	0.410608941783725	336
-0.09388797517409	0.741144606690746	336
-0.10008390065485	1.05546962675222	428
0.048887062491406	0.579066392358594	2951
-0.0329406190397801	1.16329677647214	62
0.05540663389518	0.576037715189495	1285
-0.02204793512445	0.410502951592421	39
-0.03283864853932	0.414606391010606	39
0.097079386451762	0.748547824661876	409
0.027863955920451	0.483928968898868	461
-0.0282514925208599	0.413283993547182	461
0.020146802493525	0.488893696013304	461
-0.0258345509801201	0.413043803481388	461
0.025790330563594	0.48364802753835	461
0.0997948637305019	0.742285127978382	344
-0.02628576158792	0.412152659857664	344
-0.0219800607115199	0.411274533949238	1202
-0.0219800607115199	0.411274533949238	1202
-0.0275337041419801	0.41314398527887	299
-0.02374598899693	0.411135954461803	566
-0.0219800607115199	0.411274533949238	191
0.049514758018424	0.580747497378275	780
0.111173127928061	0.817941001961574	59
-0.0266455653020099	0.411660707456765	573
0.098301505241796	0.748839619253029	428
-0.0914139112621899	0.74008607024308	428
-0.0993160489398599	0.746561769556471	428
0.028705998608865	0.482027330230746	2951
-0.08601951004896	0.733542784754922	2951
0.027540497875428	0.483333049189275	62
-0.02224709287202	0.410608941783725	1588
-0.02303104447883	0.410996649608088	62
0.02137253989597	0.48720056173569	39
0.05540663389518	0.576037715189495	461
-0.02152858466472	0.41003633195509	461
0.0508189874713521	0.578867750869275	461
-0.02269870771255	0.411303674855888	1242
-0.02511814143824	0.41200820059487	299
0.0533290170567851	0.576607881856941	299
-0.02296597963264	0.410908197770573	299
0.028446503813386	0.48360544938142	468
-0.0276250547772201	0.412152135341901	96
0.032763334651417	0.479093367994399	196
0.024126413957558	0.486297529129953	1887
-0.02551128519244	1.14896535055389	499
-0.02628576158792	0.412152659857664	573
-0.09837862249536	0.747697416421832	428
0.025617394757113	0.485123505343381	2951
0.000159148941065945	0.890824335469469	2951
0.014409992178878	0.491945039298103	62
0.033922156217947	0.477802751997579	62
-0.0158393015918199	0.911808965750807	62
-0.10613150267843	1.52382156134309	62
0.0232932211435261	0.487372497728726	39
0.018074542770612	0.489482847860143	62
0.051615755559372	0.578220142953797	39
0.030192618140889	0.480972338660883	39
0.024126413957558	0.486297529129953	39
-0.0690442930911099	1.33703642402548	62
0.028770399960519	0.482516920035912	62
-0.04304584551746	0.83102684917276	62
0.021461356473476	0.48604719450971	62
-0.02054390147798	0.410401139638387	39
0.0232932211435261	0.487372497728726	39
0.01988508042586	0.489418532086656	461
0.025296222724603	0.484980985533228	461
0.026373975423623	0.483776495964029	461
0.017490111099017	0.489691604438174	461
0.021225000761569	0.487236292846658	461
-0.0318592374786799	0.414980836560012	344
0.0533290170567851	0.576607881856941	344
-0.02126179208727	0.410975081816502	70
0.019563471132187	0.489615442131538	1202
-0.02655133741802	0.413516459136083	1202
0.101865961527386	0.743369894346761	1202
0.029028796684373	0.483077229419228	1242
-0.02303104447883	0.410996649608088	299
-0.0318592374786799	0.414980836560012	326
-0.0311435899907899	0.41466914140038	326
-0.0483076638001201	0.836762263127822	59
0.091838595326126	0.754710154685685	428
-0.0538563198082001	1.09845566826615	640
-0.04304584551746	0.83102684917276	428
0.120808880583726	0.882707272283467	336
-0.00360984530130004	0.895213770053204	336
0.046042408356414	0.584258121837317	336
0.100150631510503	1.19500840236768	2951
0.077773106941748	0.66687351160593	2951
-0.0121054276001	0.90911240828128	2951
0.022751306378909	0.958939043648705	2951
-0.0907870898132599	0.739342539207629	2951
0.124757573673559	0.877447448799405	2951
-0.0501911135375701	0.83818305671907	62
0.076796764290853	0.669889391893917	62
0.054187422426709	1.07554496352137	62
-0.0439444166151399	0.826654993219858	62
0.104979988097136	0.737641473629628	62
-0.0888108512072801	0.737746878935113	62
0.049435794200234	0.58198163053543	1954
-0.1032644863597	0.752001424844403	1954
0.0490046442152861	0.5812231287938	62
0.052126398885587	0.577858320833396	62
-0.00643801500683994	1.20264972203609	39
-0.10496548879683	1.06616645159178	39
0.063001951330815	0.683452602870219	62
0.020790130443553	0.4876451712386	461
0.108426700430218	0.823115850117481	461
0.027863955920451	0.483928968898868	461
0.023863274661684	0.486099627797188	461
-0.05343961975496	0.839710094103406	461
-0.0275337041419801	0.41314398527887	461
0.068100346808584	0.677708303122099	70
0.0247114467027531	0.485765853390852	1202
0.075150305944315	0.67323785521102	1202
0.02137253989597	0.48720056173569	739
0.097612739061209	1.20056959631815	93
0.0869953595399821	0.759992736346922	59
0.012348380356766	1.24392691863573	59
0.051320090198551	0.57919073145	428
0.062898231991576	1.06487891783401	428
0.024417845763383	1.22031723398407	640
-0.09335890754099	1.04759286951742	2951
0.089240951818709	0.757714696103038	62
0.108845304504077	0.82250712235695	62
0.074062414112245	0.671033184529442	62
0.03029570191174	0.949246987508634	62
0.0688356427811631	0.677806507926136	39
0.10454544412166	0.826177208868904	461
0.074078706858829	0.671918100737043	461
0.09228468005936	0.754371535442048	461
0.029028796684373	0.483077229419228	344
-0.02054390147798	0.410401139638387	180
-0.02224709287202	0.410608941783725	1202
-0.01092660532231	0.907261703566426	1242
-0.0167559082206199	0.407972067925741	468
0.057751324995548	0.572446802313374	299
-0.0219800607115199	0.411274533949238	299
0.015894522042094	0.490668273213241	96
0.025939335704131	0.483894472955633	96
0.018979883904056	0.490062948615881	323
0.010732877299613	0.492464509240087	196
0.092178450357493	0.753395700028247	59
0.018396040612831	0.490271397263528	59
-0.02231647525331	0.410527599337308	499
-0.09441753462171	0.739398073770341	499
-0.00493212220146999	0.898937251526857	428
0.042152597432962	0.586406495110411	2951
-0.02081045464866	0.408933527207846	62
0.045122540926785	0.584713252751266	62
0.095898143851025	0.748378693762723	62
-0.0580872772980401	1.1054477848615	62
0.079129472668356	1.10748870777187	62
-0.00710478391670999	0.904041281076599	62
0.076439841822218	0.668804626644928	62
0.074541491866149	1.11265407597491	62
0.094689225219792	0.751558591911738	62
0.113913319248787	0.810594506913447	461
-0.00365684715971004	0.899538831022518	461
-0.0121467306671801	0.908330882165127	461
0.027744884582804	0.954645952983141	461
0.064927219354894	0.678915198631254	461
-0.02152858466472	0.41003633195509	344
-0.0191745054275401	0.408793596683385	1242
0.023541124291656	0.486623205126517	115
-0.02054390147798	0.410401139638387	96
-0.02224709287202	0.410608941783725	107
-0.02062042675795	0.40900976372954	323
-0.0209943829552901	0.409776652047704	196
-0.02224709287202	0.410608941783725	627
0.027106813571845	0.482587748491643	1395
-0.0272685011114999	0.413655990175607	191
-0.0506179101639299	1.38833651937016	59
-0.06296372452762	1.1115041714774	640
0.048914253820199	1.00894120273371	68
0.0178110921690789	0.488982547182895	68
0.000108150938141982	1.1915525399944	68
-0.09899280247447	0.746846865943586	2951
0.078681947965054	0.667827843691583	62
0.0880621709828921	1.15354340920193	62
0.026104045185156	0.957132588409819	62
0.07928838452539	0.667377452281374	39
0.027923251308931	0.951551611082672	62
-0.0152775095852999	0.911966222735005	39
-0.10048790342026	1.29885394701443	39
0.023320229988432	0.958958080603943	39
0.013905353961459	0.972525242466554	461
-0.0865122623553101	0.734057958088314	461
0.052569157087447	0.576798340157529	461
0.026957364462212	0.48365648985277	461
-0.0955839094025701	0.744641044177853	461
0.04632942677451	1.01427482715019	461
0.102354444358692	0.74157863975115	461
0.050307751945362	0.579430672939284	461
-0.0321223702645701	0.414294926993374	70
0.021050822262274	0.488251197847747	1202
0.050038499866277	1.00809553790008	1202
-0.0883172229020399	0.736689380123406	1242
-0.0985472828176801	0.748592632260613	115
-0.0191745054275401	0.408793596683385	299
-0.0219800607115199	0.411274533949238	196
-0.02269870771255	0.411303674855888	196
0.023874039063565	0.486927927519843	59
-0.0311435899907899	0.41466914140038	59
-0.05485954999278	0.841930533211944	2158
0.045386707736787	1.01448953684172	4785
0.05002468734628	0.58003113474946	428
0.025355212710095	0.484218430760984	640
0.049435794200234	0.58198163053543	68
-0.10138421173787	0.750054826190905	2951
0.107313006334755	1.23794038606585	62
0.058098882741652	1.07154669350662	39
-0.02601464177694	1.41789639858532	39
0.044352266652742	1.01337643222284	461
0.056005424181213	1.07383895670674	461
-0.09216665613896	0.739408392048119	461
0.025939335704131	0.483894472955633	70
-0.0347854278031501	0.41353536078547	461
0.0730868610175151	0.672256247337527	1242
-0.0945277856025399	0.74264539755939	115
-0.02204793512445	0.410502951592421	90
-0.0282514925208599	0.413283993547182	468
-0.0234177334526799	0.410826590483551	299
0.094559609676695	0.749097652500579	389
0.024126413957558	0.486297529129953	323
-0.0260992604196	0.411639865603186	627
-0.0163109608263099	0.406800295212078	566
0.0183121171321901	0.963397030900675	59
-0.0275337041419801	0.41314398527887	59
-0.0611623216542401	1.92321609636468	151
0.042241132684738	1.01834964521496	2158
-0.10279404742376	1.0599510287098	4785
0.044159388075653	1.32481130153047	428
-0.0631075037051001	1.32547296919898	428
0.051216925571805	0.578983513041556	62
-0.0132341926546	0.908558441453565	62
0.09719094994781	0.74827801879533	461
0.074062414112245	0.671033184529442	1202
0.067913888299316	0.67833423365291	1242
-0.0174713604435499	0.408269330515601	299
-0.0181871885549101	0.408299416064853	468
-0.0275337041419801	0.41314398527887	627
-0.09887395139294	0.748376430830867	59
-0.0318592374786799	0.414980836560012	59
-0.09887395139294	0.748376430830867	59
0.015313266708984	0.491302403590035	640
-0.0944731529637399	0.742342543600819	336
0.0937296567399139	0.752793455055712	2951
0.034225856297496	0.940497599579994	2951
-0.02511814143824	0.41200820059487	2951
0.017934134257067	1.52932360777404	62
0.04967927004984	1.00862340575758	62
0.088000903820488	0.758432836297045	62
-0.10488562855125	1.31031008294739	62
0.090840015177043	0.755098140020922	230
-0.02152858466472	0.41003633195509	461
0.039673199828994	1.02225025455011	461
0.120135419387122	0.804637063275215	461
0.029028796684373	0.483077229419228	1202
0.024770833413836	0.484338964700153	1202
-0.0248530618398799	0.411542674464278	299
0.047347245939394	0.581883920458086	389
-0.0160408315278899	0.407403518042765	171
0.0777570787936111	0.669257591111527	59
-0.00260917973728003	0.893448942730984	499
-0.00675500183112998	0.902324357389809	499
-0.01684483090917	1.69536997074301	499
0.0442195128527561	1.01729462888752	4785
0.122043555241596	0.879601887364816	640
0.0937296567399139	0.752793455055712	336
0.025445533175568	0.957282393588743	2951
0.09228468005936	0.754371535442048	2951
0.075621144230676	0.672942733062937	68
-0.02469470507404	1.14723026716017	68
0.089493919756001	1.0845398093512	68
0.065849785300901	1.0579026716777	62
0.07202321558479	0.67428130464179	62
0.122391491265872	0.878487990785866	62
0.091580878797637	0.754804080889613	62
0.081909819712241	0.664020301656987	62
0.023863274661684	0.486099627797188	62
0.111570946431512	0.819360349115924	230
-0.0213339937447401	0.410034538747514	461
-0.0638426950367099	1.11116322976171	70
-0.0308800899146	0.413479379600555	70
-0.02655133741802	0.413516459136083	180
-0.02027673323395	0.409478238556457	1202
-0.0127061070072101	0.90831676650542	1202
0.046042408356414	0.584258121837317	1242
-0.02269870771255	0.411303674855888	1456
-0.0318592374786799	0.414980836560012	1543
0.044611628657392	0.584721445190688	389
-0.02126179208727	0.410975081816502	323
-0.02054390147798	0.410401139638387	196
-0.01845805499361	0.408763534655611	627
0.021633310190995	0.486964715633517	2759
0.025846586427607	1.42978162588675	59
0.0110549349326871	0.491208722941422	499
0.103839646237845	1.24542070693251	151
-0.01884256586002	0.40780874728478	640
0.112275751949528	0.814912814981765	640
-0.0160408315278899	0.407403518042765	2951
-0.01884256586002	0.40780874728478	2951
0.0247114467027531	0.485765853390852	62
-0.0275903549530101	1.15336211166961	62
0.003218891684581	0.886302996503534	27
-0.05768592960821	1.10505295948716	62
0.11566204141231	0.813253010604376	62
0.00153075860073204	0.887151054871991	62
0.028405209171548	0.948644578146556	461
-0.0219800607115199	0.411274533949238	70
-0.0248530618398799	0.411542674464278	461
-0.09353662331041	0.741843624359259	180
0.074046702638692	0.671869359783591	1202
-0.0444304206900901	0.832369139181784	115
-0.09502362707333	0.742673691836324	115
-0.02269870771255	0.411303674855888	323
-0.0177419809880199	0.408465897919083	5045
-0.0174713604435499	0.408269330515601	171
0.055794451752347	0.574590879003387	151
0.0456332633866861	0.58446214274432	59
-0.00652424615347003	1.20085766715279	499
0.059510626999012	1.06975265354635	2951
-0.05386791508518	0.840688218122517	2951
0.078931863543024	1.10681117009371	62
0.123460754919003	0.874200376733539	62
-0.0361720295427499	1.35681936419826	62
-0.04869894467495	0.835129264417011	62
0.052525919680167	0.57602805165421	39
-0.10136807127739	1.05837294067539	461
0.04258447248443	0.586568109376667	461
0.112961775955114	0.814931983112645	230
0.050194666437503	0.579508239942932	461
-0.0392196968437399	0.824360894252752	70
-0.02126179208727	0.410975081816502	2074
0.0272811528101971	0.484048387209294	1202
-0.02126179208727	0.410975081816502	1202
-0.02171241051411	0.409806924167185	1242
-0.0234177334526799	0.410826590483551	115
-0.0975422411798299	0.743849447736035	115
-0.02126179208727	0.410975081816502	299
-0.0177419809880199	0.408465897919083	657
-0.02655133741802	0.413516459136083	299
0.022955577507461	0.486743487685973	96
0.051615755559372	0.578220142953797	96
-0.02126179208727	0.410975081816502	389
0.022955577507461	0.486743487685973	1008
-0.02655133741802	0.413516459136083	627
0.076911549937084	0.668191011576898	59
-0.0660771427431901	1.59838247196178	151
0.082188814337794	0.661524413782881	640
0.022955577507461	0.486743487685973	640
-0.10475055616819	0.751655748442532	2951
0.065819854857042	0.681480154693615	2951
-0.02600879572995	1.23059279649678	2951
0.00867061549090298	0.493765694840203	4811
0.038113582516263	0.588829676031153	4811
-0.09858460156838	1.29485448394455	62
-0.00228261936114005	0.894358445804404	62
0.074658621008098	0.674342667441165	230
0.046984613780248	0.583096671940291	461
0.068857250380142	0.677772536748003	70
-0.0467280694833401	0.833499568027739	115
-0.02655133741802	0.413516459136083	779
0.051727770419936	0.578420898950815	107
0.024126413957558	0.486297529129953	323
-0.02126179208727	0.410975081816502	323
-0.0275337041419801	0.41314398527887	196
-0.0275337041419801	0.41314398527887	627
0.0876834404157581	0.758920182707056	499
0.109068051387566	1.23612759163043	499
0.030157365130677	1.28248304148454	2158
-0.09986468365485	1.29448591972311	2158
-0.03042831861484	0.413737551949063	4785
-0.01884256586002	0.40780874728478	4785
-0.10045412538316	1.05999854997617	640
-0.0936587563737701	0.743832365386165	640
-0.0174713604435499	0.408269330515601	2951
0.069949866757506	1.12333618480493	2951
-0.0908377026234299	0.735866653795232	2951
-0.10217394250233	1.05711380294569	2951
-0.04142583071165	1.3700429891316	62
-0.09395685196702	1.68519472430301	62
0.050307751945362	0.579430672939284	62
0.113631450461877	0.815203385923715	62
-0.0177120120246099	0.911145601472116	62
0.110488050545816	0.819159010010353	230
-0.03283864853932	0.414606391010606	461
0.065669320167398	1.05601572094721	461
0.025880742220242	0.483647370154643	461
-0.0107121982468801	0.90687656137666	461
-0.02374598899693	0.411135954461803	461
-0.09837862249536	0.747697416421832	37
0.068364101746934	0.678769378087003	1242
-0.02224709287202	0.410608941783725	1242
0.021050822262274	0.488251197847747	115
-0.0167559082206199	0.407972067925741	323
0.022047743818713	0.486175826254412	323
-0.02152858466472	0.41003633195509	2759
-0.0219800607115199	0.411274533949238	59
0.068741130823114	0.678567815585082	499
0.040514707593154	1.53718707181777	499
0.11843983196875	0.88409546918066	640
-0.10045412538316	1.05999854997617	640
-0.04586714198485	0.833748404069435	640
-0.0311435899907899	0.41466914140038	640
-0.0387790490470199	0.822672618266245	2951
0.018979883904056	0.490062948615881	4811
-0.10021645028878	1.05773068884034	62
0.023874039063565	0.486927927519843	888
-0.0985061085757699	1.05567167961361	39
-0.0956342726349	0.746020099092103	62
0.107231497110894	0.822715102457328	62
0.049435794200234	0.58198163053543	39
-0.0989263178050599	0.748405526735507	461
-0.0517123917190201	0.836702937967744	461
-0.0902927711441599	0.739314570191516	230
-0.000972336293729947	0.894013652967665	230
0.09168898910739	0.755480478509072	461
-0.0949689536277001	0.742864252382889	461
0.019242636889533	0.488316656329156	70
-0.0272685011114999	0.413655990175607	4204
0.028446503813386	0.48360544938142	180
0.024126413957558	0.486297529129953	37
0.028770399960519	0.482516920035912	115
-0.02171241051411	0.409806924167185	115
-0.02081045464866	0.408933527207846	115
-0.02896965906045	0.412887475855812	115
-0.0916718942050301	0.739129017850734	323
0.023863274661684	0.486099627797188	323
0.025939335704131	0.483894472955633	196
-0.02224709287202	0.410608941783725	3872
-0.10088982816659	0.749497593613753	59
-0.0750547194749101	1.71012728567307	59
0.04994577766228	0.581730930079566	499
0.0247114467027531	0.485765853390852	499
0.079973296350519	1.48003734108295	499
-0.02126179208727	0.410975081816502	640
-0.02374598899693	0.411135954461803	428
0.015894522042094	0.490668273213241	4811
-0.05779326298529	1.39814222880855	62
-0.0577911075173601	1.3974501776436	62
0.103606330270556	0.736340130068069	39
0.080150092674241	0.665084782512157	39
0.076070944404281	0.672018036489386	62
-0.00360984530130004	0.895213770053204	461
-0.0444935043263801	0.832447809661205	461
0.0911262054117979	0.756849654490018	461
0.122968509982381	0.944284686520989	461
0.067280377502936	0.680555980129505	461
-0.0042329335717799	0.896968625503545	115
-0.02655133741802	0.413516459136083	90
0.053589170236563	0.576275650597332	323
-0.02368524530921	0.41093826511309	323
-0.0248530618398799	0.411542674464278	627
-0.0258345509801201	0.413043803481388	627
-0.02152858466472	0.41003633195509	2759
0.016941969168852	1.4665200618085	59
0.082930319724486	1.16563458072742	499
-0.0709979741290201	1.33950253809126	2158
-0.0907870898132599	0.739342539207629	640
-0.09122993844272	0.740243783604558	640
-0.0334818932468901	1.16234736936609	2951
0.042045032893915	1.0171643296601	2951
0.045947871805922	1.01517250837172	2951
-0.00614700963125991	0.900274601981915	2951
0.104227427832493	1.18615883615238	68
-0.000318339493539987	0.887239585199015	62
-0.0174713604435499	0.408269330515601	62
0.01350656551695	0.491361087548199	461
-0.0515257386336601	0.839027294877824	461
0.08823862230906	0.758732207383171	461
-0.0425846091014499	0.830015628268642	461
0.107388679518977	0.820950285418947	461
0.093838259753929	0.75214845142026	461
0.078681947965054	0.667827843691583	461
-0.07235300455206	1.12304538322609	461
-0.11032414900147	1.07043280115609	461
0.0749762439928781	0.66929738875026	1050
-0.09887395139294	0.748376430830867	1050
0.05045557672035	0.581254464006149	37
0.022633873439302	0.486054814054359	323
-0.02655133741802	0.413516459136083	196
-0.02054390147798	0.410401139638387	59
-0.10714948567933	0.754242155357264	59
0.0918105577484269	0.756216773833114	499
-0.09765352176766	0.745850017717761	499
-0.02126179208727	0.410975081816502	499
0.112951533323788	0.890677717605047	428
-0.10010317904382	0.702301172872015	428
0.04785613874191	0.581520789189046	428
0.050965191491711	0.580536252528698	2951
-0.02126179208727	0.410975081816502	27
0.022369773407166	0.486612908966987	27
-0.02126179208727	0.410975081816502	62
0.019563471132187	0.489615442131538	461
0.0312776677491849	0.47991280403049	461
-0.0248530618398799	0.411542674464278	461
-0.03647113929269	0.415792999867536	461
0.028446503813386	0.48360544938142	461
-0.02681629356167	0.412672237731607	461
-0.0189033929134299	0.407829094949249	323
-0.02655133741802	0.413516459136083	196
0.084457542496255	1.16114738731385	59
-0.0219800607115199	0.411274533949238	59
0.034411181898054	1.34063091381906	59
-0.02126179208727	0.410975081816502	151
-0.10480579996656	1.30449975043832	499
-0.0181871885549101	0.408299416064853	640
-0.0883676519882699	0.735944556402053	428
0.043095066523161	0.585934535298324	428
0.0257791291220431	0.957813585396321	2951
-0.05841803679757	1.10040823877389	2951
-0.0167559082206199	0.407972067925741	68
0.024134120657668	0.956813560746382	27
-0.11161937583271	1.07143333840174	27
0.059289675839711	0.989400537355979	62
-0.00479804430349007	0.899884207545029	62
0.05540663389518	0.576037715189495	461
-0.02303104447883	0.410996649608088	180
0.026373975423623	0.483776495964029	115
-0.0282514925208599	0.413283993547182	115
0.027863955920451	0.483928968898868	779
0.025617394757113	0.485123505343381	96
-0.02296597963264	0.410908197770573	627
-0.02655133741802	0.413516459136083	88
-0.02204793512445	0.410502951592421	59
-0.02126179208727	0.410975081816502	499
0.036524925683858	1.02639629584821	499
0.067865309914814	1.05564159833415	428
0.018718315979064	0.48956308680362	2951
-0.04481233580566	0.829063422636651	2951
0.119268052134842	0.88373519444069	62
-0.0689355397837801	1.3387157622082	68
-0.0177120120246099	0.911145601472116	738
-0.05433028051988	0.841137958933701	62
0.053773548557154	1.00160209941259	62
0.054388192471149	0.57655956635133	27
-0.02269870771255	0.411303674855888	39
0.076091829467503	0.672419329813627	461
-0.0959053333923801	0.741746995291025	1050
0.018718315979064	0.48956308680362	115
-0.0275337041419801	0.41314398527887	323
-0.02126179208727	0.410975081816502	196
-0.0209943829552901	0.409776652047704	2442
-0.09995359108144	1.0569905025264	428
-0.0443663022234699	0.830091463956099	640
0.08721899465234	0.758831553975399	68
-0.09551350007306	0.743380706635897	68
-0.02681629356167	0.412672237731607	2951
0.093703329186956	0.754480853978476	2951
0.074638811426764	0.673688841918305	68
0.094520481774937	0.75248958975014	62
0.029028796684373	0.483077229419228	39
-0.0618886681623001	1.11133383134002	27
-0.10779623276824	0.753801722116442	27
0.047495517925969	0.582845325381987	39
-0.0439687512335301	0.832194077126855	62
0.0526368526753021	0.577297034494558	62
-0.04304584551746	0.83102684917276	62
0.029028796684373	0.483077229419228	62
-0.0916718942050301	0.739129017850734	461
0.017826185573425	0.967202437263327	461
0.018396040612831	0.490271397263528	461
0.063595370044742	0.565014244973794	70
0.100575803741315	0.744667968397544	70
0.03193618696388	0.945611742403059	70
0.038113582516263	0.588829676031153	461
-0.02628576158792	0.412152659857664	461
0.050194666437503	0.579508239942932	1050
0.027540497875428	0.483333049189275	2318
-0.02896965906045	0.412887475855812	115
0.0456332633866861	0.58446214274432	323
-0.0949689536277001	0.742864252382889	323
-0.02224709287202	0.410608941783725	2514
-0.0270026768912099	0.41175796254343	2442
0.000472524331178947	1.71981960990432	59
0.095620241233758	0.74940047454507	59
0.07514841994223	1.37907840296375	59
-0.0227622512530099	0.410642108899905	59
-0.0255886166569901	1.58021953016684	59
-0.0255692233576701	0.412012891941837	59
0.0432043435728749	1.01689975780943	499
0.065477545512953	1.06028552179913	499
-0.03040205903699	1.15570257076625	428
-0.0311435899907899	0.41466914140038	1125
0.049910504381205	0.578142579276258	68
0.024197704557829	0.48595166057885	68
0.041130590971366	0.587406556553626	68
0.021275652331799	0.96214361799663	27
0.055211993133582	0.575169285194677	62
-0.0458791292067899	0.832952543930854	461
0.101811946373573	0.741344599096244	70
-0.0983625419009999	1.05674117410291	461
0.042438545130449	1.01793379174092	461
-0.0191745054275401	0.408793596683385	2458
-0.0993610331464401	1.05729459999707	369
-0.0272685011114999	0.413655990175607	657
-0.02224709287202	0.410608941783725	96
-0.0195594609890499	0.408907543271993	323
-0.0174713604435499	0.408269330515601	323
-0.01982638852231	0.409294816847698	107
-0.0321223702645701	0.414294926993374	2514
-0.09216665613896	0.739408392048119	196
-0.02126179208727	0.410975081816502	171
-0.0255692233576701	0.412012891941837	706
-0.0209943829552901	0.409776652047704	1172
-0.02368524530921	0.41093826511309	243
0.046654139367612	0.583264229566345	499
0.117682723337302	1.21640284350233	631
0.02214569473788	1.2279008009241	428
-0.0315440118121799	1.42245371443044	631
0.00479586786335495	1.25834003331402	428
0.047575506939744	0.582807719551856	640
0.038456108016747	1.02187115704169	640
-0.05932547644772	1.1040242632392	68
0.019378026252064	0.965110469494281	68
0.083319386442639	0.661497682235633	2951
0.070498252986762	0.676482753100705	2951
-0.000972336293729947	0.894013652967665	388
0.087345994970626	0.758267003927579	388
0.027991676602269	0.953516776137574	27
0.021806919098716	0.487298612728869	62
0.031368063983759	0.943468693862829	461
0.044611628657392	0.584721445190688	461
0.105948647482167	0.824129467368251	70
-0.0258345509801201	0.413043803481388	2458
0.0253579034156241	0.484795069174205	37
0.043095066523161	0.585934535298324	369
-0.0238377480487499	0.408906599675122	2318
-0.0167559082206199	0.407972067925741	115
0.022969991702422	0.486647207067339	323
-0.01702628305176	0.407896565848327	1172
0.119168474647941	1.2117605748844	499
0.058736730463868	1.29230641153034	631
0.049474426515149	1.31126566444163	631
0.0579883108677261	1.07225071626284	631
0.018396040612831	0.490271397263528	2895
-0.10030551119598	1.05808108265918	640
0.071163185879934	0.677615044871189	68
0.0750070756688001	0.670850747447366	68
0.091135426502972	0.755506888031914	2951
0.025790330563594	0.48364802753835	388
-0.10639552071671	1.06706177181361	27
0.068248589684769	0.67816838561655	39
0.022955577507461	0.486743487685973	62
0.024952120973694	0.955272379962894	62
-0.09749199277947	0.746833585708175	62
0.038717333231749	1.02380112797946	461
0.116081990529631	0.812884112901502	70
-0.00396830630890999	0.899563651041869	461
0.123634028955514	0.875815419478625	461
0.019301826126752	0.489626676436646	58
0.053478528277691	0.577319110178382	37
0.023541124291656	0.486623205126517	115
-0.0270026768912099	0.41175796254343	779
-0.0195594609890499	0.408907543271993	779
-0.0266455653020099	0.411660707456765	107
-0.01845805499361	0.408763534655611	281
0.029352361723531	0.482194393877049	59
-0.0475166520036701	0.830910986158235	631
-0.00846916899029004	1.20347204865793	631
-0.0347854278031501	0.41353536078547	2895
-0.0476529589949699	0.834123833155529	640
0.055762137530013	0.996941335851332	640
0.028446503813386	0.48360544938142	640
0.070562853522125	0.675850127815162	2951
0.113750373824774	1.22353230347432	68
-0.09912868153008	1.50364242036529	68
-0.10273718818464	1.06216429628012	39
0.075129548539415	0.673818198199838	27
0.068385646125452	0.67818335116457	27
0.069241651583043	1.05341971393654	27
0.107496445223371	0.822230289643676	62
-0.0940857215059701	0.741240889206607	39
0.02413204684269	0.484654206701602	461
-0.03915808111148	0.824064485145193	70
0.024390717934898	0.48441663224042	369
-0.0219800607115199	0.411274533949238	369
0.023863274661684	0.486099627797188	369
0.018979883904056	0.490062948615881	115
-0.0248530618398799	0.411542674464278	779
-0.02628576158792	0.412152659857664	779
-0.0219800607115199	0.411274533949238	171
0.023541124291656	0.486623205126517	59
0.118610851411743	0.88518608190746	255
0.041032314163192	1.26266810934177	631
-0.03919839392312	1.16994128154661	428
-0.0987899759134501	1.05710923619338	388
-0.0639810515364201	1.3247718728781	27
0.093283900154244	0.753358453636231	39
0.02046807907243	0.488971745774085	62
-0.0949689536277001	0.742864252382889	62
-0.0947828678168301	0.741390631735064	62
0.070935133390777	0.675244386887718	70
0.051330033112829	0.578081124883658	461
-0.02269870771255	0.411303674855888	2458
0.0964486498205051	0.747824015921644	369
0.025032944637482	0.485654316649321	115
0.023219745533527	0.485729407307986	779
-0.0282514925208599	0.413283993547182	323
-0.02269870771255	0.411303674855888	107
0.119229175107926	1.26893643700525	59
-0.0461330644515701	1.08151050238746	499
0.034931099103045	1.60875549195795	631
-0.11161393347365	1.31396183203966	631
-0.02126179208727	0.410975081816502	2895
-0.02681629356167	0.412672237731607	640
0.069990820165255	0.677048883094531	68
0.023874039063565	0.486927927519843	68
0.110488050545816	0.819159010010353	68
0.075150305944315	0.67323785521102	68
0.116289118360308	0.812379417565106	68
-0.0276250547772201	0.412152135341901	68
-0.0286981940379301	1.15451045204322	388
0.101980829349639	0.743551586037631	27
0.07179187437029	0.674648039923073	62
0.0931764480687059	0.753007477416545	62
0.090244121005201	0.756158736113106	62
0.0913923766818	0.754814609094869	62
-0.0258345509801201	0.413043803481388	461
-0.0130215036396899	0.908104236683844	70
-0.03283864853932	0.414606391010606	2458
-0.0255692233576701	0.412012891941837	2458
-0.02027673323395	0.409478238556457	2458
-0.0951401345906999	0.745894843709305	115
-0.0311435899907899	0.41466914140038	96
-0.02798604242193	0.413256750767976	196
0.018979883904056	0.490062948615881	196
-0.01532613000762	0.406308829221225	281
0.022633873439302	0.486054814054359	1153
0.070970466194765	0.676426069400077	59
-0.03385121781076	1.163198006772	631
-0.04956021859464	1.72735629334177	631
-0.0966402745229999	1.05089322899298	631
0.105554996509175	0.824220727316551	640
-0.0439687512335301	0.832194077126855	640
-0.0980788308562399	1.05439155593015	68
0.072149661593177	0.676187215881317	27
0.022989219006846	0.96030884640189	39
-0.0912815813358701	0.739081110577796	39
0.044723525975505	0.583718864447723	461
0.093932448293538	0.752536628284364	70
0.02216536708276	0.959767691860536	461
0.067913888299316	0.67833423365291	461
-0.0318592374786799	0.414980836560012	2078
-0.01989133264931	0.408322516344122	614
-0.0195594609890499	0.408907543271993	107
-0.10331449111284	0.751667511887504	59
0.110732075323417	0.819583654439081	255
0.050038499866277	1.00809553790008	640
-0.09750804292964	1.05511824786628	68
-0.0531615277469499	1.0906240715256	388
0.094857282568682	0.750714442769417	39
0.0701775126309701	0.678272566722145	62
-0.0946314359648699	1.28807384319291	62
-0.08886131697372	0.73646158487273	461
0.123382741664264	0.877862551278781	461
0.01988508042586	0.489418532086656	70
-0.00815324744405999	0.903173471733457	461
-0.0163109608263099	0.406800295212078	461
-0.0272685011114999	0.413655990175607	2458
0.049514758018424	0.580747497378275	369
-0.02296597963264	0.410908197770573	96
-0.03283864853932	0.414606391010606	1153
-0.02368524530921	0.41093826511309	243
-0.10670247528237	0.754150937714968	640
-0.05695606229502	1.09667702794303	68
-0.10288337205168	1.06267117718296	68
0.0737725184420009	1.11713210471235	68
-0.02054390147798	0.410401139638387	68
0.03862390137171	0.588308726870737	318
-0.0266455653020099	0.411660707456765	68
-0.0264365427126601	1.1490626079487	388
0.111716584077055	0.817873419227499	388
-0.0380771838252301	1.35855220651058	68
0.058562917753379	1.07129654617855	68
-0.0970490572807099	1.50190972481575	62
0.028446503813386	0.48360544938142	39
0.01988508042586	0.489418532086656	62
0.024770833413836	0.484338964700153	62
-0.0974407396063199	0.74719824613095	62
0.113538200309123	0.813809057663729	39
0.054597520519974	0.572985320165652	461
0.00112616339258398	1.18667245495921	461
-0.0181871885549101	0.408299416064853	70
-0.01702628305176	0.407896565848327	3561
-0.02224709287202	0.410608941783725	657
0.026523202592572	0.483366492541231	734
-0.0241372766757999	0.410514033565441	59
0.05908833256715	0.68505957140913	59
0.022248882427256	0.963215634194783	243
-0.0613367494547901	1.10739566447129	499
-0.03205456059359	1.15921333049286	499
0.020287685237055	0.964826678754022	68
-0.00608440978931002	0.899740291253688	68
-0.10343763504776	1.30612196698644	1279
0.0884495808425641	1.15585356779417	68
-0.01122653962799	1.21147184811791	68
0.051647013825418	1.0041767269166	62
0.019542731860503	0.96650147926761	27
-0.000346355163880041	1.19208341286789	27
-0.05007462689646	0.837191734401835	27
0.115999298977328	0.808318254310472	27
-0.0992175330229199	1.05717668030717	62
-0.11025571685222	1.3132850791371	62
0.042821496020004	1.01754270721397	461
0.101020663635622	0.744218720063133	70
0.04287455670198	0.584020330932831	461
0.043961319644246	0.583522093328271	369
-0.02896965906045	0.412887475855812	657
-0.0195594609890499	0.408907543271993	115
-0.0209943829552901	0.409776652047704	196
-0.02243081627196	0.409335013447221	88
-0.000693570153559975	1.19274053214197	59
-0.12037967464358	1.66186199301402	59
-0.0717130474465999	1.95454876750362	59
-0.00475744478184992	1.66957843896295	243
-0.0605319076841999	1.10688269955017	68
0.0453715273559619	1.01508086469259	68
-0.10036097927692	0.748721931680056	68
-0.0177419809880199	0.408465897919083	2663
0.122317926379436	0.946388631607959	68
-0.103164674655	1.06163915074488	388
-0.0510632282630299	0.838427490707537	68
0.00769471668815103	0.877110979844739	68
-0.11265617917344	1.31828051686435	68
-0.00417232442553006	0.895476090598224	461
-0.05022027233206	0.836026987056338	461
-0.0932144978765499	0.743883074867875	461
-0.02126179208727	0.410975081816502	70
-0.10135319991739	0.74660598948787	369
0.024126413957558	0.486297529129953	369
-0.0181871885549101	0.408299416064853	1153
0.09228468005936	0.754371535442048	59
0.072386183595576	0.674840696387837	428
0.077174940148167	1.43499887107745	631
0.026063133652419	1.21857432550207	631
-0.0435704768242	0.830716295039307	640
0.0377454958701789	1.02458879945299	640
0.027024786469245	0.483043609694177	68
-0.0473184194184999	0.836055686389923	2663
-0.0248530618398799	0.411542674464278	2663
-0.0805689345877201	1.55465703541187	68
0.029028796684373	0.483077229419228	68
0.0912195036323999	1.08284845866684	68
-0.0519883939647301	0.839326579999558	27
-0.09403211771683	0.742365087458488	27
0.000380957523139047	0.893241810071057	27
-0.0908323116549401	1.04210176850497	39
0.0706491011342451	0.677600223780693	62
-0.08968634057629	1.03658043126622	461
0.117456501951895	0.806730156929577	461
-0.0515257386336601	0.839027294877824	461
-0.0219800607115199	0.411274533949238	58
0.052126398885587	0.577858320833396	369
-0.0988205844033201	0.745578058667921	115
-0.0174713604435499	0.408269330515601	115
-0.0283384601138399	0.412461825619006	3012
-0.02152858466472	0.41003633195509	107
-0.02126179208727	0.410975081816502	196
-0.10293120476358	0.751428494716355	59
-0.0266455653020099	0.411660707456765	59
0.082963439818464	1.09653286313391	59
0.114694222888933	0.808478036091471	631
0.105235415268228	0.824008619352254	2663
0.064506786698963	0.680954538891097	2663
0.018134549786553	0.488943388738021	68
-0.01702628305176	0.407896565848327	68
-0.10511450626444	1.06498220969263	68
0.0126629128706151	0.491746280851596	39
-0.0139177252729601	0.91150484074585	39
-0.09887395139294	0.748376430830867	39
0.06091571890921	1.06594891785436	39
0.027511875292402	0.951943633245373	39
0.105982744269941	0.736430187112212	461
0.025939335704131	0.483894472955633	461
-0.0219800607115199	0.411274533949238	70
0.037092390125447	0.588902330892504	219
0.024197704557829	0.48595166057885	58
0.044723525975505	0.583718864447723	369
0.024448238004705	0.485979489293663	2078
0.027863955920451	0.483928968898868	115
0.023219745533527	0.485729407307986	115
-0.0209943829552901	0.409776652047704	3012
0.055301158403493	0.574603309543629	651
0.022955577507461	0.486743487685973	651
-0.0272685011114999	0.413655990175607	734
-0.01702628305176	0.407896565848327	734
-0.0374469352984701	0.415418177445448	107
0.047750648283699	1.0114144757488	59
0.051727770419936	0.578420898950815	243
0.021824992592546	1.22818889660683	631
0.095151247990735	0.752234632199774	640
-0.0440940537499701	0.828360538653304	640
-0.12485891181178	1.66840039122576	640
-0.0511829656757901	0.838889785145964	68
-0.0942016332629401	0.744959671022221	68
-0.1003087118527	1.51106329355622	68
0.0442195128527561	1.01729462888752	68
0.018979883904056	0.490062948615881	1279
0.069990820165255	0.677048883094531	1279
0.030706340756157	0.948396145784478	68
-0.03283864853932	0.414606391010606	68
-0.10425502602941	0.752165824741335	68
0.014731756800628	0.491631095324249	1497
0.075887621159534	1.11046883408859	39
0.119019559087451	0.8087566879355	27
0.048006237158267	0.582368210709497	62
0.100565663353307	0.830088575954714	461
0.075434995659371	0.671878938384477	70
0.122435802489978	0.879336950649369	461
-0.02054390147798	0.410401139638387	1404
-0.10045412538316	1.05999854997617	369
-0.0258345509801201	0.413043803481388	657
-0.02269870771255	0.411303674855888	657
-0.0213339937447401	0.410034538747514	657
-0.0219800607115199	0.411274533949238	115
0.027856193403859	0.482188714832345	115
-0.02171241051411	0.409806924167185	107
-0.02681629356167	0.412672237731607	2292
-0.02269870771255	0.411303674855888	855
-0.00348986397141005	1.27226261456369	428
-0.0191219971816901	1.40174487051313	631
0.056207085113418	1.07404328815136	631
0.018713772455309	0.489267128736786	428
0.096378499155785	0.750313778251833	640
-0.0080252747963101	0.902764709058026	68
0.09549007329272	0.750962390467246	68
0.073206568988624	0.673771597177855	2663
-0.02054390147798	0.410401139638387	1279
0.117762011368263	1.27397396420232	68
-0.10743248811797	1.31055048662995	68
0.0280533534656781	1.2863555243346	68
-0.01845805499361	0.408763534655611	68
-0.0167559082206199	0.407972067925741	68
-0.10388775478518	1.06171029767863	1497
0.09487647295603	1.20129736792642	68
0.00491260472128297	1.18048550711254	39
0.078228365116862	0.669055552119672	39
0.067280377502936	0.680555980129505	62
-0.0191745054275401	0.408793596683385	62
0.046553626280165	0.584006513426087	39
0.067798446226885	0.679390710117407	39
-0.0419934129897801	0.827217439070915	1405
-0.02628576158792	0.412152659857664	31
0.054778517588714	0.576317095835151	115
-0.02204793512445	0.410502951592421	115
0.052968630788121	0.577257091014872	115
-0.02368524530921	0.41093826511309	115
-0.0219800607115199	0.411274533949238	3434
-0.02224709287202	0.410608941783725	734
-0.02231647525331	0.410527599337308	243
-0.0950829740646899	1.04964356151427	243
0.046965284391972	1.01188506650425	499
0.124757573673559	0.877447448799405	499
-0.0620267075839001	1.32185750737874	428
0.029057810771663	0.951688890430433	640
0.021275129420153	0.962110651461775	640
-0.0249136594660699	1.14923653642617	2663
0.095697057389734	0.749894474717191	68
0.086418205780048	1.15612076128142	68
-0.09248532426288	1.28663595921625	68
-0.0103988064304801	1.20581823975915	39
0.089452423695916	0.755395258608677	62
-0.00827878949348992	0.901942743059339	62
-0.096487840487	1.29485800822116	39
0.028123375859096	0.482805576227173	461
0.083332657930567	1.09865558131782	461
0.05070589095183	0.579346013754557	1189
0.051504847985538	0.576131412469754	1189
0.06072523135299	0.568995638454723	219
-0.0213339937447401	0.410034538747514	1143
-0.02126179208727	0.410975081816502	96
-0.0248530618398799	0.411542674464278	734
-0.02171241051411	0.409806924167185	281
-0.0219800607115199	0.411274533949238	281
-0.0431871637285499	0.829116378989284	499
-0.0782464463316099	1.72857519385001	243
0.048665983375641	1.00743688818301	631
0.077854505996858	0.666265413331625	640
0.02046807907243	0.488971745774085	68
0.017247534173365	0.967583580565878	39
0.088449250774844	0.758099844738623	39
0.036214684303893	1.02496249139685	27
-0.02655133741802	0.413516459136083	461
-0.0161516882862101	0.911962078191176	1405
-0.0255692233576701	0.412012891941837	369
0.014991841711362	0.491309861338566	96
-0.01845805499361	0.408763534655611	107
-0.0248530618398799	0.411542674464278	107
-0.0898542745247499	1.27758724345636	631
-0.10596839298288	1.06672105639798	631
0.075905297886365	0.671213119241181	631
-0.0996986126777	1.51052848079109	640
-0.10232457784226	0.751503576493597	444
0.04423828235405	1.01382897781559	2663
0.064955825091297	1.05818755874224	2663
0.077804785253022	1.10868812586183	1279
0.100240063248332	0.742796248900447	68
-0.10130805307036	1.06070653907594	39
-0.10182988102938	0.750945116951384	39
0.112135819505881	0.817887661537876	461
0.074519041082074	0.671460073883177	461
-0.01666476423909	1.13031045175729	1405
0.046042408356414	0.584258121837317	70
-0.0989263178050599	0.748405526735507	369
-0.0321223702645701	0.414294926993374	369
0.018396040612831	0.490271397263528	115
-0.02655133741802	0.413516459136083	107
-0.0318592374786799	0.414980836560012	59
0.021050822262274	0.488251197847747	255
-0.0270026768912099	0.41175796254343	243
0.110702177504597	0.818151890013795	499
0.105948647482167	0.824129467368251	640
0.04712089046993	1.00979808282304	2663
-0.09034334714493	0.736511633882685	68
-0.0128270412341001	0.905460904762364	1279
0.043178908908347	1.01866990292149	68
-0.02296597963264	0.410908197770573	68
0.115848962417348	0.886714851970431	27
0.0913923766818	0.754814609094869	62
-0.0951401345906999	0.745894843709305	461
-0.0904751620812501	0.738007766895335	461
0.055310351926571	1.07375712936861	461
0.094706745316689	0.753206665326789	461
-0.10904341844445	1.07008000312096	461
-0.00317267495169005	0.894368928111426	1405
0.049435794200234	0.58198163053543	1540
-0.0410657645855499	0.826144328979921	369
0.026373975423623	0.483776495964029	1143
-0.0282514925208599	0.413283993547182	369
-0.02655133741802	0.413516459136083	115
-0.02296597963264	0.410908197770573	3434
0.051615755559372	0.578220142953797	651
-0.0940857215059701	0.741240889206607	651
-0.02296597963264	0.410908197770573	96
-0.0275337041419801	0.41314398527887	281
-0.0990407384931899	0.749149383670419	255
0.083542067803568	1.16364963737721	255
0.023219745533527	0.485729407307986	59
0.028770399960519	0.482516920035912	243
-0.0241372766757999	0.410514033565441	631
0.026957364462212	0.48365648985277	640
-0.0181871885549101	0.408299416064853	1279
-0.0976077153336501	0.747657883049334	1279
0.034557842361608	0.942047338215235	1279
0.038481789253849	0.58717907051904	68
0.097745682199383	0.749055185774957	27
-0.05379993633047	0.839189433410681	39
0.0730868610175151	0.672256247337527	62
0.077843127509167	0.667983269168495	62
0.025032944637482	0.485654316649321	62
-0.11347808941027	1.07311684959544	461
0.09933504462314	0.743064415693903	461
-0.0640503458559101	1.11211748310367	1405
-0.0195594609890499	0.408907543271993	58
0.025355212710095	0.484218430760984	58
-0.0462036113569599	0.831908676858292	369
-0.0275337041419801	0.41314398527887	369
-0.04007339212622	1.36712310430075	59
0.00306194087939105	1.18231355959949	499
0.06889694496383	1.39145097518784	243
-0.0263079638519399	1.14711734886799	428
-0.10036097927692	0.748721931680056	640
0.045566214041629	1.01581439347544	68
0.046654139367612	0.583264229566345	68
-0.04790606472954	0.83400010150819	39
-0.06849438259769	1.11878373706479	39
0.048516771594874	0.581649347606665	1208
-0.00414720953222991	0.893750121242526	39
-0.0219800607115199	0.411274533949238	62
0.02213082265976	0.48751597999684	461
-0.03257526143736	0.414692514464788	1189
-0.0260992604196	0.411639865603186	5179
0.049284710749173	0.579955911466618	58
-0.0902412031006401	0.739444712132358	369
-0.02798604242193	0.413256750767976	107
-0.0282514925208599	0.413283993547182	3476
-0.02511814143824	0.41200820059487	855
-0.10439315718824	1.30645328145764	428
0.109335451924281	0.819049833123303	428
0.019239900988222	0.963811579257459	68
0.048375056059869	0.579229455273158	68
-0.0282514925208599	0.413283993547182	68
0.071424352203243	0.675881494724746	68
0.0482275326459221	1.3159732809566	1279
-0.0231463600647801	1.14586385824778	1497
0.02203523390065	0.957612816281004	1497
-0.00373509217869006	0.894371881770037	27
-0.000181634097079941	0.893111579911146	1208
-0.0406040311061	0.826070677262984	39
-0.04456891904455	0.830911825733416	39
-0.0272685011114999	0.413655990175607	62
0.000944624832832974	0.89207693097173	62
0.066948557113039	0.680003782229925	461
-0.0223832255759999	0.918105382010043	461
0.077775366682783	0.667570654060741	369
-0.02126179208727	0.410975081816502	651
-0.02126179208727	0.410975081816502	734
-0.0178334681936401	0.914195240122953	243
0.083314485582401	1.22403823339275	428
0.019128485705777	0.963789077528981	631
0.023219745533527	0.485729407307986	640
0.034672447905012	0.589400013077292	640
0.045122540926785	0.584713252751266	640
0.091838595326126	0.754710154685685	68
-0.02296597963264	0.410908197770573	68
0.070480212567462	0.677172512450515	27
0.029028796684373	0.483077229419228	39
0.018718315979064	0.48956308680362	62
0.015313266708984	0.491302403590035	461
0.02213082265976	0.48751597999684	461
-0.01845805499361	0.408763534655611	219
-0.02628576158792	0.412152659857664	58
-0.0965024004294099	0.745754612743106	369
0.023874039063565	0.486927927519843	1143
-0.02126179208727	0.410975081816502	1144
0.054897507576278	0.576398296971569	651
-0.02798604242193	0.413256750767976	651
-0.00993811945186995	1.20895844122687	243
-0.0249136594660699	1.14923653642617	499
-0.0383865524306199	0.823432332854562	640
0.091923644079467	1.14842565904399	640
-0.0593172060145699	1.10369953008501	68
0.017822809180586	0.965889627274	68
-0.00771588201072992	0.902426226918392	1279
0.03029570191174	0.949246987508634	1279
-0.0540407070078399	1.09754232706489	68
0.0420369469967929	1.02104309045124	68
-0.08693609297864	1.03215710820866	62
0.069518432820189	0.677574926854816	1208
-0.10469943302482	0.75110214876359	39
0.046737271191883	1.01079173602019	39
0.096856182951075	0.750904409244305	461
0.018979883904056	0.490062948615881	461
0.053478528277691	0.577319110178382	1405
0.023541124291656	0.486623205126517	219
0.07167834143491	0.676598079344991	369
-0.0177419809880199	0.408465897919083	369
0.01690542275676	0.489629484686196	369
-0.0272685011114999	0.413655990175607	369
-0.01982638852231	0.409294816847698	734
-0.0255692233576701	0.412012891941837	734
-0.0219800607115199	0.411274533949238	734
-0.0219800607115199	0.411274533949238	2443
0.022111942426421	0.485234656923495	59
0.02046807907243	0.488971745774085	499
0.0524152770269301	0.578722023793605	499
0.02561249588141	0.956691125426157	499
0.069818138395473	1.04948704531757	499
-0.0640235280379899	1.11276437205097	227
-0.10743248811797	1.31055048662995	227
-0.04011609383786	1.36071071074395	631
-0.0917350870392	0.739201151005767	631
0.018396040612831	0.490271397263528	640
0.094706745316689	0.753206665326789	640
0.0687618373115489	0.678692884541327	444
-0.02817739904318	1.15289666034637	68
0.09023679693594	0.757752683877815	1497
0.115447026763336	0.809800597066764	1497
-0.06085138903136	1.10604777073234	68
0.121488308863267	0.877213688145331	27
0.050965191491711	0.580536252528698	27
0.0624873740645669	0.683315365071461	62
-0.04803081924618	0.828580200143592	1208
-0.0402281318358999	0.825767269609753	39
0.046403519150757	0.583890417561864	62
0.0526368526753021	0.577297034494558	62
0.032763334651417	0.479093367994399	60
0.075905297886365	0.671213119241181	461
0.013567972479116	0.491104131466548	1405
0.023805360299448	0.485199002275023	369
-0.0524511943349699	0.839311569495979	115
0.045894123217096	0.583988231653479	369
-0.09596107603085	0.743173304866998	369
-0.0258345509801201	0.413043803481388	115
0.050307751945362	0.579430672939284	1144
0.01988508042586	0.489418532086656	1144
0.023278054411095	0.48596934273912	651
-0.0219800607115199	0.411274533949238	734
-0.02126179208727	0.410975081816502	734
0.096175448730429	0.748309970077922	59
-0.00348876403041998	1.19646816619253	428
-0.0596971684868199	1.31705539993933	631
0.0911262054117979	0.756849654490018	631
0.103811654719605	0.738880359856423	640
0.014731756800628	0.491631095324249	640
-0.00187294431245011	1.19377655530841	68
-0.10176155072278	1.3013260309007	68
0.108515959925259	0.819108149415657	68
-0.02655133741802	0.413516459136083	68
0.116289118360308	0.812379417565106	1497
0.045122540926785	0.584713252751266	68
0.095856316101086	0.75148335431577	68
0.0706491011342451	0.677600223780693	68
-0.0442915844652301	0.827917027841226	27
0.026104045185156	0.957132588409819	62
0.028446503813386	0.48360544938142	461
0.100685129387	0.74301320891141	461
-0.0981466921266101	0.745767868246541	461
0.048925626216875	0.581990256936947	461
0.074167795067874	0.674452237797282	1405
-0.02126179208727	0.410975081816502	58
-0.0275337041419801	0.41314398527887	70
0.052525919680167	0.57602805165421	3153
-0.10375966946155	0.75224999052497	58
-0.0167559082206199	0.407972067925741	58
0.024448238004705	0.485979489293663	58
-0.0462658419111901	0.832779459230108	369
-0.02126179208727	0.410975081816502	136
-0.10085700265473	0.748130136351486	651
-0.02269870771255	0.411303674855888	651
-0.02126179208727	0.410975081816502	2745
-0.0258345509801201	0.413043803481388	107
-0.02296597963264	0.410908197770573	107
-0.02152858466472	0.41003633195509	630
0.050194666437503	0.579508239942932	255
-0.0260992604196	0.411639865603186	59
-0.00309610097596003	0.898858393241256	499
0.046553626280165	0.584006513426087	428
-0.00235849916257003	0.895516147632528	428
0.0381901559515701	0.587905463560951	640
-0.00925033491294003	1.20759892910537	640
0.10717016068227	0.823324582912003	68
-0.00540212271804008	0.900935842559104	1279
-0.10347131564349	1.30713843914712	1279
0.082535596407511	1.09969155434817	68
-0.05214663522971	1.09192757091705	1497
0.047346145957467	1.01149705599996	68
-0.01715103309723	0.912291720357311	68
-0.00452922723799998	0.900768800433598	68
0.068385646125452	0.67818335116457	27
0.051104922574378	0.578382340128469	62
-0.0213339937447401	0.410034538747514	461
0.0777570787936111	0.669257591111527	461
0.027603071345302	0.482838040528723	461
-0.02204793512445	0.410502951592421	461
-0.02798604242193	0.413256750767976	58
-0.09215707805429	0.73803235298508	58
-0.0234177334526799	0.410826590483551	58
0.051320090198551	0.57919073145	58
0.024448238004705	0.485979489293663	58
-0.0272685011114999	0.413655990175607	369
-0.0272685011114999	0.413655990175607	369
-0.02269870771255	0.411303674855888	369
-0.0462036113569599	0.831908676858292	115
-0.02054390147798	0.410401139638387	651
-0.0174713604435499	0.408269330515601	651
-0.0272685011114999	0.413655990175607	107
-0.02368524530921	0.41093826511309	734
-0.0255692233576701	0.412012891941837	734
-0.0160408315278899	0.407403518042765	281
-0.0248530618398799	0.411542674464278	59
-0.0553549164248901	0.841960769984904	499
0.069192640940806	0.677605957534758	499
-0.0115862779702101	0.907267879250086	499
-0.10576033699296	0.752702610754485	499
0.048887062491406	0.579066392358594	499
0.0587688913700281	0.571925970325381	499
0.065019502358502	0.68145076020221	227
0.070691655658463	0.678026569157053	640
0.055719918362014	0.574698669179361	68
0.0706491011342451	0.677600223780693	68
0.0706491011342451	0.677600223780693	68
-0.0227622512530099	0.410642108899905	1279
-0.0863560033119	1.56427483294502	1497
0.09545209967486	0.748829494531728	1497
-0.0219800607115199	0.411274533949238	68
-0.0219800607115199	0.411274533949238	68
0.044115700295148	0.583305055125838	68
-0.08930465194614	0.738516408507673	68
0.0448638426204619	0.581506850213005	27
-0.0471904418184399	0.833947885235395	27
-0.08601951004896	0.733542784754922	27
-0.0282514925208599	0.413283993547182	62
0.018396040612831	0.490271397263528	62
0.027540497875428	0.483333049189275	1208
-0.0321223702645701	0.414294926993374	39
0.068573196229238	0.677928296765056	60
-0.0514619726193899	0.838075235068243	461
-0.0174713604435499	0.408269330515601	461
-0.08930465194614	0.738516408507673	58
-0.0917245654501699	0.740271630477432	58
-0.0467280694833401	0.833499568027739	369
-0.0181871885549101	0.408299416064853	369
-0.03283864853932	0.414606391010606	369
0.0539882366235001	0.577157698100559	369
0.03218354428047	0.479413582214499	115
-0.0219800607115199	0.411274533949238	115
-0.0311435899907899	0.41466914140038	651
0.021954694301717	0.486484341980315	651
0.088109598544054	0.757928488564096	499
0.018074542770612	0.489482847860143	428
-0.0241372766757999	0.410514033565441	227
0.069192640940806	0.677605957534758	227
-0.0185160103345601	0.407432048797052	631
0.073716306314725	0.674693986096887	68
-0.03042831861484	0.413737551949063	68
-0.02126179208727	0.410975081816502	39
0.093622131482717	0.75195381109291	62
0.055915571549304	0.57547798114334	62
-0.03283864853932	0.414606391010606	62
0.00616923863286101	1.49200826569838	461
0.00582695645196796	0.880235518575428	461
0.107766259714319	0.822458622806067	1405
-0.0258345509801201	0.413043803481388	461
-0.02054390147798	0.410401139638387	58
0.033079169899778	0.944817278164292	58
0.02271214907369	0.487579497608867	58
0.090681567801179	0.75743968253429	58
-0.0652911632745701	1.3248448029586	58
-0.02054390147798	0.410401139638387	58
-0.01532613000762	0.406308829221225	369
-0.03564288538792	0.817912251080125	369
0.061541676482838	0.684142085633961	115
-0.0075407831473	0.904089015036193	115
0.02496179469841	0.482876357322454	115
-0.02224709287202	0.410608941783725	136
-0.03647113929269	0.415792999867536	102
-0.09953436667633	0.749396690614908	59
0.045947871805922	1.01517250837172	631
-0.02224709287202	0.410608941783725	68
0.103973972601607	1.18217783579678	68
-0.03704674689558	1.83887359174226	68
-0.02054390147798	0.410401139638387	1175
-0.01179909261532	0.403271579311875	62
-0.0473184194184999	0.836055686389923	39
-0.0258345509801201	0.413043803481388	1208
-0.0266455653020099	0.411660707456765	2754
-0.0275337041419801	0.41314398527887	461
0.117987401537902	0.808673178740054	58
0.0552404566810391	1.07582121336643	58
0.076091829467503	0.672419329813627	58
0.019037582423717	0.488172523893389	58
0.087034553972688	1.08923516729712	58
0.023617224616811	0.486158358630486	369
-0.03042831861484	0.413737551949063	369
0.00296773535708506	0.887149869137987	115
-0.02269870771255	0.411303674855888	115
0.046143796159531	0.583984480648196	115
-0.09370797935048	0.744558942126431	115
0.023617224616811	0.486158358630486	115
0.018658717968524	0.489036202673862	115
0.087555440650021	0.759023194171762	115
0.052748891290217	0.57655372047118	722
0.01988508042586	0.489418532086656	107
0.051396861230372	0.580465035444476	107
0.061541278949108	0.682392077803193	281
0.024126413957558	0.486297529129953	849
0.018658717968524	0.489036202673862	630
-0.02054390147798	0.410401139638387	256
-0.02054390147798	0.410401139638387	192
-0.0282514925208599	0.413283993547182	499
-0.01702628305176	0.407896565848327	227
0.056240164727035	1.07329479568537	631
-0.0192841691261201	1.70103724513444	640
0.089158311348611	1.15124986999717	640
0.075600322976015	0.673055187337654	640
-0.02655133741802	0.413516459136083	640
-0.0177419809880199	0.408465897919083	68
-0.01532613000762	0.406308829221225	68
0.015894522042094	0.490668273213241	27
-0.02054390147798	0.410401139638387	39
-0.0425201581371799	0.830048264006524	62
0.070691655658463	0.678026569157053	62
-0.02054390147798	0.410401139638387	62
-0.02054390147798	0.410401139638387	461
-0.02374598899693	0.411135954461803	461
0.071211880942081	1.12154077558862	58
-0.0406040311061	0.826070677262984	58
-0.00348352399280993	0.894415127699607	58
-0.00309610097596003	0.898858393241256	58
-0.10611620652994	1.06348262405697	58
0.057626214216558	0.684968775777338	58
-0.10146251673553	0.747946551465278	369
0.050194666437503	0.579508239942932	115
-0.04350722620203	0.831746454621921	115
0.022969991702422	0.486647207067339	115
0.096894501632446	0.747373585346091	651
0.045122540926785	0.584713252751266	651
-0.0321223702645701	0.414294926993374	107
-0.08930465194614	0.738516408507673	516
-0.0260992604196	0.411639865603186	35
0.078194146685732	1.10445162598225	145
0.104908473391712	1.24118867857199	631
-0.03471443415181	1.6016080057367	227
-0.0902830194339701	1.27738739754898	640
0.066928099402158	0.680486650454705	68
0.041772264073339	1.01148827377471	27
0.0687618373115489	0.678692884541327	27
-0.00247338860426005	1.1960365704289	27
-0.00552554582496989	0.901336015294575	39
-0.0349559652120299	0.816296380741471	62
0.049284710749173	0.579955911466618	461
0.00411730030410096	0.883644148757419	461
0.072367877310192	0.67343285174779	461
0.000253353946630952	0.891795861917322	461
0.045585791322962	1.01234356500664	461
0.110488050545816	0.819159010010353	1231
-0.10617300834118	1.06326377154687	1231
0.045531005212701	0.584266852242576	58
-0.05007462689646	0.837191734401835	115
-0.09953436667633	0.749396690614908	115
0.069573685338224	0.67542470894331	651
0.024448238004705	0.485979489293663	651
0.028446503813386	0.48360544938142	516
-0.02054390147798	0.410401139638387	630
-0.0219800607115199	0.411274533949238	88
-0.02126179208727	0.410975081816502	35
-0.0326969858244199	1.16157276239997	255
-0.0185160103345601	0.407432048797052	59
0.021838925547909	0.963588129765811	631
0.115330685332735	0.808837790339263	640
0.023541124291656	0.486623205126517	68
0.073574210342093	0.672071786781999	1318
-0.0231801782568499	1.41085395096268	68
-0.0974097332970601	1.04989249833512	68
0.119856366645677	0.807368196498912	1279
0.04632942677451	1.01427482715019	1175
0.022969991702422	0.486647207067339	68
-0.00890051833864991	0.902349670838986	1497
0.066456007533896	0.680898780720335	27
0.076796764290853	0.669889391893917	27
0.0266816292427799	0.955928739474556	27
-0.0453418207412	0.830414330179508	27
0.074519041082074	0.671460073883177	27
0.098604562593714	0.8324074020354	39
-0.0035321392721801	0.899341929598494	39
-0.0501911135375701	0.83818305671907	62
0.0568110225010881	0.572274315617657	62
0.109605021794474	0.820980612490793	2754
-0.0177419809880199	0.408465897919083	2754
-0.0840589029846199	1.36185471748097	461
-0.09403211771683	0.742365087458488	461
0.095411171470584	0.752047826511365	58
0.014149992122315	0.49165577187569	58
-0.0946461692690701	0.745493654326501	58
-0.02027673323395	0.409478238556457	58
-0.0439687512335301	0.832194077126855	31
-0.0244613091661201	0.410741903929385	58
0.094283955513046	0.751810384550412	369
0.070498252986762	0.676482753100705	369
-0.02054390147798	0.410401139638387	369
-0.10281944783493	0.751751903281367	369
-0.0373139796245501	0.820180071010025	115
-0.02655133741802	0.413516459136083	108
0.0253579034156241	0.484795069174205	108
-0.02054390147798	0.410401139638387	651
-0.02296597963264	0.410908197770573	1678
0.084251193942624	1.09586180085251	59
0.024448238004705	0.485979489293663	59
-0.11380749264968	1.31902945348934	145
-0.0102753521477199	0.906248896794869	499
-0.00715054366145007	0.902056650119357	227
-0.10084100652173	0.748740589931856	227
0.071634564639781	0.676943032280065	227
0.09674620527105	0.749634058767203	640
0.000380957523139047	0.893241810071057	640
0.095348718572571	0.748109144721036	640
0.054854142472091	0.574413084635253	640
0.044007433277046	0.584265525287332	68
-0.00304628790854	0.894050508820276	68
0.022848371775505	0.956614773757045	68
-0.09793575902146	0.747877004766513	27
-0.1037086147692	0.750296020634772	27
0.027540497875428	0.483333049189275	68
0.080786563877287	0.665046522784693	27
0.050421940085319	0.577358552721081	27
-0.10047411275597	0.748535263135333	39
0.018396040612831	0.490271397263528	39
-0.0978834669535	0.74670988899904	39
0.100575803741315	0.744667968397544	62
-0.09986512967794	0.748905423800284	62
0.0487729048333611	0.579894184023409	62
0.023219745533527	0.485729407307986	461
0.060596841850541	0.684326727632484	461
-0.0923522172557101	0.739682364296072	461
0.01988508042586	0.489418532086656	1231
0.024448238004705	0.485979489293663	58
-0.02296597963264	0.410908197770573	369
0.02046807907243	0.488971745774085	369
-0.03042831861484	0.413737551949063	369
-0.0260992604196	0.411639865603186	369
-0.02681629356167	0.412672237731607	651
-0.0272685011114999	0.413655990175607	281
0.094821990999058	0.752407921464207	59
0.074422570232472	1.04108259526626	59
0.018718315979064	0.48956308680362	59
-0.10064893963262	1.30220931392868	227
0.110856642852376	0.816755133131003	631
-0.0031919481731999	0.898197233547085	640
-0.08899884569884	0.736817016662058	68
-0.0496246516961401	0.835754291835769	68
-0.0491617256543699	0.835578136917684	1175
-0.05000956734371	0.836040923985988	1497
0.106654320037719	0.823432173581001	68
0.00078855236566	0.888934474647428	27
-0.08425939300521	1.02574744396316	27
0.070562853522125	0.675850127815162	27
0.023874039063565	0.486927927519843	39
0.051216925571805	0.578983513041556	39
0.0508189874713521	0.578867750869275	39
0.095856316101086	0.75148335431577	39
0.104143953696668	0.739802300917202	62
0.046042408356414	0.584258121837317	62
0.045122540926785	0.584713252751266	461
0.072614130533481	0.672458877517883	461
-0.0258345509801201	0.413043803481388	1231
-0.02628576158792	0.412152659857664	58
0.0508189874713521	0.578867750869275	58
0.101465390324248	0.74356321462395	369
0.017227585054816	0.489586810371336	369
-0.0227622512530099	0.410642108899905	369
-0.02171241051411	0.409806924167185	369
-0.02126179208727	0.410975081816502	651
0.102256463214414	0.741318645636829	59
0.051216925571805	0.578983513041556	227
-0.02027673323395	0.409478238556457	631
0.024448238004705	0.485979489293663	640
0.05045557672035	0.581254464006149	640
0.077843127509167	0.667983269168495	1497
0.023541124291656	0.486623205126517	68
-0.0272685011114999	0.413655990175607	27
-0.02171241051411	0.409806924167185	39
0.023874039063565	0.486927927519843	39
0.028123375859096	0.482805576227173	39
-0.02126179208727	0.410975081816502	62
-0.0219800607115199	0.411274533949238	1231
-0.0195594609890499	0.408907543271993	58
-0.09650921152461	1.05352432240843	145
0.093838259753929	0.75214845142026	640
0.015026236794749	0.489026988730679	640
-0.0258345509801201	0.413043803481388	68
-0.0177419809880199	0.408465897919083	68
0.051216925571805	0.578983513041556	68
-0.01982638852231	0.409294816847698	68
0.043701101735927	0.583979724437439	1279
-0.0971605236589499	0.745603110395669	68
-0.01982638852231	0.409294816847698	1497
0.024975818637501	0.483088159635418	39
0.022633873439302	0.486054814054359	62
-0.02054390147798	0.410401139638387	62
0.047575506939744	0.582807719551856	461
0.019563471132187	0.489615442131538	461
0.027022985035136	0.481847980108509	1231
0.067871821974537	0.678849066700979	1231
-0.0282514925208599	0.413283993547182	1231
-0.0989263178050599	0.748405526735507	58
0.018396040612831	0.490271397263528	58
0.02271214907369	0.487579497608867	58
-0.1032644863597	0.752001424844403	676
-0.0907870898132599	0.739342539207629	58
-0.02296597963264	0.410908197770573	369
-0.0311435899907899	0.41466914140038	31
0.025617394757113	0.485123505343381	31
0.024126413957558	0.486297529129953	2813
-0.0260992604196	0.411639865603186	651
0.015054303481413	0.489881989161453	651
-0.0219800607115199	0.411274533949238	165
-0.02655133741802	0.413516459136083	2238
-0.0219800607115199	0.411274533949238	107
-0.01702628305176	0.407896565848327	1650
0.019292824771818	0.48863605366341	630
-0.02303104447883	0.410996649608088	630
0.026699192054501	0.483336660270678	145
0.017573068868361	0.966582315340108	227
0.10504766864641	0.824801351617399	227
0.056521604655975	0.996155040460217	227
-0.01739697473057	0.913883978074618	640
0.04340289638503	1.01595998053902	227
-0.05303804473065	0.837578694574569	640
-0.02204793512445	0.410502951592421	640
-0.10182988102938	0.750945116951384	1279
0.050307751945362	0.579430672939284	68
0.088449250774844	0.758099844738623	27
0.019563471132187	0.489615442131538	27
-0.0411260170223	0.8264434980829	39
0.023874039063565	0.486927927519843	62
-0.01845805499361	0.408763534655611	62
-0.10276947661824	0.751442714649019	461
0.094520481774937	0.75248958975014	461
0.093014926333396	0.748555112387057	1405
0.048006237158267	0.582368210709497	58
-0.02054390147798	0.410401139638387	58
-0.01845805499361	0.408763534655611	58
-0.02628576158792	0.412152659857664	2813
-0.0241372766757999	0.410514033565441	108
-0.0308800899146	0.413479379600555	651
0.014149992122315	0.49165577187569	165
-0.02368524530921	0.41093826511309	2159
-0.11061490948276	1.52903843742597	59
-0.04743517400235	1.38158990123138	145
-0.00340631090312993	0.897247263280385	227
0.046926384687413	1.00845660977253	227
0.120745708152871	0.880830912579442	640
0.08897727454838	1.1515729712799	640
0.026021451611206	0.955783456508802	640
0.066948557113039	0.680003782229925	640
0.022633873439302	0.486054814054359	640
0.09789169049312	0.745840406702547	68
-0.0131435165149201	0.908659883510732	68
-0.0415878092166799	0.826768210873675	68
-0.0950693784226899	0.741849432324033	68
0.090681567801179	0.75743968253429	27
0.063364228348809	0.68242413585298	27
-0.00306844277177998	1.19407641946803	62
0.097785804257587	0.745842653684452	62
-0.04666592381331	0.832084929567095	461
0.0937296567399139	0.752793455055712	461
0.074638811426764	0.673688841918305	461
-0.10182988102938	0.750945116951384	461
-0.02303104447883	0.410996649608088	58
-0.01989133264931	0.408322516344122	2813
0.01350656551695	0.491361087548199	651
-0.0219800607115199	0.411274533949238	651
-0.0269120235748399	0.411228846660803	651
-0.02511814143824	0.41200820059487	165
-0.0191745054275401	0.408793596683385	3093
-0.0282514925208599	0.413283993547182	630
0.118624792619666	1.79432918935444	59
-0.0441522197428199	1.37524366785189	227
0.071540855946045	1.12089916269268	68
0.088658807369563	1.15490124436746	68
0.0869953595399821	0.759992736346922	68
-0.10788525373119	1.063490775781	27
-0.0722772445545601	1.34229409318218	39
-0.0654090088424599	1.11405373923641	62
-0.00684153510503993	0.900076808785753	461
0.020461695195668	0.963786703214855	461
-0.0116693889055499	0.909286365643556	461
-0.0324854055897501	1.1594832176859	461
-0.0163943578374799	0.912092899744508	461
0.099088544958826	0.746933026949287	2515
0.077032741138472	0.670623814255814	31
0.0695354577062151	0.677525448065441	369
-0.09502362707333	0.742673691836324	369
0.102764353742882	0.740454344760254	2813
-0.0191745054275401	0.408793596683385	651
-0.02374598899693	0.411135954461803	87
-0.0959053333923801	0.741746995291025	108
0.045019416731295	0.583964825035704	165
-0.02628576158792	0.412152659857664	165
0.025355212710095	0.484218430760984	165
-0.01845805499361	0.408763534655611	2039
-0.0318592374786799	0.414980836560012	2623
-0.02054390147798	0.410401139638387	430
0.025355212710095	0.484218430760984	281
0.0198262997302	0.487032938206078	261
-0.0174713604435499	0.408269330515601	261
0.0224042125685719	1.29643585078536	1338
-0.10088982816659	0.749497593613753	145
0.072991144608225	1.04406570610683	227
0.110181506417324	1.17193904745686	227
0.065711207462982	1.12768412157003	640
-0.05111396533077	0.839421607179318	640
0.01315277433524	0.972676027966603	68
0.089559194896244	0.757829924453327	68
-0.0554997106367201	1.10085740966381	68
-0.071051776912	1.34184821160697	68
0.020093366500865	1.23199948126073	1497
0.114506194418578	0.815177293556117	68
0.096522221629499	0.750640503411804	27
-0.0269528287015901	1.15040528662588	27
0.093838259753929	0.75214845142026	39
0.072386183595576	0.674840696387837	62
0.00925119947179997	0.493620297927824	62
0.0223885826807479	0.487091304289586	461
0.086240644405908	0.758475089387837	461
0.054897507576278	0.576398296971569	58
0.020845771635268	1.22929618307223	58
-0.0449552347245801	0.832895654322315	58
0.019292824771818	0.48863605366341	58
0.027863955920451	0.483928968898868	58
0.022047743818713	0.486175826254412	31
0.07310156410499	0.672051503456679	369
0.0101531477092141	0.492979790768356	719
-0.01058773101919	0.905487066638499	369
0.073225302584195	0.675272608175274	2813
0.045019416731295	0.583964825035704	2813
0.02271214907369	0.487579497608867	2813
-0.02152858466472	0.41003633195509	651
-0.02269870771255	0.411303674855888	651
0.025617394757113	0.485123505343381	651
-0.08459073037253	0.730727401541501	651
0.068857250380142	0.677772536748003	651
-0.02126179208727	0.410975081816502	2159
-0.0275337041419801	0.41314398527887	88
-0.0609498500174099	1.75257153110638	62
0.08283344234226	1.40819217457895	31
0.0554203389508789	1.56063530273086	369
0.097798657614936	1.72125548483613	369
0.091891713159302	1.68545935379286	651
0.121258310347254	1.58794876205503	108
0.039135798252072	1.54260821841374	4143
0.0900713403329671	1.1495410282071	165
0.084499198876779	1.09491398293098	107
-0.10342430180502	0.751831170823407	107
0.019616290013416	0.487846557035176	107
-0.0902412031006401	0.739444712132358	107
-0.01982638852231	0.409294816847698	107
-0.05631316814499	0.842781959858095	430
0.059133159714147	0.685809711414638	430
0.049284710749173	0.579955911466618	88
-0.0275337041419801	0.41314398527887	88
-0.0219800607115199	0.411274533949238	88
0.023541124291656	0.486623205126517	1411
0.0539882366235001	0.577157698100559	256
-0.0219800607115199	0.411274533949238	301
-0.02027673323395	0.409478238556457	256
-0.0308800899146	0.413479379600555	59
0.056025181003023	0.574375550960549	227
0.092383549249353	1.20845701927796	227
0.105528986050378	0.824738871182783	227
0.124622395594942	0.942469977017202	68
0.054756633877169	0.995985487450884	68
-0.0226577505999299	1.14410969039237	68
0.0244546030278719	0.486210829047288	68
0.09705654727517	0.748395899375894	68
-0.00404714359698999	0.895816412987932	68
0.11699297503327	0.809173384866329	68
0.051216925571805	0.578983513041556	27
-0.09749199277947	0.746833585708175	27
-0.0282514925208599	0.413283993547182	27
0.046042408356414	0.584258121837317	39
-0.0906828892265601	0.737841731938897	39
-0.04725147099286	0.834009853999543	39
-0.0902927711441599	0.739314570191516	62
-0.0942016332629401	0.744959671022221	62
-0.09793575902146	0.747877004766513	62
0.094113163716443	0.74887805652493	976
0.026440908340482	0.954254136541557	461
0.050038499866277	1.00809553790008	461
0.042073693520404	0.586934090859484	2254
0.024448238004705	0.485979489293663	58
0.048837705584495	0.579562896948135	58
0.065491991641784	0.681299972255719	58
0.086226119623167	0.760354003609723	58
-0.0488342530950501	0.835144981174445	58
0.075479175818931	0.670441921506615	58
0.051216925571805	0.578983513041556	31
0.012923867002502	0.491690017402143	2813
0.0772682901707	0.669687201901373	1937
0.015313266708984	0.491302403590035	651
-0.02126179208727	0.410975081816502	87
0.020207465749117	0.487853014850325	108
-0.02126179208727	0.410975081816502	651
-0.0321223702645701	0.414294926993374	430
-0.02224709287202	0.410608941783725	281
-0.02152858466472	0.41003633195509	496
-0.02296597963264	0.410908197770573	88
0.083630412922403	1.0946988955676	1338
0.115177706077355	0.810412967961582	68
-0.06284623948168	1.32631318261556	68
-0.10227464013169	0.750552142694754	68
0.121349574711385	0.803893634175161	503
0.114886416068757	0.814503453424758	503
0.117198242573641	0.810674141169511	138
0.093817340439017	0.75436053891304	4028
0.065019502358502	0.68145076020221	27
0.023219745533527	0.485729407307986	976
0.070970466194765	0.676426069400077	461
0.067234928576872	0.679784536227598	461
-0.00219116565918998	0.89628317751981	461
-0.10232457784226	0.751503576493597	461
0.05449775594732	0.576796655212425	58
0.015635472514211	0.489856186901135	1937
-0.02126179208727	0.410975081816502	651
-0.0209943829552901	0.409776652047704	651
0.028446503813386	0.48360544938142	1912
0.0272778189563569	0.482896860321828	215
-0.0181871885549101	0.408299416064853	107
-0.02126179208727	0.410975081816502	2006
-0.02027673323395	0.409478238556457	873
-0.02126179208727	0.410975081816502	873
-0.0209943829552901	0.409776652047704	59
-0.09749199277947	0.746833585708175	59
0.0518294428142	0.578940599864088	59
-0.02681629356167	0.412672237731607	227
-0.0185160103345601	0.407432048797052	640
-0.10276947661824	0.751442714649019	59
0.05070589095183	0.579346013754557	59
0.094393711536916	0.750108833428308	59
0.046143796159531	0.583984480648196	59
-0.0248530618398799	0.411542674464278	3013
-0.01982638852231	0.409294816847698	68
-0.02681629356167	0.412672237731607	1253
-0.0584394106506201	1.1019061786941	59
-0.05896816685716	1.10307172108224	59
-0.10085700265473	0.748130136351486	59
0.018979883904056	0.490062948615881	59
-0.0195594609890499	0.408907543271993	59
-0.01532613000762	0.406308829221225	1338
-0.0219800607115199	0.411274533949238	68
-0.02681629356167	0.412672237731607	27
-0.02126179208727	0.410975081816502	62
0.048516771594874	0.581649347606665	145
0.0361209308064681	1.02835297033475	145
0.123336520203134	0.878182985378029	28
0.104920772398063	0.736610215183872	3
0.115083588764086	0.81460781589565	227
-0.0174713604435499	0.408269330515601	492
-0.0990876553494	0.748376627520693	492
-0.04586714198485	0.833748404069435	640
0.040699374541219	0.586317312817613	640
-0.04304584551746	0.83102684917276	2556
0.0518294428142	0.578940599864088	138
-0.0878237669256701	0.735244515649606	27
-0.02681629356167	0.412672237731607	62
0.014991841711362	0.491309861338566	62
-0.0916097817644601	0.738581778204237	1253
-0.0488342530950501	0.835144981174445	461
0.048516771594874	0.581649347606665	461
-0.04205898290162	0.829330283326122	461
0.074187540295432	0.674638088463039	3521
0.019301826126752	0.489626676436646	676
-0.0506008627741601	0.837514751573075	201
0.0456332633866861	0.58446214274432	1002
-0.10187876830828	0.750302944147588	719
0.052338611403571	0.578466672455565	719
-0.0944731529637399	0.742342543600819	719
-0.0209943829552901	0.409776652047704	1937
-0.0219800607115199	0.411274533949238	1912
0.025032944637482	0.485654316649321	651
0.092133427206967	0.754891977117811	492
0.11518543323143	0.811377868426648	492
-0.0423826769265201	0.82549954856752	68
0.072877036756102	0.67394293382718	68
-0.0894445802000201	0.737918327979612	68
0.091023814286454	0.755383845051624	68
-0.10293362261797	1.05918509576476	68
-0.01739697473057	0.913883978074618	68
-0.0455587752292801	0.830211195567949	68
-0.0543971204528599	0.841139446146935	138
0.052569157087447	0.576798340157529	138
0.081672682703113	0.663398311650691	138
0.101422284569245	0.744412939256433	228
0.094148029005933	0.753507170149723	228
0.018967032387011	0.965484128988099	228
-0.08601951004896	0.733542784754922	27
0.029028796684373	0.483077229419228	62
-0.04817647962551	0.835179767252813	62
0.029028796684373	0.483077229419228	62
0.114738777318853	0.813508842851524	461
-0.0454060473848501	0.832839549574119	461
0.059179045766838	0.68445454539194	461
0.054388192471149	0.57655956635133	461
0.023874039063565	0.486927927519843	461
-0.02224709287202	0.410608941783725	58
-0.0248530618398799	0.411542674464278	4039
-0.0174713604435499	0.408269330515601	58
-0.02126179208727	0.410975081816502	87
0.0247114467027531	0.485765853390852	651
-0.0272685011114999	0.413655990175607	651
-0.0244613091661201	0.410741903929385	1450
-0.0301650740028001	0.413168838752643	261
0.046207759159246	1.00988719483892	145
0.096967242444151	0.750536532514997	227
-0.0683329386996801	1.33793981078021	492
-0.0139177252729601	0.91150484074585	138
-0.1060616586455	1.30983364046557	138
0.046654139367612	0.583264229566345	138
-0.0219800607115199	0.411274533949238	138
-0.05112603512005	0.836641159462572	27
0.074187540295432	0.674638088463039	62
-0.0425846091014499	0.830015628268642	1253
0.019242636889533	0.488316656329156	62
0.067280377502936	0.680555980129505	62
0.022369773407166	0.486612908966987	461
0.062959994572732	0.682442845273658	461
0.070463053659766	0.676283922324342	461
-0.09779050549235	1.05551263282637	461
0.070219973890188	0.678177052077024	58
0.018713772455309	0.489267128736786	58
-0.10714948567933	0.754242155357264	58
0.0232932211435261	0.487372497728726	58
-0.02655133741802	0.413516459136083	58
-0.09810085631063	0.748213932424267	58
0.015894522042094	0.490668273213241	143
0.026120312505952	0.483542535242062	143
0.049284710749173	0.579955911466618	719
-0.0272685011114999	0.413655990175607	1912
0.01988508042586	0.489418532086656	87
0.00776790808664796	0.493180908894765	108
-0.01982638852231	0.409294816847698	651
-0.01845805499361	0.408763534655611	142
-0.02224709287202	0.410608941783725	124
-0.0591474387476401	1.10445740599438	59
-0.09749199277947	0.746833585708175	28
0.112828341997859	0.817193940407828	492
-0.02204793512445	0.410502951592421	492
0.076902905878115	0.669258092131656	640
0.024777930759568	0.485508813766345	640
0.018134467076113	0.489594120900239	640
-0.02655133741802	0.413516459136083	68
0.049683251906183	0.579446313548818	68
0.025032944637482	0.485654316649321	68
0.00718646931439604	0.492721203650726	138
0.029610834728566	0.482297418223224	138
0.024126413957558	0.486297529129953	62
-0.0258345509801201	0.413043803481388	62
0.023863274661684	0.486099627797188	62
-0.0258345509801201	0.413043803481388	62
0.112540988411983	0.815743597335331	60
-0.0272685011114999	0.413655990175607	60
-0.0209943829552901	0.409776652047704	461
-0.04684926980641	0.830216884159051	58
0.053589170236563	0.576275650597332	3521
-0.0563013527473599	1.10304253111532	58
-0.0588528239092401	1.58597199429927	58
-0.04020286589329	0.82505765975035	81
0.023036490742703	0.486096154978228	81
0.076342299546469	0.668314391890958	143
0.03305122742846	1.02640866617163	719
0.051104922574378	0.578382340128469	719
-0.08606805821997	0.732277874479631	719
-0.02655133741802	0.413516459136083	215
-0.02655133741802	0.413516459136083	107
0.005244579752122	0.493425732359421	159
-0.02126179208727	0.410975081816502	430
0.047164293133111	0.582233807767243	28
-0.01845805499361	0.408763534655611	640
-0.0270026768912099	0.41175796254343	3
0.093145648300846	0.754087393205243	3
0.052126398885587	0.577858320833396	1046
0.0701775126309701	0.678272566722145	138
-0.0248530618398799	0.411542674464278	27
-0.02062042675795	0.40900976372954	228
-0.0076680901978099	0.905132799641932	1253
-0.0984309517191799	0.748279555131063	62
-0.02126179208727	0.410975081816502	62
-0.02681629356167	0.412672237731607	461
0.023863274661684	0.486099627797188	461
-0.0255692233576701	0.412012891941837	116
0.046984613780248	0.583096671940291	58
0.018718315979064	0.48956308680362	58
0.025032944637482	0.485654316649321	58
0.052968630788121	0.577257091014872	143
-0.0209943829552901	0.409776652047704	1399
-0.02171241051411	0.409806924167185	1399
-0.0029702315778799	0.89730007790955	651
0.049458508129321	0.579414238669438	651
0.124639884626318	0.797820117002823	108
-0.0916097817644601	0.738581778204237	142
0.01988508042586	0.489418532086656	88
0.018074542770612	0.489482847860143	1541
-0.01845805499361	0.408763534655611	256
-0.02126179208727	0.410975081816502	256
-0.02160228096364	0.409501347707808	256
-0.0275337041419801	0.41314398527887	256
0.104143953696668	0.739802300917202	28
0.08039387190901	1.10424365788243	227
0.123474155736704	0.946214961728777	227
0.025530615486994	0.957333624654178	492
-0.08825792953148	1.03530989131048	492
0.11843983196875	0.88409546918066	586
0.029336413323626	0.480429891685479	640
0.040619309949262	0.587504955751975	640
0.02046807907243	0.488971745774085	1046
-0.01967025931526	1.40347680464419	138
0.046042408356414	0.584258121837317	138
0.01350656551695	0.491361087548199	449
0.018658717968524	0.489036202673862	62
-0.10940045681671	1.06933091022248	116
0.045894123217096	0.583988231653479	461
-0.02224709287202	0.410608941783725	461
-0.0167559082206199	0.407972067925741	461
0.022955577507461	0.486743487685973	461
-0.02374598899693	0.411135954461803	461
-0.09502362707333	0.742673691836324	461
-0.09951403230213	1.05473716351841	58
0.052847596083534	0.577753107832341	58
-0.0272685011114999	0.413655990175607	143
0.088224086401354	0.759614120801783	719
0.078717919400296	0.667870587055351	719
-0.02027673323395	0.409478238556457	143
0.047674257578092	0.580511431608997	1399
0.045969789751919	0.584316078302034	87
0.110337636973072	0.819418273471871	651
0.115273463168771	0.8880020029951	651
0.013224973008293	0.490157514268542	108
-0.0283384601138399	0.412461825619006	532
-0.0209943829552901	0.409776652047704	651
-0.0944731529637399	0.742342543600819	159
-0.02152858466472	0.41003633195509	185
0.021549241707246	0.486898835394247	88
-0.0275337041419801	0.41314398527887	88
0.020194744953431	0.487218320275361	88
-0.02655133741802	0.413516459136083	1827
0.027540497875428	0.483333049189275	640
-0.0181871885549101	0.408299416064853	68
-0.0974407396063199	0.74719824613095	68
0.050307751945362	0.579430672939284	68
-0.10331082734434	1.06286474107683	68
0.06493465871696	0.680953281081501	3
0.02413204684269	0.484654206701602	138
0.082869830588769	0.663041149142515	138
0.024777930759568	0.485508813766345	228
-0.02204793512445	0.410502951592421	62
-0.02628576158792	0.412152659857664	62
-0.0219800607115199	0.411274533949238	1214
0.050965191491711	0.580536252528698	1214
0.071163185879934	0.677615044871189	62
0.038481789253849	0.58717907051904	461
0.024197704557829	0.48595166057885	58
0.0232932211435261	0.487372497728726	58
-0.0925996379656999	0.740411712998113	3521
-0.11047470501171	1.06908481496716	58
-0.0102753521477199	0.906248896794869	58
-0.10088982816659	0.749497593613753	58
-0.0255692233576701	0.412012891941837	143
-0.02368524530921	0.41093826511309	719
0.023863274661684	0.486099627797188	719
-0.02171241051411	0.409806924167185	719
-0.09793575902146	0.747877004766513	719
-0.04297405326007	0.826107171365886	87
-0.02269870771255	0.411303674855888	1399
-0.04304584551746	0.83102684917276	651
-0.05588859984669	0.842819261278685	651
-0.0916718942050301	0.739129017850734	651
-0.01702628305176	0.407896565848327	651
-0.02054390147798	0.410401139638387	159
-0.02243081627196	0.409335013447221	185
-0.0191745054275401	0.408793596683385	873
0.025296222724603	0.484980985533228	124
-0.02374598899693	0.411135954461803	88
0.026201588560498	0.484339946364837	88
0.026201588560498	0.484339946364837	28
-0.01702628305176	0.407896565848327	28
-0.0258345509801201	0.413043803481388	28
0.085282277321726	1.16035220211351	586
0.124026114699007	1.31116592914706	2401
-0.0195594609890499	0.408907543271993	3
0.050377709041318	0.581191372480998	1046
-0.0311435899907899	0.41466914140038	68
-0.0270026768912099	0.41175796254343	138
-0.0270026768912099	0.41175796254343	1253
-0.0984309517191799	0.748279555131063	461
0.015573436450521	0.490087795635554	461
-0.0589908097399901	1.10709930085666	58
0.110548829019692	0.81814478619289	58
-0.0651853435087899	1.11262307206981	58
0.022998368800776	1.29733657098886	58
-0.0553549164248901	0.841960769984904	58
-0.0595311825700799	1.10477805056359	58
0.0419464186220651	1.2600036963998	58
-0.0219800607115199	0.411274533949238	58
-0.10133535729095	0.750054808327821	719
-0.09502362707333	0.742673691836324	143
-0.01845805499361	0.408763534655611	143
0.0499714502769491	1.08381741377808	143
0.024126413957558	0.486297529129953	143
0.049272460664583	0.579847345768062	651
-0.0399871683411499	0.821215396249888	142
0.013245527953803	0.492298919499597	159
0.082981306783787	0.763566836384996	88
0.023874039063565	0.486927927519843	88
0.098241617109565	0.745973595654529	88
0.031858046760526	0.479592176505172	88
0.021806919098716	0.487298612728869	256
0.027863955920451	0.483928968898868	492
0.086274510982555	1.15736315848322	138
-0.02126179208727	0.410975081816502	138
0.01988508042586	0.489418532086656	228
-0.02303104447883	0.410996649608088	461
0.046654139367612	0.583264229566345	58
0.067892407182147	0.679441541768604	58
0.023541124291656	0.486623205126517	58
0.018718315979064	0.48956308680362	58
-0.0405426713375501	0.824262114868249	58
0.045122540926785	0.584713252751266	651
-0.0227622512530099	0.410642108899905	873
0.017811941061995	0.490207639636099	88
0.0232932211435261	0.487372497728726	88
-0.02224709287202	0.410608941783725	1541
0.019301826126752	0.489626676436646	28
-0.0822609848129201	1.55719107777984	492
-0.02296597963264	0.410908197770573	492
0.096822512653444	0.749614964366479	586
0.05449775594732	0.576796655212425	1046
-0.0219800607115199	0.411274533949238	60
0.101093204126776	0.74444678499081	461
0.029610834728566	0.482297418223224	58
0.015442319949291	0.969910369152727	58
0.036635374042415	1.33903339699214	58
0.0759679802015319	0.669213087434619	143
0.052015478605529	0.576190544470466	111
-0.01393770403739	0.405210698913732	159
0.100978474884116	0.745203782696207	159
-0.0272685011114999	0.413655990175607	281
0.111725422023101	1.61572236277745	3309
0.044038008673602	0.584773393056634	28
-0.0321118718328499	1.15922185929842	492
-0.0953027863578699	1.04797206414711	492
0.045460259310538	0.584680774888386	492
0.014991841711362	0.491309861338566	3
-0.0311435899907899	0.41466914140038	138
0.120027247891213	0.882673713326702	3
0.045531005212701	0.584266852242576	138
0.023551146358285	0.485931475764711	449
-0.09990157960079	0.747299086343971	3913
0.048006237158267	0.582368210709497	116
-0.0209943829552901	0.409776652047704	58
-0.0195763662119699	1.1338461225051	58
-0.0958120638965201	0.743393982530648	58
-0.02160228096364	0.409501347707808	58
0.077039314805343	1.11141145261271	58
-0.0959053333923801	0.741746995291025	58
0.044212408879249	0.583970126946329	143
-0.0500877228791701	0.83563684024587	719
0.054897507576278	0.576398296971569	87
-0.0975422411798299	0.743849447736035	87
0.024448238004705	0.485979489293663	651
-0.0902412031006401	0.739444712132358	532
0.018718315979064	0.48956308680362	651
-0.0258345509801201	0.413043803481388	142
-0.02511814143824	0.41200820059487	159
0.019563471132187	0.489615442131538	159
-0.02243081627196	0.409335013447221	88
0.0272811528101971	0.484048387209294	256
0.088845833445888	1.21575318190584	59
0.028770399960519	0.482516920035912	3
-0.06409270945426	1.59358568089641	492
-0.01092660532231	0.907261703566426	586
-0.01702628305176	0.407896565848327	3
-0.0160408315278899	0.407403518042765	138
-0.02152858466472	0.41003633195509	27
-0.0219800607115199	0.411274533949238	1214
-0.02303104447883	0.410996649608088	1214
0.033342871899596	0.478571799591354	116
-0.02681629356167	0.412672237731607	58
-0.02151791840537	1.79630076992487	58
-0.02126179208727	0.410975081816502	143
0.01412569012995	0.490443066524519	143
0.111123414384759	0.817781414852595	87
0.053079258290865	0.576636389861015	143
-0.10654330490095	1.06452788388946	651
-0.0195594609890499	0.408907543271993	873
-0.0492688391220399	0.835345156000004	124
0.027863955920451	0.483928968898868	88
0.052126398885587	0.577858320833396	256
0.066291697755233	0.681213975162001	3
0.096411233434052	0.751468777011457	227
0.049854072495245	0.578577034319724	492
-0.02224709287202	0.410608941783725	3
-0.0634330267868299	1.11202184407786	138
-0.02511814143824	0.41200820059487	27
-0.0272685011114999	0.413655990175607	1214
-0.01982638852231	0.409294816847698	62
-0.10002734577024	1.05916311403296	461
0.02137253989597	0.48720056173569	461
-0.02126179208727	0.410975081816502	116
0.046553626280165	0.584006513426087	58
-0.0917245654501699	0.740271630477432	143
-0.0282514925208599	0.413283993547182	532
-0.0993694537518901	0.748779223526523	142
0.081627314167093	0.66253783869902	159
-0.10685279933554	0.752870753678222	2300
0.101865961527386	0.743369894346761	492
0.023805360299448	0.485199002275023	138
-0.0321223702645701	0.414294926993374	4611
-0.02224709287202	0.410608941783725	1945
0.046143796159531	0.583984480648196	1419
-0.02224709287202	0.410608941783725	58
-0.02826511476383	1.15513670293201	58
0.117856413077181	0.805341967478308	58
0.074208169876688	0.673075292425596	58
-0.02204793512445	0.410502951592421	143
-0.0275337041419801	0.41314398527887	143
0.028446503813386	0.48360544938142	143
-0.05000956734371	0.836040923985988	651
0.042663323107946	0.585444928417502	111
0.0272811528101971	0.484048387209294	142
0.025939335704131	0.483894472955633	142
0.028705998608865	0.482027330230746	2300
-0.0132244601003699	0.40491562005861	185
-0.0945958748493101	0.742984557989113	88
0.082869830588769	0.663041149142515	88
-0.02126179208727	0.410975081816502	256
-0.0428449013160801	0.8258244963643	427
-0.02171241051411	0.409806924167185	256
0.113577205242806	1.28202122749103	3309
-0.02126179208727	0.410975081816502	3
0.057829215456676	0.571753273684329	492
-0.02054390147798	0.410401139638387	492
-0.02152858466472	0.41003633195509	492
0.045122540926785	0.584713252751266	461
-0.0515257386336601	0.839027294877824	58
0.0169196692947901	0.968371118732399	58
0.04994577766228	0.581730930079566	58
-0.0650069343625499	1.113817634905	81
-0.01884256586002	0.40780874728478	143
0.097350309199198	0.744526165330573	143
0.017811941061995	0.490207639636099	143
-0.0174713604435499	0.408269330515601	108
-0.0255692233576701	0.412012891941837	3265
-0.02062042675795	0.40900976372954	2300
0.024448238004705	0.485979489293663	4095
0.027863955920451	0.483928968898868	427
0.047421758695448	0.582895556425818	427
-0.02204793512445	0.410502951592421	427
0.055387635598189	1.07637161733819	59
0.017231189624071	0.489309455924818	28
0.041130590971366	0.587406556553626	28
0.118677445934433	0.804816408216067	3
0.052748891290217	0.57655372047118	492
0.02290882940409	0.959714033658247	492
0.0312776677491849	0.47991280403049	1046
-0.07793834084452	1.54867274998552	138
-0.0308800899146	0.413479379600555	27
-0.0283384601138399	0.412461825619006	27
0.050194666437503	0.579508239942932	228
-0.06075612162344	1.10546301760301	436
-0.03410763923275	1.16358606782102	1425
0.018979883904056	0.490062948615881	60
-0.02681629356167	0.412672237731607	1419
-0.0219800607115199	0.411274533949238	116
0.01690542275676	0.489629484686196	58
0.01988508042586	0.489418532086656	58
-0.02224709287202	0.410608941783725	58
-0.01845805499361	0.408763534655611	58
0.013567972479116	0.491104131466548	576
0.119585421761368	0.807010809879167	143
0.016373062604958	0.487070883468208	143
0.046553626280165	0.584006513426087	651
-0.01845805499361	0.408763534655611	111
-0.02224709287202	0.410608941783725	159
0.020194744953431	0.487218320275361	5331
-0.0275337041419801	0.41314398527887	281
-0.02296597963264	0.410908197770573	4095
-0.0448922346501099	0.832250767371396	4051
-0.02027673323395	0.409478238556457	88
-0.02681629356167	0.412672237731607	2633
-0.0234177334526799	0.410826590483551	427
0.018201546718365	1.59115990824485	59
0.082535620776571	1.6554890322632	59
-0.10182988102938	0.750945116951384	28
-0.00915174126853002	0.902909367342115	28
0.096967242444151	0.750536532514997	28
0.020287685237055	0.964826678754022	28
-0.0183988133216799	0.915000644340582	28
-0.05784060098684	1.09964026166112	227
0.067280377502936	0.680555980129505	492
0.02482309729934	1.22130464179558	492
0.113189229579432	0.812798719723686	492
-0.10075409595241	1.30329411160113	492
0.060382194665811	1.06255404138938	492
0.055301158403493	0.574603309543629	492
0.111478569692482	0.815360896300515	3
-0.0951717591141701	1.04891255923412	138
-0.02054390147798	0.410401139638387	228
-0.10088982816659	0.749497593613753	436
-0.0631453700126601	1.10977360570165	62
0.112107103771873	0.891496560815947	116
-0.0075407831473	0.904089015036193	461
0.021860587448811	0.485087317032567	116
0.051906161119228	0.579747820483783	58
-0.09749199277947	0.746833585708175	58
-0.01127247500998	0.907359697668556	58
-0.02511814143824	0.41200820059487	58
0.018658717968524	0.489036202673862	58
-0.06849438259769	1.11878373706479	58
0.06859008692167	0.676711539720827	58
0.01988508042586	0.489418532086656	143
0.015894522042094	0.490668273213241	143
-0.0980373330324	0.743266869369259	143
-0.0452751097069699	0.829137770523006	108
0.024126413957558	0.486297529129953	651
-0.0255692233576701	0.412012891941837	2386
-0.0219800607115199	0.411274533949238	124
0.123609916254388	1.31164483526929	59
-0.10122615111596	1.05679536755548	28
-0.00810417892223003	0.905474597546475	28
0.09968568406122	0.744935017772808	492
-0.0163109608263099	0.406800295212078	3
-0.10416969098238	1.3046897218356	138
0.023249473421975	0.95480866394553	138
0.070219973890188	0.678177052077024	27
0.117566946652723	0.809353380067881	449
0.048516771594874	0.581649347606665	1425
-0.0949689536277001	0.742864252382889	62
-0.01334950778458	0.910722714864958	62
-0.02798604242193	0.413256750767976	4948
0.04994577766228	0.581730930079566	4948
-0.03968099731347	0.825178442588961	617
-0.00379355519362989	0.89147442352573	461
0.072127550709398	0.671402856164405	58
0.071442525640841	0.67612984240809	58
-0.0270026768912099	0.41175796254343	58
-0.0258345509801201	0.413043803481388	58
-0.0411313527319399	0.415949824598344	58
0.07354553168559	0.6695460244989	58
-0.02368524530921	0.41093826511309	576
0.05303617133165	0.57566754602637	143
-0.0897986252234599	0.739035587099458	143
-0.09469545971871	0.745084893553968	143
0.021050822262274	0.488251197847747	143
0.046654139367612	0.583264229566345	143
-0.0993694537518901	0.748779223526523	143
-0.00710478391670999	0.904041281076599	143
-0.0209943829552901	0.409776652047704	4294
-0.0321223702645701	0.414294926993374	2363
-0.0301650740028001	0.413168838752643	353
0.027863955920451	0.483928968898868	1641
-0.0321223702645701	0.414294926993374	88
-0.10032349437777	1.69841779636546	28
-0.0303193983082799	1.15485336781473	28
0.085366331176292	1.1603913174566	28
0.0620146013965131	0.683875042382447	28
-0.02062042675795	0.40900976372954	492
0.017811941061995	0.490207639636099	492
0.115751938826139	0.808770654640584	492
0.014138607599576	0.971067319567986	492
0.023874039063565	0.486927927519843	3
-0.02655133741802	0.413516459136083	3
0.070691655658463	0.678026569157053	3
0.055884710317533	1.07329683588308	138
-0.0467280694833401	0.833499568027739	27
-0.1037086147692	0.750296020634772	436
-0.02152858466472	0.41003633195509	1425
0.067400037520026	0.679813497175578	1425
-0.0244613091661201	0.410741903929385	60
0.051396861230372	0.580465035444476	58
-0.0266455653020099	0.411660707456765	58
-0.02224709287202	0.410608941783725	58
-0.01532613000762	0.406308829221225	58
-0.00392088805382995	0.894537190568683	143
-0.02511814143824	0.41200820059487	143
-0.02054390147798	0.410401139638387	143
0.051216925571805	0.578983513041556	108
0.048260908541812	0.579536967913448	651
0.018658717968524	0.489036202673862	1641
-0.02171241051411	0.409806924167185	88
-0.0248530618398799	0.411542674464278	3309
0.073206568988624	0.673771597177855	492
0.024126413957558	0.486297529129953	492
-0.00409297280586007	0.900284691005304	492
0.068531906464684	1.05331520743118	3
0.078783444182754	1.10522866819978	138
-0.0275337041419801	0.41314398527887	138
0.09607706742607	0.750487718983681	228
0.123400640554679	0.87896271045753	228
-0.10545983085944	1.06443359046293	228
-0.0667934586638199	1.11660640401142	436
-0.0332586478527099	0.811923242514555	62
0.09228468005936	0.754371535442048	60
-0.1013979649636	1.30032111640741	116
-0.02224709287202	0.410608941783725	4948
-0.0954649279480799	0.743144794083816	116
0.048006237158267	0.582368210709497	58
0.02077167013323	0.962869208612799	58
-0.0640235280379899	1.11276437205097	143
-0.00623317144187996	0.903073544352136	143
0.023278054411095	0.48596934273912	143
0.0806207461965101	0.664678357707104	143
0.049398878557528	0.578704046797879	143
-0.0917245654501699	0.740271630477432	143
0.0464735246032461	0.583105940489027	143
-0.0282514925208599	0.413283993547182	108
0.090578299209038	0.756358000060329	651
-0.0219800607115199	0.411274533949238	2386
-0.00419195745327006	0.899082972512388	2363
0.0456332633866861	0.58446214274432	142
-0.0275337041419801	0.41314398527887	124
-0.0219800607115199	0.411274533949238	124
-0.0177419809880199	0.408465897919083	256
-0.10554138818519	1.06603103357305	59
-0.0163109608263099	0.406800295212078	145
-0.00248165052560001	0.891915325694495	3309
0.0461063100235361	1.0876559121415	28
0.00396335607948195	0.88627208238187	3
-0.02152858466472	0.41003633195509	492
-0.02126179208727	0.410975081816502	3
-0.00379775659557002	0.896058451321848	492
0.049514758018424	0.580747497378275	492
0.058466495475804	1.06914484254838	492
-0.0970473225681101	0.74402848833264	492
0.112275751949528	0.814912814981765	492
0.074541491866149	1.11265407597491	138
-0.02550435675132	1.15042606061269	27
-0.04586714198485	0.833748404069435	228
0.123338059906129	0.945709041872252	436
-0.096487840487	1.29485800822116	617
-0.01127247500998	0.907359697668556	4948
-0.02231647525331	0.410527599337308	58
0.0950755844876781	0.751756626993878	143
0.021050822262274	0.488251197847747	143
0.04994577766228	0.581730930079566	143
-0.0936587563737701	0.743832365386165	143
-0.02296597963264	0.410908197770573	143
0.070989456644051	0.674602447911955	108
-0.0282514925208599	0.413283993547182	124
0.046143796159531	0.583984480648196	88
0.022339768779143	0.959952770729953	28
-0.0177419809880199	0.408465897919083	492
0.070970466194765	0.676426069400077	28
-0.0968515750708401	1.29569449705779	3
0.070007912083619	0.677468988104035	492
0.122699110427439	1.31604365942593	138
0.022085476342519	0.962108231810592	27
-0.00365684715971004	0.899538831022518	228
0.025208529475809	0.95356140124098	1946
-0.10388775478518	1.06171029767863	436
-0.04304584551746	0.83102684917276	1425
-0.0272685011114999	0.413655990175607	1425
0.069045891537287	0.677871562537287	4509
-0.0439687512335301	0.832194077126855	4509
0.052847596083534	0.577753107832341	60
-0.06135975103521	1.10998263879554	4948
0.122746946737369	0.946449425847061	58
0.01988508042586	0.489418532086656	58
-0.0318592374786799	0.414980836560012	58
0.050965191491711	0.580536252528698	2255
0.01845862199186	0.48819762268695	2255
0.024150040670796	0.957905952063758	143
0.0695354577062151	0.677525448065441	3447
0.070480212567462	0.677172512450515	143
-0.0981272917009499	1.0494013008825	143
-0.09779050549235	1.05551263282637	143
0.025296222724603	0.484980985533228	143
0.05470388457872	0.575418378189354	108
-0.0448693540366401	0.828566902392533	618
-0.02126179208727	0.410975081816502	142
0.024126413957558	0.486297529129953	124
0.022633873439302	0.486054814054359	88
-0.02126179208727	0.410975081816502	2953
-0.0195594609890499	0.408907543271993	382
0.021050822262274	0.488251197847747	28
0.089686868044117	0.757514714026737	492
0.053616444431609	1.0783859945587	3
-0.0902412031006401	0.739444712132358	138
0.0263447986247261	0.955085567106453	228
0.121775755662845	0.881156245163479	436
0.03905857688989	0.587667515909288	4509
0.111007156549902	0.820022827858803	4948
0.046491402813196	1.31905436607867	58
-0.09370797935048	0.744558942126431	58
0.050307751945362	0.579430672939284	58
-0.02204793512445	0.410502951592421	1464
-0.02347694248815	0.410248691257658	1464
-0.1008810277968	1.0605132552227	143
0.111277908664172	0.816848730226795	143
0.043605475753946	0.584973314809396	143
0.083990069025914	0.762002070719573	143
0.027863955920451	0.483928968898868	143
0.05500708637083	0.576236141885541	1970
-0.0244048902648399	0.410464208205061	143
0.04164168675995	0.587040348971874	143
0.026523202592572	0.483366492541231	143
-0.02368524530921	0.41093826511309	215
-0.0209943829552901	0.409776652047704	142
-0.02054390147798	0.410401139638387	124
-0.02054390147798	0.410401139638387	124
-0.02269870771255	0.411303674855888	88
-0.04840964855926	1.56118532179488	28
-0.00925033491294003	1.20759892910537	28
-0.0321223702645701	0.414294926993374	492
0.108456913372418	1.23747950999048	138
0.083055821823633	1.09994924718708	138
0.049453013110876	1.00827861224061	436
-0.0615777822942101	1.11117607769927	58
0.025032944637482	0.485654316649321	58
0.071424352203243	0.675881494724746	2255
0.0912862941578459	0.754759408309953	2255
0.055516228015581	0.575452682793181	576
-0.02231647525331	0.410527599337308	1777
-0.00608440978931002	0.899740291253688	143
-0.05386791508518	0.840688218122517	143
-0.02511814143824	0.41200820059487	4294
0.114243148897058	0.815122274793454	108
0.018979883904056	0.490062948615881	618
-0.0954649279480799	0.743144794083816	2363
-0.02681629356167	0.412672237731607	665
-0.0219800607115199	0.411274533949238	142
-0.02126179208727	0.410975081816502	124
-0.0528531299630799	1.38601298134082	59
0.042506623120497	0.585869256165123	586
-0.0580872772980401	1.1054477848615	492
-0.0992175330229199	1.05717668030717	492
0.042214235621734	1.01976016629284	492
-0.10293362261797	1.05918509576476	3
0.024268726031725	1.29241354058186	492
-0.02054390147798	0.410401139638387	492
0.00514931427010601	1.26008272404842	3
-0.0108822315249	1.21123160229171	228
0.059625478871763	1.07051623852662	1946
0.046553626280165	0.584006513426087	4509
0.114049893380282	0.815217214506481	4948
0.0859873552914861	0.761078650081378	58
0.091135426502972	0.755506888031914	58
-0.0530995839806101	1.0913567248969	58
-0.00205619724196993	1.19111679911739	58
0.093125795975379	1.14319430902116	58
0.052338611403571	0.578466672455565	58
0.0272811528101971	0.484048387209294	58
-0.06040495658727	1.31783949800914	143
-0.10925054510152	1.31333451426404	3447
0.024877724973487	0.957407841161261	143
-0.00309610097596003	0.898858393241256	143
0.019301826126752	0.489626676436646	108
-0.0248530618398799	0.411542674464278	618
-0.02303104447883	0.410996649608088	618
0.045122540926785	0.584713252751266	142
-0.0270026768912099	0.41175796254343	88
0.023219745533527	0.485729407307986	59
-0.0521840201980499	1.56245729275369	28
-0.03283864853932	0.414606391010606	28
0.073559437518202	0.671846867388362	28
0.000901809967436051	0.891145298100946	492
0.074658621008098	0.674342667441165	492
-0.0434248834023301	0.82734965214336	3
-0.0673918774834299	1.3354939374214	138
0.0776734001785639	1.37296236539777	138
0.099492500448439	0.743417205078106	138
-0.04456891904455	0.830911825733416	228
0.117124393062827	0.810178407566255	449
0.076325084958779	0.669869233079346	449
-0.10248900214457	1.3024379841389	436
-0.0706272914691	1.34077595845607	4948
-0.0321223702645701	0.414294926993374	116
0.078210881921052	0.668663675805139	116
-0.00209845894773997	0.896595648982955	116
-0.0373427633866601	1.16560553616613	116
-0.04192059717561	0.824932636341774	58
0.015313266708984	0.491302403590035	58
0.018067352269437	0.965679367664317	143
-0.00463603678904989	1.19524276268458	143
-0.0114618925816301	0.904554667652114	143
-0.0893551544250699	0.736740162827621	143
0.04502731533635	0.583802634353205	143
-0.0227622512530099	0.410642108899905	143
-0.0425846091014499	0.830015628268642	108
-0.02655133741802	0.413516459136083	353
0.0468387769366601	1.31852119107906	28
-0.10357098006445	1.30857386017047	28
0.02593622835277	0.956282590535582	492
-0.0969971100525699	0.746431748529318	492
-0.02204793512445	0.410502951592421	492
0.023805360299448	0.485199002275023	492
0.056424320659979	0.574695656875561	492
-0.02152858466472	0.41003633195509	492
0.076825437787488	1.10983669060748	138
0.071253632361895	1.05008067612059	138
-0.0167559082206199	0.407972067925741	138
-0.0309300860094299	1.15448001309888	138
0.028076696967487	0.953124350625707	27
0.066456007533896	0.680898780720335	228
-0.0450978374314399	0.829913703364909	449
0.0788181264667101	0.668405800908634	449
0.098199602720181	0.746887735877419	436
0.044517466570731	0.584166967956716	1425
-0.0984309517191799	0.748279555131063	58
0.000815857083355964	0.89222945853144	116
0.064506786698963	0.680954538891097	2255
0.047350471608064	0.578815506072904	143
-0.09073548436126	0.739964532356713	143
0.049435794200234	0.58198163053543	143
0.12396027501528	0.877925850317555	143
-0.09859416961432	0.748461013434939	143
-0.0258345509801201	0.413043803481388	143
-0.02224709287202	0.410608941783725	143
-0.01532613000762	0.406308829221225	143
-0.09706725747034	0.744986458407416	108
-0.0255692233576701	0.412012891941837	2363
0.028446503813386	0.48360544938142	665
-0.02152858466472	0.41003633195509	124
-0.02798604242193	0.413256750767976	353
-0.02027673323395	0.409478238556457	353
0.041530894245854	1.25824740223636	28
-0.06864799897024	2.09826069889432	28
0.022047743818713	0.486175826254412	492
-0.06229387083651	1.40602902579541	492
0.115346341223722	0.813314618588015	492
-0.0974407396063199	0.74719824613095	3
0.030368327738043	0.949050459491766	3
0.043275359555973	1.01471248365686	138
-0.10541928214008	1.52105161735575	138
0.093258496111483	0.755184548775958	138
0.051966207603431	1.08126399924298	27
0.074187540295432	0.674638088463039	27
0.071503908176767	0.674432848485306	228
0.109830431889764	0.820791745055988	436
0.069192640940806	0.677605957534758	60
-0.0999284560637099	1.05195622419342	4948
-0.0478460095027	0.836163444107609	116
0.049435794200234	0.58198163053543	58
0.090393602183412	0.755202902610504	58
-0.0209943829552901	0.409776652047704	2255
-0.00560869882704007	0.896662213114401	2255
0.09655431158325	0.746559009345816	143
-0.03594152954951	0.819179025789163	143
-0.0462658419111901	0.832779459230108	143
0.0232932211435261	0.487372497728726	143
-0.09190667371866	0.739906794432041	143
0.092838009828221	0.753696845952924	108
-0.0219800607115199	0.411274533949238	2363
-0.01845805499361	0.408763534655611	2363
-0.0368127495298201	2.36012141403671	59
0.113402232004997	0.814660621871274	28
-0.000972336293729947	0.894013652967665	28
0.076091829467503	0.672419329813627	28
-0.03356516575946	1.16065277002125	28
0.077251811018988	0.667998957355757	492
-0.04666592381331	0.832084929567095	138
-0.0944731529637399	0.742342543600819	138
-0.08930465194614	0.738516408507673	138
0.046042408356414	0.584258121837317	27
-0.0951401345906999	0.745894843709305	449
0.046143796159531	0.583984480648196	436
0.060217220204008	0.569768138634902	60
0.0539882366235001	0.577157698100559	60
0.021806919098716	0.487298612728869	60
0.025355212710095	0.484218430760984	116
0.058338036226156	0.571198273887241	116
-0.01393770403739	0.405210698913732	2255
0.024126413957558	0.486297529129953	2255
-0.02054390147798	0.410401139638387	143
-0.0177419809880199	0.408465897919083	143
-0.0282514925208599	0.413283993547182	143
-0.0219800607115199	0.411274533949238	143
0.025790330563594	0.48364802753835	143
-0.0177419809880199	0.408465897919083	143
-0.0219800607115199	0.411274533949238	4294
-0.02126179208727	0.410975081816502	2131
-0.0167559082206199	0.407972067925741	108
0.014409992178878	0.491945039298103	618
-0.0132244601003699	0.40491562005861	618
-0.02269870771255	0.411303674855888	124
-0.10188258443892	1.06211710429363	492
0.048006237158267	0.582368210709497	3
-0.01179909261532	0.403271579311875	492
-0.02054390147798	0.410401139638387	3
-0.10438850667631	1.06489781810248	138
-0.0258345509801201	0.413043803481388	27
-0.02126179208727	0.410975081816502	27
0.069748140489873	0.678035075115648	436
0.072073277506039	0.672725878560297	60
-0.09122993844272	0.740243783604558	116
-0.03199843072072	0.412804610575588	116
-0.03140646864859	0.413366127641057	116
0.018979883904056	0.490062948615881	58
-0.02312766659831	0.40859994282476	2255
-0.0209943829552901	0.409776652047704	2255
-0.0167559082206199	0.407972067925741	143
0.025355212710095	0.484218430760984	143
-0.0438872227320399	0.828168845104135	143
0.071481524169814	0.671221469329928	2306
0.0759511223331	0.669827054137031	143
0.042506623120497	0.585869256165123	143
-0.0272685011114999	0.413655990175607	143
0.025355212710095	0.484218430760984	88
0.055286576311993	0.575606460105574	28
0.043095066523161	0.585934535298324	28
-0.0942016332629401	0.744959671022221	28
-0.00681505454910991	1.20059829699591	28
0.0740673912966781	1.04314005828607	3
-0.0932144978765499	0.743883074867875	492
0.05045557672035	0.581254464006149	3228
-0.02152858466472	0.41003633195509	138
-0.11030207138637	1.31892386238248	138
0.00957316444726697	0.493124979547143	27
-0.0219800607115199	0.411274533949238	449
-0.0275337041419801	0.41314398527887	436
-0.0984309517191799	0.748279555131063	60
-0.0258345509801201	0.413043803481388	60
0.076325084958779	0.669869233079346	60
-0.02347694248815	0.410248691257658	58
0.018074542770612	0.489482847860143	2255
-0.02296597963264	0.410908197770573	2255
0.027106813571845	0.482587748491643	2255
0.074534821795622	0.671053108926306	143
-0.02054390147798	0.410401139638387	143
-0.01989133264931	0.408322516344122	143
-0.0383089825510501	0.8205319444318	108
-0.02204793512445	0.410502951592421	1435
-0.0258345509801201	0.413043803481388	618
-0.0282514925208599	0.413283993547182	111
-0.0174713604435499	0.408269330515601	325
0.11240933154406	0.818163565356798	28
0.019301826126752	0.489626676436646	3228
-0.02296597963264	0.410908197770573	3
-0.05625871664494	0.84028671764419	138
0.0937296567399139	0.752793455055712	138
-0.0902412031006401	0.739444712132358	27
-0.02593316810131	0.410738742120197	60
0.091365260662993	0.756416159700081	436
0.027863955920451	0.483928968898868	60
-0.04817647962551	0.835179767252813	4866
0.072386183595576	0.674840696387837	116
-0.0897986252234599	0.739035587099458	2693
-0.0219800607115199	0.411274533949238	878
-0.0634873258934701	1.11213411997942	2255
-0.0984309517191799	0.748279555131063	2255
-0.02224709287202	0.410608941783725	2255
0.052820274664346	0.576857425340887	143
-0.09469545971871	0.745084893553968	143
0.023541124291656	0.486623205126517	488
0.08779237565276	0.758660008311323	143
-0.0185160103345601	0.407432048797052	143
-0.10281944783493	0.751751903281367	108
-0.02368524530921	0.41093826511309	111
0.024126413957558	0.486297529129953	353
-0.02152858466472	0.41003633195509	353
-0.01989133264931	0.408322516344122	4601
-0.02171241051411	0.409806924167185	2179
-0.02628576158792	0.412152659857664	2179
0.018979883904056	0.490062948615881	28
-0.0227622512530099	0.410642108899905	28
-0.0219800607115199	0.411274533949238	46
0.035924658674595	1.27242953974926	28
0.059045376658355	1.0694624458649	28
-0.0520510339153599	0.838825499521919	492
0.096411233434052	0.751468777011457	564
0.049435794200234	0.58198163053543	564
-0.0969791693875099	1.29556816159059	138
-0.0219800607115199	0.411274533949238	27
0.024448238004705	0.485979489293663	27
0.018979883904056	0.490062948615881	3971
-0.0949689536277001	0.742864252382889	436
0.113245080151567	0.816280901345437	436
-0.02152858466472	0.41003633195509	116
0.096411233434052	0.751468777011457	116
0.097745682199383	0.749055185774957	116
0.023541124291656	0.486623205126517	2693
-0.0464030091619601	0.832058764743774	58
0.019301826126752	0.489626676436646	58
0.085211909978439	0.760610535659755	2255
0.086881977568708	0.7589178583205	2255
-0.00440460215055993	0.899509463454117	2255
-0.0723589616922	1.123441754119	143
-0.0940079925867301	1.49541410975757	143
-0.02368524530921	0.41093826511309	143
0.029028796684373	0.483077229419228	143
-0.02054390147798	0.410401139638387	143
0.021050822262274	0.488251197847747	143
0.023617224616811	0.486158358630486	143
0.091838595326126	0.754710154685685	1435
0.0272811528101971	0.484048387209294	1435
-0.02054390147798	0.410401139638387	618
-0.0219800607115199	0.411274533949238	693
-0.0318592374786799	0.414980836560012	353
-0.02655133741802	0.413516459136083	4601
-0.01702628305176	0.407896565848327	2179
-0.01532613000762	0.406308829221225	2179
-0.02152858466472	0.41003633195509	2179
0.017231189624071	0.489309455924818	2179
-0.0272685011114999	0.413655990175607	88
-0.02027673323395	0.409478238556457	88
0.046144117816761	2.25970691919097	59
0.045460259310538	0.584680774888386	28
0.022955577507461	0.486743487685973	28
-0.09370797935048	0.744558942126431	492
-0.09248532426288	1.28663595921625	138
0.086106177719229	0.761715522916383	116
0.014671196537116	0.489510244665269	58
0.049468588361006	1.00730734976263	58
0.104718949316103	0.826741131954247	58
0.115709975496886	0.888137868367587	2255
-0.12433137130697	1.46324821165411	143
0.027603071345302	0.482838040528723	143
-0.0177419809880199	0.408465897919083	143
-0.04811562109168	0.834006550157865	488
-0.09116748912839	0.73674809533876	1435
0.023805360299448	0.485199002275023	142
-0.0434248834023301	0.82734965214336	142
0.046479135973084	0.583684643677063	2179
0.014409992178878	0.491945039298103	863
0.114797284476094	1.60731964810871	59
-0.0894445802000201	0.737918327979612	2345
-0.01702628305176	0.407896565848327	28
0.050965191491711	0.580536252528698	28
0.04502731533635	0.583802634353205	492
-0.02204793512445	0.410502951592421	492
-0.02511814143824	0.41200820059487	492
-0.02054390147798	0.410401139638387	138
0.025939335704131	0.483894472955633	138
-0.0248530618398799	0.411542674464278	138
-0.0219800607115199	0.411274533949238	138
0.04258447248443	0.586568109376667	436
0.0244546030278719	0.486210829047288	60
-0.00940204715124993	0.904087732806928	58
-0.0213339937447401	0.410034538747514	2255
0.078712420348317	0.666315888178381	2255
0.071709996226179	1.04813958217394	2255
0.0545787295938121	1.361435318802	81
0.0144977092442941	1.24005575472631	143
0.052389041052217	1.30512093304585	143
0.096411233434052	0.751468777011457	488
-0.0942016332629401	0.744959671022221	143
-0.10670247528237	0.754150937714968	143
-0.10904341844445	1.07008000312096	143
-0.10293120476358	0.751428494716355	143
0.078580191131424	1.10788275451607	108
0.049435794200234	0.58198163053543	142
-0.0163109608263099	0.406800295212078	2721
0.07499122575943	0.670844352847662	863
-0.02224709287202	0.410608941783725	97
0.073073025327958	0.670380109854825	46
0.117295256228477	0.884791562451134	492
0.095411171470584	0.752047826511365	436
-0.0275337041419801	0.41314398527887	436
-0.02231647525331	0.410527599337308	2693
-0.02152858466472	0.41003633195509	58
-0.02054390147798	0.410401139638387	58
0.039269244019287	1.02467941194829	2255
0.023863274661684	0.486099627797188	2255
0.042663323107946	0.585444928417502	2255
-0.02224709287202	0.410608941783725	143
0.099303752929674	1.19695959302757	143
-0.10665498959155	0.75347257051185	143
0.027106813571845	0.482587748491643	488
0.103651004840428	0.74001341238198	143
-0.02126179208727	0.410975081816502	143
0.042073693520404	0.586934090859484	143
-0.0415878092166799	0.826768210873675	108
-0.0224179638525499	0.407689056544472	142
-0.0897986252234599	0.739035587099458	2609
-0.01845805499361	0.408763534655611	88
0.022955577507461	0.486743487685973	312
-0.0258345509801201	0.413043803481388	3605
-0.0195594609890499	0.408907543271993	1661
-0.0443497068402601	0.828737876729775	492
-0.0258345509801201	0.413043803481388	138
-0.0491617256543699	0.835578136917684	138
0.0798019470332551	0.667397048666051	868
-0.01702628305176	0.407896565848327	970
-0.0209943829552901	0.409776652047704	436
-0.02628576158792	0.412152659857664	436
0.019563471132187	0.489615442131538	116
-0.02054390147798	0.410401139638387	2693
0.057751324995548	0.572446802313374	58
-0.1034608424766	0.746639854155363	58
0.079170478145195	0.668032586243667	58
-0.0509993791438701	0.838089849372423	81
0.028188183388224	0.482636565734394	143
0.023219745533527	0.485729407307986	143
0.085544798720153	0.76160444626147	488
-0.00710478391670999	0.904041281076599	143
0.014149992122315	0.49165577187569	143
0.018658717968524	0.489036202673862	1595
0.022955577507461	0.486743487685973	143
0.036147229244147	0.589373175641009	110
-0.07492080740404	1.12532695739859	143
-0.0467897639758601	0.834643869353901	143
0.066808746939133	0.680822005034882	108
0.070691655658463	0.678026569157053	108
-0.01384115242553	0.910366251910581	1435
-0.02269870771255	0.411303674855888	1397
0.05540663389518	0.576037715189495	142
0.017490111099017	0.489691604438174	142
-0.02655133741802	0.413516459136083	1388
-0.02296597963264	0.410908197770573	2721
-0.0174713604435499	0.408269330515601	124
0.036172096131649	0.474731625756658	2609
0.076422915298331	0.668991227834528	2609
0.111603950362295	2.23701382276349	59
-0.0318592374786799	0.414980836560012	46
-0.02628576158792	0.412152659857664	28
0.04994577766228	0.581730930079566	28
-0.0260992604196	0.411639865603186	3
-0.03283864853932	0.414606391010606	60
-0.02798604242193	0.413256750767976	116
0.083360682411621	0.661139427612987	58
-0.10620812247191	0.753746896518484	58
0.066456007533896	0.680898780720335	58
0.022437328815473	0.485061498563818	2255
0.020696577508438	0.964614116095155	2255
0.027260296755442	0.953593002671173	2255
-0.0474475389943601	1.38260398351366	81
0.09359041181218	0.752796959603973	81
0.103811654719605	0.738880359856423	143
-0.00662088562073993	0.901051831617043	143
0.102648491695659	0.739709008433382	143
0.035618585086299	0.588243031552763	143
-0.0954649279480799	0.743144794083816	488
-0.0258345509801201	0.413043803481388	143
0.066004091877555	0.679334193944011	1595
-0.0227622512530099	0.410642108899905	1138
-0.10047411275597	0.748535263135333	2609
0.0312776677491849	0.47991280403049	88
-0.0275337041419801	0.41314398527887	2345
-0.0132244601003699	0.40491562005861	1070
-0.01780430006598	0.406968219093888	3
0.051615755559372	0.578220142953797	492
-0.0311435899907899	0.41466914140038	1478
-0.02628576158792	0.412152659857664	1204
0.023617224616811	0.486158358630486	58
-0.10427874699627	0.750319079058473	2255
-0.09831311224837	1.29516334515953	143
-0.0209943829552901	0.409776652047704	3611
-0.04863920133046	0.835355679119832	143
-0.02027673323395	0.409478238556457	1595
-0.0948326287532399	1.04903404414313	143
-0.05256809019757	0.840236807911539	143
0.018979883904056	0.490062948615881	143
-0.02027673323395	0.409478238556457	111
0.052126398885587	0.577858320833396	142
0.022633873439302	0.486054814054359	2179
0.025355212710095	0.484218430760984	88
-0.0177419809880199	0.408465897919083	88
-0.02628576158792	0.412152659857664	2345
-0.0543971204528599	0.841139446146935	492
-0.0275337041419801	0.41314398527887	492
0.0287588845807401	0.481691428940178	492
-0.0163109608263099	0.406800295212078	27
0.065491991641784	0.681299972255719	143
0.049514758018424	0.580747497378275	1138
0.0343942296290241	0.941163975293504	1435
0.095045660790407	0.750892320952036	2609
-0.02296597963264	0.410908197770573	2179
-0.10337882225721	0.749796753266804	88
-0.0945277856025399	0.74264539755939	863
-0.0904289021867899	0.739562305388928	427
-0.02054390147798	0.410401139638387	1070
0.050887377243427	0.580940901573	46
-0.02126179208727	0.410975081816502	492
0.044723525975505	0.583718864447723	492
-0.02126179208727	0.410975081816502	3
0.013827887658088	0.492274249557995	27
0.0293031678679569	0.946819388630899	116
0.087555440650021	0.759023194171762	116
0.023036490742703	0.486096154978228	116
-0.01702628305176	0.407896565848327	58
0.078347717578268	0.669163044934219	2255
0.024797269825339	0.958261631848462	143
0.023219745533527	0.485729407307986	143
-0.0219800607115199	0.411274533949238	143
-0.0219800607115199	0.411274533949238	143
-0.08799155159315	0.734108706051289	143
-0.01702628305176	0.407896565848327	143
-0.0958120638965201	0.743393982530648	1138
-0.0867134791705699	0.731994480847752	1138
0.063250856204633	1.06436472959912	108
-0.02027673323395	0.409478238556457	5327
0.12284553189549	0.876804693870205	142
-0.0181871885549101	0.408299416064853	142
0.080950328665697	0.663592801240886	2345
-0.02224709287202	0.410608941783725	28
0.052238425618642	0.577634620167254	46
0.00350826418144501	0.49442947653363	492
0.019563471132187	0.489615442131538	28
-0.0275337041419801	0.41314398527887	3
-0.0163109608263099	0.406800295212078	436
-0.02054390147798	0.410401139638387	436
-0.02126179208727	0.410975081816502	436
-0.08886131697372	0.73646158487273	2255
-0.02709782982251	1.15264319831091	2255
-0.0219800607115199	0.411274533949238	143
-0.09326268202828	0.742357403224338	143
0.040474715542232	0.586676101522696	143
-0.01845805499361	0.408763534655611	5327
-0.0375500212694599	0.818841727306637	2119
0.014409992178878	0.491945039298103	2179
0.027863955920451	0.483928968898868	2179
-0.02296597963264	0.410908197770573	312
-0.0275337041419801	0.41314398527887	1244
0.115304495954869	0.813789340539383	1070
-0.02269870771255	0.411303674855888	28
-0.0960580046456401	0.743501075856123	46
0.053079258290865	0.576636389861015	28
0.016216387190556	0.489528749497461	3
0.085452598995264	0.757689056236334	3
-0.0891555982685299	0.732583383181569	868
0.028123375859096	0.482805576227173	27
-0.0241372766757999	0.410514033565441	27
-0.0275337041419801	0.41314398527887	970
0.073559437518202	0.671846867388362	58
0.046984613780248	0.583096671940291	58
0.025032944637482	0.485654316649321	58
-0.0940857215059701	0.741240889206607	58
-0.10232457784226	0.751503576493597	2751
-0.04175757410222	1.36907032584412	81
0.066908536017687	0.679250332417762	2255
0.0695354577062151	0.677525448065441	81
0.029028796684373	0.483077229419228	143
0.026120312505952	0.483542535242062	143
0.018979883904056	0.490062948615881	143
0.019563471132187	0.489615442131538	143
-0.0241372766757999	0.410514033565441	143
0.041051580345223	0.586802442641747	1138
0.028188183388224	0.482636565734394	110
-0.04290430406985	0.826948833046949	143
0.027511875292402	0.951943633245373	254
-0.0275337041419801	0.41314398527887	142
0.01234091289099	0.491715895044216	2609
0.05540663389518	0.576037715189495	124
0.019242636889533	0.488316656329156	124
-0.02152858466472	0.41003633195509	88
0.020790130443553	0.4876451712386	88
-0.01845805499361	0.408763534655611	88
-0.0335553038325001	0.414320332911909	1244
-0.0248530618398799	0.411542674464278	28
-0.01073029770538	1.2076788967036	28
0.048516771594874	0.581649347606665	81
-0.00771588201072992	0.902426226918392	2255
0.095266562536257	0.751957582714005	2255
0.079152860903828	0.666732473370066	2255
-0.04778001051132	0.836354048684229	143
0.110168007422268	0.82074033201528	143
0.121507754780267	0.799762273560062	143
0.00957316444726697	0.493124979547143	143
-0.02296597963264	0.410908197770573	142
-0.09887395139294	0.748376430830867	332
-0.09837862249536	0.747697416421832	88
-0.02655133741802	0.413516459136083	1244
-0.02054390147798	0.410401139638387	851
-0.02296597963264	0.410908197770573	46
-0.0425201581371799	0.830048264006524	492
-0.0374469352984701	0.415418177445448	3
0.010411605364662	0.491970380513557	27
-0.09607818582165	0.745041805083777	2255
-0.0373870566069201	0.820654794371833	2255
0.032067363593592	1.28039563511775	2255
-0.08601951004896	0.733542784754922	143
0.068248589684769	0.67816838561655	1138
0.075621144230676	0.672942733062937	1138
-0.0906828892265601	0.737841731938897	1138
0.023219745533527	0.485729407307986	1138
0.003450890134996	0.883774649734545	110
-0.0177419809880199	0.408465897919083	111
-0.02303104447883	0.410996649608088	111
-0.02027673323395	0.409478238556457	142
0.024448238004705	0.485979489293663	124
-0.0942016332629401	0.744959671022221	124
-0.02681629356167	0.412672237731607	124
-0.0275337041419801	0.41314398527887	4522
0.030866811386276	0.947956466038404	28
-0.0321683670319399	1.15609927791408	28
0.019037582423717	0.488172523893389	3
-0.0473184194184999	0.836055686389923	27
-0.0354986630221401	0.414299358401811	3
-0.0377747889291	0.821593938538966	3
0.018134467076113	0.489594120900239	27
0.018713772455309	0.489267128736786	27
0.030192618140889	0.480972338660883	116
-0.0517273527067399	1.09245090742972	436
0.101551157074515	0.82864647740511	60
-0.01127247500998	0.907359697668556	116
-0.0318592374786799	0.414980836560012	485
-0.0930948258084601	0.740932074264058	58
-0.0969971100525699	0.746431748529318	2255
0.077872508662505	0.665422404171943	2255
0.018555922312579	0.965583450943925	2255
-0.0938441532169201	0.741799255817169	2255
-0.00816329165310004	1.20362955665622	2255
-0.02296597963264	0.410908197770573	2255
-0.02655133741802	0.413516459136083	2255
0.093801741876984	0.753017993769184	2255
0.024448238004705	0.485979489293663	352
0.092469520255096	0.753047427986049	143
0.075495964988024	0.669415971454387	254
-0.02269870771255	0.411303674855888	254
0.078246719680436	0.66785112539651	108
0.03044265249829	0.478754697947855	111
-0.0248530618398799	0.411542674464278	142
-0.01845805499361	0.408763534655611	2119
-0.0177419809880199	0.408465897919083	88
-0.02152858466472	0.41003633195509	403
0.087109843829446	0.759336910109384	4713
0.051906161119228	0.579747820483783	46
0.062420821681919	0.683593855783429	3
0.092026197547785	0.753832227514242	28
0.0931764480687059	0.753007477416545	3
0.0508189874713521	0.578867750869275	3
0.072386183595576	0.674840696387837	27
-0.0269120235748399	0.411228846660803	27
0.045536979691197	0.583172685105335	116
-0.02054390147798	0.410401139638387	970
0.0701775126309701	0.678272566722145	2475
-0.0167559082206199	0.407972067925741	436
0.094067681261792	0.750595818182353	1186
0.047495517925969	0.582845325381987	485
-0.02152858466472	0.41003633195509	81
0.025032944637482	0.485654316649321	143
-0.0362122802884	0.414185877717198	1138
0.0272811528101971	0.484048387209294	1138
0.025296222724603	0.484980985533228	108
-0.0219800607115199	0.411274533949238	5206
-0.02126179208727	0.410975081816502	205
0.014157459166205	0.969676889269538	28
-0.01702628305176	0.407896565848327	4687
-0.02655133741802	0.413516459136083	4687
0.067892407182147	0.679441541768604	27
0.022955577507461	0.486743487685973	27
-0.0258345509801201	0.413043803481388	27
-0.0195594609890499	0.408907543271993	116
0.023541124291656	0.486623205126517	854
-0.0482050138395	0.833168670060099	116
0.096856182951075	0.750904409244305	1186
-0.02296597963264	0.410908197770573	2255
0.023874039063565	0.486927927519843	2255
-0.02152858466472	0.41003633195509	143
-0.0219800607115199	0.411274533949238	143
-0.02171241051411	0.409806924167185	143
0.118504221967737	0.806724717288123	143
0.044232848275034	1.01399592898375	143
-0.0940857215059701	0.741240889206607	143
-0.01702628305176	0.407896565848327	1138
-0.0167559082206199	0.407972067925741	254
-0.0167559082206199	0.407972067925741	254
-0.0275337041419801	0.41314398527887	254
-0.0177419809880199	0.408465897919083	142
0.099021523245067	1.19524663591627	28
0.043383523397215	1.01881326883717	4713
-0.10488562855125	1.31031008294739	46
0.0620563715483941	0.683672066361899	3619
-0.0515257386336601	0.839027294877824	3619
0.108230673605084	0.82125881967952	28
0.11566204141231	0.813253010604376	28
0.084898649838975	0.761057180634423	28
-0.09769877903711	1.04943820672265	28
0.080111978926794	0.66610232428726	27
0.078699498205161	0.668647075938239	27
-0.02224709287202	0.410608941783725	27
0.048006237158267	0.582368210709497	2475
0.0688356427811631	0.677806507926136	449
0.01988508042586	0.489418532086656	60
-0.10036097927692	0.748721931680056	116
0.023541124291656	0.486623205126517	485
-0.01845805499361	0.408763534655611	2691
-0.02126179208727	0.410975081816502	58
0.116501820606755	0.812296957776269	81
-0.02126179208727	0.410975081816502	2255
0.112540988411983	0.815743597335331	2255
0.072141245978719	0.672438914191529	2255
-0.00409297280586007	0.900284691005304	2255
-0.0966676976959899	0.745049483322227	2255
0.023541124291656	0.486623205126517	143
-0.02126179208727	0.410975081816502	143
-0.0984309517191799	0.748279555131063	143
0.066928099402158	0.680486650454705	143
-0.02303104447883	0.410996649608088	254
-0.0993160489398599	0.746561769556471	254
-0.02655133741802	0.413516459136083	254
-0.02296597963264	0.410908197770573	142
-0.0949689536277001	0.742864252382889	4713
-0.0030605579612899	0.89724463764834	4713
0.106877103773888	0.824129276510649	3619
-0.09600786380468	0.744769994301151	28
-0.02027673323395	0.409478238556457	28
0.019301826126752	0.489626676436646	27
0.052126398885587	0.577858320833396	27
0.0778771577755391	0.669684391201715	27
-0.02224709287202	0.410608941783725	27
-0.01702628305176	0.407896565848327	116
0.01988508042586	0.489418532086656	436
-0.02224709287202	0.410608941783725	854
-0.10136807127739	1.05837294067539	1186
-0.0434248834023301	0.82734965214336	1186
0.020146802493525	0.488893696013304	485
0.072897421554881	0.669453922149651	58
0.05045557672035	0.581254464006149	2255
0.018396040612831	0.490271397263528	2255
-0.05433028051988	0.841137958933701	143
0.055719918362014	0.574698669179361	1138
0.01988508042586	0.489418532086656	1138
0.049854072495245	0.578577034319724	110
0.027540497875428	0.483333049189275	1332
-0.0282514925208599	0.413283993547182	1295
-0.02296597963264	0.410908197770573	649
-0.0283384601138399	0.412461825619006	142
-0.03257526143736	0.414692514464788	142
0.023874039063565	0.486927927519843	124
-0.02224709287202	0.410608941783725	403
-0.02126179208727	0.410975081816502	1244
0.114663428430366	0.81497713206856	28
0.027540497875428	0.483333049189275	28
-0.03518356267432	0.816921818850243	28
-0.0467280694833401	0.833499568027739	28
0.082096863261469	0.661790628144798	28
-0.0181871885549101	0.408299416064853	27
-0.0282514925208599	0.413283993547182	27
-0.0209943829552901	0.409776652047704	27
0.045234453147319	0.583242219761226	116
-0.02681629356167	0.412672237731607	1186
-0.02054390147798	0.410401139638387	58
-0.0936587563737701	0.743832365386165	2255
-0.0448765163356899	0.830452945485819	143
0.024448238004705	0.485979489293663	1138
-0.0311435899907899	0.41466914140038	1138
0.051396861230372	0.580465035444476	254
0.059277399129704	0.571370271910972	254
-0.0429814776090101	0.830495169681687	110
0.023617224616811	0.486158358630486	5125
0.04258447248443	0.586568109376667	142
-0.02224709287202	0.410608941783725	142
-0.02296597963264	0.410908197770573	142
0.023541124291656	0.486623205126517	2609
0.047495517925969	0.582845325381987	2609
0.023863274661684	0.486099627797188	2609
0.025032944637482	0.485654316649321	403
-0.0209943829552901	0.409776652047704	403
-0.0219800607115199	0.411274533949238	403
-0.0311435899907899	0.41466914140038	9
0.026373975423623	0.483776495964029	1244
-0.0946461692690701	0.745493654326501	28
0.018658717968524	0.489036202673862	4713
0.071442525640841	0.67612984240809	4713
0.120641875776743	0.881029302870827	4713
0.059277399129704	0.571370271910972	4713
-0.02152858466472	0.41003633195509	3
0.014991841711362	0.491309861338566	27
-0.02681629356167	0.412672237731607	3
0.026957364462212	0.48365648985277	485
-0.02126179208727	0.410975081816502	485
-0.03199843072072	0.412804610575588	81
-0.02681629356167	0.412672237731607	2691
-0.02204793512445	0.410502951592421	81
0.07496454252494	0.672287633847984	2255
-0.10569094586663	0.750514539002359	2255
0.018658717968524	0.489036202673862	2255
-0.04014244204151	0.825746148014043	2255
0.017490111099017	0.489691604438174	143
0.018658717968524	0.489036202673862	143
0.018396040612831	0.490271397263528	143
0.078347717578268	0.669163044934219	143
0.052126398885587	0.577858320833396	143
0.0487729048333611	0.579894184023409	143
0.0247114467027531	0.485765853390852	143
0.052338611403571	0.578466672455565	143
-0.0515257386336601	0.839027294877824	488
-0.0930948258084601	0.740932074264058	1138
-0.0335553038325001	0.414320332911909	1138
-0.0258345509801201	0.413043803481388	254
0.069518432820189	0.677574926854816	5125
0.0247114467027531	0.485765853390852	1332
-0.02374598899693	0.411135954461803	1295
-0.0174713604435499	0.408269330515601	649
-0.09596107603085	0.743173304866998	142
-0.0219800607115199	0.411274533949238	2609
-0.02368524530921	0.41093826511309	1244
0.02046807907243	0.488971745774085	4713
-0.04937787176329	1.08871830332358	3619
-0.0942630381241301	1.04796445174509	28
-0.0930816443359299	1.04688945826102	28
-0.0350847604200499	0.816469826728918	28
-0.0985472828176801	0.748592632260613	28
0.050307751945362	0.579430672939284	3
0.023890222168766	0.958120878742058	3
-0.02681629356167	0.412672237731607	27
0.055516228015581	0.575452682793181	27
0.044723525975505	0.583718864447723	4505
-0.0160408315278899	0.407403518042765	116
0.048006237158267	0.582368210709497	116
-0.01702628305176	0.407896565848327	2475
0.015635472514211	0.489856186901135	449
-0.02204793512445	0.410502951592421	575
-0.02126179208727	0.410975081816502	2255
-0.0814601221806801	1.13270407215243	2255
0.0788181264667101	0.668405800908634	2255
-0.0160408315278899	0.407403518042765	143
-0.0167559082206199	0.407972067925741	143
0.024197704557829	0.48595166057885	143
0.028446503813386	0.48360544938142	143
-0.02224709287202	0.410608941783725	143
0.023541124291656	0.486623205126517	143
0.074658621008098	0.674342667441165	143
0.0620563715483941	0.683672066361899	143
-0.0276250547772201	0.412152135341901	1138
0.024126413957558	0.486297529129953	1138
0.05303617133165	0.57566754602637	1332
0.066456007533896	0.680898780720335	451
0.02611478015519	0.483253188342815	205
-0.02224709287202	0.410608941783725	332
-0.02368524530921	0.41093826511309	2609
-0.02368524530921	0.41093826511309	2609
-0.02296597963264	0.410908197770573	88
0.0272811528101971	0.484048387209294	74
-0.0275337041419801	0.41314398527887	1244
0.021922563243991	0.962209483284014	28
0.047064659101968	0.583528390275705	28
-0.11156298945575	0.755796550787002	3619
-0.0957281641852701	1.04783354262516	3619
-0.12177026124012	1.45769283816813	28
0.02760571181154	0.48250841189123	3
-0.03647113929269	0.415792999867536	28
-0.0521312965040499	1.5677262312487	28
-0.0897986252234599	0.739035587099458	27
-0.0219800607115199	0.411274533949238	27
0.024126413957558	0.486297529129953	27
0.102490779329932	1.19034946706076	27
0.01988508042586	0.489418532086656	116
0.047064659101968	0.583528390275705	854
-0.09440513689671	1.04824923357669	116
0.071570613180223	1.04759547436036	81
0.023541124291656	0.486623205126517	2255
-0.00572536411275992	1.20092119895139	2255
0.02271214907369	0.487579497608867	5263
0.0759511223331	0.669827054137031	5263
-0.0311435899907899	0.41466914140038	143
0.052311348450522	0.576868799194104	143
-0.00994696587200994	1.20865892534868	143
-0.0064841832107001	0.897630617260899	143
-0.02722126867412	1.15238701718358	143
0.071442525640841	0.67612984240809	1138
-0.0468569727534001	0.835457138466888	1138
-0.0444068129214299	0.827747871259884	254
0.069029814081456	0.676195204945039	254
-0.02628576158792	0.412152659857664	1295
0.06742055899984	0.679853194088937	111
0.025617394757113	0.485123505343381	649
-0.02171241051411	0.409806924167185	142
-0.0283384601138399	0.412461825619006	332
0.048887062491406	0.579066392358594	74
-0.02681629356167	0.412672237731607	427
-0.0956342726349	0.746020099092103	3619
-0.0335553038325001	0.414320332911909	28
-0.02655133741802	0.413516459136083	27
-0.02231647525331	0.410527599337308	27
-0.02303104447883	0.410996649608088	449
-0.02655133741802	0.413516459136083	436
0.048887062491406	0.579066392358594	436
-0.0195594609890499	0.408907543271993	485
-0.10237349798309	0.750219435564561	2117
0.111123414384759	0.817781414852595	81
0.120170939107865	0.805320698491083	81
-0.0209943829552901	0.409776652047704	143
0.044212408879249	0.583970126946329	143
-0.07010249369653	1.34074908926513	1370
0.099577577285379	0.74592684122528	110
0.076091829467503	0.672419329813627	110
-0.02709782982251	1.15264319831091	254
0.103985794878318	1.18421629462905	254
-0.02655133741802	0.413516459136083	142
-0.10545983085944	1.06443359046293	142
0.038113582516263	0.588829676031153	332
-0.10243828000306	0.750661299290309	157
-0.0258345509801201	0.413043803481388	157
0.018396040612831	0.490271397263528	312
0.045531005212701	0.584266852242576	1244
0.068427016117212	0.675359188815475	1244
-0.0421380891177301	0.826359181959089	28
0.046654139367612	0.583264229566345	4713
-0.09359018695335	0.7412120755166	3619
0.105109202912061	0.825087724374446	3619
0.062444876016158	1.06565695298284	3619
0.121686855320948	1.26317495593366	3619
0.02046807907243	0.488971745774085	28
-0.02027673323395	0.409478238556457	28
0.024126413957558	0.486297529129953	28
-0.0219800607115199	0.411274533949238	28
0.037464769206907	0.587519619626645	27
-0.02655133741802	0.413516459136083	27
-0.0452751097069699	0.829137770523006	27
-0.02027673323395	0.409478238556457	27
0.0687206912027	0.678017149106968	27
0.0725619436441191	1.73985947822251	27
0.019301826126752	0.489626676436646	27
-0.0954649279480799	0.743144794083816	116
-0.02126179208727	0.410975081816502	116
-0.02126179208727	0.410975081816502	449
-0.02204793512445	0.410502951592421	436
-0.0272685011114999	0.413655990175607	436
-0.0440389352825701	0.829728281666316	436
-0.0270026768912099	0.41175796254343	854
0.085741984038696	1.75250548793189	1186
-0.06821960014415	1.33739151725526	1186
-0.0974407396063199	0.74719824613095	485
-0.02655133741802	0.413516459136083	485
0.02046807907243	0.488971745774085	81
0.0788181264667101	0.668405800908634	575
-0.10516845433116	1.30643373339327	2255
0.0701775126309701	0.678272566722145	2255
-0.104888281963	1.06373626573243	2255
-0.00846283248464008	0.90271150742766	2255
-0.0258345509801201	0.413043803481388	143
-0.10281944783493	0.751751903281367	143
0.073574210342093	0.672071786781999	143
-0.0160408315278899	0.407403518042765	143
0.027863955920451	0.483928968898868	143
0.122931351785108	0.876362779273216	1370
0.039673199828994	1.02225025455011	1370
0.046479135973084	0.583684643677063	649
-0.02681629356167	0.412672237731607	2609
-0.05297661268384	0.839724735949244	2545
0.090919830011903	0.756343610773942	88
0.02046807907243	0.488971745774085	1244
0.11081829500789	1.51466137666984	28
0.018806130164954	1.23058356645342	28
0.124378399032838	0.874809670415132	3619
-0.06512541280317	1.32875912100127	3619
-0.0914794249164199	1.27942499771968	28
-0.0467897639758601	0.834643869353901	28
-0.0960580046456401	0.743501075856123	27
-0.0899366553593799	0.738892223924208	27
0.111478569692482	0.815360896300515	27
0.066291697755233	0.681213975162001	27
0.0232932211435261	0.487372497728726	116
-0.0440319183857401	0.831727902787209	116
-0.09122993844272	0.740243783604558	116
-0.02027673323395	0.409478238556457	116
-0.03042831861484	0.413737551949063	485
0.096731749020614	0.74576320150495	81
-0.0927693398370399	0.74195796483767	81
-0.09259880070197	1.04377088842924	2255
-0.0980539995451	0.747704767604141	2255
-0.0181871885549101	0.408299416064853	2255
-0.0969971100525699	0.746431748529318	5263
0.04994577766228	0.581730930079566	143
0.022633873439302	0.486054814054359	143
0.048494345819442	0.581473940047142	143
0.025032944637482	0.485654316649321	143
0.025617394757113	0.485123505343381	143
0.023541124291656	0.486623205126517	143
0.101465390324248	0.74356321462395	143
-0.0429814776090101	0.830495169681687	143
-0.02204793512445	0.410502951592421	143
-0.0160408315278899	0.407403518042765	254
-0.0195594609890499	0.408907543271993	743
-0.02126179208727	0.410975081816502	649
0.095832371397305	1.20281902268299	28
-0.05676481703635	1.39953761915049	28
-0.06585516326323	1.33186556692974	4713
0.048859814362649	1.31038160088483	4713
0.09319770665093	1.20896539947685	3619
-0.11887597594259	1.65326417903393	3619
-0.0177632377078401	1.39843574092332	3619
0.092719563061027	1.20694000247376	28
0.038226479198015	1.39742529967592	28
0.0931764480687059	0.753007477416545	28
0.116921531700207	0.81148742965236	28
-0.0976077153336501	0.747657883049334	28
-0.0160408315278899	0.407403518042765	27
-0.09829773441637	1.0456308604772	27
0.106037080217336	0.823380289537068	27
0.049514758018424	0.580747497378275	27
0.049674677641683	0.575452451772357	27
0.045531005212701	0.584266852242576	27
0.028446503813386	0.48360544938142	116
-0.09837862249536	0.747697416421832	2475
-0.0671408876030499	1.1113582316299	2475
0.118454777337924	0.809577375998628	3542
0.045536979691197	0.583172685105335	116
-0.02126179208727	0.410975081816502	485
0.025617394757113	0.485123505343381	485
-0.09388797517409	0.741144606690746	81
0.091053109740145	0.752299638740098	81
-0.0434429413951201	0.830670424574004	2255
0.018979883904056	0.490062948615881	2255
0.123008692224819	0.87922726269389	2255
-0.0930948258084601	0.740932074264058	81
0.025617394757113	0.485123505343381	5263
-0.0438290128664001	0.827842450636524	143
0.088684735008624	0.758532174114497	1832
-0.0315954817494399	0.413194685338354	254
0.016651033409875	0.489334689522075	254
0.018074542770612	0.489482847860143	254
-0.02655133741802	0.413516459136083	1295
-0.02655133741802	0.413516459136083	5023
-0.0227622512530099	0.410642108899905	1244
0.06281317436112	1.05921576677249	4713
0.098858420857021	0.747695003683283	3619
0.076894554801565	0.667895931041572	28
0.049284710749173	0.579955911466618	3
0.0659643269546	0.680887734838339	27
0.11184581941048	0.818332972531491	27
0.0244546030278719	0.486210829047288	27
-0.01393770403739	0.405210698913732	27
0.0148687828396979	0.970697222105982	27
-0.02126179208727	0.410975081816502	27
0.018979883904056	0.490062948615881	27
-0.0454171096585501	0.833070859075045	27
-0.10714948567933	0.754242155357264	116
0.05002468734628	0.58003113474946	116
0.019563471132187	0.489615442131538	2475
0.100534532403762	0.745764272856571	854
-0.0364657066712599	0.819767667187227	854
0.070480212567462	0.677172512450515	1186
-0.0936587563737701	0.743832365386165	485
-0.02655133741802	0.413516459136083	575
0.018134467076113	0.489594120900239	2255
-0.0837277215569101	0.727164290547169	143
0.041995791485827	0.585640695166839	143
0.049796326412217	0.579793446877527	143
-0.08700518664516	0.734335675937489	143
-0.02303104447883	0.410996649608088	143
-0.02126179208727	0.410975081816502	143
-0.02243081627196	0.409335013447221	143
-0.02269870771255	0.411303674855888	143
0.070970466194765	0.676426069400077	488
-0.0209943829552901	0.409776652047704	1370
-0.0248530618398799	0.411542674464278	111
-0.0213339937447401	0.410034538747514	124
0.112658804474918	2.19020909178534	4713
0.005842061985738	2.17284961641016	4713
-0.0911908467974401	2.26887063695054	4713
-0.08981754811767	2.4326112267193	4713
-0.0782588570625	1.72702330203016	28
0.094540743041379	1.50418863226582	28
-0.11049521546985	1.7220428329242	3619
0.054897507576278	0.576398296971569	3619
0.085109872687603	0.657523360302365	3619
0.0247114467027531	0.485765853390852	28
0.093838259753929	0.75214845142026	28
0.070952359244948	0.676646519053922	28
-0.03168152660736	1.15923850974357	27
0.109605021794474	0.820980612490793	27
-0.0942016332629401	0.744959671022221	27
-0.0192106061627999	1.22115288958452	27
0.096894501632446	0.747373585346091	27
-0.0997886801164301	1.05766287902589	27
0.102320829312124	0.740309262644752	116
-0.03968099731347	0.825178442588961	436
-0.04771390287254	0.834730965978367	854
0.061541676482838	0.684142085633961	2255
0.049780599147385	0.579748826288671	2255
0.048897996916399	1.01001181434782	143
-0.03403745851179	1.16168859355107	143
-0.0911773052693201	0.738610172933369	488
-0.02171241051411	0.409806924167185	1138
-0.0258345509801201	0.413043803481388	1295
0.064503499350829	1.89022837812534	4713
-0.0487794645209401	2.1117578890958	4713
0.081903908613121	1.93282785728985	4713
0.122803680443383	1.9390222674682	4713
0.083143416674451	1.81707568293075	4713
-0.0384665525231001	1.92178222693652	4713
0.118589224100422	1.31908043854408	28
0.04994577766228	0.581730930079566	3619
0.025032944637482	0.485654316649321	28
0.093392430287269	0.75225338128417	28
-0.06135975103521	1.10998263879554	28
0.024126413957558	0.486297529129953	27
0.088674352707398	1.08746810823945	27
-0.02027673323395	0.409478238556457	27
0.00309284498240903	0.887707934526912	27
-0.04982083832367	0.833136973670917	27
0.013802825980591	0.489033562326797	116
0.014702940627808	0.489316420013331	1186
0.019301826126752	0.489626676436646	116
-0.00166276551428002	0.895853036326954	116
-0.02224709287202	0.410608941783725	2255
-0.01702628305176	0.407896565848327	2255
0.048925626216875	0.581990256936947	1832
0.014991841711362	0.491309861338566	488
-0.0177419809880199	0.408465897919083	1370
0.0223885826807479	0.487091304289586	254
-0.02798604242193	0.413256750767976	111
-0.02269870771255	0.411303674855888	124
-0.0255692233576701	0.412012891941837	1878
0.109682910413772	1.98530258999373	4713
0.121372074031662	1.94249059777941	28
0.075129548539415	0.673818198199838	28
-0.01532613000762	0.406308829221225	28
0.094592595636973	0.752216703040351	146
-0.06867092606119	1.33863105599889	27
-0.02126179208727	0.410975081816502	27
-0.0575323580220499	1.10367053230774	27
0.093258496111483	0.755184548775958	27
-0.0355464618400401	1.16651769941738	27
-0.0453879561464501	0.826535039912472	116
-0.0993610331464401	1.05729459999707	436
-0.03610235142452	0.818618689784793	116
-0.0918346593999799	1.28300421204315	116
0.00270126179403396	1.18479414323942	3542
-0.02054390147798	0.410401139638387	1186
-0.10168968121186	1.05578035764099	1186
0.106643842320148	0.819988056848503	116
0.118650811382895	0.882810301464187	116
0.019563471132187	0.489615442131538	143
0.016109171675656	1.23662431743986	143
0.104143953696668	0.739802300917202	143
-0.05654653880886	1.10297657633945	143
0.015054303481413	0.489881989161453	1295
-0.01982638852231	0.409294816847698	1245
0.088678929893156	0.753824813746013	28
-0.04817647962551	0.835179767252813	28
-0.09216665613896	0.739408392048119	27
0.071980346601993	1.04522543260351	4553
0.078798710503181	1.10811581379506	116
0.070952359244948	0.676646519053922	1186
-0.01999467563998	1.13631170140664	485
-0.0237092751719501	1.14419373110835	143
-0.0258345509801201	0.413043803481388	143
-0.0604296982692001	1.1089234456623	557
0.077739662685169	0.669278488586703	557
0.015894522042094	0.490668273213241	143
0.01988508042586	0.489418532086656	488
0.111426548734365	0.819303769274298	254
-0.0160408315278899	0.407403518042765	111
-0.01982638852231	0.409294816847698	111
0.018979883904056	0.490062948615881	124
-0.0191745054275401	0.408793596683385	88
0.048800349321209	1.63731377668346	4713
-0.0954649279480799	0.743144794083816	3619
0.074046702638692	0.671869359783591	28
0.05070589095183	0.579346013754557	28
-0.09837862249536	0.747697416421832	27
-0.03283864853932	0.414606391010606	27
0.043255124947418	1.01761655817594	27
0.103811654719605	0.738880359856423	436
0.00209644403364695	0.888586994061858	116
-0.00715054366145007	0.902056650119357	116
-0.0999418770310101	1.05569622786677	3542
0.089791513121398	0.756163103779383	3542
-0.00449688627402001	0.899209079627004	854
0.015131794847899	1.23788916930666	485
0.065996389337502	1.05835523294868	485
0.0901326504844629	0.757062270567656	143
0.028405209171548	0.948644578146556	143
-0.01170953820656	0.907987941771832	557
0.026373975423623	0.483776495964029	111
-0.0255692233576701	0.412012891941837	124
-0.0177419809880199	0.408465897919083	88
-0.0167559082206199	0.407972067925741	9
-0.0191745054275401	0.408793596683385	1207
0.022413532369376	0.962438269619489	28
0.067751856497876	0.679997783057066	28
0.00865772770693096	0.490485889921741	28
0.106891755265789	1.18035435839885	27
0.021997898694337	1.51959686332242	288
0.060072191286925	1.06907520669165	27
0.05975108100936	1.06680499673887	27
-0.10698312098619	1.31085645475392	116
-0.01982638852231	0.409294816847698	116
0.123792480365897	0.878469983872262	1186
0.046553626280165	0.584006513426087	2255
0.019292824771818	0.48863605366341	2095
-0.0258345509801201	0.413043803481388	81
0.08957655881371	0.757374385482489	143
-0.0993694537518901	0.748779223526523	557
-0.0219800607115199	0.411274533949238	143
0.024448238004705	0.485979489293663	1295
-0.0951401345906999	0.745894843709305	1295
0.070970466194765	0.676426069400077	1245
-0.0244613091661201	0.410741903929385	101
-0.0195594609890499	0.408907543271993	88
0.014991841711362	0.491309861338566	88
-0.00148736791060999	0.895346897752705	146
0.039608158037286	1.26211454360276	27
-0.02860770606709	1.15273734923459	27
-0.05433028051988	0.841137958933701	27
0.083198669112269	0.76143630538677	116
0.044352266652742	1.01337643222284	116
0.063474512987005	0.682892940132346	3542
0.044723525975505	0.583718864447723	81
-0.0219800607115199	0.411274533949238	81
0.023541124291656	0.486623205126517	3436
0.019563471132187	0.489615442131538	3810
-0.0219800607115199	0.411274533949238	488
-0.02368524530921	0.41093826511309	488
-0.0248530618398799	0.411542674464278	3805
-0.02269870771255	0.411303674855888	488
-0.0332327678035	1.15913188234527	254
0.041051580345223	0.586802442641747	254
-0.02126179208727	0.410975081816502	1295
0.023036490742703	0.486096154978228	91
-0.0272685011114999	0.413655990175607	266
0.049435794200234	0.58198163053543	1245
0.109694071737008	1.28677221117544	28
-0.02681629356167	0.412672237731607	28
0.052223484806327	1.00423230876335	28
-0.0195594609890499	0.408907543271993	28
0.052443571193229	1.00147848036408	146
0.023617224616811	0.486158358630486	146
-0.0248530618398799	0.411542674464278	146
0.045947871805922	1.01517250837172	27
-0.10403241467846	1.06238333894858	288
-0.02047313163724	1.14060492592153	562
0.069045891537287	0.677871562537287	116
0.05682998008454	0.573523032490313	116
0.0248722938343881	0.955940199157042	116
0.055286576311993	0.575606460105574	116
0.019292824771818	0.48863605366341	3436
-0.02224709287202	0.410608941783725	81
0.102424442887239	0.74276268493325	143
0.052238425618642	0.577634620167254	143
-0.01845805499361	0.408763534655611	143
0.018979883904056	0.490062948615881	25
-0.02655133741802	0.413516459136083	111
-0.02296597963264	0.410908197770573	266
-0.02171241051411	0.409806924167185	9
0.042506623120497	0.585869256165123	28
-0.0311435899907899	0.41466914140038	27
0.104699777905123	0.738611600139393	27
0.019806177251094	1.23352494971794	288
0.00434801075254199	1.25831124919578	116
0.019563471132187	0.489615442131538	1527
0.0539882366235001	0.577157698100559	116
0.071424352203243	0.675881494724746	1186
-0.09797628266789	1.05002594334016	116
0.0469127309379041	0.583526138926534	2255
-0.0976077153336501	0.747657883049334	2255
-0.0551611114369	1.10011830262868	143
-0.02798604242193	0.413256750767976	488
-0.02126179208727	0.410975081816502	110
0.122570909008936	0.877933783715004	254
0.048006237158267	0.582368210709497	254
0.019563471132187	0.489615442131538	909
-0.0174713604435499	0.408269330515601	909
-0.10143204680627	0.747279790407146	111
0.069045891537287	0.677871562537287	91
0.028770399960519	0.482516920035912	943
0.018074542770612	0.489482847860143	1245
-0.02152858466472	0.41003633195509	88
0.071195014307187	0.671515076155211	1207
-0.12166921597641	1.66272972673976	28
0.092730630950545	0.753806017982914	28
-0.04020286589329	0.82505765975035	28
0.10780973634878	0.82124588445638	588
-0.02126179208727	0.410975081816502	27
0.03890351657361	1.26691491091248	27
-0.0160408315278899	0.407403518042765	27
-0.09370797935048	0.744558942126431	27
-0.0571034359092499	1.10410561525234	560
-0.0954649279480799	0.743144794083816	560
-0.0420497459354501	0.826841971894888	116
0.0235900577568861	0.48411519159988	81
-0.0276250547772201	0.412152135341901	81
0.024126413957558	0.486297529129953	2095
-0.02511814143824	0.41200820059487	544
-0.09768052616273	1.04888455654051	143
-0.0327012150500301	1.16024567583857	143
0.095662056781286	0.745828484267692	143
-0.09754090373437	1.04996063021827	143
0.089686868044117	0.757514714026737	25
-0.02054390147798	0.410401139638387	909
-0.02126179208727	0.410975081816502	909
0.02213082265976	0.48751597999684	909
0.0456332633866861	0.58446214274432	1245
-0.02027673323395	0.409478238556457	124
0.080786563877287	0.665046522784693	588
0.071424352203243	0.675881494724746	28
0.0401278579076541	1.02040411141559	146
0.056314127952681	0.996108337739168	27
0.02046807907243	0.488971745774085	27
-0.0971824773396599	1.28228743960766	288
-0.0987899759134501	1.05710923619338	27
-0.0471904418184399	0.833947885235395	116
-0.04692313421338	0.833981243701964	116
0.028446503813386	0.48360544938142	116
0.112264968636621	0.817082099141472	3542
-0.00152753629280999	1.19481839950965	116
0.088108975217983	1.08740770629522	485
-0.02027673323395	0.409478238556457	81
-0.0448922346501099	0.832250767371396	708
-0.04501720236742	0.830717686602753	557
0.022047743818713	0.486175826254412	488
-0.02027673323395	0.409478238556457	488
0.049683251906183	0.579446313548818	254
0.061541676482838	0.684142085633961	254
-0.02204793512445	0.410502951592421	254
-0.09600786380468	0.744769994301151	909
0.023863274661684	0.486099627797188	909
-0.02054390147798	0.410401139638387	266
-0.0219800607115199	0.411274533949238	124
0.01690542275676	0.489629484686196	124
-0.0259605391590001	1.65037054747013	28
-0.07378392559184	1.34728817057926	28
-0.09340835351044	1.04666727300939	28
0.072178393532761	1.11876282765975	28
0.014409992178878	0.491945039298103	27
-0.0318592374786799	0.414980836560012	27
-0.02007024295491	0.915533310564589	4553
0.057784515560427	1.36026484956901	4553
-0.0324700783954399	1.42770466473147	4553
0.101702626734055	0.740519240759659	562
-0.00317267495169005	0.894368928111426	1186
-0.10138421173787	0.750054826190905	1016
-0.02269870771255	0.411303674855888	1016
-0.0272685011114999	0.413655990175607	1016
-0.02224709287202	0.410608941783725	1016
-0.0275337041419801	0.41314398527887	974
-0.0174713604435499	0.408269330515601	544
-0.00810417892223003	0.905474597546475	708
-0.10819391591569	0.750893231204751	143
-0.0429814776090101	0.830495169681687	25
-0.02027673323395	0.409478238556457	392
-0.0428449013160801	0.8258244963643	254
-0.0425201581371799	0.830048264006524	909
0.023805360299448	0.485199002275023	111
-0.0219800607115199	0.411274533949238	394
-0.02368524530921	0.41093826511309	266
-0.02054390147798	0.410401139638387	109
-0.0219800607115199	0.411274533949238	2392
0.023219745533527	0.485729407307986	28
0.05045557672035	0.581254464006149	588
0.050418463201431	1.00693776225944	588
0.065819854857042	0.681480154693615	28
0.08689360751119	1.15397859816443	588
-0.0458037590233	0.831767938574496	146
0.024126413957558	0.486297529129953	27
0.117655991160852	0.884585116945207	288
0.09525814179314	1.20291392065357	27
-0.0127061070072101	0.90831676650542	27
0.11131251527781	0.893673746200585	562
0.080271996719751	0.666370253764614	562
0.019217834531428	0.964551279496482	116
0.048006237158267	0.582368210709497	116
0.102615452478577	1.24931567792221	1527
-0.0219800607115199	0.411274533949238	116
-0.10670247528237	0.754150937714968	1186
0.090681567801179	0.75743968253429	1186
-0.0272685011114999	0.413655990175607	81
0.0539882366235001	0.577157698100559	81
-0.02054390147798	0.410401139638387	544
-0.02204793512445	0.410502951592421	544
-0.0219800607115199	0.411274533949238	254
0.05540663389518	0.576037715189495	254
0.017490111099017	0.489691604438174	909
-0.02054390147798	0.410401139638387	266
-0.0234177334526799	0.410826590483551	266
-0.02655133741802	0.413516459136083	124
0.022969991702422	0.486647207067339	1245
-0.0219800607115199	0.411274533949238	88
-0.02054390147798	0.410401139638387	9
-0.0174713604435499	0.408269330515601	28
-0.0942016332629401	0.744959671022221	28
0.047726852169918	1.08635646834598	588
0.068931618684161	1.05342162638464	588
0.103035562001896	0.738557276565008	28
0.120525969812611	0.804469648382644	28
-0.10188258443892	1.06211710429363	146
-0.09050937409342	1.04082841127749	588
0.022922195854291	1.22486600178391	27
-0.0647360151926399	1.11242396529216	27
0.100467550411857	0.744820607968838	1186
-0.0308800899146	0.413479379600555	81
-0.0174713604435499	0.408269330515601	488
0.033216624962134	0.590628198496988	488
0.022633873439302	0.486054814054359	25
0.07499122575943	0.670844352847662	254
0.078699498205161	0.668647075938239	254
-0.02171241051411	0.409806924167185	448
0.026957364462212	0.48365648985277	909
-0.0273583360894001	0.411969988811906	266
0.014149992122315	0.49165577187569	1245
-0.0209943829552901	0.409776652047704	1245
-0.0227622512530099	0.410642108899905	88
-0.00253428094751995	0.897078195313529	588
0.0135481876763039	0.49095581776309	588
0.0526368526753021	0.577297034494558	588
0.018236682236542	0.964801092067061	588
-0.0554572762540899	1.09829042269942	588
-0.06428731354021	1.11025117590244	588
-0.02655133741802	0.413516459136083	588
0.117987401537902	0.808673178740054	116
0.11408594226082	0.81576616472423	1186
0.069192640940806	0.677605957534758	485
0.025032944637482	0.485654316649321	974
-0.0282514925208599	0.413283993547182	81
0.0293147679997851	0.95048155841422	143
-0.09340835351044	1.04666727300939	557
0.018074542770612	0.489482847860143	1007
0.00957316444726697	0.493124979547143	25
-0.02511814143824	0.41200820059487	254
-0.02054390147798	0.410401139638387	254
-0.02628576158792	0.412152659857664	266
-0.0930413022776	0.741070812797572	1245
0.018074542770612	0.489482847860143	1245
-0.02511814143824	0.41200820059487	1245
-0.0234177334526799	0.410826590483551	101
0.023278054411095	0.48596934273912	88
-0.0258345509801201	0.413043803481388	88
-0.02628576158792	0.412152659857664	88
0.02046807907243	0.488971745774085	9
-0.02152858466472	0.41003633195509	427
0.020194744953431	0.487218320275361	28
0.069596390034126	1.05312586506568	28
-0.00633157540248996	1.2026581911347	28
-0.0990876553494	0.748376627520693	28
0.048897996916399	1.01001181434782	588
-0.0450043412523	1.37681178997988	588
-0.0195416750069799	1.13417879156222	146
0.049479872113157	1.00905891579595	27
0.045335716528395	1.01298856621157	116
-0.0471904418184399	0.833947885235395	1186
-0.0594721508151901	1.10596720173877	116
0.048133587195201	1.01089778230929	116
0.03045020294342	0.949989909873031	485
-0.10002816747195	0.749312019796289	485
-0.09403211771683	0.742365087458488	485
-0.00552554582496989	0.901336015294575	143
0.0247114467027531	0.485765853390852	143
0.024448238004705	0.485979489293663	1947
-0.09887395139294	0.748376430830867	25
-0.02152858466472	0.41003633195509	488
0.056320556981009	0.574080932087151	2606
0.019563471132187	0.489615442131538	448
-0.0177419809880199	0.408465897919083	909
-0.02303104447883	0.410996649608088	266
0.050307751945362	0.579430672939284	28
0.105789842066149	1.18263004646441	28
0.019037582423717	0.488172523893389	588
-0.09706725747034	0.744986458407416	588
-0.0167559082206199	0.407972067925741	27
0.078228365116862	0.669055552119672	27
0.08412917001675	1.0978734070588	288
-0.0300291094131999	1.15460695845323	27
0.03029570191174	0.949246987508634	562
-0.02709782982251	1.15264319831091	116
0.00612986351935296	0.979942465405917	116
0.048516771594874	0.581649347606665	116
-0.06540848958391	1.32815237979939	1527
-0.0258345509801201	0.413043803481388	116
0.029352361723531	0.482194393877049	1186
0.029610834728566	0.482297418223224	81
-0.0604810964109299	1.31671258838276	81
-0.04771390287254	0.834730965978367	143
0.072857782278105	0.673802679269849	143
-0.02054390147798	0.410401139638387	63
0.028446503813386	0.48360544938142	63
-0.02655133741802	0.413516459136083	63
0.024197704557829	0.48595166057885	909
-0.00271963596081992	0.893923208840913	909
-0.02126179208727	0.410975081816502	909
-0.0282514925208599	0.413283993547182	106
-0.02126179208727	0.410975081816502	266
-0.02269870771255	0.411303674855888	2123
-0.02269870771255	0.411303674855888	88
-0.0275337041419801	0.41314398527887	88
-0.02566375894768	1.65334687004901	28
-0.02126179208727	0.410975081816502	28
-0.0167559082206199	0.407972067925741	28
-0.11111660699859	1.31783602593037	588
-0.09370797935048	0.744558942126431	146
-0.02224709287202	0.410608941783725	588
0.122827941086812	0.878844090400019	27
-0.0091070291141	1.20502914885071	288
0.014089008630006	0.490727684035507	116
0.11240933154406	0.818163565356798	116
0.014409992178878	0.491945039298103	1527
-0.08720451229067	0.732121499172151	1527
-0.0227622512530099	0.410642108899905	116
-0.0688260846036499	1.33291071455841	1186
0.070007912083619	0.677468988104035	1186
-0.02303104447883	0.410996649608088	81
-0.0318592374786799	0.414980836560012	544
0.027579671512622	0.950320034989375	143
-0.0266455653020099	0.411660707456765	1007
-0.05816454750566	1.10200891976083	63
-0.02152858466472	0.41003633195509	909
-0.02054390147798	0.410401139638387	909
0.019301826126752	0.489626676436646	124
-0.0167559082206199	0.407972067925741	648
-0.02347694248815	0.410248691257658	88
-0.02269870771255	0.411303674855888	88
-0.0219800607115199	0.411274533949238	1306
-0.10271325119136	1.30367879685532	28
0.047495517925969	0.582845325381987	28
-0.0255692233576701	0.412012891941837	28
0.035776496161082	1.34081650681975	588
0.051231587357641	0.577763529423755	146
0.107023007519979	0.824608445278826	146
-0.0446370437513499	0.829320369780156	288
-0.0697226453907101	1.33615165595028	288
0.073696625482598	0.674976994061394	27
0.057733001754371	1.07167215957311	1527
0.021806919098716	0.487298612728869	1527
-0.0234177334526799	0.410826590483551	81
0.102984019515163	0.740590511790434	485
0.020207465749117	0.487853014850325	81
0.070007912083619	0.677468988104035	143
0.023541124291656	0.486623205126517	25
0.018396040612831	0.490271397263528	63
-0.02054390147798	0.410401139638387	909
0.0272811528101971	0.484048387209294	909
0.045531005212701	0.584266852242576	909
-0.0191745054275401	0.408793596683385	124
-0.02269870771255	0.411303674855888	109
0.029352361723531	0.482194393877049	588
-0.0076680901978099	0.905132799641932	588
-0.02204793512445	0.410502951592421	588
-0.0357924945955199	1.3583785073608	1193
-0.10044338821325	0.747112734702923	27
0.101020663635622	0.744218720063133	288
-0.09502362707333	0.742673691836324	116
-0.02204793512445	0.410502951592421	1527
-0.0272685011114999	0.413655990175607	2577
-0.02655133741802	0.413516459136083	1947
0.074679314521886	0.67329425566699	25
-0.02054390147798	0.410401139638387	448
-0.01845805499361	0.408763534655611	266
-0.0209943829552901	0.409776652047704	266
-0.01702628305176	0.407896565848327	88
-0.02027673323395	0.409478238556457	648
0.025032944637482	0.485654316649321	28
0.118198711009698	0.808093052537356	588
-0.09662194994171	0.745462257050568	588
0.022437328815473	0.485061498563818	588
0.044723525975505	0.583718864447723	588
0.01988508042586	0.489418532086656	146
-0.02027673323395	0.409478238556457	27
-0.02681629356167	0.412672237731607	27
-0.1076441549091	0.754646443435485	288
0.078681947965054	0.667827843691583	4553
-0.00452922723799998	0.900768800433598	560
0.014149992122315	0.49165577187569	1527
-0.0946461692690701	0.745493654326501	116
0.024126413957558	0.486297529129953	485
-0.0301650740028001	0.413168838752643	2577
0.086436385028554	0.760131191264234	143
0.029028796684373	0.483077229419228	143
0.01988508042586	0.489418532086656	143
-0.02126179208727	0.410975081816502	909
-0.02798604242193	0.413256750767976	2156
0.050275283099717	1.00043085423016	28
0.050887377243427	0.580940901573	28
0.059864611935023	1.06975248268726	28
-0.02231647525331	0.410527599337308	588
-0.12480771769794	1.46777297054306	588
0.0272811528101971	0.484048387209294	588
0.088684735008624	0.758532174114497	588
0.113245080151567	0.816280901345437	588
0.0731369406764471	0.673539494444427	27
0.029474076139408	0.95025795688711	116
0.066436508384182	0.680214601655561	116
-0.0983911149379699	1.29321417641331	560
0.066928099402158	0.680486650454705	432
0.106185711013138	1.17848939681661	485
-0.10011971450156	1.0525992986432	485
0.023551146358285	0.485931475764711	485
-0.0344630621328199	1.15604319257216	143
-0.0945277856025399	0.74264539755939	143
0.024126413957558	0.486297529129953	25
-0.0177419809880199	0.408465897919083	63
-0.0219800607115199	0.411274533949238	2606
-0.10232457784226	0.751503576493597	909
-0.10080348417853	0.747768061330193	909
-0.0282514925208599	0.413283993547182	909
0.051615755559372	0.578220142953797	111
0.071634564639781	0.676943032280065	111
0.055516228015581	0.575452682793181	106
-0.0160408315278899	0.407403518042765	106
-0.0282514925208599	0.413283993547182	124
-0.0275337041419801	0.41314398527887	124
-0.0191733287940801	1.63789618604868	28
0.031844638748265	1.19805448371353	28
0.063946922600695	0.682020292100517	588
0.036658238549503	0.589512974076729	588
-0.0402281318358999	0.825767269609753	588
-0.0311435899907899	0.41466914140038	588
-0.0103078368314	0.905858985135751	588
-0.0536706867647601	1.09723823852607	288
0.100063533480662	0.828798377510317	562
-0.10639552071671	1.06706177181361	562
-0.0902412031006401	0.739444712132358	2863
0.075129548539415	0.673818198199838	562
0.100420960732729	0.745244453131377	116
-0.02655133741802	0.413516459136083	116
0.078717919400296	0.667870587055351	761
0.088449250774844	0.758099844738623	143
0.058150922206422	0.570567898638516	143
0.024448238004705	0.485979489293663	143
-0.02171241051411	0.409806924167185	1792
-0.0209943829552901	0.409776652047704	909
-0.02126179208727	0.410975081816502	111
0.022369773407166	0.486612908966987	266
-0.02027673323395	0.409478238556457	648
-0.0505369305957699	0.837790765579806	28
0.053878688458244	0.576497760742304	28
0.091923196660488	0.755762744558485	588
0.082399910615616	0.663446694169599	588
-0.05200297695981	1.0925019176212	288
0.106787605459993	0.822082707627589	562
-0.0219800607115199	0.411274533949238	116
0.100481399472655	0.829714919056995	116
-0.00549755252508999	0.900095510039781	116
-0.04677661935019	0.828244510583585	116
0.038044256210233	0.587207425346178	485
0.045531005212701	0.584266852242576	143
-0.02152858466472	0.41003633195509	143
-0.02269870771255	0.411303674855888	63
-0.0275337041419801	0.41314398527887	909
-0.03257526143736	0.414692514464788	909
-0.02681629356167	0.412672237731607	909
-0.02054390147798	0.410401139638387	2156
-0.01845805499361	0.408763534655611	124
-0.0195594609890499	0.408907543271993	124
0.104269271281803	0.824951883857742	28
-0.0468569727534001	0.835457138466888	588
-0.0444935043263801	0.832447809661205	146
0.012435018202309	0.483994156766109	146
-0.0234177334526799	0.410826590483551	27
-0.02628576158792	0.412152659857664	27
0.098187752578739	0.832883768319244	288
-0.05444081306092	1.09848390196708	562
0.000452804666075002	1.19050282513055	562
-0.0275337041419801	0.41314398527887	562
0.078228365116862	0.669055552119672	116
-0.02296597963264	0.410908197770573	116
-0.02126179208727	0.410975081816502	485
0.01350656551695	0.491361087548199	601
0.0667633889667551	0.680655497094375	143
-0.0167559082206199	0.407972067925741	25
-0.0258345509801201	0.413043803481388	63
-0.09645739798202	0.742911242778901	3112
0.099577577285379	0.74592684122528	3112
0.021050822262274	0.488251197847747	909
0.029610834728566	0.482297418223224	909
0.046042408356414	0.584258121837317	124
0.042073693520404	0.586934090859484	109
-0.02655133741802	0.413516459136083	28
-0.02231647525331	0.410527599337308	48
-0.0332327678035	1.15913188234527	588
0.098687070657973	0.746193556627505	588
0.064769499200394	1.06084126098587	48
-0.08700518664516	0.734335675937489	27
0.00211618764250898	0.88817148800765	27
-0.1032644863597	0.752001424844403	27
0.121651199293412	0.879629736562492	288
-0.06593795534905	1.11353259469062	562
-0.0434248834023301	0.82734965214336	116
-0.0945277856025399	0.74264539755939	116
-0.01698299842536	1.2179753685108	116
-0.0561511852610199	1.09586893718903	485
0.073206568988624	0.673771597177855	485
-0.0177419809880199	0.408465897919083	81
0.02137253989597	0.48720056173569	143
-0.0234177334526799	0.410826590483551	909
-0.0234177334526799	0.410826590483551	909
-0.02231647525331	0.410527599337308	1368
-0.0177419809880199	0.408465897919083	1306
-0.0465747296092001	0.828179825301989	146
-0.0106676491628801	0.907848768759085	27
0.066928099402158	0.680486650454705	27
-0.10088982816659	0.749497593613753	116
0.099577577285379	0.74592684122528	116
0.023233048384661	0.961968218404433	116
0.01988508042586	0.489418532086656	81
-0.02655133741802	0.413516459136083	81
0.025032944637482	0.485654316649321	1016
0.00109485780626495	0.887748426994773	143
0.023617224616811	0.486158358630486	143
-0.02126179208727	0.410975081816502	3112
-0.02054390147798	0.410401139638387	909
-0.02054390147798	0.410401139638387	1562
0.0911262054117979	0.756849654490018	588
0.046479135973084	0.583684643677063	146
0.0777570787936111	0.669257591111527	588
-0.0974407396063199	0.74719824613095	27
0.018979883904056	0.490062948615881	27
0.022989646528364	0.961213765986677	27
0.028446503813386	0.48360544938142	27
-0.01079769764764	0.908634220664379	562
0.112873043222974	0.888486103197809	562
0.0412106015213261	0.585685318999899	1527
0.05070589095183	0.579346013754557	915
0.020146802493525	0.488893696013304	485
0.046143796159531	0.583984480648196	485
0.013827887658088	0.492274249557995	601
-0.03140646864859	0.413366127641057	601
-0.0219800607115199	0.411274533949238	143
-0.02126179208727	0.410975081816502	63
0.01988508042586	0.489418532086656	3112
-0.0209943829552901	0.409776652047704	3112
-0.0219800607115199	0.411274533949238	1178
-0.0255692233576701	0.412012891941837	909
-0.02027673323395	0.409478238556457	124
-0.02269870771255	0.411303674855888	124
0.049796326412217	0.579793446877527	124
-0.0112298614320401	1.20888887054956	48
0.12062436367912	0.882748074711471	48
0.024448238004705	0.485979489293663	48
0.070480212567462	0.677172512450515	588
0.0778771577755391	0.669684391201715	588
-0.0421971422112599	0.827947925603214	588
0.117198242573641	0.810674141169511	562
-0.00365684715971004	0.899538831022518	562
-0.00666891336966002	0.903699767117834	116
0.030515521601061	0.480892304556445	116
0.107323266369155	0.732881087316342	1527
-0.0241372766757999	0.410514033565441	761
-0.0969458933682801	0.746210989881604	1584
-0.02054390147798	0.410401139638387	965
0.089674990456772	0.758719295395693	143
-0.0945277856025399	0.74264539755939	700
-0.01702628305176	0.407896565848327	63
-0.02054390147798	0.410401139638387	63
0.049867856506886	0.581200166398956	3112
-0.09518945882268	0.74490164260121	3112
-0.02269870771255	0.411303674855888	1859
-0.01982638852231	0.409294816847698	109
-0.02171241051411	0.409806924167185	505
0.011938814994115	1.24676572283227	48
-0.0608281696477899	1.10929252449496	588
0.023808452254364	0.96040498582395	588
-0.10281944783493	0.751751903281367	588
0.013827887658088	0.492274249557995	27
0.023541124291656	0.486623205126517	27
0.00989127451018101	1.25195837190766	116
0.074187540295432	0.674638088463039	1584
0.029610834728566	0.482297418223224	485
0.0238875536000001	0.958921223164204	143
-0.00309610097596003	0.898858393241256	143
0.0464735246032461	0.583105940489027	143
0.027863955920451	0.483928968898868	143
-0.02655133741802	0.413516459136083	63
0.01690542275676	0.489629484686196	909
-0.02368524530921	0.41093826511309	909
-0.0283384601138399	0.412461825619006	1328
-0.0219800607115199	0.411274533949238	88
-0.0318592374786799	0.414980836560012	88
-0.0167559082206199	0.407972067925741	88
-0.02269870771255	0.411303674855888	1306
0.099976955061461	0.746035802320289	1379
-0.0947862963116399	1.05013760102805	48
-0.02681629356167	0.412672237731607	588
0.048375056059869	0.579229455273158	27
0.113134128152892	0.889992641540097	288
0.000380957523139047	0.893241810071057	562
-0.09793575902146	0.747877004766513	562
-0.0120441766716	0.90761149037752	562
-0.00671337008738004	0.901310101043029	116
0.073696625482598	0.674976994061394	761
0.083339598033075	0.66243224619865	1584
0.068364101746934	0.678769378087003	116
-0.1032644863597	0.752001424844403	143
-0.0167559082206199	0.407972067925741	143
-0.0219800607115199	0.411274533949238	488
-0.10576033699296	0.752702610754485	909
-0.02224709287202	0.410608941783725	124
0.0232932211435261	0.487372497728726	88
-0.02368524530921	0.41093826511309	88
-0.05012089464447	0.837707222812169	588
-0.0438872227320399	0.828168845104135	588
0.0941752796541589	0.751995733393253	588
0.051906161119228	0.579747820483783	588
0.049435794200234	0.58198163053543	27
-0.00779426770175995	0.904153403023236	2037
0.048260908541812	0.579536967913448	562
0.121941709326014	0.803093060681974	116
0.124757573673559	0.877447448799405	2538
-0.00775735025318003	0.903212346170019	761
0.024448238004705	0.485979489293663	116
-0.1019371392491	1.05891886905439	485
-0.0951401345906999	0.745894843709305	485
-0.0258345509801201	0.413043803481388	81
0.0759511223331	0.669827054137031	143
-0.02269870771255	0.411303674855888	1853
0.023863274661684	0.486099627797188	1079
-0.02374598899693	0.411135954461803	2439
-0.0177419809880199	0.408465897919083	88
-0.0369356494320101	1.52600829577262	28
-0.01114917349948	0.907219249229167	28
-0.0930347139449299	1.27968253664395	588
-0.10613150267843	1.52382156134309	27
-0.02511814143824	0.41200820059487	27
0.015442319949291	0.969910369152727	27
0.0794544828343881	1.02864520897838	288
0.028745654489919	0.950079727718122	562
0.0469127309379041	0.583526138926534	2037
0.045460259310538	0.584680774888386	116
0.093801741876984	0.753017993769184	761
0.106233077973295	0.823672372831842	1584
0.100912337083926	0.743947291678387	1584
0.092577732224349	0.754016425617107	485
-0.0210357072557199	1.13990005626904	485
0.028446503813386	0.48360544938142	81
0.022955577507461	0.486743487685973	143
0.100130810572732	0.744910459012493	143
0.017002812721549	0.966010343129296	143
-0.0275337041419801	0.41314398527887	143
-0.02054390147798	0.410401139638387	63
-0.01845805499361	0.408763534655611	3112
-0.0335553038325001	0.414320332911909	1859
0.01845862199186	0.48819762268695	1859
0.051216925571805	0.578983513041556	1859
0.020146802493525	0.488893696013304	909
-0.02269870771255	0.411303674855888	1178
-0.0185160103345601	0.407432048797052	1079
0.045122540926785	0.584713252751266	1079
0.026373975423623	0.483776495964029	88
-0.0195594609890499	0.408907543271993	88
-0.02798604242193	0.413256750767976	1562
-0.08177097365066	1.73429289799578	759
-0.10192241297759	1.88045243991081	28
-0.0411260170223	0.8264434980829	588
-0.0606521262961099	1.10731918641667	588
0.07167834143491	0.676598079344991	588
0.00916790300135795	1.69642414027858	27
0.037287848809142	1.33211078546381	27
-0.0444068129214299	0.827747871259884	562
0.090908249096673	1.1479419971833	2037
-0.00846283248464008	0.90271150742766	761
-0.09034334714493	0.736511633882685	787
-0.09087402277507	0.738489129356133	116
0.049345980797031	0.579201196423685	1584
-0.0483076638001201	0.836762263127822	143
0.075621144230676	0.672942733062937	143
0.000465622691095957	0.89198854239323	143
-0.02062042675795	0.40900976372954	488
0.029934068872152	0.481668392537244	63
0.05303617133165	0.57566754602637	92
0.022633873439302	0.486054814054359	1079
0.045531005212701	0.584266852242576	88
-0.0699168615536001	1.87017467078725	759
0.064723846413036	1.1292309733283	588
-0.00336213493559989	1.19439083816437	27
-0.0510632282630299	0.838427490707537	27
-0.0268367790942401	1.41900320117079	27
0.105420443785267	1.18364947235858	288
0.112543290541716	1.22090989719364	562
0.098605722836566	0.744062826186807	116
0.11592355205927	0.813208199673639	761
-0.0406040311061	0.826070677262984	761
0.018979883904056	0.490062948615881	761
0.04258447248443	0.586568109376667	787
0.097412129938681	0.750199123913718	1584
0.013827887658088	0.492274249557995	81
0.018979883904056	0.490062948615881	81
-0.01845805499361	0.408763534655611	143
0.049910504381205	0.578142579276258	1853
-0.0462578470230299	0.829536267240305	1859
0.023278054411095	0.48596934273912	909
-0.0318592374786799	0.414980836560012	2737
-0.0258345509801201	0.413043803481388	124
-0.02126179208727	0.410975081816502	721
-0.0272685011114999	0.413655990175607	88
0.10290430647427	2.12740588019418	759
-0.00931856046796997	1.45654902625793	28
0.0697715744012321	1.32762852046685	28
0.050887377243427	0.580940901573	588
-0.0605319076841999	1.10688269955017	588
-0.0676173998138101	1.3351683709075	588
0.02046807907243	0.488971745774085	27
0.045460259310538	0.584680774888386	27
0.017227585054816	0.489586810371336	562
0.046403519150757	0.583890417561864	502
0.029934068872152	0.481668392537244	116
-0.0932144978765499	0.743883074867875	116
-0.0642031176409099	1.11245370025263	787
-0.10274878079638	1.30443338800075	787
-0.0506008627741601	0.837514751573075	116
-0.0978834669535	0.74670988899904	485
-0.09617504377439	0.744167656644757	832
0.042073693520404	0.586934090859484	832
0.026201588560498	0.484339946364837	832
0.042663323107946	0.585444928417502	601
-0.10248267231266	0.750897199380474	601
0.091570709836281	0.755971291055767	601
0.0505938998082081	0.578321110937991	601
0.074519041082074	0.671460073883177	601
-0.04304584551746	0.83102684917276	2468
-0.10245603983132	1.06215572182616	2468
0.023617224616811	0.486158358630486	143
0.01988508042586	0.489418532086656	143
0.094262109488963	0.753909293025381	143
0.050887377243427	0.580940901573	63
0.049284710749173	0.579955911466618	63
-0.0219800607115199	0.411274533949238	124
-0.02296597963264	0.410908197770573	1368
0.028123375859096	0.482805576227173	88
-0.02054390147798	0.410401139638387	88
-0.02152858466472	0.41003633195509	88
0.017831512526292	1.23513011110778	759
0.052338611403571	0.578466672455565	588
-0.0557848440348301	0.842489375783347	48
-0.0511253107196199	1.38675054879066	27
-0.0945277856025399	0.74264539755939	562
0.095556544853009	0.748092248431082	116
-0.01970934486649	0.914786672061419	116
0.0272811528101971	0.484048387209294	787
0.100575803741315	0.744667968397544	787
-0.0944731529637399	0.742342543600819	485
0.097300999183317	0.750107238460331	485
-0.02655133741802	0.413516459136083	81
-0.0258345509801201	0.413043803481388	601
0.018713772455309	0.489267128736786	601
-0.1085853757022	0.753492623245547	601
-0.10375966946155	0.75224999052497	601
0.0244546030278719	0.486210829047288	411
-0.10797056613473	1.06777198267541	2468
0.026120312505952	0.483542535242062	143
0.094592595636973	0.752216703040351	143
0.022633873439302	0.486054814054359	143
-0.02655133741802	0.413516459136083	1104
-0.0275337041419801	0.41314398527887	4623
0.046553626280165	0.584006513426087	63
0.022369773407166	0.486612908966987	3112
-0.0270026768912099	0.41175796254343	1881
-0.0209943829552901	0.409776652047704	135
0.025032944637482	0.485654316649321	135
-0.0258345509801201	0.413043803481388	1178
-0.0209943829552901	0.409776652047704	909
-0.01845805499361	0.408763534655611	346
0.019563471132187	0.489615442131538	684
-0.02054390147798	0.410401139638387	1079
0.11221201541441	1.22809990787638	759
0.114821785830783	0.813304542667678	27
-0.03321515279299	1.16162206917639	27
0.085661216700718	0.76185230324332	146
-0.0272685011114999	0.413655990175607	27
-0.10357970129452	1.51580580021172	27
-0.12127962775544	1.45619657922635	27
0.109256703725469	1.29004824378667	288
-0.0960823592419599	1.05224606652178	116
0.070498252986762	0.676482753100705	2538
0.098831812680818	0.747120444029807	2538
0.082419254636931	0.764136011692095	2538
-0.0492203558462201	0.833173191031585	787
-0.05211263370159	0.835403026003513	1584
-0.0983625419009999	1.05674117410291	485
-0.03140646864859	0.413366127641057	485
0.0101531477092141	0.492979790768356	832
0.019292824771818	0.48863605366341	832
0.020790130443553	0.4876451712386	81
0.02046807907243	0.488971745774085	700
0.05449775594732	0.576796655212425	143
0.031603500593574	0.479533027936019	1293
0.017490111099017	0.489691604438174	63
-0.09136658228235	0.739158170455943	909
0.018718315979064	0.48956308680362	909
-0.0177419809880199	0.408465897919083	684
-0.02269870771255	0.411303674855888	1368
-0.02296597963264	0.410908197770573	2731
-0.0272685011114999	0.413655990175607	88
-0.0219800607115199	0.411274533949238	1873
0.024126413957558	0.486297529129953	1927
0.058583842556273	1.0699616009098	48
0.024126413957558	0.486297529129953	588
-0.0960580046456401	0.743501075856123	588
0.051615755559372	0.578220142953797	27
0.075479175818931	0.670441921506615	27
-0.0657320008839899	1.33181316365107	27
0.0534181120134351	1.07788024035349	27
-0.0982326258442601	0.744779976743532	562
0.077739662685169	0.669278488586703	116
-0.0321223702645701	0.414294926993374	116
0.096856182951075	0.750904409244305	2538
0.107231497110894	0.822715102457328	761
0.02178371179276	0.485943497002502	787
-0.02368524530921	0.41093826511309	485
-0.0260992604196	0.411639865603186	601
0.094620768965721	0.7509432147411	81
0.068573196229238	0.677928296765056	143
-0.0964139819157701	1.04789666875828	143
0.024448238004705	0.485979489293663	1293
-0.0241372766757999	0.410514033565441	63
0.027909216753526	0.952717455476259	63
0.022633873439302	0.486054814054359	2737
0.023219745533527	0.485729407307986	271
-0.02655133741802	0.413516459136083	1306
-0.03632964483657	0.816963076641973	1927
-0.0272143586411699	1.15264174565334	588
-0.0440319183857401	0.831727902787209	588
0.018658717968524	0.489036202673862	588
0.0126468676646631	0.490669575447164	588
-0.03617648809529	1.16336245739405	288
0.122149874070399	0.879838204709822	562
0.075309153810296	1.11433462870656	502
0.0178254099549851	0.965716020162153	116
0.046403519150757	0.583890417561864	116
0.0545826250356341	1.07434806498408	2538
-0.04718311322897	0.830109794559389	2538
-0.02054390147798	0.410401139638387	81
0.0178110921690789	0.488982547182895	126
-0.0276250547772201	0.412152135341901	4623
-0.0167559082206199	0.407972067925741	1293
0.021806919098716	0.487298612728869	63
-0.10079793637833	1.05672595738883	63
-0.02269870771255	0.411303674855888	135
0.021954694301717	0.486484341980315	684
-0.01845805499361	0.408763534655611	1368
0.024126413957558	0.486297529129953	271
-0.0282514925208599	0.413283993547182	1079
-0.02798604242193	0.413256750767976	271
-0.0209943829552901	0.409776652047704	88
0.0282110863321809	1.28636668493344	28
0.073461855750883	0.672470789625724	1927
0.072386183595576	0.674840696387837	1927
-0.0509993791438701	0.838089849372423	588
0.070480212567462	0.677172512450515	588
-0.0750052020511101	1.71737495665886	146
0.100467550411857	0.744820607968838	27
0.088224086401354	0.759614120801783	27
0.096411233434052	0.751468777011457	27
-0.0469126023022799	0.832827266277518	562
-0.00548478929525009	0.897290138892654	562
0.074658621008098	0.674342667441165	2538
-0.0992619708265701	1.05239310037769	2538
0.118982579410641	0.807523846132742	761
0.118982579410641	0.807523846132742	485
-0.0209943829552901	0.409776652047704	601
-0.0275337041419801	0.41314398527887	126
-0.0276250547772201	0.412152135341901	126
-0.0142778287846199	0.910851630967909	143
0.040619309949262	0.587504955751975	143
0.00925119947179997	0.493620297927824	143
-0.0213339937447401	0.410034538747514	63
0.015313266708984	0.491302403590035	909
0.0151805966113781	1.24047793384879	28
0.075621144230676	0.672942733062937	146
0.055475579092134	0.99546646993674	146
-0.0213339937447401	0.410034538747514	146
0.117464396058509	0.81027013538945	27
0.030515521601061	0.480892304556445	27
0.020536053424222	0.961468760130716	562
0.072857782278105	0.673802679269849	502
0.116367750569507	0.805656616711554	502
-0.00710478391670999	0.904041281076599	116
-0.10576033699296	0.752702610754485	2538
0.089674990456772	0.758719295395693	2538
0.01021688820824	0.975405757765709	2538
0.05540663389518	0.576037715189495	116
0.0409841400100081	0.586815754597546	116
0.071634564639781	0.676943032280065	116
-0.04014244204151	0.825746148014043	126
-0.0567574828825099	1.10282955242506	143
0.105143640280153	0.73816524770661	143
-0.0234177334526799	0.410826590483551	143
0.114604523290833	0.811371601930786	143
-0.0318592374786799	0.414980836560012	143
0.022047743818713	0.486175826254412	143
-0.02126179208727	0.410975081816502	1293
-0.02081045464866	0.408933527207846	63
0.0232932211435261	0.487372497728726	135
-0.0209943829552901	0.409776652047704	909
-0.02269870771255	0.411303674855888	684
-0.02269870771255	0.411303674855888	684
-0.0282514925208599	0.413283993547182	1079
-0.0491663764918799	1.38602712800044	588
0.029934068872152	0.481668392537244	48
0.068931618684161	1.05342162638464	146
0.028123375859096	0.482805576227173	502
-0.0927693398370399	0.74195796483767	562
-0.0609929731327401	1.10975388328695	116
-0.10759557836063	0.75232193325867	2538
-0.1039618127358	1.06455759512837	2538
-0.0993610331464401	1.05729459999707	2538
-0.0097963982712701	0.907197132613085	2538
0.098413862048584	0.7482571977142	116
-0.0258345509801201	0.413043803481388	81
0.023551146358285	0.485931475764711	81
-0.02152858466472	0.41003633195509	81
0.119110443297087	0.804258637557168	143
0.036658238549503	0.589512974076729	143
-0.0462036113569599	0.831908676858292	143
-0.0258345509801201	0.413043803481388	143
0.047064659101968	0.583528390275705	1293
0.01988508042586	0.489418532086656	135
-0.02126179208727	0.410975081816502	1368
-0.0357570415500199	0.41502408337403	1079
-0.02054390147798	0.410401139638387	1079
-0.02231647525331	0.410527599337308	88
0.025296222724603	0.484980985533228	48
-0.0282514925208599	0.413283993547182	588
0.00499959780739201	1.18076995451386	588
-0.0248530618398799	0.411542674464278	27
-0.0956342726349	0.746020099092103	562
0.069566742721329	1.05050264171398	116
0.0997262704808129	0.829473979934862	116
0.026523202592572	0.483366492541231	2538
0.069748140489873	0.678035075115648	116
-0.02513129843427	1.14949940180003	2538
0.092697255444463	0.752262997992783	116
0.075129548539415	0.673818198199838	116
0.096200976287334	0.74136117293906	116
-0.00601808784584001	0.898458962061312	485
-0.02863693522696	1.1562341254566	485
0.11502583485523	0.810690631368826	81
-0.01845805499361	0.408763534655611	81
0.05045557672035	0.581254464006149	601
-0.0248530618398799	0.411542674464278	601
0.073225302584195	0.675272608175274	143
0.0135481876763039	0.49095581776309	143
0.05070589095183	0.579346013754557	143
-0.02296597963264	0.410908197770573	143
-0.01845805499361	0.408763534655611	1293
0.026104625151491	0.95289469114485	1293
-0.02126179208727	0.410975081816502	135
0.041995791485827	0.585640695166839	135
0.023036490742703	0.486096154978228	135
0.024126413957558	0.486297529129953	92
-0.02171241051411	0.409806924167185	1079
0.0957110009541699	0.751256984628796	28
0.058098882741652	1.07154669350662	48
0.118454777337924	0.809577375998628	48
0.076398228105633	1.11136310252835	588
-0.0150935939555801	1.2156953540371	588
0.055286576311993	0.575606460105574	27
0.107349149228491	0.822646260315804	288
-0.0976077153336501	0.747657883049334	116
-0.0705454908562799	1.12309804662583	116
0.0430172697849009	0.58577079046855	601
0.057970174519944	1.07225364049762	143
0.116725678861694	0.810107421029767	143
0.094800372211392	0.746333843335536	143
-0.09469545971871	0.745084893553968	143
0.019301826126752	0.489626676436646	143
-0.00977627479924004	0.900352666572072	143
0.025355212710095	0.484218430760984	1293
-0.03915808111148	0.824064485145193	1293
0.0247114467027531	0.485765853390852	135
0.071424352203243	0.675881494724746	92
0.053147117050718	0.576512808420613	92
-0.02054390147798	0.410401139638387	1079
-0.02655133741802	0.413516459136083	271
0.058142737308302	0.686231723941779	48
0.018979883904056	0.490062948615881	48
-0.0689355397837801	1.3387157622082	48
-0.03463899247743	1.1642813552167	27
0.07502379609466	0.669397523067402	27
0.040107843575557	0.587275186058806	562
-0.0936587563737701	0.743832365386165	562
0.000847925920417048	0.890313033848958	2538
0.094048655478617	0.748134974354764	2538
0.04164168675995	0.587040348971874	116
-0.0258345509801201	0.413043803481388	787
0.109412090522486	0.821399246795358	787
-0.0219800607115199	0.411274533949238	601
0.028705998608865	0.482027330230746	601
-0.0567760966692601	0.842890862606925	143
-0.01127247500998	0.907359697668556	143
-0.04198966510249	0.825409573890974	63
-0.0275337041419801	0.41314398527887	63
-0.0258345509801201	0.413043803481388	135
0.046553626280165	0.584006513426087	135
-0.09948639994972	0.747732063437081	92
-0.02126179208727	0.410975081816502	961
-0.02655133741802	0.413516459136083	1368
-0.02798604242193	0.413256750767976	1079
-0.0167559082206199	0.407972067925741	1079
-0.02303104447883	0.410996649608088	2731
-0.02204793512445	0.410502951592421	88
0.025315279728921	0.952041860824207	28
-0.0177419809880199	0.408465897919083	588
-0.0213339937447401	0.410034538747514	588
0.096002664250372	0.748067302340494	588
-0.01998717417468	1.40008357449993	27
0.080022691661696	0.659948472353469	27
0.106818154548773	0.734528571672627	502
0.118767721149638	0.807846808730615	502
0.02635143243063	0.957077257883842	562
-0.04771390287254	0.834730965978367	116
0.097412129938681	0.750199123913718	116
0.032755996784673	0.945063031632126	2538
-0.0559590782208901	1.10206792990248	116
-0.02511814143824	0.41200820059487	787
-0.0311435899907899	0.41466914140038	601
-0.0209943829552901	0.409776652047704	126
0.073574210342093	0.672071786781999	143
-0.0160408315278899	0.407403518042765	143
-0.02296597963264	0.410908197770573	925
-0.03042831861484	0.413737551949063	925
0.052458544032895	0.576900588866474	135
-0.02054390147798	0.410401139638387	1079
0.033142382251739	0.590502213591786	1079
-0.03257526143736	0.414692514464788	271
0.05070589095183	0.579346013754557	48
-0.01899653451255	1.13526735629845	48
-0.04961246796734	0.836280363414373	588
0.075952524600592	0.669919481945157	588
-0.05905955222157	1.10652429639196	588
0.057061359290092	1.29456140520235	27
0.118562333584864	0.808203316877822	288
-0.0424212673505799	1.3729412637124	27
-0.00253428094751995	0.897078195313529	288
-0.05425639399841	1.09884841047954	288
0.0645468590174581	0.681308627807533	502
0.02175511681926	0.960678397908994	116
0.070952359244948	0.676646519053922	116
-0.04029453180367	0.826310728843077	116
0.109748250362175	0.820725185620973	116
-0.0112334789428099	0.909118859443866	116
-0.02224709287202	0.410608941783725	116
-0.09333512183224	1.28713174677138	485
0.072263592745862	0.674590929062549	485
0.028705998608865	0.482027330230746	485
-0.02054390147798	0.410401139638387	126
-0.04192059717561	0.824932636341774	26
-0.01845805499361	0.408763534655611	143
-0.0926521321518701	0.738311920157522	1293
-0.02027673323395	0.409478238556457	92
-0.02243081627196	0.409335013447221	92
-0.0248530618398799	0.411542674464278	124
0.01988508042586	0.489418532086656	271
-0.01845805499361	0.408763534655611	271
0.119585421761368	0.807010809879167	588
0.018134467076113	0.489594120900239	48
0.116026620251504	0.887090367891628	588
0.048724650133365	1.00753248421826	27
-0.11061556407761	1.0702145797403	116
-0.01596293734231	0.908555020309249	116
0.074493938398349	0.672438659443491	116
-0.0985472828176801	0.748592632260613	116
-0.09576711200377	0.742818431675525	126
-0.0195594609890499	0.408907543271993	126
0.026201588560498	0.484339946364837	143
-0.02126179208727	0.410975081816502	387
0.017490111099017	0.489691604438174	1293
0.028188183388224	0.482636565734394	1293
-0.100937631048	0.74736068648371	1293
0.037026952406814	0.588331159215011	1293
0.013224973008293	0.490157514268542	1293
-0.01884256586002	0.40780874728478	63
0.096894501632446	0.747373585346091	63
-0.0195594609890499	0.408907543271993	271
-0.0275337041419801	0.41314398527887	271
-0.0234177334526799	0.410826590483551	88
0.118526372285919	0.806497555213428	562
0.0508189874713521	0.578867750869275	562
-0.04014244204151	0.825746148014043	116
0.095151247990735	0.752234632199774	116
-0.09887395139294	0.748376430830867	1799
0.097236751632831	0.744329186211667	116
0.021428852926949	0.963686045848924	116
-0.02511814143824	0.41200820059487	601
0.0750070756688001	0.670850747447366	143
-0.02126179208727	0.410975081816502	925
-0.02171241051411	0.409806924167185	1578
-0.02296597963264	0.410908197770573	1079
-0.02303104447883	0.410996649608088	271
-0.0308800899146	0.413479379600555	56
0.123747915496866	0.875768391216476	48
-0.00304628790854	0.894050508820276	588
-0.0984309517191799	0.748279555131063	588
0.056424320659979	0.574695656875561	489
-0.10660630759684	1.06701165962674	288
-0.000924510564600078	0.894684867466504	562
-0.08930465194614	0.738516408507673	116
-0.00552554582496989	0.901336015294575	562
-0.02303104447883	0.410996649608088	116
-0.0219800607115199	0.411274533949238	81
0.046143796159531	0.583984480648196	601
0.0798019470332551	0.667397048666051	26
-0.02152858466472	0.41003633195509	143
-0.0884352787196501	0.733973682553315	143
0.018074542770612	0.489482847860143	63
-0.02081045464866	0.408933527207846	2738
0.023541124291656	0.486623205126517	1368
-0.01702628305176	0.407896565848327	1079
-0.0132244601003699	0.40491562005861	1079
-0.0219800607115199	0.411274533949238	56
0.104965367194288	0.825566845279692	588
-0.0507215465208599	0.83771999173384	588
-0.0282514925208599	0.413283993547182	588
0.0253716634782331	0.953539766395682	2290
0.025272139333725	0.571808454950442	562
0.0590919232177189	0.569916404179446	562
0.101865961527386	0.743369894346761	116
-0.0965024004294099	0.745754612743106	601
0.020146802493525	0.488893696013304	601
-0.02296597963264	0.410908197770573	126
-0.09837862249536	0.747697416421832	143
0.0232932211435261	0.487372497728726	55
-0.02296597963264	0.410908197770573	135
0.04192911435791	0.586026834261714	1578
-0.02126179208727	0.410975081816502	1815
0.103375187673076	0.826042807126603	588
-0.0219467050639699	0.918015281084292	588
-0.0510632282630299	0.838427490707537	562
-0.02126179208727	0.410975081816502	562
-0.1014554670449	1.06160179559804	2538
0.066004091877555	0.679334193944011	1799
0.015313266708984	0.491302403590035	787
0.058615611071309	0.685817848566522	787
0.0232932211435261	0.487372497728726	601
-0.02368524530921	0.41093826511309	601
-0.0945277856025399	0.74264539755939	601
0.01004719265939	0.975654287322164	26
0.028446503813386	0.48360544938142	488
-0.02368524530921	0.41093826511309	2909
-0.0185160103345601	0.407432048797052	63
0.072405372129968	0.674466895668216	1293
0.046143796159531	0.583984480648196	1293
-0.02126179208727	0.410975081816502	55
0.024126413957558	0.486297529129953	1079
0.065165571572728	1.05969358409763	588
-0.02152858466472	0.41003633195509	588
0.117081148478993	0.810527040800441	2290
0.019788903961756	0.964468800363908	27
0.054897507576278	0.576398296971569	288
-0.0965024004294099	0.745754612743106	562
0.045460259310538	0.584680774888386	562
-0.00365684715971004	0.899538831022518	562
0.044723525975505	0.583718864447723	502
0.05383757574453	0.576136216892822	562
0.023874039063565	0.486927927519843	562
-0.00897674281875993	0.905245715066116	2538
0.065001089751626	0.680024143691849	2538
-0.0463956704377599	0.834546013745644	1799
0.045969789751919	0.584316078302034	116
0.078347717578268	0.669163044934219	787
-0.09612858350671	0.745836402231134	865
-0.09348207218178	0.74050726535634	865
-0.00122720058287995	0.894837581415114	81
0.079170478145195	0.668032586243667	485
0.04164168675995	0.587040348971874	601
0.025032944637482	0.485654316649321	601
0.018979883904056	0.490062948615881	601
-0.0404743683377999	0.820641177469275	143
0.076796764290853	0.669889391893917	143
0.045894123217096	0.583988231653479	143
-0.0878741593639401	0.735178994880073	26
-0.0258345509801201	0.413043803481388	26
-0.02126179208727	0.410975081816502	63
0.071442525640841	0.67612984240809	1293
-0.0219800607115199	0.411274533949238	1293
0.0232932211435261	0.487372497728726	63
0.023863274661684	0.486099627797188	63
0.0272811528101971	0.484048387209294	1919
0.024770833413836	0.484338964700153	135
0.01988508042586	0.489418532086656	747
-0.0177419809880199	0.408465897919083	684
-0.0272685011114999	0.413655990175607	271
0.114756363545775	0.81068949896539	588
-0.0272685011114999	0.413655990175607	2354
-0.02224709287202	0.410608941783725	48
0.026699192054501	0.483336660270678	489
-0.0457339285369001	1.08047867476751	27
0.046553626280165	0.584006513426087	288
0.096967242444151	0.750536532514997	288
-0.0942016332629401	0.744959671022221	562
0.048006237158267	0.582368210709497	2538
-0.0487576609408	0.832164285766006	2538
-0.0969971100525699	0.746431748529318	2538
0.0701775126309701	0.678272566722145	116
0.095411171470584	0.752047826511365	485
-0.02027673323395	0.409478238556457	601
0.022955577507461	0.486743487685973	26
0.052058866504302	0.57673779912391	143
-0.02160228096364	0.409501347707808	143
0.02271214907369	0.487579497608867	387
-0.0219800607115199	0.411274533949238	63
0.020207465749117	0.487853014850325	1293
0.023541124291656	0.486623205126517	1293
-0.02269870771255	0.411303674855888	1293
-0.0897986252234599	0.739035587099458	1293
0.0539882366235001	0.577157698100559	92
-0.0177419809880199	0.408465897919083	271
-0.02269870771255	0.411303674855888	315
0.047318378814356	1.58353643974821	48
0.021633310190995	0.486964715633517	588
-0.10138421173787	0.750054826190905	588
-0.04863920133046	0.835355679119832	48
0.025617394757113	0.485123505343381	48
0.110548829019692	0.81814478619289	27
-0.01884256586002	0.40780874728478	562
-0.0975608885707799	0.746393934007619	562
0.051104922574378	0.578382340128469	2538
0.093372438098743	0.754559769762271	116
0.049284710749173	0.579955911466618	116
0.070952359244948	0.676646519053922	601
-0.0476529589949699	0.834123833155529	126
0.018979883904056	0.490062948615881	143
-0.0916718942050301	0.739129017850734	26
0.04786285913982	0.579169472596097	26
-0.01702628305176	0.407896565848327	63
0.044723525975505	0.583718864447723	1293
0.0490271213534	0.58062138966221	55
0.024448238004705	0.485979489293663	135
-0.0945277856025399	0.74264539755939	588
0.0167970477046751	0.488898266466747	27
-0.0407552050426501	0.826755787290834	27
-0.02303104447883	0.410996649608088	562
-0.0275337041419801	0.41314398527887	2538
-0.02896965906045	0.412887475855812	81
-0.0918593137411099	0.739556036382089	601
-0.0399156572711601	0.822917902941596	601
0.047064659101968	0.583528390275705	601
-0.0479772010492301	0.83206695409253	601
-0.000972336293729947	0.894013652967665	126
-0.02224709287202	0.410608941783725	143
-0.0255692233576701	0.412012891941837	2400
-0.0336811816762601	0.413176883422396	2400
0.10970605466253	0.819105598899639	26
0.026957364462212	0.48365648985277	26
0.049780599147385	0.579748826288671	26
0.02046807907243	0.488971745774085	387
-0.02224709287202	0.410608941783725	387
0.015313266708984	0.491302403590035	1293
-0.02655133741802	0.413516459136083	1293
0.083872496202511	0.762346520751571	1293
0.0490046442152861	0.5812231287938	747
-0.0335553038325001	0.414320332911909	271
-0.02054390147798	0.410401139638387	4893
0.025445533175568	0.957282393588743	27
-0.02945043365598	0.412243364118332	562
0.01350656551695	0.491361087548199	2538
0.027863955920451	0.483928968898868	116
-0.09350762365629	1.04815976147144	601
-0.04171156148012	1.17220837222446	601
-0.0965024004294099	0.745754612743106	601
0.026957364462212	0.48365648985277	601
0.065347860186864	0.681432514294684	126
0.122292064605875	1.26014042958567	1331
-0.02269870771255	0.411303674855888	26
0.124233533768402	0.94412547658982	26
-0.0318592374786799	0.414980836560012	26
0.049796326412217	0.579793446877527	387
-0.03257526143736	0.414692514464788	63
-0.02368524530921	0.41093826511309	63
-0.0234177334526799	0.410826590483551	1293
-0.02054390147798	0.410401139638387	1293
-0.02027673323395	0.409478238556457	33
-0.0258345509801201	0.413043803481388	1919
0.022047743818713	0.486175826254412	92
-0.02231647525331	0.410527599337308	271
-0.0167559082206199	0.407972067925741	271
-0.02231647525331	0.410527599337308	56
-0.02027673323395	0.409478238556457	56
-0.0191745054275401	0.408793596683385	56
0.112296476704065	1.86174546265838	445
-0.1083796408295	1.52634787831771	48
0.070480212567462	0.677172512450515	48
0.024448238004705	0.485979489293663	562
-0.02655133741802	0.413516459136083	562
-0.02054390147798	0.410401139638387	116
0.019563471132187	0.489615442131538	116
-0.0272685011114999	0.413655990175607	81
0.02046807907243	0.488971745774085	81
0.0178110921690789	0.488982547182895	601
0.0533290170567851	0.576607881856941	126
0.082869830588769	0.663041149142515	126
0.025355212710095	0.484218430760984	126
-0.10088982816659	0.749497593613753	26
0.122353027488455	0.879204859357232	26
0.050377709041318	0.581191372480998	143
0.041995791485827	0.585640695166839	26
-0.0266455653020099	0.411660707456765	387
0.019301826126752	0.489626676436646	63
-0.02243081627196	0.409335013447221	1293
0.072877036756102	0.67394293382718	1293
-0.02374598899693	0.411135954461803	33
-0.0234177334526799	0.410826590483551	2549
0.01988508042586	0.489418532086656	271
-0.10136807127739	1.05837294067539	588
0.05540663389518	0.576037715189495	48
-0.0927211887364201	0.742899904696998	48
0.023541124291656	0.486623205126517	48
-0.0990407384931899	0.749149383670419	27
0.0659837618281171	0.681049334110587	27
-0.02054390147798	0.410401139638387	562
0.023541124291656	0.486623205126517	562
-0.0248530618398799	0.411542674464278	562
0.0456332633866861	0.58446214274432	562
0.017490111099017	0.489691604438174	116
-0.0515257386336601	0.839027294877824	601
0.050194666437503	0.579508239942932	601
0.050965191491711	0.580536252528698	126
-0.0994218573847401	0.748221822077759	601
0.100174611491957	0.743085365029256	126
-0.09122993844272	0.740243783604558	126
-0.0970473225681101	0.74402848833264	126
-0.0283384601138399	0.412461825619006	1331
0.07228219650067	0.675108191344038	1331
0.069705772549621	0.678684306621727	26
0.050887377243427	0.580940901573	26
0.026201588560498	0.484339946364837	387
-0.0219800607115199	0.411274533949238	387
-0.0258345509801201	0.413043803481388	1293
-0.02171241051411	0.409806924167185	55
-0.02126179208727	0.410975081816502	1159
-0.02296597963264	0.410908197770573	648
0.046046459752123	0.582217507127956	588
0.046042408356414	0.584258121837317	48
-0.0427338970426701	1.37375541532558	48
-0.0167559082206199	0.407972067925741	562
-0.0942627924030299	1.7666492631343	116
-0.0209943829552901	0.409776652047704	486
-0.02231647525331	0.410527599337308	116
-0.02655133741802	0.413516459136083	81
-0.1008810277968	1.0605132552227	601
0.095411171470584	0.752047826511365	126
-0.03976752121737	0.825591779726935	126
-0.10797056613473	1.06777198267541	601
-0.09136658228235	0.739158170455943	601
-0.01884256586002	0.40780874728478	601
-0.0308728335305399	1.15939208215613	387
0.02760571181154	0.48250841189123	1293
-0.0209943829552901	0.409776652047704	1293
0.0000293079348560044	0.892589853437731	33
0.11603931219986	0.81060171529226	747
0.095411171470584	0.752047826511365	747
0.0215348520205511	0.485558663733781	92
-0.10711548901018	1.31430009249344	271
0.045122540926785	0.584713252751266	271
0.054388192471149	0.57655956635133	88
0.074658621008098	0.674342667441165	1617
-0.02296597963264	0.410908197770573	588
0.113245080151567	0.816280901345437	48
-0.0209943829552901	0.409776652047704	206
-0.0266455653020099	0.411660707456765	126
-0.0219800607115199	0.411274533949238	126
0.030515521601061	0.480892304556445	26
0.01021688820824	0.975405757765709	387
-0.09779050549235	1.05551263282637	387
0.018396040612831	0.490271397263528	387
-0.10138421173787	0.750054826190905	387
-0.0170929622268901	0.40595575007819	387
-0.00723213020344993	0.904505710076435	1293
-0.02296597963264	0.410908197770573	747
-0.02152858466472	0.41003633195509	1159
-0.02054390147798	0.410401139638387	271
-0.02152858466472	0.41003633195509	56
0.071163185879934	0.677615044871189	27
-0.0272685011114999	0.413655990175607	562
-0.02126179208727	0.410975081816502	562
-0.02062042675795	0.40900976372954	486
-0.08656084451684	0.732308443506446	486
0.027863955920451	0.483928968898868	116
-0.0883676519882699	0.735944556402053	601
0.06742055899984	0.679853194088937	601
0.014991841711362	0.491309861338566	601
-0.10133535729095	0.750054808327821	601
-0.0181871885549101	0.408299416064853	126
-0.0949132938883901	0.740456068980376	126
0.018134467076113	0.489594120900239	2400
0.015313266708984	0.491302403590035	26
-0.02368524530921	0.41093826511309	387
0.055810949793017	0.574441077822495	63
0.091135426502972	0.755506888031914	63
0.046984613780248	0.583096671940291	1293
-0.0272685011114999	0.413655990175607	55
0.074658621008098	0.674342667441165	55
-0.0258345509801201	0.413043803481388	33
-0.0273583360894001	0.411969988811906	135
-0.0275337041419801	0.41314398527887	61
-0.02798604242193	0.413256750767976	92
0.019301826126752	0.489626676436646	747
-0.0177419809880199	0.408465897919083	271
-0.0174713604435499	0.408269330515601	271
0.046553626280165	0.584006513426087	1333
-0.0234177334526799	0.410826590483551	671
-0.0275337041419801	0.41314398527887	671
0.0232932211435261	0.487372497728726	588
0.11843983196875	0.88409546918066	588
0.045390949002985	1.01298935654997	27
-0.02628576158792	0.412152659857664	562
0.014991841711362	0.491309861338566	206
-0.0335553038325001	0.414320332911909	486
0.023564690449966	0.959025789022714	601
-0.0163109608263099	0.406800295212078	126
0.025617394757113	0.485123505343381	26
0.080969345404776	0.664628134236811	26
-0.0378366602020599	0.819981918239487	26
0.025617394757113	0.485123505343381	26
-0.0112334789428099	0.909118859443866	1293
-0.10288645770447	1.05877832826167	1293
-0.0258345509801201	0.413043803481388	1684
-0.02160228096364	0.409501347707808	135
0.058657733084332	0.569867342992617	747
-0.0248530618398799	0.411542674464278	271
0.047064659101968	0.583528390275705	271
0.018979883904056	0.490062948615881	123
0.025032944637482	0.485654316649321	276
-0.0177419809880199	0.408465897919083	588
0.054331205932446	0.999147094015287	588
-0.0311435899907899	0.41466914140038	16
0.04251130833237	0.585214432720481	562
-0.02368524530921	0.41093826511309	486
-0.03647113929269	0.415792999867536	2968
0.097856884181708	0.74963552111173	601
0.024448238004705	0.485979489293663	601
0.0456332633866861	0.58446214274432	126
-0.0856853006520999	1.02581370317922	126
0.05449775594732	0.576796655212425	126
0.079152860903828	0.666732473370066	126
-0.0275337041419801	0.41314398527887	2400
-0.09948639994972	0.747732063437081	387
0.069800546411476	0.676142121879093	387
-0.09793575902146	0.747877004766513	1293
0.021673929181338	0.96048093500462	1293
-0.0446369017806101	1.17639453206821	55
-0.08949077953223	0.737484559253328	135
0.042073693520404	0.586934090859484	135
0.042073693520404	0.586934090859484	135
0.013827887658088	0.492274249557995	61
-0.0272685011114999	0.413655990175607	747
-0.0272685011114999	0.413655990175607	5152
-0.0916718942050301	0.739129017850734	671
0.028188183388224	0.482636565734394	671
-0.0219800607115199	0.411274533949238	123
-0.0266455653020099	0.411660707456765	56
0.017490111099017	0.489691604438174	56
0.033342871899596	0.478571799591354	588
-0.05072198511232	1.38530014171736	588
0.049284710749173	0.579955911466618	48
-0.02171241051411	0.409806924167185	48
-0.0209943829552901	0.409776652047704	27
-0.02655133741802	0.413516459136083	16
0.03243817224153	0.479069994467421	16
-0.02171241051411	0.409806924167185	16
-0.0985472828176801	0.748592632260613	16
-0.02628576158792	0.412152659857664	116
-0.02062042675795	0.40900976372954	206
0.083310577320176	0.762248572290092	486
-0.02224709287202	0.410608941783725	486
-0.0974407396063199	0.74719824613095	486
-0.03257526143736	0.414692514464788	116
0.0247114467027531	0.485765853390852	116
0.05540663389518	0.576037715189495	601
0.0456332633866861	0.58446214274432	126
0.00112294557694703	0.887920974537732	2625
-0.0283384601138399	0.412461825619006	692
-0.01884256586002	0.40780874728478	1331
-0.0945277856025399	0.74264539755939	26
-0.00414720953222991	0.893750121242526	26
0.063517607310944	0.682650211866625	26
0.040699374541219	0.586317312817613	387
-0.02171241051411	0.409806924167185	1684
-0.02126179208727	0.410975081816502	3060
0.070463053659766	0.676283922324342	271
-0.0187723214004201	1.13363740330221	588
0.0814396589313759	0.664426288494278	588
0.053148221597594	0.573994886042389	588
0.0759134617776121	1.11220401224131	588
0.023874039063565	0.486927927519843	588
0.093258496111483	0.755184548775958	27
0.051396861230372	0.580465035444476	27
-0.05939102235067	1.10823489513369	27
-0.10719700115772	0.754189201203128	2010
0.070970466194765	0.676426069400077	1315
0.063517607310944	0.682650211866625	486
0.018713772455309	0.489267128736786	486
0.022969991702422	0.486647207067339	486
0.02046807907243	0.488971745774085	2968
-0.0191745054275401	0.408793596683385	601
0.059709025778995	0.570321866604953	126
0.019242636889533	0.488316656329156	126
-0.0283384601138399	0.412461825619006	692
-0.0964016138416299	0.742027633522213	26
-0.02126179208727	0.410975081816502	1331
-0.0515257386336601	0.839027294877824	1598
-0.0955196422350799	0.742411431568802	1598
-0.01702628305176	0.407896565848327	387
-0.09353662331041	0.741843624359259	1293
-0.10011971450156	1.0525992986432	1293
-0.10432402119302	0.749356092062201	33
0.014149992122315	0.49165577187569	33
-0.02126179208727	0.410975081816502	55
0.0244546030278719	0.486210829047288	135
-0.0177419809880199	0.408465897919083	61
0.022455502741488	0.485483619182913	61
0.0244546030278719	0.486210829047288	92
-0.02171241051411	0.409806924167185	747
-0.0258345509801201	0.413043803481388	271
-0.02374598899693	0.411135954461803	1333
0.070431257740834	1.04910337583751	588
0.053253240557937	0.577049210165718	27
-0.0515756079394101	0.839529391884902	27
0.078861395432462	0.668673953453124	27
0.076422915298331	0.668991227834528	2010
0.09001452721366	0.752898510497905	562
0.070515166325108	0.674010451910811	116
0.055915571549304	0.57547798114334	486
-0.02224709287202	0.410608941783725	486
-0.0990876553494	0.748376627520693	486
-0.02681629356167	0.412672237731607	116
-0.00562648322415993	0.898834745386421	116
0.021050822262274	0.488251197847747	81
0.00983152936510301	0.493104173001136	81
0.024448238004705	0.485979489293663	2968
0.074918538886677	0.672225774802435	601
0.0155341627080861	0.967874345372163	126
0.025790330563594	0.48364802753835	692
0.052126398885587	0.577858320833396	1331
-0.00679629887483002	0.903585605460925	26
0.0889489197607441	0.75413099271797	1598
-0.02224709287202	0.410608941783725	387
-0.02204793512445	0.410502951592421	387
0.090681567801179	0.75743968253429	1293
0.110488050545816	0.819159010010353	1293
-0.0181871885549101	0.408299416064853	92
0.024448238004705	0.485979489293663	747
-0.0181871885549101	0.408299416064853	747
0.028446503813386	0.48360544938142	1333
0.106396881218017	2.1083952061591	445
0.120808232389876	1.9969996904616	445
0.099190348087194	0.746435782272541	588
0.046553626280165	0.584006513426087	48
0.09593435272485	0.750763129797629	27
0.027540497875428	0.483333049189275	16
0.045460259310538	0.584680774888386	1315
-0.0195594609890499	0.408907543271993	486
-0.02655133741802	0.413516459136083	486
-0.0462658419111901	0.832779459230108	486
0.010732877299613	0.492464509240087	116
-0.0219800607115199	0.411274533949238	2968
0.023541124291656	0.486623205126517	126
-0.02231647525331	0.410527599337308	126
0.046143796159531	0.583984480648196	126
0.049284710749173	0.579955911466618	126
0.046042408356414	0.584258121837317	1598
-0.0258345509801201	0.413043803481388	387
0.025939335704131	0.483894472955633	1293
-0.02054390147798	0.410401139638387	55
-0.02224709287202	0.410608941783725	33
-0.0181871885549101	0.408299416064853	135
0.026201588560498	0.484339946364837	747
0.024126413957558	0.486297529129953	747
-0.02224709287202	0.410608941783725	1768
0.081973392598664	0.764589317111748	588
0.051104922574378	0.578382340128469	588
0.0458081017522241	0.581695867774259	588
0.023617224616811	0.486158358630486	48
-0.0219800607115199	0.411274533949238	23
0.058772616683696	1.07089320022371	27
0.11566204141231	0.813253010604376	27
0.034599374311306	0.589367924750429	1501
-0.0174713604435499	0.408269330515601	16
0.023874039063565	0.486927927519843	16
0.053079258290865	0.576636389861015	116
0.076457640011145	0.666642915077528	1315
-0.10243828000306	0.750661299290309	116
0.01988508042586	0.489418532086656	601
-0.09810085631063	0.748213932424267	2968
-0.04174210136936	0.826058834036173	601
0.0814396589313759	0.664426288494278	601
0.067751856497876	0.679997783057066	126
-0.11012486243055	0.754638471406465	126
-0.0130471890138699	0.909046968859533	126
-0.02171241051411	0.409806924167185	692
-0.0219800607115199	0.411274533949238	26
0.030192618140889	0.480972338660883	1598
-0.0402281318358999	0.825767269609753	26
-0.0209943829552901	0.409776652047704	387
0.029610834728566	0.482297418223224	387
0.120233516250946	0.883362976326401	1293
0.028188183388224	0.482636565734394	92
-0.02374598899693	0.411135954461803	92
-0.02269870771255	0.411303674855888	92
-0.02152858466472	0.41003633195509	1362
-0.0191745054275401	0.408793596683385	1768
-0.0275337041419801	0.41314398527887	276
0.022633873439302	0.486054814054359	56
0.051615755559372	0.578220142953797	56
0.065772167655014	0.67596679797972	588
0.051906161119228	0.579747820483783	48
-0.02054390147798	0.410401139638387	3003
-0.02269870771255	0.411303674855888	1315
0.04258447248443	0.586568109376667	1315
0.047495517925969	0.582845325381987	81
0.0880048909679	0.759215561253969	601
-0.0921533243114301	1.27932573332425	126
-0.00636059614767004	0.902344700261668	126
-0.0449552347245801	0.832895654322315	126
0.032763334651417	0.479093367994399	126
-0.00902836259060003	0.903882006843139	126
-0.02126179208727	0.410975081816502	26
0.025032944637482	0.485654316649321	26
-0.0107121982468801	0.90687656137666	26
0.020146802493525	0.488893696013304	387
0.047927292055707	0.580854827579934	387
-0.0037472831438401	1.19862548120078	387
0.048692393050475	1.01033042809245	1293
0.124738828270258	0.876455572781701	1293
0.113382444073275	0.813882842311138	135
-0.0213339937447401	0.410034538747514	747
-0.02126179208727	0.410975081816502	4658
0.023541124291656	0.486623205126517	4658
0.024126413957558	0.486297529129953	92
-0.10403037590668	1.06246845554701	1333
0.074519041082074	0.671460073883177	605
-0.0275337041419801	0.41314398527887	276
0.01690542275676	0.489629484686196	56
0.041130590971366	0.587406556553626	588
-0.02374598899693	0.411135954461803	601
0.022111942426421	0.485234656923495	26
-0.00256447342237998	1.19616011011934	126
0.114882319568597	1.2136650197999	126
-0.02054390147798	0.410401139638387	26
-0.02296597963264	0.410908197770573	26
-0.000181634097079941	0.893111579911146	2266
-0.10079793637833	1.05672595738883	26
-0.0213339937447401	0.410034538747514	387
0.029028796684373	0.483077229419228	55
-0.0282514925208599	0.413283993547182	1362
-0.0969458933682801	0.746210989881604	1333
0.018713772455309	0.489267128736786	671
0.018979883904056	0.490062948615881	56
0.052238425618642	0.577634620167254	56
0.020146802493525	0.488893696013304	23
-0.0553173357318799	1.1008955059673	291
-0.0132244601003699	0.40491562005861	3407
-0.02152858466472	0.41003633195509	116
-0.02655133741802	0.413516459136083	486
0.075479175818931	0.670441921506615	486
-0.03647113929269	0.415792999867536	601
-0.00771588201072992	0.902426226918392	601
-0.03915808111148	0.824064485145193	126
0.0736778270295701	0.67301035447359	126
-0.01702628305176	0.407896565848327	126
-0.02204793512445	0.410502951592421	126
0.108934271058805	0.819027651540533	2266
-0.09415237656505	0.744816899613193	41
-0.1036854927911	1.06298557506653	33
0.066928099402158	0.680486650454705	135
-0.02126179208727	0.410975081816502	747
-0.02303104447883	0.410996649608088	4658
-0.01780430006598	0.406968219093888	4296
0.019563471132187	0.489615442131538	271
-0.00788910188898995	0.900413990719599	1333
-0.0132244601003699	0.40491562005861	671
-0.01448228058362	1.12624398633966	588
-0.05370324846441	1.09584736721238	588
-0.00771588201072992	0.902426226918392	588
-0.0911151131951999	0.737135090601392	23
-0.00910280146426001	0.906042679153519	23
0.029028796684373	0.483077229419228	16
0.028188183388224	0.482636565734394	709
-0.05485954999278	0.841930533211944	486
0.025032944637482	0.485654316649321	486
0.046988298090715	0.582726609527033	486
-0.10146251673553	0.747946551465278	601
-0.0963632602536999	1.05253332928877	126
0.097969170090588	0.748594207760644	126
0.026017359163713	0.949425597643377	126
-0.0449552347245801	0.832895654322315	126
0.058772616683696	1.07089320022371	126
0.018396040612831	0.490271397263528	2266
0.018713772455309	0.489267128736786	387
0.0927943522256161	0.753855501842767	387
-0.0177419809880199	0.408465897919083	1782
-0.02368524530921	0.41093826511309	361
0.018074542770612	0.489482847860143	135
0.019563471132187	0.489615442131538	747
0.020642827474326	0.486622158798736	747
-0.02374598899693	0.411135954461803	1362
-0.01845805499361	0.408763534655611	43
-0.0939337253863799	1.04911378422619	23
-0.04290430406985	0.826948833046949	23
-0.02655133741802	0.413516459136083	291
0.0859906587686769	0.761012419668533	291
0.040474715542232	0.586676101522696	16
0.106374772479199	0.734770377604186	16
-0.04068888642908	0.825652923046103	562
-0.0897470945557499	0.738674151781216	486
0.047064659101968	0.583528390275705	486
-0.0504719537305101	0.836027444669367	601
0.11592355205927	0.813208199673639	601
-0.00419195745327006	0.899082972512388	601
0.053878688458244	0.576497760742304	126
-0.02126179208727	0.410975081816502	126
-0.0163109608263099	0.406800295212078	126
0.122519431711768	0.802354459963867	26
-0.0984309517191799	0.748279555131063	1190
0.049910504381205	0.578142579276258	2266
-0.0447543009693301	0.827715907555014	41
-0.0535009678628899	0.838176906096164	26
-0.0916718942050301	0.739129017850734	387
-0.09353662331041	0.741843624359259	33
-0.00349544630217991	0.89729405407594	361
0.096002664250372	0.748067302340494	361
0.073589852531446	0.670751339495606	33
0.050887377243427	0.580940901573	135
-0.0219800607115199	0.411274533949238	135
-0.0234177334526799	0.410826590483551	135
-0.01532613000762	0.406308829221225	4140
-0.02655133741802	0.413516459136083	1362
-0.0613937361583801	1.10934372840434	48
0.02046807907243	0.488971745774085	291
-0.03042831861484	0.413737551949063	291
0.075150305944315	0.67323785521102	1501
0.097969170090588	0.748594207760644	3407
-0.03640207221363	0.819502048519535	16
0.0927943522256161	0.753855501842767	16
0.074187540295432	0.674638088463039	116
0.074519041082074	0.671460073883177	116
0.0533290170567851	0.576607881856941	1315
0.0456332633866861	0.58446214274432	1315
0.092133427206967	0.754891977117811	486
-0.01384115242553	0.910366251910581	601
0.026373975423623	0.483776495964029	601
0.041130590971366	0.587406556553626	601
0.11545336058364	0.813567854325983	126
-0.01982638852231	0.409294816847698	126
0.012923867002502	0.491690017402143	126
0.069518432820189	0.677574926854816	41
-0.0943599495851699	1.04977120214806	26
0.052847596083534	0.577753107832341	361
-0.02655133741802	0.413516459136083	135
-0.02126179208727	0.410975081816502	135
0.05079632591122	0.578761906790304	135
-0.02126179208727	0.410975081816502	135
0.022955577507461	0.486743487685973	65
-0.0174713604435499	0.408269330515601	92
-0.02224709287202	0.410608941783725	554
0.0502718454246111	1.00284779529776	23
0.092730630950545	0.753806017982914	16
0.012923867002502	0.491690017402143	709
0.05470388457872	0.575418378189354	562
0.099416430828827	0.745070405056732	562
0.05622766038022	0.573990848504667	116
0.020146802493525	0.488893696013304	116
0.022111942426421	0.485234656923495	1315
-0.0993694537518901	0.748779223526523	486
0.014149992122315	0.49165577187569	601
-0.0219800607115199	0.411274533949238	126
-0.0231208063638499	1.14335241583531	26
0.070970466194765	0.676426069400077	26
0.0667633889667551	0.680655497094375	41
-0.0567760966692601	0.842890862606925	3659
0.075479175818931	0.670441921506615	135
-0.0000540702289200112	0.893982227782472	135
-0.0311435899907899	0.41466914140038	135
0.025355212710095	0.484218430760984	135
0.025617394757113	0.485123505343381	271
-0.0244048902648399	0.410464208205061	213
-0.10848900425911	1.31269510275149	588
-0.01793296682714	1.13410420555793	588
-0.0275337041419801	0.41314398527887	23
-0.04869894467495	0.835129264417011	23
-0.00465273390555998	0.90010584973994	23
-0.0939775258503499	0.741569471609619	467
0.048364847705524	0.580893239161731	116
-0.09625668601205	1.0501011123538	81
-0.10681097215805	0.752995741740841	601
0.07132000237592	0.674430022737642	601
0.012970433075245	0.491100093835307	601
0.114243148897058	0.815122274793454	26
-0.0897986252234599	0.739035587099458	26
0.0950755844876781	0.751756626993878	26
-0.0301650740028001	0.413168838752643	1782
-0.02655133741802	0.413516459136083	33
-0.0244048902648399	0.410464208205061	271
-0.02655133741802	0.413516459136083	271
-0.0219800607115199	0.411274533949238	4875
-0.02296597963264	0.410908197770573	728
-0.0865122623553101	0.734057958088314	48
-0.10232457784226	0.751503576493597	1501
-0.0209943829552901	0.409776652047704	16
0.029028796684373	0.483077229419228	709
-0.0275337041419801	0.41314398527887	562
0.052525919680167	0.57602805165421	1315
-0.0374469352984701	0.415418177445448	486
0.079459503294884	0.766283409192574	486
-0.0946461692690701	0.745493654326501	601
-0.02628576158792	0.412152659857664	601
-0.0174713604435499	0.408269330515601	601
0.029934068872152	0.481668392537244	126
-0.02224709287202	0.410608941783725	126
-0.09617504377439	0.744167656644757	126
0.023874039063565	0.486927927519843	126
0.028446503813386	0.48360544938142	26
-0.0227622512530099	0.410642108899905	26
-0.02655133741802	0.413516459136083	26
0.00834909216068602	0.493034894730891	26
0.022955577507461	0.486743487685973	26
0.018979883904056	0.490062948615881	26
-0.0453418207412	0.830414330179508	26
0.054098893046445	0.575716282314449	387
-0.01845805499361	0.408763534655611	387
0.041130590971366	0.587406556553626	387
0.015894522042094	0.490668273213241	1782
0.107044054467089	0.820098523154165	3659
0.041130590971366	0.587406556553626	3659
0.014409992178878	0.491945039298103	33
-0.02054390147798	0.410401139638387	135
-0.02054390147798	0.410401139638387	747
-0.0209943829552901	0.409776652047704	271
0.028123375859096	0.482805576227173	247
0.122743186467322	0.879086679559086	588
-0.02945043365598	0.412243364118332	23
0.04258447248443	0.586568109376667	291
-0.0572621050745701	1.09791119173803	16
-0.0412063287123601	0.82502090667931	16
0.098687070657973	0.746193556627505	116
0.021838925547909	0.963588129765811	486
-0.0438290128664001	0.827842450636524	601
-0.09314735947978	0.738342400311929	601
-0.0174713604435499	0.408269330515601	601
0.020790130443553	0.4876451712386	126
-0.02054390147798	0.410401139638387	126
-0.02152858466472	0.41003633195509	126
-0.03968099731347	0.825178442588961	26
-0.05217402049068	0.837868556159714	26
0.00166060749861896	0.888949783962031	26
-0.0956342726349	0.746020099092103	26
0.069705772549621	0.678684306621727	26
-0.02269870771255	0.411303674855888	26
0.067280377502936	0.680555980129505	26
0.024975818637501	0.483088159635418	387
0.028319057354367	0.952460017281759	3659
-0.0125840524566301	0.908379427349119	361
0.051104922574378	0.578382340128469	33
-0.02374598899693	0.411135954461803	747
-0.02269870771255	0.411303674855888	271
0.027863955920451	0.483928968898868	605
-0.01845805499361	0.408763534655611	213
-0.02027673323395	0.409478238556457	728
-0.02027673323395	0.409478238556457	56
-0.0275337041419801	0.41314398527887	48
0.043389936374815	1.01482123550078	23
0.019563471132187	0.489615442131538	291
-0.0927211887364201	0.742899904696998	291
0.05045557672035	0.581254464006149	16
0.049780599147385	0.579748826288671	562
-0.0282514925208599	0.413283993547182	81
-0.02152858466472	0.41003633195509	2604
0.053079258290865	0.576636389861015	601
-0.0969361866210501	1.05448398888857	601
-0.0446370437513499	0.829320369780156	601
0.0769355850879681	0.670037194945495	26
-0.0429814776090101	0.830495169681687	126
0.119796712003605	0.881707212570005	126
-0.06207651007453	1.11111792138049	126
0.048659852301552	0.578057258210985	26
-0.01989133264931	0.408322516344122	26
0.091838595326126	0.754710154685685	41
0.0223885826807479	0.487091304289586	26
-0.0275337041419801	0.41314398527887	26
-0.0255692233576701	0.412012891941837	387
-0.0442922060591	0.827224681152158	361
0.02046807907243	0.488971745774085	33
0.093947943224224	0.749959415958633	92
0.022692577055393	0.485301161686538	65
-0.02368524530921	0.41093826511309	65
-0.0276250547772201	0.412152135341901	51
-0.02224709287202	0.410608941783725	51
-0.02269870771255	0.411303674855888	271
-0.0272685011114999	0.413655990175607	271
-0.0234177334526799	0.410826590483551	271
0.0456332633866861	0.58446214274432	605
-0.10375966946155	0.75224999052497	291
-0.0473184194184999	0.836055686389923	1501
-0.04481233580566	0.829063422636651	16
-0.10813899738623	0.754684943739842	16
-0.10238976337194	1.06046944934275	16
0.050965191491711	0.580536252528698	116
-0.11495932475528	1.07488353089339	79
0.05540663389518	0.576037715189495	486
-0.0439687512335301	0.832194077126855	486
-0.0936587563737701	0.743832365386165	486
0.091135426502972	0.755506888031914	81
-0.0121467306671801	0.908330882165127	601
0.073977361522343	0.673301605180212	601
-0.02054390147798	0.410401139638387	601
-0.02655133741802	0.413516459136083	601
-0.0988205844033201	0.745578058667921	126
-0.0526567562376301	1.09561779898558	26
-0.04290430406985	0.826948833046949	126
0.105674048486458	0.823236876257413	26
0.078210881921052	0.668663675805139	26
-0.10739549861818	1.06608046355511	41
0.026957364462212	0.48365648985277	26
0.0484378820992391	0.580603842948864	1782
-0.0219800607115199	0.411274533949238	1293
0.075495964988024	0.669415971454387	33
0.014089008630006	0.490727684035507	135
-0.02027673323395	0.409478238556457	65
0.019563471132187	0.489615442131538	65
-0.02655133741802	0.413516459136083	65
-0.0132244601003699	0.40491562005861	65
-0.02231647525331	0.410527599337308	554
-0.0275337041419801	0.41314398527887	2444
-0.0219800607115199	0.411274533949238	605
-0.02081045464866	0.408933527207846	213
-0.0272685011114999	0.413655990175607	4640
0.12499029387621	0.874156389802209	750
-0.1037086147692	0.750296020634772	23
0.106877103773888	0.824129276510649	291
-0.00810417892223003	0.905474597546475	291
0.121761868345392	0.880591814411072	291
-0.10182988102938	0.750945116951384	1501
-0.02171241051411	0.409806924167185	452
0.042152597432962	0.586406495110411	116
-0.0951401345906999	0.745894843709305	79
0.0927943522256161	0.753855501842767	79
-0.09897768063721	0.746187838962944	79
0.055301158403493	0.574603309543629	486
-0.02655133741802	0.413516459136083	267
-0.02511814143824	0.41200820059487	267
0.074167795067874	0.674452237797282	3748
-0.02204793512445	0.410502951592421	26
-0.02054390147798	0.410401139638387	26
-0.0275337041419801	0.41314398527887	26
0.029352361723531	0.482194393877049	26
-0.02231647525331	0.410527599337308	26
-0.0439687512335301	0.832194077126855	26
0.089674990456772	0.758719295395693	41
-0.09502362707333	0.742673691836324	387
-0.0219800607115199	0.411274533949238	33
-0.0185160103345601	0.407432048797052	135
-0.0167559082206199	0.407972067925741	135
0.096967242444151	0.750536532514997	23
0.102256463214414	0.741318645636829	23
0.067892407182147	0.679441541768604	23
0.071920853285256	1.1185062894776	291
-0.0213339937447401	0.410034538747514	1501
-0.02126179208727	0.410975081816502	16
0.023874039063565	0.486927927519843	452
0.021928114738179	0.960709275174157	562
0.013872187197531	0.489681935003305	486
-0.02152858466472	0.41003633195509	486
0.018713772455309	0.489267128736786	486
0.0587688913700281	0.571925970325381	81
0.048006237158267	0.582368210709497	601
0.078717919400296	0.667870587055351	126
0.0223885826807479	0.487091304289586	3748
-0.0282514925208599	0.413283993547182	3748
0.025617394757113	0.485123505343381	1502
-0.04863920133046	0.835355679119832	26
0.032763334651417	0.479093367994399	26
0.070952359244948	0.676646519053922	26
0.050377709041318	0.581191372480998	26
-0.02054390147798	0.410401139638387	26
-0.0174713604435499	0.408269330515601	3998
0.052569157087447	0.576798340157529	3998
-0.01110346750657	0.907675575990415	3998
0.023863274661684	0.486099627797188	41
0.0247114467027531	0.485765853390852	26
-0.02655133741802	0.413516459136083	387
-0.0463956704377599	0.834546013745644	33
-0.02269870771255	0.411303674855888	135
-0.0181871885549101	0.408299416064853	135
-0.0209943829552901	0.409776652047704	92
0.0469055573236991	0.580569363508596	65
-0.02347694248815	0.410248691257658	747
-0.0167559082206199	0.407972067925741	51
-0.02160228096364	0.409501347707808	2761
-0.09981168701069	0.747238677755028	605
-0.0209943829552901	0.409776652047704	3011
-0.02171241051411	0.409806924167185	3152
0.117763439299756	0.809175541474972	750
0.00133786982725204	0.89004408288728	48
0.047983862713357	0.581483694820142	23
0.051727770419936	0.578420898950815	467
-0.01845805499361	0.408763534655611	467
-0.0167559082206199	0.407972067925741	452
-0.0272685011114999	0.413655990175607	452
-0.02224709287202	0.410608941783725	452
0.027863955920451	0.483928968898868	5387
0.021050822262274	0.488251197847747	486
-0.10779623276824	0.753801722116442	2240
-0.02224709287202	0.410608941783725	2240
0.122353027488455	0.879204859357232	1055
0.0688356427811631	0.677806507926136	601
-0.0510632282630299	0.838427490707537	126
-0.09087402277507	0.738489129356133	126
0.073977361522343	0.673301605180212	3998
0.091747744560548	0.837177359587095	41
-0.01384115242553	0.910366251910581	41
-0.01117688133523	0.906116425725924	41
-0.09370797935048	0.744558942126431	26
0.017490111099017	0.489691604438174	26
-0.0255692233576701	0.412012891941837	33
0.026523202592572	0.483366492541231	1293
0.087555440650021	0.759023194171762	1286
0.018979883904056	0.490062948615881	1286
0.02137253989597	0.48720056173569	1286
-0.02303104447883	0.410996649608088	135
-0.0219800607115199	0.411274533949238	135
-0.02054390147798	0.410401139638387	65
-0.0255692233576701	0.412012891941837	271
-0.0209943829552901	0.409776652047704	637
0.045962250277421	0.582805473273737	637
0.074534821795622	0.671053108926306	750
0.107920684375781	0.82110484350391	750
-0.00219116565918998	0.89628317751981	750
0.0135481876763039	0.49095581776309	23
0.022955577507461	0.486743487685973	23
0.021633310190995	0.486964715633517	23
0.067892407182147	0.679441541768604	291
-0.02269870771255	0.411303674855888	467
0.0247114467027531	0.485765853390852	467
-0.0209943829552901	0.409776652047704	452
-0.0177419809880199	0.408465897919083	79
-0.0219800607115199	0.411274533949238	116
-0.02655133741802	0.413516459136083	81
-0.02224709287202	0.410608941783725	601
0.017490111099017	0.489691604438174	601
-0.10421749272776	1.30408156016141	3748
0.026957364462212	0.48365648985277	126
-0.01702628305176	0.407896565848327	126
0.0703024597026341	1.05017857756085	26
-0.02152858466472	0.41003633195509	387
0.021225000761569	0.487236292846658	387
0.051216925571805	0.578983513041556	1782
-0.0472512915232499	0.834629146070885	135
0.042152597432962	0.586406495110411	747
-0.02126179208727	0.410975081816502	164
0.0998885657295791	0.740413299125717	605
0.024197704557829	0.48595166057885	1247
-0.03647113929269	0.415792999867536	671
-0.02798604242193	0.413256750767976	43
-0.02054390147798	0.410401139638387	56
0.049867856506886	0.581200166398956	750
-0.02160228096364	0.409501347707808	5387
-0.0248530618398799	0.411542674464278	79
0.093211374662832	1.20503421975919	81
0.112961775955114	0.814931983112645	81
-0.0028875165586999	0.895327578028816	601
0.09228468005936	0.754371535442048	126
0.056121455296051	0.995058194360142	126
-0.0808050405726199	1.55157798351598	1502
0.109072189624558	0.820538892097151	41
-0.10403037590668	1.06246845554701	41
0.115578426410684	0.808996734884525	41
0.0539882366235001	0.577157698100559	26
-0.04869894467495	0.835129264417011	387
-0.09837862249536	0.747697416421832	33
0.022248882427256	0.963215634194783	33
0.021806919098716	0.487298612728869	1782
0.023541124291656	0.486623205126517	65
0.0472940358733001	1.01256768963351	65
0.00925119947179997	0.493620297927824	164
-0.02655133741802	0.413516459136083	164
0.0253579034156241	0.484795069174205	671
0.0456332633866861	0.58446214274432	1205
-0.0181871885549101	0.408299416064853	43
0.020790130443553	0.4876451712386	43
-0.02905223994073	0.412177524206833	56
-0.02296597963264	0.410908197770573	251
-0.03709796019988	1.358490578573	750
-0.0364657066712599	0.819767667187227	750
0.039097076713428	1.02405507048718	750
0.021344750695117	0.961317599690478	750
0.019563471132187	0.489615442131538	1501
-0.00815324744405999	0.903173471733457	291
-0.02224709287202	0.410608941783725	5387
0.050307751945362	0.579430672939284	79
-0.0270026768912099	0.41175796254343	2153
-0.00812159482501995	1.20501440929201	81
-0.02027673323395	0.409478238556457	601
0.025617394757113	0.485123505343381	601
0.049796326412217	0.579793446877527	126
0.024777930759568	0.485508813766345	26
0.047495517925969	0.582845325381987	1502
-0.0272685011114999	0.413655990175607	26
0.014149992122315	0.49165577187569	41
0.018396040612831	0.490271397263528	26
0.01988508042586	0.489418532086656	26
0.110219224294011	0.816791918448563	1286
-0.01989133264931	0.408322516344122	1991
-0.02204793512445	0.410502951592421	1991
-0.02224709287202	0.410608941783725	135
0.0587688913700281	0.571925970325381	271
-0.02374598899693	0.411135954461803	56
-0.0200940907409399	1.40405810658497	750
0.0464735246032461	0.583105940489027	23
0.029028796684373	0.483077229419228	23
0.050194666437503	0.579508239942932	23
-0.00496561052056999	0.900990558497692	291
0.046984613780248	0.583096671940291	291
0.01988508042586	0.489418532086656	452
0.010411605364662	0.491970380513557	79
0.0247114467027531	0.485765853390852	79
-0.02126179208727	0.410975081816502	116
0.01234091289099	0.491715895044216	2153
-0.08601951004896	0.733542784754922	2240
0.050307751945362	0.579430672939284	81
0.0175549084412689	0.489618442115324	81
-0.0275337041419801	0.41314398527887	601
0.0409841400100081	0.586815754597546	601
-0.1032644863597	0.752001424844403	3748
0.0441005264564071	0.584418828600992	26
0.02413204684269	0.484654206701602	26
0.051396861230372	0.580465035444476	1502
-0.02269870771255	0.411303674855888	26
-0.0258345509801201	0.413043803481388	126
-0.0181871885549101	0.408299416064853	126
-0.09711474657884	0.746771229604413	126
0.05070589095183	0.579346013754557	3998
-0.0467280694833401	0.833499568027739	3998
-0.03594152954951	0.819179025789163	26
0.050377709041318	0.581191372480998	33
0.063412570905719	0.68293595857874	1782
0.018134549786553	0.488943388738021	1293
-0.02224709287202	0.410608941783725	33
-0.02296597963264	0.410908197770573	135
-0.01702628305176	0.407896565848327	65
-0.0174713604435499	0.408269330515601	271
-0.0209943829552901	0.409776652047704	605
0.0232932211435261	0.487372497728726	750
0.079846429771686	0.666317775185365	750
0.020207465749117	0.487853014850325	48
0.026699192054501	0.483336660270678	48
-0.0976077153336501	0.747657883049334	23
-0.01845805499361	0.408763534655611	23
0.075896303380752	1.49578908937196	291
-0.0275337041419801	0.41314398527887	467
-0.0507215465208599	0.83771999173384	79
0.029352361723531	0.482194393877049	79
0.097575741449311	1.43773968768792	79
-0.10666625529677	1.0639369706771	601
-0.0496246516961401	0.835754291835769	126
0.045542631354781	1.01489223905437	26
-0.02224709287202	0.410608941783725	126
0.0735065462190701	0.673452584189134	3998
0.120248726304409	0.881295276645484	41
0.092813529710884	0.755636317166555	41
-0.02269870771255	0.411303674855888	33
0.096789830902785	0.746846209356242	65
0.096472694792048	0.74758172060251	65
-0.0930413022776	0.741070812797572	65
0.0223885826807479	0.487091304289586	65
-0.02027673323395	0.409478238556457	51
0.05500708637083	0.576236141885541	56
0.082644612361372	0.761395689396576	23
-0.04245467091223	0.827393410759854	23
0.064462460201837	0.681824562229503	291
0.025032944637482	0.485654316649321	291
-0.0195594609890499	0.408907543271993	452
-0.0272685011114999	0.413655990175607	116
0.021050822262274	0.488251197847747	79
-0.0505369305957699	0.837790765579806	1055
-0.09837862249536	0.747697416421832	1055
-0.02368524530921	0.41093826511309	601
-0.01702628305176	0.407896565848327	81
-0.0270026768912099	0.41175796254343	126
0.035202543698171	0.588648675312789	26
0.027603071345302	0.482838040528723	26
0.048887062491406	0.579066392358594	26
0.04994577766228	0.581730930079566	126
-0.0255692233576701	0.412012891941837	387
0.051727770419936	0.578420898950815	387
-0.0591710523076501	0.844545201863586	387
0.016373062604958	0.487070883468208	1930
-0.0874982830229401	0.734365241964161	33
0.0750070756688001	0.670850747447366	33
0.076325084958779	0.669869233079346	33
0.018970137025128	0.487141209988359	92
0.025032944637482	0.485654316649321	92
-0.02243081627196	0.409335013447221	65
0.051216925571805	0.578983513041556	271
0.046553626280165	0.584006513426087	605
-0.02296597963264	0.410908197770573	605
-0.0209943829552901	0.409776652047704	56
0.0859061808420471	1.15487701019091	750
0.092621659901344	1.14710684126517	750
0.116856868359501	0.810969569464077	23
0.057136752237775	0.571282701702772	23
0.048887062491406	0.579066392358594	291
-0.0258345509801201	0.413043803481388	291
-0.06206215822779	1.10909990458064	291
0.046654139367612	0.583264229566345	291
-0.01982638852231	0.409294816847698	1501
0.042152597432962	0.586406495110411	1501
0.032763334651417	0.479093367994399	79
0.024126413957558	0.486297529129953	116
-0.11342019765558	0.755558936601195	79
0.021806919098716	0.487298612728869	4481
-0.02126179208727	0.410975081816502	858
-0.02269870771255	0.411303674855888	601
-0.10779623276824	0.753801722116442	126
0.020194744953431	0.487218320275361	26
-0.00365684715971004	0.899538831022518	1502
-0.0227622512530099	0.410642108899905	26
0.023541124291656	0.486623205126517	26
-0.0219800607115199	0.411274533949238	26
0.04994577766228	0.581730930079566	41
-0.0946461692690701	0.745493654326501	41
0.010732877299613	0.492464509240087	26
-0.02655133741802	0.413516459136083	33
-0.04863920133046	0.835355679119832	2441
0.0253579034156241	0.484795069174205	65
0.041051580345223	0.586802442641747	65
-0.02296597963264	0.410908197770573	92
-0.0223088099540301	1.86712269084422	750
0.049474426515149	1.31126566444163	750
-0.00535980679829007	0.896164227815288	48
-0.0260992604196	0.411639865603186	23
0.046988298090715	0.582726609527033	291
-0.02303104447883	0.410996649608088	1501
0.071634564639781	0.676943032280065	16
0.041130590971366	0.587406556553626	79
0.019301826126752	0.489626676436646	601
-0.02027673323395	0.409478238556457	81
0.028123375859096	0.482805576227173	601
-0.0248530618398799	0.411542674464278	126
-0.0167559082206199	0.407972067925741	1444
0.00925119947179997	0.493620297927824	26
0.038481789253849	0.58717907051904	1447
0.046553626280165	0.584006513426087	1447
-0.0491617256543699	0.835578136917684	1447
0.04994577766228	0.581730930079566	1447
0.044611628657392	0.584721445190688	26
-0.0234177334526799	0.410826590483551	41
0.046403519150757	0.583890417561864	41
0.017490111099017	0.489691604438174	41
-0.02655133741802	0.413516459136083	33
0.024186197618512	0.484211037224153	92
-0.02054390147798	0.410401139638387	65
0.024197704557829	0.48595166057885	271
0.106968472925613	1.47001078691604	750
0.099108038011351	1.19267022091532	750
0.096374682251961	1.13666409344063	750
-0.0215898960994401	1.64097072576124	750
-0.0973632845905399	1.05514488364997	48
-0.0577326248935299	0.843751802731685	23
0.059892745840584	1.06706505560073	23
-0.0533857799017401	1.0951580386763	23
0.052968630788121	0.577257091014872	23
0.04258447248443	0.586568109376667	291
-0.10002816747195	0.749312019796289	1501
0.082419254636931	0.764136011692095	79
0.019242636889533	0.488316656329156	116
0.0178110921690789	0.488982547182895	116
0.044517466570731	0.584166967956716	858
0.025032944637482	0.485654316649321	858
0.014409992178878	0.491945039298103	858
0.0566975686576811	0.685782031552006	858
0.10970605466253	0.819105598899639	81
-0.0449552347245801	0.832895654322315	601
-0.0927211887364201	0.742899904696998	126
-0.04128122180757	0.825614245844215	26
-0.02152858466472	0.41003633195509	1444
0.019242636889533	0.488316656329156	126
0.048006237158267	0.582368210709497	26
-0.02296597963264	0.410908197770573	33
-0.0510632282630299	0.838427490707537	1286
-0.02126179208727	0.410975081816502	2441
-0.02126179208727	0.410975081816502	65
-0.0248530618398799	0.411542674464278	92
-0.0571835450637299	2.36365313885919	750
-0.0537750360398701	2.19811595618699	750
-0.0438476230859799	2.09764929738096	750
0.044992754225968	1.52668552080915	750
0.035529429563569	2.05127784015004	750
-0.10576033699296	0.752702610754485	1501
0.097412129938681	0.750199123913718	16
0.018074542770612	0.489482847860143	858
0.0101531477092141	0.492979790768356	858
-0.02303104447883	0.410996649608088	795
-0.0301650740028001	0.413168838752643	26
-0.03140646864859	0.413366127641057	1444
-0.0956342726349	0.746020099092103	1447
-0.02374598899693	0.411135954461803	41
-0.0973884846617199	0.745316337815843	33
0.049796326412217	0.579793446877527	135
0.028770399960519	0.482516920035912	65
-0.0167559082206199	0.407972067925741	51
0.101616406140642	2.02676352738327	750
-0.02269090283747	2.15799848560121	750
-0.0346624640230999	2.04874484718527	750
-0.00015307886550997	2.33245299375675	750
-0.01782125112857	2.20471248380904	750
-0.0319940715840501	1.97680317649122	750
0.01319051466899	2.35064770475616	750
0.0620146013965131	0.683875042382447	48
-0.0483076638001201	0.836762263127822	23
-0.00460968465136991	0.896321741581643	23
0.087575591312518	0.756833797332802	291
-0.02126179208727	0.410975081816502	291
0.097583614939319	0.745748246154557	291
0.092813529710884	0.755636317166555	1501
0.078699498205161	0.668647075938239	1501
-0.0467891839077299	0.832996773712033	1501
0.075129548539415	0.673818198199838	79
-0.0464619130650801	0.832227984113556	79
0.0750070756688001	0.670850747447366	79
0.014991841711362	0.491309861338566	79
-0.03976752121737	0.825591779726935	116
0.0526368526753021	0.577297034494558	858
-0.0431091795635401	0.829362263563351	81
0.0232932211435261	0.487372497728726	601
-0.10271849025484	0.748099863424846	126
-0.0948326287532399	1.04903404414313	1444
-0.0589908097399901	1.10709930085666	1444
0.048329246741678	0.57966197723505	1447
0.0462557382076651	0.581497680086581	26
0.051615755559372	0.578220142953797	41
-0.10719700115772	0.754189201203128	41
-0.0195594609890499	0.408907543271993	1286
-0.02655133741802	0.413516459136083	33
0.023863274661684	0.486099627797188	135
-0.02027673323395	0.409478238556457	92
-0.02126179208727	0.410975081816502	1194
-0.0219800607115199	0.411274533949238	671
0.0197455226630771	2.31940481952279	750
-0.12331314422216	2.49147670615574	750
0.092578229697772	2.32973277962042	750
0.037679701785417	0.588778985874086	48
-0.01780430006598	0.406968219093888	48
0.095819119596998	0.749041013019678	79
0.062959994572732	0.682442845273658	79
0.082611813115881	0.662588786146595	79
0.12079351278384	0.881834075747016	79
0.044950544531831	0.584778572489304	79
0.048086169911295	0.581776933777775	116
0.048006237158267	0.582368210709497	858
-0.10611312383169	1.06400366555842	81
0.088575656538834	0.757762567461296	730
-0.02655133741802	0.413516459136083	126
-0.0195594609890499	0.408907543271993	126
-0.0258345509801201	0.413043803481388	126
0.022633873439302	0.486054814054359	1447
-0.02126179208727	0.410975081816502	41
-0.10133535729095	0.750054808327821	135
0.015894522042094	0.490668273213241	65
0.070007912083619	0.677468988104035	65
0.018658717968524	0.489036202673862	51
0.093158996463138	1.50826591643171	750
-0.1085853757022	0.753492623245547	48
-0.0177419809880199	0.408465897919083	48
0.068269864250497	0.679124856615776	23
0.062959994572732	0.682442845273658	23
-0.0779459167233001	1.54893877162789	23
-0.0258345509801201	0.413043803481388	291
-0.01982638852231	0.409294816847698	116
-0.04803261397754	1.08402291054228	116
0.112158461918476	0.817256882405561	858
-0.0241372766757999	0.410514033565441	81
0.047575506939744	0.582807719551856	730
-0.0254358894909601	1.41683342813621	730
-0.02374598899693	0.411135954461803	81
0.014731756800628	0.491631095324249	601
-0.0275337041419801	0.41314398527887	126
0.069518432820189	0.677574926854816	126
0.050887377243427	0.580940901573	126
0.096856182951075	0.750904409244305	126
0.045531005212701	0.584266852242576	1132
-0.03042831861484	0.413737551949063	2441
0.049398878557528	0.578704046797879	135
-0.02126179208727	0.410975081816502	65
-0.0209943829552901	0.409776652047704	1194
-0.0255692233576701	0.412012891941837	605
-0.02269870771255	0.411303674855888	71
0.019292824771818	0.48863605366341	71
-0.03992451169172	1.61178263704689	750
0.041071383347147	1.02213540931384	48
-0.0181871885549101	0.408299416064853	291
0.0505938998082081	0.578321110937991	291
0.111277908664172	0.816848730226795	1501
-0.05707140423057	1.1011772708408	1501
0.108845304504077	0.82250712235695	79
-0.06616704483565	1.11574700845869	79
-0.0931653085903701	0.742442775260586	79
0.03905857688989	0.587667515909288	79
0.075621144230676	0.672942733062937	4481
-0.0888108512072801	0.737746878935113	116
-0.09948639994972	0.747732063437081	858
-0.02224709287202	0.410608941783725	858
0.022969991702422	0.486647207067339	730
0.124549171697807	0.876685102401681	730
-0.0320592649301801	1.15488290824776	730
-0.02027673323395	0.409478238556457	601
-0.10714948567933	0.754242155357264	1256
-0.0174713604435499	0.408269330515601	126
0.019242636889533	0.488316656329156	126
-0.0311435899907899	0.41466914140038	126
0.0208169854081171	0.959500326656348	26
0.040619309949262	0.587504955751975	1132
-0.0272685011114999	0.413655990175607	2441
0.054897507576278	0.576398296971569	65
0.025032944637482	0.485654316649321	1194
0.0272811528101971	0.484048387209294	1194
-0.02511814143824	0.41200820059487	671
0.024126413957558	0.486297529129953	291
0.093703329186956	0.754480853978476	291
0.069029814081456	0.676195204945039	79
-0.0945277856025399	0.74264539755939	79
0.0244546030278719	0.486210829047288	116
-0.0404467437395599	0.822106934356598	858
0.027863955920451	0.483928968898868	1972
0.05449775594732	0.576796655212425	126
0.076892857549293	0.668849192863743	41
0.02046807907243	0.488971745774085	539
0.02271214907369	0.487579497608867	2441
-0.04167698362161	0.826816206577192	135
0.029028796684373	0.483077229419228	135
-0.02027673323395	0.409478238556457	92
0.020146802493525	0.488893696013304	65
-0.0209943829552901	0.409776652047704	3026
-0.02269870771255	0.411303674855888	701
0.025617394757113	0.485123505343381	1194
0.00862368403267599	1.90089265765548	750
-0.0808564349679799	1.73484232483312	750
-0.0611306230351201	1.31447822431559	23
0.039842582775779	1.33316475717927	48
-0.00919402642563005	0.902817159807376	277
0.077032741138472	0.670623814255814	79
0.0487729048333611	0.579894184023409	858
-0.10230982479907	1.06231036054354	81
-0.03065823799782	1.15849093346937	81
-0.0174713604435499	0.408269330515601	1233
-0.02126179208727	0.410975081816502	126
0.095966150563616	0.751806459961886	126
-0.0213339937447401	0.410034538747514	1447
-0.0275337041419801	0.41314398527887	1447
-0.02269870771255	0.411303674855888	41
-0.02054390147798	0.410401139638387	539
0.056320556981009	0.574080932087151	1132
0.079679286178049	0.665287102791647	135
0.040187962255347	0.586683030630939	135
0.0232932211435261	0.487372497728726	1194
0.023863274661684	0.486099627797188	1194
-0.02054390147798	0.410401139638387	605
-0.0255692233576701	0.412012891941837	671
-0.0227622512530099	0.410642108899905	122
0.11173721265126	2.33372400603142	750
-0.02712405389907	1.419812439263	750
-0.0594749830847601	2.46046632232504	750
0.022734440130054	2.1133087550969	750
-0.00232263020104995	0.896053570079641	48
-0.0984309517191799	0.748279555131063	48
0.110863978922453	0.818811807221857	23
0.092311781252319	1.14721679809553	23
-0.10293120476358	0.751428494716355	291
-0.03036631013475	1.15540384075703	1501
0.109768912325785	1.17445677968606	277
0.04258447248443	0.586568109376667	79
0.07928838452539	0.667377452281374	79
0.01988508042586	0.489418532086656	116
0.097826743328665	0.748780190828659	858
-0.00531756475289003	0.899609831075684	81
-0.02054390147798	0.410401139638387	2220
-0.0911773052693201	0.738610172933369	1447
-0.01845805499361	0.408763534655611	2061
-0.0209943829552901	0.409776652047704	1132
0.025355212710095	0.484218430760984	1132
0.023874039063565	0.486927927519843	135
-0.0275337041419801	0.41314398527887	92
-0.0209943829552901	0.409776652047704	605
-0.01845805499361	0.408763534655611	605
0.020751274442196	2.49188004139707	750
-0.08969674151893	1.92978268568339	750
0.04475016333134	1.01304381211089	48
0.011618886408992	1.24784132471821	291
0.0409841400100081	0.586815754597546	291
0.112403740605779	0.815818157256426	291
0.080271996719751	0.666370253764614	277
0.073206568988624	0.673771597177855	79
-0.0939529229305101	0.736769398760578	79
-0.0507215465208599	0.83771999173384	79
-0.10227464013169	0.750552142694754	79
0.047855253964886	1.0104331822265	79
0.031858046760526	0.479592176505172	116
0.0788181264667101	0.668405800908634	858
-0.02303104447883	0.410996649608088	2220
-0.02054390147798	0.410401139638387	126
-0.02368524530921	0.41093826511309	33
-0.0255692233576701	0.412012891941837	3026
0.035814959202784	2.36845037249605	750
0.026512588319659	0.95649595511825	48
0.026851924230248	0.953402287738498	48
0.01845862199186	0.48819762268695	48
0.085057874962416	1.16113110467412	23
0.018979883904056	0.490062948615881	291
0.100649192305093	0.744551956573333	277
0.094729517633524	0.751246415984832	79
-0.0994218573847401	0.748221822077759	79
0.05079632591122	0.578761906790304	79
0.024448238004705	0.485979489293663	79
-0.10519510256984	0.751020120449565	116
-0.09596107603085	0.743173304866998	858
-0.02204793512445	0.410502951592421	730
0.050288554191002	0.579386960354327	81
-0.02655133741802	0.413516459136083	126
-0.02347694248815	0.410248691257658	126
-0.02368524530921	0.41093826511309	92
-0.0209943829552901	0.409776652047704	65
-0.02655133741802	0.413516459136083	1194
-0.02368524530921	0.41093826511309	605
-0.0930996709901	1.2868535292958	23
0.015852776341323	0.969696364975164	291
0.022692577055393	0.485301161686538	291
0.067280377502936	0.680555980129505	79
-0.02126179208727	0.410975081816502	79
0.042073693520404	0.586934090859484	730
0.097826743328665	0.748780190828659	26
-0.01883552800599	0.915312128783117	81
-0.0195594609890499	0.408907543271993	4636
-0.0948326287532399	1.04903404414313	26
0.083319386442639	0.661497682235633	26
0.055915571549304	0.57547798114334	92
-0.0167559082206199	0.407972067925741	1132
0.026523202592572	0.483366492541231	1132
0.05070589095183	0.579346013754557	1132
-0.0241372766757999	0.410514033565441	51
-0.0258345509801201	0.413043803481388	216
-0.02027673323395	0.409478238556457	216
-0.02126179208727	0.410975081816502	1194
-0.0167559082206199	0.407972067925741	51
-0.02511814143824	0.41200820059487	122
-0.02243081627196	0.409335013447221	43
0.11862201499577	0.882810705539161	48
-0.0177419809880199	0.408465897919083	291
0.119585421761368	0.807010809879167	291
-0.0440319183857401	0.831727902787209	152
0.071933553960571	0.674762787104962	79
0.076911549937084	0.668191011576898	730
-0.0468569727534001	0.835457138466888	81
0.0539882366235001	0.577157698100559	26
-0.02628576158792	0.412152659857664	126
0.092813529710884	0.755636317166555	126
-0.02054390147798	0.410401139638387	33
0.0247114467027531	0.485765853390852	634
-0.0311435899907899	0.41466914140038	634
-0.10425502602941	0.752165824741335	92
-0.0244613091661201	0.410741903929385	51
-0.02054390147798	0.410401139638387	51
-0.10227464013169	0.750552142694754	291
0.065477545512953	1.06028552179913	291
-0.04869894467495	0.835129264417011	277
0.07632030257881	1.03698135828429	277
-0.0371856123366101	0.41567741731938	152
-0.0227622512530099	0.410642108899905	79
-0.09810085631063	0.748213932424267	26
-0.02511814143824	0.41200820059487	26
-0.02204793512445	0.410502951592421	1814
0.061541676482838	0.684142085633961	126
0.0620146013965131	0.683875042382447	126
0.0444406452985881	0.584549318333612	26
0.029028796684373	0.483077229419228	26
-0.02224709287202	0.410608941783725	1181
0.017490111099017	0.489691604438174	92
-0.02655133741802	0.413516459136083	65
-0.02655133741802	0.413516459136083	1025
-0.02269870771255	0.411303674855888	51
-0.0167559082206199	0.407972067925741	1194
-0.0282514925208599	0.413283993547182	51
0.029352361723531	0.482194393877049	306
-0.0209943829552901	0.409776652047704	112
0.0578522711989919	2.44291515058635	750
0.096789830902785	0.746846209356242	23
-0.04547349854227	0.831523131677864	2137
-0.0778991917073699	1.3541691001454	291
-0.0444304206900901	0.832369139181784	79
-0.04174210136936	0.826058834036173	152
0.046710878991307	1.01310882240865	79
-0.0515257386336601	0.839027294877824	858
-0.10088982816659	0.749497593613753	858
-0.01982638852231	0.409294816847698	126
-0.02231647525331	0.410527599337308	126
-0.02204793512445	0.410502951592421	126
-0.02231647525331	0.410527599337308	126
0.058099148889994	0.684212950847183	26
-0.01702628305176	0.407896565848327	3083
-0.02224709287202	0.410608941783725	33
-0.0374469352984701	0.415418177445448	1181
0.023219745533527	0.485729407307986	92
-0.0219800607115199	0.411274533949238	65
-0.0185160103345601	0.407432048797052	65
-0.07193783688433	1.34160062165994	48
-0.0544949510767501	1.39479169606353	23
-0.0248530618398799	0.411542674464278	291
0.112617965524862	0.812658018382878	277
0.099532816492938	0.746596640805049	1501
0.103145097785114	0.740629086115703	1501
-0.0145436294433401	0.907985197562344	1501
-0.0966676976959899	0.745049483322227	79
0.020957509873673	0.485584619558979	116
-0.01780430006598	0.406968219093888	26
-0.02224709287202	0.410608941783725	1781
0.019563471132187	0.489615442131538	126
0.067400037520026	0.679813497175578	26
-0.0219800607115199	0.411274533949238	33
0.0232932211435261	0.487372497728726	962
0.022633873439302	0.486054814054359	65
-0.0195594609890499	0.408907543271993	216
0.019037582423717	0.488172523893389	3026
-0.0177419809880199	0.408465897919083	51
-0.02296597963264	0.410908197770573	306
0.072753826285851	0.675328600448007	291
-0.02224709287202	0.410608941783725	291
-0.09190667371866	0.739906794432041	152
0.069212246029815	0.677699479369965	116
0.079331746632292	0.668153234355152	116
0.052238425618642	0.577634620167254	730
0.016344740643663	0.967236181500964	730
0.047855253964886	1.0104331822265	26
0.05045557672035	0.581254464006149	26
0.018396040612831	0.490271397263528	126
0.046046459752123	0.582217507127956	1387
0.026957364462212	0.48365648985277	26
0.084652676981261	0.761942098494417	26
-0.09793575902146	0.747877004766513	26
-0.0219800607115199	0.411274533949238	634
-0.01884256586002	0.40780874728478	1181
-0.02296597963264	0.410908197770573	1181
-0.02224709287202	0.410608941783725	962
-0.02152858466472	0.41003633195509	962
0.051231587357641	0.577763529423755	92
-0.0177419809880199	0.408465897919083	92
-0.02027673323395	0.409478238556457	92
-0.02296597963264	0.410908197770573	306
-0.0301650740028001	0.413168838752643	306
-0.10605919982253	1.61742896457087	23
0.075859112493129	0.669939504214838	277
-0.0969458933682801	0.746210989881604	79
-0.02126179208727	0.410975081816502	26
-0.02152858466472	0.41003633195509	126
0.075479175818931	0.670441921506615	92
-0.0181871885549101	0.408299416064853	216
-0.0266455653020099	0.411660707456765	216
-0.02896965906045	0.412887475855812	395
-0.03257526143736	0.414692514464788	395
-0.02368524530921	0.41093826511309	605
-0.0258345509801201	0.413043803481388	23
0.026957364462212	0.48365648985277	277
-0.00234924229347011	0.895496976415547	79
-0.0209943829552901	0.409776652047704	79
0.028705998608865	0.482027330230746	116
0.052968630788121	0.577257091014872	116
0.028181103985181	0.482398775511905	730
0.049398878557528	0.578704046797879	26
0.063474512987005	0.682892940132346	26
0.01690542275676	0.489629484686196	26
-0.00927745730377993	0.904469011260552	26
-0.0191745054275401	0.408793596683385	1387
-0.10288575214501	0.748587817904912	1387
-0.09576711200377	0.742818431675525	26
-0.02655133741802	0.413516459136083	33
0.02271214907369	0.487579497608867	962
-0.0756694797122499	1.35135897700242	291
0.060572314538615	1.06897323366948	1501
-0.00105199496163011	0.894865376189881	79
-0.09793523092619	1.05607939040389	79
0.014409992178878	0.491945039298103	79
-0.0892531586215899	0.737615174856728	79
0.042152597432962	0.586406495110411	116
-0.02798604242193	0.413256750767976	26
-0.0272685011114999	0.413655990175607	1814
-0.0440319183857401	0.831727902787209	1814
-0.0964484377170001	1.05243534429655	26
0.019301826126752	0.489626676436646	33
0.028446503813386	0.48360544938142	539
-0.0396194668555001	0.824388707462573	962
0.051615755559372	0.578220142953797	92
0.017811941061995	0.490207639636099	65
0.031096720104732	0.479574201710469	65
0.041130590971366	0.587406556553626	65
-0.0335553038325001	0.414320332911909	65
-0.02655133741802	0.413516459136083	306
0.066026760736173	1.12702818532846	23
-0.0448922346501099	0.832250767371396	23
-0.0434429413951201	0.830670424574004	23
0.0000830204459669748	1.65526975274995	291
-0.02054390147798	0.410401139638387	277
-0.0219800607115199	0.411274533949238	1501
0.02046807907243	0.488971745774085	79
0.027856193403859	0.482188714832345	116
0.048516771594874	0.581649347606665	938
-0.10084100652173	0.748740589931856	4971
0.075129548539415	0.673818198199838	26
0.052126398885587	0.577858320833396	26
0.04502731533635	0.583802634353205	26
0.048086169911295	0.581776933777775	126
-0.0937561965835201	0.742483342831259	26
-0.02368524530921	0.41093826511309	26
-0.0506524672229101	0.838972572899722	33
-0.01845805499361	0.408763534655611	33
-0.01845805499361	0.408763534655611	33
-0.10080348417853	0.747768061330193	33
-0.02368524530921	0.41093826511309	962
-0.02798604242193	0.413256750767976	92
-0.0974407396063199	0.74719824613095	1229
-0.0219800607115199	0.411274533949238	278
-0.0234177334526799	0.410826590483551	278
0.025617394757113	0.485123505343381	278
0.018718315979064	0.48956308680362	65
-0.0448922346501099	0.832250767371396	65
-0.02054390147798	0.410401139638387	65
-0.02224709287202	0.410608941783725	164
0.05079632591122	0.578761906790304	395
-0.02126179208727	0.410975081816502	514
0.048925626216875	0.581990256936947	23
0.045019416731295	0.583964825035704	291
0.023541124291656	0.486623205126517	277
-0.02126179208727	0.410975081816502	1501
0.0244546030278719	0.486210829047288	152
-0.0219800607115199	0.411274533949238	116
-0.02152858466472	0.41003633195509	26
-0.02054390147798	0.410401139638387	126
0.041562729513297	0.587032317765048	26
0.112092911358888	0.815392395798998	26
0.071461582160993	0.674820175471533	26
-0.0964139819157701	1.04789666875828	26
0.0178110921690789	0.488982547182895	1377
-0.02152858466472	0.41003633195509	33
0.059709025778995	0.570321866604953	539
-0.09073548436126	0.739964532356713	33
-0.02681629356167	0.412672237731607	278
-0.0897986252234599	0.739035587099458	1025
-0.02231647525331	0.410527599337308	164
-0.01702628305176	0.407896565848327	164
0.01350656551695	0.491361087548199	164
-0.02152858466472	0.41003633195509	164
-0.0177419809880199	0.408465897919083	3658
-0.02681629356167	0.412672237731607	514
-0.0177419809880199	0.408465897919083	23
-0.00810417892223003	0.905474597546475	291
0.048887062491406	0.579066392358594	1300
-0.02269870771255	0.411303674855888	277
-0.02798604242193	0.413256750767976	79
-0.0234177334526799	0.410826590483551	79
-0.0191745054275401	0.408793596683385	79
0.022955577507461	0.486743487685973	858
0.049796326412217	0.579793446877527	858
0.025355212710095	0.484218430760984	81
-0.09122993844272	0.740243783604558	26
-0.0275337041419801	0.41314398527887	938
-0.03199843072072	0.412804610575588	26
-0.02655133741802	0.413516459136083	1814
-0.0219800607115199	0.411274533949238	126
-0.0219800607115199	0.411274533949238	126
0.028770399960519	0.482516920035912	26
-0.02027673323395	0.409478238556457	26
0.00556608393768199	0.49380169164089	2104
-0.01845805499361	0.408763534655611	33
-0.0234177334526799	0.410826590483551	33
-0.0167559082206199	0.407972067925741	33
-0.0219800607115199	0.411274533949238	92
0.026698094287039	0.483918518491508	278
-0.02027673323395	0.409478238556457	278
-0.01845805499361	0.408763534655611	92
-0.01989133264931	0.408322516344122	164
0.046353548270943	1.01154410318	23
0.093238360472042	0.753268413420136	23
-0.1024336952849	1.30436726676657	291
-0.0435704768242	0.830716295039307	79
-0.09502362707333	0.742673691836324	79
-0.0442915844652301	0.827917027841226	116
-0.02681629356167	0.412672237731607	81
0.081929838027448	0.66364846291734	81
-0.0966676976959899	0.745049483322227	81
0.100534532403762	0.745764272856571	26
0.026120312505952	0.483542535242062	26
-0.02296597963264	0.410908197770573	126
-0.0435704768242	0.830716295039307	26
0.097500562853503	0.748464817032974	1387
-0.0962594917966899	0.743064850367456	26
0.0223885826807479	0.487091304289586	634
-0.0272685011114999	0.413655990175607	33
0.050887377243427	0.580940901573	1229
-0.02054390147798	0.410401139638387	65
-0.02171241051411	0.409806924167185	65
-0.02269870771255	0.411303674855888	65
-0.02054390147798	0.410401139638387	47
-0.0311435899907899	0.41466914140038	51
-0.02296597963264	0.410908197770573	2551
-0.10158667840846	1.05644038064594	48
0.023874039063565	0.486927927519843	291
0.110931877558359	0.727108277237689	277
0.0919059367771899	0.75419219082481	1501
0.02072987818414	0.48760502580749	858
0.02271214907369	0.487579497608867	858
-0.0436476048802199	0.830020064752342	858
0.023617224616811	0.486158358630486	858
0.027863955920451	0.483928968898868	26
0.04505800909212	0.582151409863031	938
0.049514758018424	0.580747497378275	26
0.00957316444726697	0.493124979547143	1387
-0.0160408315278899	0.407403518042765	33
-0.0275337041419801	0.41314398527887	1229
0.052338611403571	0.578466672455565	278
0.020790130443553	0.4876451712386	994
-0.02224709287202	0.410608941783725	65
-0.02269870771255	0.411303674855888	2551
-0.0209943829552901	0.409776652047704	112
0.02271214907369	0.487579497608867	1501
-0.0597275094035701	1.10526421308856	277
0.01839074123836	0.488352554838335	858
0.108914899860832	0.820301918464711	858
0.124366032836543	0.877939696890404	26
-0.0167559082206199	0.407972067925741	1814
-0.01845805499361	0.408763534655611	1814
0.01988508042586	0.489418532086656	126
0.071442525640841	0.67612984240809	1387
0.050194666437503	0.579508239942932	1387
0.024448238004705	0.485979489293663	1387
0.078210881921052	0.668663675805139	26
-0.0399156572711601	0.822917902941596	26
-0.0244613091661201	0.410741903929385	898
-0.01845805499361	0.408763534655611	1229
0.075621144230676	0.672942733062937	278
-0.0177419809880199	0.408465897919083	65
-0.04601985722289	0.830199300037665	65
-0.0244048902648399	0.410464208205061	47
-0.0167559082206199	0.407972067925741	1223
-0.01845805499361	0.408763534655611	216
-0.0275337041419801	0.41314398527887	216
-0.02269870771255	0.411303674855888	1922
-0.02655133741802	0.413516459136083	514
0.064884074277708	1.06003561244231	23
0.094729517633524	0.751246415984832	277
0.105097281649417	0.73824317386057	277
-0.04549080954323	0.830527027244654	277
-0.04547349854227	0.831523131677864	79
0.074167795067874	0.674452237797282	1501
0.042152597432962	0.586406495110411	1501
-0.0174713604435499	0.408269330515601	858
0.063044952764047	0.682603242403294	26
-0.0269120235748399	0.411228846660803	26
-0.02374598899693	0.411135954461803	1814
-0.02054390147798	0.410401139638387	1814
0.112247766040956	0.816781561883453	26
0.04258447248443	0.586568109376667	26
-0.02224709287202	0.410608941783725	1101
-0.02655133741802	0.413516459136083	801
-0.0219800607115199	0.411274533949238	278
-0.02027673323395	0.409478238556457	278
-0.0213339937447401	0.410034538747514	51
-0.0275337041419801	0.41314398527887	1922
0.024448238004705	0.485979489293663	1922
-0.0219800607115199	0.411274533949238	51
-0.0584461973076	1.10105350382283	23
0.110702177504597	0.818151890013795	23
-0.0247705238251701	1.14873337079393	79
-0.0543971204528599	0.841139446146935	79
0.075129548539415	0.673818198199838	79
0.019301826126752	0.489626676436646	79
-0.02655133741802	0.413516459136083	26
-0.0185160103345601	0.407432048797052	26
-0.10636040472715	0.75267777579528	1814
-0.09482776525035	0.743229414648294	1814
0.0198262997302	0.487032938206078	26
-0.0902412031006401	0.739444712132358	26
-0.0275337041419801	0.41314398527887	898
-0.0575046430077399	1.10422088863733	1229
0.027863955920451	0.483928968898868	1229
0.020790130443553	0.4876451712386	1229
-0.0939775258503499	0.741569471609619	278
-0.02126179208727	0.410975081816502	51
-0.0315954817494399	0.413194685338354	51
-0.01393770403739	0.405210698913732	1922
-0.0324854055897501	1.1594832176859	23
-0.00291036526585997	1.19695207959218	23
0.024448238004705	0.485979489293663	1950
0.045536979691197	0.583172685105335	858
-0.02303104447883	0.410996649608088	26
0.019292824771818	0.48863605366341	126
-0.02655133741802	0.413516459136083	1387
-0.0167559082206199	0.407972067925741	1387
0.0101531477092141	0.492979790768356	26
-0.0283384601138399	0.412461825619006	33
-0.02054390147798	0.410401139638387	1229
0.018134467076113	0.489594120900239	278
-0.0241372766757999	0.410514033565441	278
0.077383104633013	0.66735738931956	65
0.023541124291656	0.486623205126517	65
0.01988508042586	0.489418532086656	65
-0.02027673323395	0.409478238556457	1025
0.0247114467027531	0.485765853390852	47
-0.02062042675795	0.40900976372954	164
-0.02628576158792	0.412152659857664	51
-0.0209943829552901	0.409776652047704	51
-0.0983625419009999	1.05674117410291	277
0.016216387190556	0.489528749497461	277
0.086551005352535	0.761263283750551	79
0.022969991702422	0.486647207067339	79
-0.02905223994073	0.412177524206833	26
0.025032944637482	0.485654316649321	26
0.086671012413863	0.760569859083903	26
0.0272811528101971	0.484048387209294	26
-0.0973884846617199	0.745316337815843	26
0.018979883904056	0.490062948615881	26
0.051396861230372	0.580465035444476	801
-0.02126179208727	0.410975081816502	33
-0.0209943829552901	0.409776652047704	801
-0.02296597963264	0.410908197770573	1229
-0.0318592374786799	0.414980836560012	278
-0.0248530618398799	0.411542674464278	2781
-0.0160408315278899	0.407403518042765	994
-0.0174713604435499	0.408269330515601	65
-0.0258345509801201	0.413043803481388	51
-0.02027673323395	0.409478238556457	1922
-0.02374598899693	0.411135954461803	112
-0.02224709287202	0.410608941783725	112
0.063250856204633	1.06436472959912	23
0.094632266852834	1.19569100038417	23
0.088452990155537	1.15465008400783	23
0.050443873836357	1.00735782846244	277
0.103286478669229	0.736833066860163	277
0.090244121005201	0.756158736113106	277
-0.10227464013169	0.750552142694754	79
-0.02231647525331	0.410527599337308	1950
0.018979883904056	0.490062948615881	26
0.023541124291656	0.486623205126517	81
0.01839074123836	0.488352554838335	26
-0.0258345509801201	0.413043803481388	938
0.054345950844144	0.575426706435315	938
-0.02126179208727	0.410975081816502	26
0.050288554191002	0.579386960354327	26
0.0777570787936111	0.669257591111527	26
-0.0219800607115199	0.411274533949238	33
0.072155809459936	0.67112656939037	33
0.095898143851025	0.748378693762723	1229
0.017811941061995	0.490207639636099	2781
0.022633873439302	0.486054814054359	65
-0.0209943829552901	0.409776652047704	65
0.054897507576278	0.576398296971569	65
-0.0191745054275401	0.408793596683385	164
-0.01845805499361	0.408763534655611	4830
0.095501238133593	1.1404914639218	23
0.052117990136563	1.07959232810629	23
-0.02269870771255	0.411303674855888	23
0.063001951330815	0.683452602870219	23
-0.0106676491628801	0.907848768759085	79
0.02046807907243	0.488971745774085	79
-0.0917245654501699	0.740271630477432	79
-0.09502362707333	0.742673691836324	79
0.076070944404281	0.672018036489386	1950
-0.0425201581371799	0.830048264006524	152
0.07167834143491	0.676598079344991	26
0.074658621008098	0.674342667441165	26
0.0456332633866861	0.58446214274432	26
-0.0373870566069201	0.820654794371833	26
-0.03283864853932	0.414606391010606	938
-0.02224709287202	0.410608941783725	126
-0.0255692233576701	0.412012891941837	26
0.0484378820992391	0.580603842948864	26
0.04994577766228	0.581730930079566	26
-0.0969458933682801	0.746210989881604	26
-0.02269870771255	0.411303674855888	801
-0.02296597963264	0.410908197770573	194
-0.0921046233195	0.739640829444505	34
-0.0219800607115199	0.411274533949238	1922
-0.02269870771255	0.411303674855888	51
-0.0209943829552901	0.409776652047704	51
-0.0946461692690701	0.745493654326501	23
0.112540988411983	0.815743597335331	23
-0.0956342726349	0.746020099092103	23
0.100090457059913	0.746100463715268	79
0.067892407182147	0.679441541768604	79
0.051216925571805	0.578983513041556	26
-0.0219800607115199	0.411274533949238	126
-0.00779426770175995	0.904153403023236	1051
0.049796326412217	0.579793446877527	801
-0.02126179208727	0.410975081816502	194
-0.0241372766757999	0.410514033565441	194
-0.02152858466472	0.41003633195509	194
0.044471463975862	0.583158043101123	1229
-0.02171241051411	0.409806924167185	34
0.013245527953803	0.492298919499597	278
0.053478528277691	0.577319110178382	1026
-0.0111168887550701	1.45587084792992	23
0.052630153730526	1.00195346816861	277
-0.04876946263715	0.837060807537583	79
-0.04836683496823	0.83410886200809	79
-0.0974407396063199	0.74719824613095	152
0.01234091289099	0.491715895044216	26
-0.0448693540366401	0.828566902392533	26
-0.0966676976959899	0.745049483322227	938
0.013827887658088	0.492274249557995	852
-0.0219800607115199	0.411274533949238	126
-0.02126179208727	0.410975081816502	26
0.075580384811595	0.671244968304446	510
0.04994577766228	0.581730930079566	801
-0.0282514925208599	0.413283993547182	194
0.021050822262274	0.488251197847747	194
-0.03140646864859	0.413366127641057	33
-0.02368524530921	0.41093826511309	33
0.045184453437856	1.01620404122972	1229
-0.0944731529637399	0.742342543600819	1229
-0.10279404742376	1.0599510287098	1229
0.018396040612831	0.490271397263528	2781
0.075150305944315	0.67323785521102	65
0.024126413957558	0.486297529129953	1026
0.024126413957558	0.486297529129953	47
-0.02511814143824	0.41200820059487	47
0.022633873439302	0.486054814054359	812
-0.0266455653020099	0.411660707456765	605
0.093849654036265	1.20549873716706	23
-0.02126179208727	0.410975081816502	1501
0.025296222724603	0.484980985533228	1501
0.0312776677491849	0.47991280403049	79
0.05383757574453	0.576136216892822	79
0.025939335704131	0.483894472955633	79
0.064506786698963	0.680954538891097	1950
-0.0308800899146	0.413479379600555	152
-0.0942982249514599	1.0464473995989	26
0.018979883904056	0.490062948615881	26
-0.0436476048802199	0.830020064752342	2485
-0.04037530987015	0.823213998987799	2485
0.032763334651417	0.479093367994399	2485
-0.0139177252729601	0.91150484074585	434
0.028705998608865	0.482027330230746	126
-0.09837862249536	0.747697416421832	26
0.044471463975862	0.583158043101123	510
-0.02681629356167	0.412672237731607	26
0.106452994447239	0.82242044779281	26
-0.09469545971871	0.745084893553968	801
-0.09518945882268	0.74490164260121	194
-0.02296597963264	0.410908197770573	1229
0.070498252986762	0.676482753100705	278
0.021954694301717	0.486484341980315	34
-0.02126179208727	0.410975081816502	65
-0.0996823789988199	1.05603087085702	1026
-0.0275337041419801	0.41314398527887	1026
-0.0272685011114999	0.413655990175607	47
-0.03257526143736	0.414692514464788	47
0.072576868115005	0.67463546697106	605
-0.0213339937447401	0.410034538747514	605
-0.02027673323395	0.409478238556457	368
0.026446249164939	0.482983064184769	368
0.089669966900681	1.21421754254666	23
0.069045891537287	0.677871562537287	23
0.068045837996934	1.3342022818524	23
0.114506194418578	0.815177293556117	23
0.076432565877545	0.669552322068816	1501
0.062529237546514	0.683719497482565	1501
0.066456007533896	0.680898780720335	1501
0.04502731533635	0.583802634353205	152
-0.10782320318646	1.06606279397707	79
0.053079258290865	0.576636389861015	152
0.05070589095183	0.579346013754557	1950
-0.05492525317361	0.8403697326192	938
-0.08930465194614	0.738516408507673	1051
-0.05203739512715	0.839254848030306	801
-0.0219800607115199	0.411274533949238	194
0.0223885826807479	0.487091304289586	194
0.018396040612831	0.490271397263528	194
-0.01532613000762	0.406308829221225	194
-0.09953436667633	0.749396690614908	1229
0.079659859353387	0.667260735358298	1229
-0.04725147099286	0.834009853999543	1229
0.026957364462212	0.48365648985277	2655
-0.02368524530921	0.41093826511309	65
-0.01884256586002	0.40780874728478	65
0.074519041082074	0.671460073883177	1026
-0.02054390147798	0.410401139638387	2808
-0.0167559082206199	0.407972067925741	605
-0.0374469352984701	0.415418177445448	514
0.104033200663853	0.739110340095658	23
0.045300455670813	0.581906825961505	23
-0.0219800607115199	0.411274533949238	79
0.014409992178878	0.491945039298103	79
-0.0930948258084601	0.740932074264058	79
-0.0258345509801201	0.413043803481388	152
-0.0185160103345601	0.407432048797052	79
-0.02054390147798	0.410401139638387	152
0.057269366297944	0.684909669790739	79
0.059785723426355	0.570594609211538	938
0.020790130443553	0.4876451712386	26
-0.00152753629280999	1.19481839950965	938
-0.0530565009769199	1.09684906721038	26
0.014409992178878	0.491945039298103	1386
0.022633873439302	0.486054814054359	26
0.056424320659979	0.574695656875561	510
0.085109872687603	0.657523360302365	510
0.092700751498886	0.75506110339538	26
0.100205047585528	0.744403411916174	864
0.105097281649417	0.73824317386057	864
0.069045891537287	0.677871562537287	801
0.040078388914734	0.586276809741103	801
-0.00460968465136991	0.896321741581643	34
0.041130590971366	0.587406556553626	2655
-0.0167559082206199	0.407972067925741	34
-0.0219800607115199	0.411274533949238	34
-0.10068563767564	1.05290643461065	994
0.110312457375046	0.819285653295707	1026
0.027863955920451	0.483928968898868	1026
-0.0520510339153599	0.838825499521919	1026
-0.0415979518240199	0.828321660029161	1026
0.033342871899596	0.478571799591354	47
0.023551146358285	0.485931475764711	605
-0.02027673323395	0.409478238556457	605
-0.0219800607115199	0.411274533949238	66
0.026324960678462	1.5084435833818	23
-0.0595494432801	1.10512662173094	1501
0.023805360299448	0.485199002275023	79
0.06742055899984	0.679853194088937	79
0.049514758018424	0.580747497378275	126
-0.02054390147798	0.410401139638387	126
0.018074542770612	0.489482847860143	510
0.080786563877287	0.665046522784693	26
-0.09749199277947	0.746833585708175	864
-0.00439985000674992	0.895497479669286	801
0.052238425618642	0.577634620167254	194
-0.04481233580566	0.829063422636651	1229
-0.0985061085757699	1.05567167961361	1229
-0.0219800607115199	0.411274533949238	1229
0.014991841711362	0.491309861338566	994
-0.02269870771255	0.411303674855888	812
0.026699192054501	0.483336660270678	812
-0.0209943829552901	0.409776652047704	812
-0.0219800607115199	0.411274533949238	605
-0.02655133741802	0.413516459136083	605
-0.0191745054275401	0.408793596683385	306
-0.01845805499361	0.408763534655611	819
-0.02368524530921	0.41093826511309	514
0.094809974631581	0.751350421851823	2969
-0.0649592929710101	1.59905326746863	23
-0.0811721392590801	1.35763032706204	23
0.0508105534396051	0.579200899348131	23
0.098858420857021	0.747695003683283	1501
0.0000293079348560044	0.892589853437731	1501
0.072425445316887	0.672016522860321	152
-0.0969458933682801	0.746210989881604	152
-0.0124045875235499	0.907780085031021	79
-0.02224709287202	0.410608941783725	79
-0.10052214098418	0.748802409104564	938
-0.03449577071051	0.815735343190369	938
0.117341123866478	0.81044084398603	938
-0.02126179208727	0.410975081816502	938
0.023874039063565	0.486927927519843	938
0.098596732478875	0.831340322879984	1386
-0.02224709287202	0.410608941783725	801
0.029352361723531	0.482194393877049	194
0.018979883904056	0.490062948615881	194
-0.02303104447883	0.410996649608088	2655
-0.02204793512445	0.410502951592421	34
-0.10036097927692	0.748721931680056	47
-0.02171241051411	0.409806924167185	1026
0.024448238004705	0.485979489293663	47
-0.02126179208727	0.410975081816502	812
0.01234091289099	0.491715895044216	812
-0.02204793512445	0.410502951592421	812
0.017490111099017	0.489691604438174	51
0.018080330691586	1.23573176486477	1501
-0.0659896635478801	1.11398663078436	23
0.046130137190485	1.0143284568992	23
-0.0902412031006401	0.739444712132358	938
-0.0227622512530099	0.410642108899905	938
-0.04350722620203	0.831746454621921	26
0.079170478145195	0.668032586243667	938
-0.0075407831473	0.904089015036193	938
0.074167795067874	0.674452237797282	938
-0.0282514925208599	0.413283993547182	126
-0.0097963982712701	0.907197132613085	1386
-0.0183988133216799	0.915000644340582	1386
0.05383757574453	0.576136216892822	26
0.05079632591122	0.578761906790304	864
-0.0209943829552901	0.409776652047704	864
-0.0969532849091099	1.0502482193904	34
0.025939335704131	0.483894472955633	34
0.023541124291656	0.486623205126517	47
-0.02171241051411	0.409806924167185	812
-0.0219800607115199	0.411274533949238	812
-0.0248530618398799	0.411542674464278	605
0.024448238004705	0.485979489293663	4119
0.017542224455114	1.23542922173672	23
0.119668029001597	0.803607335719062	23
-0.02081045464866	0.408933527207846	23
0.040699374541219	0.586317312817613	1501
-0.0925461545127999	0.740008884506934	79
0.0405402458981991	0.585865452179058	79
-0.04068888642908	0.825652923046103	79
0.024448238004705	0.485979489293663	79
0.0566975686576811	0.685782031552006	79
-0.10576033699296	0.752702610754485	79
-0.01702628305176	0.407896565848327	79
-0.03869683959451	0.823497895884708	2851
-0.0533772305081901	0.838068022394221	2851
0.032831006954856	0.942640129775362	938
0.0247114467027531	0.485765853390852	2279
0.024126413957558	0.486297529129953	26
0.077303860320584	0.666932591584386	1386
-0.01796222771528	0.91434100673462	510
-0.0282514925208599	0.413283993547182	510
-0.02224709287202	0.410608941783725	510
0.023601305127038	0.483549412862346	26
-0.00460968465136991	0.896321741581643	864
-0.0135307021453801	0.907997972277841	801
0.026201588560498	0.484339946364837	33
-0.02224709287202	0.410608941783725	1173
-0.0160408315278899	0.407403518042765	1173
-0.02655133741802	0.413516459136083	4159
-0.0174713604435499	0.408269330515601	47
-0.01702628305176	0.407896565848327	812
-0.0272685011114999	0.413655990175607	390
0.092852395645188	1.89413263447543	2969
0.058906473968517	1.35708417733842	2969
0.0780264773530201	1.10593028760633	23
0.066456007533896	0.680898780720335	2969
-0.02022773809863	1.40346305415323	23
-0.01845805499361	0.408763534655611	23
-0.02054390147798	0.410401139638387	1501
0.0272811528101971	0.484048387209294	79
-0.02126179208727	0.410975081816502	152
0.097856884181708	0.74963552111173	938
0.123312746044606	0.876719011938131	938
0.0508189874713521	0.578867750869275	26
0.021050822262274	0.488251197847747	2279
0.04994577766228	0.581730930079566	26
-0.0965533984269	1.0474599401856	1386
-0.0965024004294099	0.745754612743106	801
-0.0951401345906999	0.745894843709305	801
-0.0117982217610999	0.909202727815612	801
0.059709025778995	0.570321866604953	801
0.029610834728566	0.482297418223224	30
0.104699777905123	0.738611600139393	34
-0.0273583360894001	0.411969988811906	47
-0.0275337041419801	0.41314398527887	18
-0.0318592374786799	0.414980836560012	18
-0.02126179208727	0.410975081816502	51
-0.0125115897446599	0.404353014672515	51
0.026698094287039	0.483918518491508	368
0.098549765968527	1.19641198163034	23
-0.01942351825499	1.13672165414892	23
0.037603078806725	0.589042260232122	79
-0.0260992604196	0.411639865603186	152
-0.0521062374358201	0.840128893080151	938
0.018658717968524	0.489036202673862	938
0.07210579202312	0.675980341829001	26
-0.01179909261532	0.403271579311875	26
0.051216925571805	0.578983513041556	1386
-0.02655133741802	0.413516459136083	510
-0.0989263178050599	0.748405526735507	801
0.01350656551695	0.491361087548199	801
-0.0335553038325001	0.414320332911909	801
0.0223885826807479	0.487091304289586	194
-0.0164000119980099	0.90969119517809	194
-0.10759557836063	0.75232193325867	194
-0.0384129211531801	1.16973337894584	34
0.041984375794804	1.0169515158595	994
-0.02224709287202	0.410608941783725	47
-0.03042831861484	0.413737551949063	47
0.013827887658088	0.492274249557995	47
-0.0301650740028001	0.413168838752643	812
-0.02054390147798	0.410401139638387	812
0.050307751945362	0.579430672939284	605
-0.0174713604435499	0.408269330515601	605
-0.02126179208727	0.410975081816502	66
-0.02027673323395	0.409478238556457	79
-0.0189033929134299	0.407829094949249	79
-0.0177419809880199	0.408465897919083	938
0.029028796684373	0.483077229419228	938
-0.01702628305176	0.407896565848327	2279
-0.03042831861484	0.413737551949063	26
0.0605196275794	1.06595027669659	26
-0.0191745054275401	0.408793596683385	510
0.046143796159531	0.583984480648196	26
0.028705998608865	0.482027330230746	801
-0.0598013058065101	1.10086337284634	34
-0.02289706615958	0.914882294015304	47
0.033018044385619	0.478300086026064	47
0.050887377243427	0.580940901573	150
-0.0567107185514499	0.841436268572568	51
0.107023007519979	0.824608445278826	368
-0.02126179208727	0.410975081816502	52
-0.02655133741802	0.413516459136083	52
-0.0376350567041699	0.413462420619371	23
-0.092683948666	1.04378753030842	152
-0.01982638852231	0.409294816847698	152
-0.0260992604196	0.411639865603186	152
0.074658621008098	0.674342667441165	938
0.023541124291656	0.486623205126517	938
0.039291243624819	1.02276668163901	938
0.07202321558479	0.67428130464179	26
0.009524656088855	1.24793529817961	126
0.070463053659766	0.676283922324342	1386
0.121767130628838	0.803094434182262	801
0.102464061522641	0.741643109836976	801
0.067751856497876	0.679997783057066	194
0.076228064968896	1.10794524250664	1173
-0.10345997368428	1.06119504142619	47
-0.02126179208727	0.410975081816502	150
0.02271214907369	0.487579497608867	150
0.018134467076113	0.489594120900239	66
0.089918568813553	2.44135731587051	23
0.105429802567972	2.27390499845695	23
0.077528729214154	2.07462809564021	23
0.03124934874456	1.55791199849159	2969
-0.10356186137135	1.70744355023319	2969
0.117073669279934	1.60135961914343	2969
-0.10022993345469	1.50647199415414	23
0.103978065368971	0.737341555473398	23
0.052126398885587	0.577858320833396	23
-0.0907870898132599	0.739342539207629	982
0.01988508042586	0.489418532086656	79
-0.02054390147798	0.410401139638387	79
-0.00971408614456992	0.90509549988449	152
0.0508189874713521	0.578867750869275	79
-0.0219800607115199	0.411274533949238	938
0.098858420857021	0.747695003683283	26
0.076070944404281	0.672018036489386	938
-0.10620812247191	0.753746896518484	26
0.015894522042094	0.490668273213241	801
0.069518432820189	0.677574926854816	801
-0.0227622512530099	0.410642108899905	194
0.01690542275676	0.489629484686196	1173
-0.0318592374786799	0.414980836560012	47
-0.02269870771255	0.411303674855888	3480
-0.02126179208727	0.410975081816502	390
-0.02655133741802	0.413516459136083	4007
0.0772682901707	0.669687201901373	23
0.063474512987005	0.682892940132346	23
-0.04725147099286	0.834009853999543	79
-0.0163109608263099	0.406800295212078	152
-0.0196343322447701	0.914215650336221	26
0.095151247990735	0.752234632199774	26
-0.02896965906045	0.412887475855812	938
0.026523202592572	0.483366492541231	26
0.031603500593574	0.479533027936019	1173
0.022111942426421	0.485234656923495	405
-0.0219800607115199	0.411274533949238	1173
-0.0272685011114999	0.413655990175607	47
0.024448238004705	0.485979489293663	47
0.078228365116862	0.669055552119672	47
0.050307751945362	0.579430672939284	812
-0.0275337041419801	0.41314398527887	3480
-0.02152858466472	0.41003633195509	3480
0.03218354428047	0.479413582214499	3480
-0.0765421641476201	1.95972068265242	2969
-0.0452751097069699	0.829137770523006	23
-0.09353662331041	0.741843624359259	23
0.025296222724603	0.484980985533228	79
-0.0275337041419801	0.41314398527887	79
0.09359041181218	0.752796959603973	938
-0.0918593137411099	0.739556036382089	26
0.026957364462212	0.48365648985277	26
0.078228365116862	0.669055552119672	510
0.043095066523161	0.585934535298324	26
-0.0167559082206199	0.407972067925741	801
-0.02368524530921	0.41093826511309	34
0.10002263050189	0.745477076515289	1229
0.070952359244948	0.676646519053922	34
0.022047743818713	0.486175826254412	34
-0.02303104447883	0.410996649608088	34
0.01988508042586	0.489418532086656	405
-0.02681629356167	0.412672237731607	47
0.025032944637482	0.485654316649321	47
-0.0272685011114999	0.413655990175607	47
-0.0272685011114999	0.413655990175607	390
0.024448238004705	0.485979489293663	3480
0.083349361781408	1.09908122401455	23
-0.0900277114624899	1.03681228537284	23
0.112227640246821	0.815593290094432	152
0.0759511223331	0.669827054137031	79
0.051906161119228	0.579747820483783	938
0.052015478605529	0.576190544470466	938
-0.0524042822019499	1.09382656988106	938
0.067751856497876	0.679997783057066	938
0.013575018021608	0.968872993743815	938
-0.0899828849583599	0.737881596562626	938
0.0247114467027531	0.485765853390852	26
-0.01845805499361	0.408763534655611	3195
-0.00879146553006005	0.903035433903579	26
0.0901326504844629	0.757062270567656	26
0.0867906883310799	0.759048709894645	26
-0.0977827767267001	0.743454569978524	510
0.072614130533481	0.672458877517883	34
0.047064659101968	0.583528390275705	34
0.023863274661684	0.486099627797188	47
0.027540497875428	0.483333049189275	47
-0.04244216671492	0.826130827579842	47
-0.0219800607115199	0.411274533949238	150
0.021225000761569	0.487236292846658	812
-0.02243081627196	0.409335013447221	3480
0.027863955920451	0.483928968898868	1755
-0.0325238463424999	1.97223122809752	2969
0.00603386604620004	1.17734292468559	23
-0.0463270415386301	0.831640952927565	79
0.0695022878738361	0.675432725745448	152
-0.0515257386336601	0.839027294877824	152
-0.0393070544954699	0.82514707384606	938
-0.0453320400394699	0.829135927550695	938
-0.02231647525331	0.410527599337308	26
0.027540497875428	0.483333049189275	26
-0.0160408315278899	0.407403518042765	1183
0.014731756800628	0.491631095324249	1386
-0.06148927793694	1.11031941177663	26
-0.09887395139294	0.748376430830867	26
0.071206869846429	0.676748783849018	510
-0.0441763941109901	0.828418980537242	801
0.024390717934898	0.48441663224042	801
-0.03140646864859	0.413366127641057	33
0.023874039063565	0.486927927519843	34
0.045531005212701	0.584266852242576	34
-0.0949689536277001	0.742864252382889	1173
-0.02224709287202	0.410608941783725	66
-0.0282514925208599	0.413283993547182	66
0.122827941086812	0.878844090400019	982
0.113811547495516	0.815487777579014	23
0.071206869846429	0.676748783849018	23
-0.0463956704377599	0.834546013745644	23
0.056424320659979	0.574695656875561	3985
-0.0282514925208599	0.413283993547182	152
-0.02511814143824	0.41200820059487	938
0.004087289138623	0.494770727922039	938
-0.02126179208727	0.410975081816502	26
-0.02224709287202	0.410608941783725	1183
-0.10481774021498	0.749757942090464	510
-0.02655133741802	0.413516459136083	194
0.050421940085319	0.577358552721081	34
-0.02303104447883	0.410996649608088	34
-0.0974407396063199	0.74719824613095	405
0.025939335704131	0.483894472955633	1173
0.027863955920451	0.483928968898868	1173
-0.0272685011114999	0.413655990175607	150
-0.0335553038325001	0.414320332911909	390
-0.0219800607115199	0.411274533949238	587
-0.0219800607115199	0.411274533949238	368
-0.0258345509801201	0.413043803481388	368
-0.0315954817494399	0.413194685338354	4903
-0.02727094775326	1.14991213530226	23
0.031601537810473	0.947757719556887	23
0.018979883904056	0.490062948615881	36
-0.0970256667999601	1.05379354127867	152
-0.10243828000306	0.750661299290309	152
-0.0989263178050599	0.748405526735507	3985
-0.0944731529637399	0.742342543600819	938
-0.02681629356167	0.412672237731607	938
0.027540497875428	0.483333049189275	26
-0.0258345509801201	0.413043803481388	34
-0.0399871683411499	0.821215396249888	34
0.021461356473476	0.48604719450971	34
-0.02628576158792	0.412152659857664	1173
-0.00460968465136991	0.896321741581643	47
-0.0282514925208599	0.413283993547182	812
0.019563471132187	0.489615442131538	129
0.024390717934898	0.48441663224042	129
-0.10194552741902	0.749448201140637	129
-0.02152858466472	0.41003633195509	51
-0.0219800607115199	0.411274533949238	368
-0.0174713604435499	0.408269330515601	23
0.018979883904056	0.490062948615881	23
0.020146802493525	0.488893696013304	36
-0.0195594609890499	0.408907543271993	152
-0.0260992604196	0.411639865603186	938
-0.02054390147798	0.410401139638387	938
-0.02655133741802	0.413516459136083	26
-0.0255692233576701	0.412012891941837	26
0.035016626850519	0.47516856441004	801
-0.03042831861484	0.413737551949063	30
0.010732877299613	0.492464509240087	34
0.046553626280165	0.584006513426087	34
-0.0454171096585501	0.833070859075045	34
0.02271214907369	0.487579497608867	34
0.018979883904056	0.490062948615881	405
0.025032944637482	0.485654316649321	47
-0.10248267231266	0.750897199380474	47
0.018396040612831	0.490271397263528	3524
-0.01845805499361	0.408763534655611	390
-0.02027673323395	0.409478238556457	129
-0.02152858466472	0.41003633195509	587
-0.0219800607115199	0.411274533949238	1755
-0.09415237656505	0.744816899613193	152
-0.02204793512445	0.410502951592421	23
0.019292824771818	0.48863605366341	152
-0.0917245654501699	0.740271630477432	152
0.01988508042586	0.489418532086656	938
-0.0946461692690701	0.745493654326501	938
0.024126413957558	0.486297529129953	26
-0.11250681686857	0.756289478456456	26
0.029610834728566	0.482297418223224	194
-0.0248530618398799	0.411542674464278	34
0.028770399960519	0.482516920035912	1173
0.019563471132187	0.489615442131538	47
0.049514758018424	0.580747497378275	47
-0.10149728675157	0.749728817322187	47
-0.02368524530921	0.41093826511309	150
-0.0255692233576701	0.412012891941837	812
-0.02126179208727	0.410975081816502	390
-0.10293120476358	0.751428494716355	320
0.047495517925969	0.582845325381987	23
-0.0985472828176801	0.748592632260613	938
0.05070589095183	0.579346013754557	938
-0.0177419809880199	0.408465897919083	26
0.0462557382076651	0.581497680086581	26
-0.0219800607115199	0.411274533949238	26
0.087886281935478	0.757900451120911	510
-0.0258345509801201	0.413043803481388	510
0.079170478145195	0.668032586243667	801
-0.0258345509801201	0.413043803481388	801
0.025939335704131	0.483894472955633	801
-0.0258345509801201	0.413043803481388	194
-0.02303104447883	0.410996649608088	194
0.017227585054816	0.489586810371336	194
0.076796764290853	0.669889391893917	194
-0.10198989348295	0.750494990243433	34
0.026523202592572	0.483366492541231	405
-0.02896965906045	0.412887475855812	47
0.018074542770612	0.489482847860143	150
-0.02655133741802	0.413516459136083	2919
-0.02054390147798	0.410401139638387	2256
-0.02374598899693	0.411135954461803	150
-0.0280714808186899	0.411686144962534	2791
-0.02126179208727	0.410975081816502	587
-0.0258345509801201	0.413043803481388	447
-0.0443663022234699	0.830091463956099	2969
0.115213805123396	0.811905235488396	23
0.016651033409875	0.489334689522075	23
0.016373062604958	0.487070883468208	938
0.021954694301717	0.486484341980315	938
-0.09837862249536	0.747697416421832	938
-0.0219800607115199	0.411274533949238	26
0.052525919680167	0.57602805165421	26
-0.02171241051411	0.409806924167185	26
0.025355212710095	0.484218430760984	885
-0.0219800607115199	0.411274533949238	30
-0.0177419809880199	0.408465897919083	30
-0.02054390147798	0.410401139638387	194
-0.0273583360894001	0.411969988811906	328
-0.0255692233576701	0.412012891941837	3051
-0.02296597963264	0.410908197770573	390
-0.0219800607115199	0.411274533949238	51
-0.0275337041419801	0.41314398527887	51
-0.0195594609890499	0.408907543271993	1755
-0.0533006490144401	1.38504994721809	23
-0.0172350140669599	1.21631911520238	23
-0.0080252747963101	0.902764709058026	320
0.025032944637482	0.485654316649321	152
0.051330033112829	0.578081124883658	938
-0.0282514925208599	0.413283993547182	938
0.059277399129704	0.571370271910972	938
-0.0955839094025701	0.744641044177853	938
0.051906161119228	0.579747820483783	26
0.09213904294964	0.753351029581983	885
-0.02126179208727	0.410975081816502	801
-0.0219800607115199	0.411274533949238	30
-0.02224709287202	0.410608941783725	30
0.051727770419936	0.578420898950815	328
0.045531005212701	0.584266852242576	2342
0.048364847705524	0.580893239161731	34
-0.02655133741802	0.413516459136083	1173
-0.0219800607115199	0.411274533949238	47
-0.02152858466472	0.41003633195509	47
-0.09122993844272	0.740243783604558	150
-0.01982638852231	0.409294816847698	390
-0.0321223702645701	0.414294926993374	587
-0.03816204587562	0.415304144114688	587
-0.0241372766757999	0.410514033565441	1526
0.018713772455309	0.489267128736786	23
-0.0497581212159499	0.83604089920159	982
0.028446503813386	0.48360544938142	23
0.013827887658088	0.492274249557995	23
0.069518432820189	0.677574926854816	36
-0.02945043365598	0.412243364118332	152
-0.0272685011114999	0.413655990175607	26
0.014409992178878	0.491945039298103	26
0.017811941061995	0.490207639636099	26
-0.0248530618398799	0.411542674464278	885
0.0487729048333611	0.579894184023409	2342
-0.10281944783493	0.751751903281367	47
-0.02054390147798	0.410401139638387	390
0.01350656551695	0.491361087548199	587
-0.01982638852231	0.409294816847698	190
0.080427336947121	1.36786331033755	2969
0.0472599604708121	0.5795593987805	320
-0.0357570415500199	0.41502408337403	152
-0.0160408315278899	0.407403518042765	2043
-0.0269120235748399	0.411228846660803	26
-0.05397031223136	0.841213501560013	26
-0.0258345509801201	0.413043803481388	2771
0.025032944637482	0.485654316649321	801
-0.02296597963264	0.410908197770573	30
0.019563471132187	0.489615442131538	1098
-0.02054390147798	0.410401139638387	1098
0.012970433075245	0.491100093835307	1096
-0.09981168701069	0.747238677755028	194
-0.0258345509801201	0.413043803481388	194
0.021050822262274	0.488251197847747	194
0.050307751945362	0.579430672939284	328
0.050288554191002	0.579386960354327	2342
-0.0219800607115199	0.411274533949238	405
-0.02945043365598	0.412243364118332	405
0.019563471132187	0.489615442131538	150
-0.0219800607115199	0.411274533949238	150
-0.0219800607115199	0.411274533949238	2000
0.023541124291656	0.486623205126517	1087
-0.01845805499361	0.408763534655611	390
-0.0311435899907899	0.41466914140038	587
-0.02269870771255	0.411303674855888	1581
-0.01982638852231	0.409294816847698	3616
-0.0318592374786799	0.414980836560012	23
-0.0258345509801201	0.413043803481388	556
-0.0177419809880199	0.408465897919083	23
0.019301826126752	0.489626676436646	3089
0.018979883904056	0.490062948615881	152
-0.0266455653020099	0.411660707456765	36
-0.01702628305176	0.407896565848327	938
0.023874039063565	0.486927927519843	938
-0.0680264633719101	1.11521720680156	26
0.046143796159531	0.583984480648196	26
0.024777930759568	0.485508813766345	26
0.056950804583896	1.072511391335	26
0.023617224616811	0.486158358630486	26
0.0247114467027531	0.485765853390852	26
-0.0219800607115199	0.411274533949238	885
-0.0219800607115199	0.411274533949238	801
-0.0321223702645701	0.414294926993374	801
-0.0321223702645701	0.414294926993374	2342
-0.02126179208727	0.410975081816502	1173
0.018979883904056	0.490062948615881	2523
-0.02054390147798	0.410401139638387	150
0.07928838452539	0.667377452281374	150
0.02072987818414	0.48760502580749	129
0.031603500593574	0.479533027936019	368
-0.02269870771255	0.411303674855888	368
0.0197928686475179	1.30345534231549	23
0.025854515055916	0.955754178155839	2969
0.043527731596736	0.585405448916677	2969
0.024390717934898	0.48441663224042	2969
0.079170478145195	0.668032586243667	23
-0.02126179208727	0.410975081816502	556
0.019292824771818	0.48863605366341	36
-0.02655133741802	0.413516459136083	36
0.024126413957558	0.486297529129953	1134
-0.0406643692739499	0.825875537334373	2043
-0.01702628305176	0.407896565848327	26
0.057643928629478	0.571034529325023	26
-0.0272685011114999	0.413655990175607	26
-0.0719148614652401	1.12419080101655	26
-0.01702628305176	0.407896565848327	801
0.014731756800628	0.491631095324249	801
0.029028796684373	0.483077229419228	801
0.022955577507461	0.486743487685973	194
0.10991971024751	0.819764872818359	328
0.108651491344735	0.821018835109188	129
-0.00596214519286997	0.90155801477172	2523
0.05383757574453	0.576136216892822	150
0.042073693520404	0.586934090859484	150
-0.0163109608263099	0.406800295212078	2730
-0.0244613091661201	0.410741903929385	368
-0.02054390147798	0.410401139638387	368
0.019242636889533	0.488316656329156	112
-0.02224709287202	0.410608941783725	66
0.0272811528101971	0.484048387209294	3616
0.015313266708984	0.491302403590035	66
0.079561547525037	1.42998467205098	23
0.00988811808732404	1.48319965441281	23
-0.0945958748493101	0.742984557989113	320
0.019301826126752	0.489626676436646	556
0.029028796684373	0.483077229419228	320
-0.08899884569884	0.736817016662058	320
-0.02231647525331	0.410527599337308	320
0.028446503813386	0.48360544938142	320
0.023874039063565	0.486927927519843	36
-0.0260992604196	0.411639865603186	36
-0.0926720331103801	0.740128201152596	938
0.047421758695448	0.582895556425818	938
-0.0444935043263801	0.832447809661205	26
0.046553626280165	0.584006513426087	1134
-0.0219800607115199	0.411274533949238	26
0.061454069391963	1.06437271506215	26
-0.02054390147798	0.410401139638387	26
0.023874039063565	0.486927927519843	26
-0.02681629356167	0.412672237731607	26
-0.10248267231266	0.750897199380474	26
0.070480212567462	0.677172512450515	885
0.022969991702422	0.486647207067339	30
-0.02027673323395	0.409478238556457	1098
-0.0219800607115199	0.411274533949238	194
-0.02224709287202	0.410608941783725	194
0.018658717968524	0.489036202673862	194
0.021806919098716	0.487298612728869	34
-0.0167559082206199	0.407972067925741	3246
-0.0219800607115199	0.411274533949238	47
-0.0177419809880199	0.408465897919083	47
-0.0272685011114999	0.413655990175607	47
0.017811941061995	0.490207639636099	1481
-0.02054390147798	0.410401139638387	390
-0.0282514925208599	0.413283993547182	390
-0.0191745054275401	0.408793596683385	587
-0.02126179208727	0.410975081816502	368
-0.02681629356167	0.412672237731607	66
0.11662102273056	1.32772043208034	23
0.097300999183317	0.750107238460331	320
0.123700828909874	0.873502985329843	152
-0.03976752121737	0.825591779726935	36
0.098782608375395	0.744312776978785	36
0.0244546030278719	0.486210829047288	152
-0.0969971100525699	0.746431748529318	938
0.022633873439302	0.486054814054359	1134
-0.0318592374786799	0.414980836560012	2043
0.054388192471149	0.57655956635133	26
0.075600322976015	0.673055187337654	26
-0.05217402049068	0.837868556159714	26
-0.0940857215059701	0.741240889206607	26
0.074679314521886	0.67329425566699	26
0.05070589095183	0.579346013754557	885
-0.02160228096364	0.409501347707808	801
0.018396040612831	0.490271397263528	194
-0.0248530618398799	0.411542674464278	328
-0.0275337041419801	0.41314398527887	328
0.013827887658088	0.492274249557995	194
-0.0209943829552901	0.409776652047704	34
-0.00666891336966002	0.903699767117834	2342
-0.0282514925208599	0.413283993547182	2342
-0.02511814143824	0.41200820059487	47
-0.02368524530921	0.41093826511309	1481
-0.0181871885549101	0.408299416064853	690
-0.02224709287202	0.410608941783725	690
-0.0209943829552901	0.409776652047704	390
-0.02681629356167	0.412672237731607	368
-0.0219800607115199	0.411274533949238	368
-0.0227622512530099	0.410642108899905	112
-0.0272685011114999	0.413655990175607	1755
-0.09729963368177	1.29339121015394	23
0.057260950400269	1.07197495258587	23
0.043589470922767	1.01723946770534	23
-0.0899366553593799	0.738892223924208	23
0.05045557672035	0.581254464006149	23
0.0244546030278719	0.486210829047288	938
0.073574210342093	0.672071786781999	938
0.019563471132187	0.489615442131538	26
-0.02655133741802	0.413516459136083	26
0.0490046442152861	0.5812231287938	26
0.047983862713357	0.581483694820142	26
-0.02655133741802	0.413516459136083	26
-0.01845805499361	0.408763534655611	30
-0.0282514925208599	0.413283993547182	328
0.0312776677491849	0.47991280403049	328
0.048375056059869	0.579229455273158	328
-0.0270026768912099	0.41175796254343	2342
0.048516771594874	0.581649347606665	509
-0.02160228096364	0.409501347707808	129
-0.0234177334526799	0.410826590483551	690
-0.0177419809880199	0.408465897919083	390
-0.09965445908326	1.04891715180857	23
0.020146802493525	0.488893696013304	23
-0.0449552347245801	0.832895654322315	23
0.074167795067874	0.674452237797282	23
0.0215348520205511	0.485558663733781	23
-0.0509993791438701	0.838089849372423	36
0.0725644619458961	0.672794647598871	938
0.018718315979064	0.48956308680362	938
0.019292824771818	0.48863605366341	938
-0.01982638852231	0.409294816847698	1134
-0.10625454594997	0.75274134681595	26
-0.02655133741802	0.413516459136083	26
0.019242636889533	0.488316656329156	26
-0.0174713604435499	0.408269330515601	26
0.025032944637482	0.485654316649321	194
0.045019416731295	0.583964825035704	2342
0.055719918362014	0.574698669179361	2342
-0.0282514925208599	0.413283993547182	509
-0.0979870487155401	0.746959754979035	129
-0.02126179208727	0.410975081816502	1481
-0.02681629356167	0.412672237731607	3481
0.014731756800628	0.491631095324249	390
0.102147071491185	0.740072408787515	320
-0.0157145343001399	0.91213488534021	556
0.101581613845146	0.829353988402677	23
0.114738777318853	0.813508842851524	23
-0.0112334789428099	0.909118859443866	320
0.0518294428142	0.578940599864088	152
0.053478528277691	0.577319110178382	938
0.030136434403243	0.948535043636946	938
0.0505938998082081	0.578321110937991	26
0.03218354428047	0.479413582214499	26
0.0508189874713521	0.578867750869275	26
0.043527731596736	0.585405448916677	26
-0.0270026768912099	0.41175796254343	194
-0.02054390147798	0.410401139638387	194
0.105137033381986	0.825662892414984	34
0.050887377243427	0.580940901573	509
0.074534821795622	0.671053108926306	509
0.025296222724603	0.484980985533228	3481
-0.02224709287202	0.410608941783725	3339
-0.09122993844272	0.740243783604558	390
-0.0930413022776	0.741070812797572	129
-0.0234177334526799	0.410826590483551	368
-0.02054390147798	0.410401139638387	1307
0.057023553358179	1.07245382049842	320
-0.0978834669535	0.74670988899904	320
-0.0415322992707901	0.826772035870598	36
0.020360744178289	0.963945788813962	938
0.021050822262274	0.488251197847747	26
0.103562585913516	0.827114137684778	26
-0.0902412031006401	0.739444712132358	269
-0.0219800607115199	0.411274533949238	2829
-0.02171241051411	0.409806924167185	194
-0.00654039624706004	0.901814353879483	129
-0.0979870487155401	0.746959754979035	150
-0.02054390147798	0.410401139638387	150
-0.02628576158792	0.412152659857664	1259
-0.02152858466472	0.41003633195509	368
-0.02296597963264	0.410908197770573	54
-0.0282514925208599	0.413283993547182	54
0.00432718709284297	2.37877705751105	23
0.09023679693594	0.757752683877815	23
-0.0443497068402601	0.828737876729775	152
0.0778325876736909	0.666579149488735	36
0.067400037520026	0.679813497175578	36
-0.02126179208727	0.410975081816502	152
0.077739662685169	0.669278488586703	152
0.0526368526753021	0.577297034494558	152
-0.11032414900147	1.07043280115609	938
-0.0260992604196	0.411639865603186	26
-0.02054390147798	0.410401139638387	26
0.121015103046471	0.881882928859751	26
0.0562741704152691	0.686605739327659	26
0.018979883904056	0.490062948615881	2829
-0.02171241051411	0.409806924167185	273
-0.02054390147798	0.410401139638387	194
-0.02296597963264	0.410908197770573	194
0.019563471132187	0.489615442131538	509
-0.0174713604435499	0.408269330515601	509
0.042663323107946	0.585444928417502	47
-0.0311435899907899	0.41466914140038	47
-0.0219800607115199	0.411274533949238	1259
-0.0170929622268901	0.40595575007819	390
0.026957364462212	0.48365648985277	129
-0.0272685011114999	0.413655990175607	368
-0.02054390147798	0.410401139638387	4901
-0.0227622512530099	0.410642108899905	54
0.0505938998082081	0.578321110937991	23
0.028188183388224	0.482636565734394	23
0.033250458768879	1.02954616083122	23
0.027314531506013	1.03832504275591	36
-0.0219800607115199	0.411274533949238	152
0.0695354577062151	0.677525448065441	938
-0.02681629356167	0.412672237731607	26
-0.0930413022776	0.741070812797572	26
-0.0308800899146	0.413479379600555	4283
0.0762358136390871	0.666645576411915	4283
-0.02655133741802	0.413516459136083	30
-0.02593316810131	0.410738742120197	328
0.041581736696778	1.01967088510737	34
-0.02296597963264	0.410908197770573	129
-0.10576033699296	0.752702610754485	47
0.111774150208432	0.813414482541014	150
-0.0318592374786799	0.414980836560012	150
-0.0272685011114999	0.413655990175607	1525
-0.0258345509801201	0.413043803481388	690
-0.02126179208727	0.410975081816502	390
-0.01845805499361	0.408763534655611	390
0.054778517588714	0.576317095835151	129
-0.0219800607115199	0.411274533949238	1952
-0.0272685011114999	0.413655990175607	781
-0.02126179208727	0.410975081816502	66
0.093649962341992	1.14578464451187	23
0.088147839438033	1.15637064323002	320
0.039097076713428	1.02405507048718	23
0.024777930759568	0.485508813766345	23
0.1074419954659	0.82426030806951	36
0.083648223747541	0.762330857080629	36
0.055286576311993	0.575606460105574	152
0.045122540926785	0.584713252751266	26
-0.0984309517191799	0.748279555131063	26
-0.0177419809880199	0.408465897919083	4283
0.0526368526753021	0.577297034494558	2829
-0.0248530618398799	0.411542674464278	194
0.024448238004705	0.485979489293663	2342
0.069705772549621	0.678684306621727	509
-0.02126179208727	0.410975081816502	1481
-0.02655133741802	0.413516459136083	1481
-0.01884256586002	0.40780874728478	368
-0.0318592374786799	0.414980836560012	112
-0.02368524530921	0.41093826511309	54
-0.0255692233576701	0.412012891941837	66
-0.02027673323395	0.409478238556457	66
0.113811547495516	0.815487777579014	23
0.026699192054501	0.483336660270678	23
0.093372438098743	0.754559769762271	23
0.051615755559372	0.578220142953797	23
0.027863955920451	0.483928968898868	23
0.026698094287039	0.483918518491508	23
0.045300455670813	0.581906825961505	36
0.12079351278384	0.881834075747016	938
-0.0984309517191799	0.748279555131063	26
0.020207465749117	0.487853014850325	26
-0.04521598736493	0.828384489656239	26
-0.0224179638525499	0.407689056544472	273
0.027863955920451	0.483928968898868	30
0.040690227432002	1.02237767383384	34
-0.0453418207412	0.830414330179508	34
-0.0357570415500199	0.41502408337403	2342
0.023874039063565	0.486927927519843	509
0.038113582516263	0.588829676031153	390
-0.03816204587562	0.415304144114688	390
-0.0146513219111499	0.405242288709068	390
-0.0195594609890499	0.408907543271993	368
-0.0244048902648399	0.410464208205061	54
-0.02224709287202	0.410608941783725	1457
-0.0350224673886399	1.16558502221431	320
0.046550473104803	1.00979168904867	36
0.078347717578268	0.669163044934219	938
-0.09981168701069	0.747238677755028	938
-0.02224709287202	0.410608941783725	574
-0.0272685011114999	0.413655990175607	574
-0.0174713604435499	0.408269330515601	2471
-0.0321223702645701	0.414294926993374	574
0.021954694301717	0.486484341980315	574
0.069731212849901	0.675914947516558	26
0.104033200663853	0.739110340095658	26
0.025452142348413	0.95527903315421	26
0.083809213034605	0.661605262310075	1442
0.096856182951075	0.750904409244305	1442
-0.02368524530921	0.41093826511309	253
0.01988508042586	0.489418532086656	328
0.014089008630006	0.490727684035507	328
-0.00365684715971004	0.899538831022518	34
0.026201588560498	0.484339946364837	2342
-0.0958986332720699	1.29369791658041	129
0.028705998608865	0.482027330230746	129
-0.01702628305176	0.407896565848327	1481
-0.02126179208727	0.410975081816502	1259
0.01988508042586	0.489418532086656	1259
-0.0301650740028001	0.413168838752643	390
-0.0275337041419801	0.41314398527887	51
-0.0272685011114999	0.413655990175607	4364
-0.0640752843380901	1.11460502357106	36
-0.0902927711441599	0.739314570191516	36
-0.0258345509801201	0.413043803481388	217
-0.0177419809880199	0.408465897919083	26
-0.09810085631063	0.748213932424267	610
0.000901809967436051	0.891145298100946	26
0.022633873439302	0.486054814054359	273
-0.02269870771255	0.411303674855888	273
-0.02269870771255	0.411303674855888	30
-0.01702628305176	0.407896565848327	3541
-0.02027673323395	0.409478238556457	714
-0.02126179208727	0.410975081816502	194
0.0533290170567851	0.576607881856941	328
0.02603293118169	0.953007973448419	509
0.079659859353387	0.667260735358298	47
-0.02062042675795	0.40900976372954	18
0.0695022878738361	0.675432725745448	390
0.042073693520404	0.586934090859484	390
-0.02171241051411	0.409806924167185	51
0.022633873439302	0.486054814054359	51
-0.0219800607115199	0.411274533949238	368
0.090675011886895	1.51490694135343	23
-0.04862327676293	0.834236122643223	23
0.110966993082321	0.815736929747588	23
-0.0993694537518901	0.748779223526523	36
0.095841270164022	0.746659789521586	36
-0.03816204587562	0.415304144114688	610
-0.05007462689646	0.837191734401835	26
-0.0969458933682801	0.746210989881604	26
-0.0209943829552901	0.409776652047704	509
-0.02224709287202	0.410608941783725	18
0.042073693520404	0.586934090859484	390
0.024448238004705	0.485979489293663	368
-0.02224709287202	0.410608941783725	368
0.0697262126502281	1.12228747099741	23
0.109568164226603	0.895356435293707	320
0.048897996916399	1.01001181434782	320
0.053392674811844	1.00211400243483	23
-0.09370797935048	0.744558942126431	36
-0.04876946263715	0.837060807537583	938
-0.0616770843747101	1.10936207481297	938
-0.02269870771255	0.411303674855888	610
0.050377709041318	0.581191372480998	273
-0.02368524530921	0.41093826511309	509
-0.02204793512445	0.410502951592421	2391
0.023863274661684	0.486099627797188	51
-0.0213339937447401	0.410034538747514	1611
-0.0219800607115199	0.411274533949238	302
-0.05738474437137	1.74765864426804	23
0.053210332326505	1.00088682645492	23
-0.09607818582165	0.745041805083777	23
-0.01846805961668	0.915273286462455	23
0.017761965632065	0.96590073327522	36
-0.1036854927911	1.06298557506653	23
0.0257791291220431	0.957813585396321	938
0.025032944637482	0.485654316649321	26
-0.02628576158792	0.412152659857664	26
0.018718315979064	0.48956308680362	1442
0.096856182951075	0.750904409244305	273
-0.0321223702645701	0.414294926993374	273
-0.0927693398370399	0.74195796483767	273
-0.09190667371866	0.739906794432041	273
0.050846261843563	1.00359033628151	34
0.021954694301717	0.486484341980315	2579
-0.08964557497091	0.733857423153376	509
-0.05543221059396	1.39642694851355	129
0.12480343947238	0.873463529322212	129
-0.09727038989144	1.04919423742697	129
0.05303617133165	0.57566754602637	1624
-0.02126179208727	0.410975081816502	129
-0.0177419809880199	0.408465897919083	129
-0.02054390147798	0.410401139638387	129
0.053372781190217	1.00147887463398	23
-0.0585663018596501	1.1026766143063	36
0.0456332633866861	0.58446214274432	36
0.117566946652723	0.809353380067881	938
-0.0258345509801201	0.413043803481388	786
-0.0949132938883901	0.740456068980376	610
-0.0272685011114999	0.413655990175607	1442
-0.09551350007306	0.743380706635897	273
-0.0185160103345601	0.407432048797052	129
0.05449775594732	0.576796655212425	129
0.052338611403571	0.578466672455565	47
0.019788903961756	0.964468800363908	47
-0.02269870771255	0.411303674855888	2391
0.075621144230676	0.672942733062937	527
0.019301826126752	0.489626676436646	129
-0.0318592374786799	0.414980836560012	51
-0.0258345509801201	0.413043803481388	1611
-0.0272685011114999	0.413655990175607	112
0.0272811528101971	0.484048387209294	302
-0.0174713604435499	0.408269330515601	302
0.107496445223371	0.822230289643676	23
0.094729517633524	0.751246415984832	23
0.120071528199911	0.881383256353497	36
0.067400037520026	0.679813497175578	36
-0.06840104887887	1.11740284703053	36
-0.02054390147798	0.410401139638387	1442
0.04258447248443	0.586568109376667	1442
-0.0160408315278899	0.407403518042765	273
-0.02054390147798	0.410401139638387	30
-0.0362122802884	0.414185877717198	253
0.111277908664172	0.816848730226795	34
-0.0181871885549101	0.408299416064853	129
0.061661845273443	1.06355594305718	129
0.106654320037719	0.823432173581001	47
0.096344054237335	0.747720983895777	47
-0.02054390147798	0.410401139638387	1252
0.051727770419936	0.578420898950815	1624
0.075463256757879	0.670007250745848	129
-0.0219800607115199	0.411274533949238	51
-0.01393770403739	0.405210698913732	302
-0.0165392094783801	1.12959026530764	23
-0.0557848440348301	0.842489375783347	23
0.109748250362175	0.820725185620973	152
0.021275652331799	0.96214361799663	152
0.021050822262274	0.488251197847747	574
-0.02054390147798	0.410401139638387	574
0.023541124291656	0.486623205126517	44
-0.0219800607115199	0.411274533949238	30
-0.04145866198489	0.824117125556387	328
0.074187540295432	0.674638088463039	129
0.045122540926785	0.584713252751266	47
-0.0272685011114999	0.413655990175607	18
0.047064659101968	0.583528390275705	1624
0.023642633014618	0.961328166632017	1624
0.072386183595576	0.674840696387837	390
0.0484378820992391	0.580603842948864	51
-0.02368524530921	0.41093826511309	1611
-0.0219800607115199	0.411274533949238	769
-0.10227464013169	0.750552142694754	23
-0.0988205844033201	0.745578058667921	36
-0.0392196968437399	0.824360894252752	36
-0.0274391369370099	1.1517091243947	36
0.115503629954853	0.814019548000507	152
0.092838009828221	0.753696845952924	574
-0.0248530618398799	0.411542674464278	574
-0.02126179208727	0.410975081816502	610
-0.0255692233576701	0.412012891941837	1442
-0.0989263178050599	0.748405526735507	2384
0.023541124291656	0.486623205126517	30
-0.01982638852231	0.409294816847698	714
-0.10534462149074	1.30736088482702	34
0.030456193267603	0.948347390632444	34
-0.0113125628036801	0.906748719463762	129
-0.0290088534612301	1.15704727176737	129
0.070480212567462	0.677172512450515	129
-0.0429814776090101	0.830495169681687	150
-0.0949689536277001	0.742864252382889	1624
-0.0930413022776	0.741070812797572	527
-0.10745888444158	1.06842689152712	129
0.045894123217096	0.583988231653479	129
0.02137253989597	0.48720056173569	368
0.024126413957558	0.486297529129953	112
-0.02269870771255	0.411303674855888	378
0.099069162762221	1.19686548671112	23
-0.00365684715971004	0.899538831022518	23
0.090578299209038	0.756358000060329	23
-0.11390324778403	0.756090544422388	23
-0.09948639994972	0.747732063437081	36
-0.0174713604435499	0.408269330515601	2504
-0.02296597963264	0.410908197770573	574
-0.0473184194184999	0.836055686389923	26
-0.02081045464866	0.408933527207846	30
-0.02304144956555	1.40929734107559	34
0.014143541696213	1.24341211352059	129
0.0209480773698471	0.960960596395369	129
-0.02171241051411	0.409806924167185	18
0.01988508042586	0.489418532086656	1624
-0.0971605236589499	0.745603110395669	1624
0.022369773407166	0.486612908966987	390
0.017739122217181	0.968254226783385	129
0.027680335302962	0.949078932110881	129
-0.01702628305176	0.407896565848327	1407
-0.0258345509801201	0.413043803481388	66
-0.03065754662648	1.42735356069723	23
-0.02631349170431	1.15186506259815	23
0.0624873740645669	0.683315365071461	23
0.07167834143491	0.676598079344991	574
0.045745190517241	0.582524237685847	574
0.120233516250946	0.883362976326401	1442
-0.02054390147798	0.410401139638387	1442
-0.09810085631063	0.748213932424267	1442
-0.09415237656505	0.744816899613193	30
-0.09859416961432	0.748461013434939	129
0.023564690449966	0.959025789022714	129
0.054534988753391	0.999873621309618	129
0.050965191491711	0.580536252528698	1624
0.112540988411983	0.815743597335331	129
0.01988508042586	0.489418532086656	187
0.023863274661684	0.486099627797188	51
-0.02303104447883	0.410996649608088	368
-0.0213339937447401	0.410034538747514	155
0.015054303481413	0.489881989161453	155
-0.02126179208727	0.410975081816502	302
0.025032944637482	0.485654316649321	66
-0.02054390147798	0.410401139638387	378
0.101913385476562	1.12839442665891	23
0.061541676482838	0.684142085633961	23
-0.0940857215059701	0.741240889206607	23
-0.04118525023478	0.824066768598587	23
-0.0563013527473599	1.10304253111532	36
0.025032944637482	0.485654316649321	574
0.021806919098716	0.487298612728869	2504
0.05053443231616	0.579006975971566	574
-0.02152858466472	0.41003633195509	574
-0.02126179208727	0.410975081816502	30
0.028446503813386	0.48360544938142	30
-0.02054390147798	0.410401139638387	2616
-0.0177419809880199	0.408465897919083	328
0.01350656551695	0.491361087548199	509
0.072857782278105	0.673802679269849	129
0.018396040612831	0.490271397263528	150
-0.02655133741802	0.413516459136083	1816
-0.0209943829552901	0.409776652047704	1624
0.014731756800628	0.491631095324249	129
-0.0276250547772201	0.412152135341901	533
-0.0181871885549101	0.408299416064853	187
0.023541124291656	0.486623205126517	112
0.026373975423623	0.483776495964029	155
-0.0219800607115199	0.411274533949238	54
0.039879977655205	1.47111181487156	23
0.096894501632446	0.747373585346091	23
-0.09578678515455	1.05107490462775	23
-0.0976077153336501	0.747657883049334	36
0.05264134734862	0.574095043994504	574
-0.00309610097596003	0.898858393241256	371
0.113245080151567	0.816280901345437	44
0.117752477201443	0.880945852007024	1442
0.02178371179276	0.485943497002502	2460
0.027863955920451	0.483928968898868	44
-0.01982638852231	0.409294816847698	44
0.02046807907243	0.488971745774085	44
-0.02054390147798	0.410401139638387	2172
0.018074542770612	0.489482847860143	34
0.046553626280165	0.584006513426087	34
-0.0478460095027	0.836163444107609	509
0.115083588764086	0.81460781589565	129
-0.0219800607115199	0.411274533949238	18
-0.0248530618398799	0.411542674464278	1252
0.018396040612831	0.490271397263528	18
0.024448238004705	0.485979489293663	390
-0.10138421173787	0.750054826190905	390
0.023541124291656	0.486623205126517	187
-0.0442324431024701	0.825172755149749	187
0.05449775594732	0.576796655212425	1407
-0.02027673323395	0.409478238556457	155
-0.02224709287202	0.410608941783725	155
-0.0213339937447401	0.410034538747514	54
-0.02269870771255	0.411303674855888	2252
-0.02126179208727	0.410975081816502	296
0.0910884816994399	1.20826322779704	23
0.119615746863745	0.880561517439811	23
0.07228219650067	0.675108191344038	1723
-0.04390454957382	0.830553223897232	1992
-0.02296597963264	0.410908197770573	574
-0.0258345509801201	0.413043803481388	574
-0.0191745054275401	0.408793596683385	610
0.113734364859927	0.889423186627134	44
0.066135332670664	1.05435994977703	44
0.102256463214414	0.741318645636829	2460
0.02072987818414	0.48760502580749	30
-0.0902927711441599	0.739314570191516	44
0.062308269851449	1.4095391480558	34
-0.10036984503656	1.05635728841201	129
-0.02628576158792	0.412152659857664	129
0.019041369851751	0.487177739224328	18
-0.01393770403739	0.405210698913732	1624
-0.01284091565246	0.908579776741782	129
0.02271214907369	0.487579497608867	187
-0.0219800607115199	0.411274533949238	187
0.018074542770612	0.489482847860143	54
-0.02655133741802	0.413516459136083	1495
0.118297648157578	0.80731335721378	23
0.09986079404201	0.744510811805346	23
0.118562333584864	0.808203316877822	23
0.092838009828221	0.753696845952924	36
-0.09793523092619	1.05607939040389	36
0.0901326504844629	0.757062270567656	36
0.079331746632292	0.668153234355152	1992
-0.02224709287202	0.410608941783725	574
0.023219745533527	0.485729407307986	371
0.024448238004705	0.485979489293663	2460
-0.02231647525331	0.410527599337308	34
0.077533578426816	1.11042197500425	34
-0.00409297280586007	0.900284691005304	129
-0.0177419809880199	0.408465897919083	129
-0.02231647525331	0.410527599337308	1252
0.021050822262274	0.488251197847747	1624
0.0546084268423011	0.574934906941533	390
-0.02655133741802	0.413516459136083	129
-0.08930465194614	0.738516408507673	51
-0.01884256586002	0.40780874728478	187
0.049435794200234	0.58198163053543	187
0.00867061549090298	0.493765694840203	519
-0.02120833171394	1.70354838213454	23
-0.0510494897634	1.63804092965611	23
0.112973926129291	0.817171709347808	1723
0.0703024597026341	1.05017857756085	23
0.11566204141231	0.813253010604376	36
-0.05425639399841	1.09884841047954	36
0.115871299885178	0.813092350011409	36
0.121081361012122	0.804032477787664	36
0.034034571146741	1.02870123651709	36
0.099190348087194	0.746435782272541	2460
0.021461356473476	0.48604719450971	2460
-0.0209943829552901	0.409776652047704	714
-0.0520510339153599	0.838825499521919	34
0.033165728264983	0.944446764547919	34
0.084890817506421	1.09539430608382	34
0.066654576701095	1.3930467511333	34
-0.02269870771255	0.411303674855888	129
-0.0234177334526799	0.410826590483551	18
-0.0244613091661201	0.410741903929385	18
0.02046807907243	0.488971745774085	1624
0.070007912083619	0.677468988104035	390
-0.0487576609408	0.832164285766006	51
0.052748891290217	0.57655372047118	187
-0.0248530618398799	0.411542674464278	302
-0.03283864853932	0.414606391010606	54
-0.02126179208727	0.410975081816502	54
-0.00544655024032004	1.19789711973967	1723
-0.0318592374786799	0.414980836560012	1723
0.024627223501574	0.959394506856517	574
0.054388192471149	0.57655956635133	574
0.000815857083355964	0.89222945853144	44
0.025032944637482	0.485654316649321	30
0.018658717968524	0.489036202673862	34
0.085366331176292	1.1603913174566	34
0.075129548539415	0.673818198199838	129
0.083777727615082	1.09242955433532	129
-0.0219800607115199	0.411274533949238	1624
0.111151571656099	0.819598627143199	390
0.051216925571805	0.578983513041556	129
-0.09981168701069	0.747238677755028	2528
-0.02368524530921	0.41093826511309	187
0.0247114467027531	0.485765853390852	287
0.086003407490205	1.16061347934853	23
0.021675494512885	0.963022128563796	1723
0.019950310096864	0.963883149170255	1723
-0.0101508440281799	0.905437869779747	23
-0.11061556407761	1.0702145797403	23
-0.0473184194184999	0.836055686389923	574
-0.0101508440281799	0.905437869779747	44
-0.10392934211051	1.05747691460165	2460
0.043095066523161	0.585934535298324	30
0.060669072671647	1.06791286390586	782
0.070935133390777	0.675244386887718	30
-0.0282514925208599	0.413283993547182	253
0.075600322976015	0.673055187337654	34
0.099178016541344	0.831156585926072	34
-0.09326268202828	0.742357403224338	129
0.013827887658088	0.492274249557995	129
-0.0311435899907899	0.41466914140038	129
-0.02296597963264	0.410908197770573	18
0.018396040612831	0.490271397263528	390
-0.0174713604435499	0.408269330515601	390
-0.03257526143736	0.414692514464788	187
0.045234453147319	0.583242219761226	187
-0.0209943829552901	0.409776652047704	187
-0.01532613000762	0.406308829221225	187
-0.02269870771255	0.411303674855888	1407
-0.01096781398064	0.904113467366792	23
0.050194666437503	0.579508239942932	23
-0.0972917530842601	0.742698156220839	23
0.014731756800628	0.491631095324249	36
0.052126398885587	0.577858320833396	36
0.0997948637305019	0.742285127978382	36
0.070480212567462	0.677172512450515	36
-0.0980720283605501	1.05210502796191	152
-0.01982638852231	0.409294816847698	574
-0.0258345509801201	0.413043803481388	574
0.036735976540857	0.588053371461536	574
0.020189221937635	0.956257286539958	574
0.0247114467027531	0.485765853390852	574
0.045384543019884	0.583759526182802	44
-0.0945277856025399	0.74264539755939	30
0.046479135973084	0.583684643677063	30
0.051727770419936	0.578420898950815	782
0.0659643269546	0.680887734838339	782
-0.04811562109168	0.834006550157865	44
-0.0191745054275401	0.408793596683385	253
0.024126413957558	0.486297529129953	2842
0.072857782278105	0.673802679269849	34
0.047575506939744	0.582807719551856	34
0.018979883904056	0.490062948615881	129
-0.02269870771255	0.411303674855888	390
-0.02896965906045	0.412887475855812	1407
-0.02655133741802	0.413516459136083	287
-0.0448765163356899	0.830452945485819	1596
0.0175549084412689	0.489618442115324	23
0.051615755559372	0.578220142953797	23
-0.08899884569884	0.736817016662058	36
-0.0956342726349	0.746020099092103	36
-0.10188258443892	1.06211710429363	36
-0.0195594609890499	0.408907543271993	152
0.024126413957558	0.486297529129953	152
0.092577732224349	0.754016425617107	574
0.070007912083619	0.677468988104035	574
-0.0393070544954699	0.82514707384606	574
-0.1073155772932	1.06540993729423	574
0.044270287390618	1.32399043962722	610
-0.0219800607115199	0.411274533949238	30
-0.10237349798309	0.750219435564561	30
-0.0438872227320399	0.828168845104135	2460
0.048107561725552	1.00996600735337	782
0.018396040612831	0.490271397263528	30
0.022633873439302	0.486054814054359	2842
0.025880742220242	0.483647370154643	34
0.014991841711362	0.491309861338566	34
0.019041369851751	0.487177739224328	34
0.017490111099017	0.489691604438174	129
0.017739122217181	0.968254226783385	129
0.017490111099017	0.489691604438174	129
0.044548101132671	0.583814764899107	129
0.096411233434052	0.751468777011457	129
-0.0248530618398799	0.411542674464278	129
0.0778771577755391	0.669684391201715	187
0.023863274661684	0.486099627797188	54
-0.0255692233576701	0.412012891941837	54
-0.0177419809880199	0.408465897919083	519
-0.02126179208727	0.410975081816502	23
-0.0282514925208599	0.413283993547182	36
-0.1046037823715	1.06242130533364	1992
0.051396861230372	0.580465035444476	574
-0.05822330506616	1.10014180849039	574
0.100912337083926	0.743947291678387	574
-0.0411260170223	0.8264434980829	371
0.112132538326565	1.28523256985096	610
-0.02054390147798	0.410401139638387	44
0.023278054411095	0.48596934273912	30
0.034148479834944	0.942891915051267	782
-0.0000994525562298954	0.89256701617528	253
0.078699498205161	0.668647075938239	253
0.0759351341644821	0.668910182733719	30
0.0223885826807479	0.487091304289586	2842
0.028123375859096	0.482805576227173	714
0.049867856506886	0.581200166398956	34
0.000279935274359988	0.890774898472145	34
-0.01702628305176	0.407896565848327	129
0.0706491011342451	0.677600223780693	129
0.026512588319659	0.95649595511825	129
-0.02296597963264	0.410908197770573	129
0.0223885826807479	0.487091304289586	129
-0.0301650740028001	0.413168838752643	129
0.091135426502972	0.755506888031914	129
-0.0181871885549101	0.408299416064853	390
0.075463256757879	0.670007250745848	129
0.049796326412217	0.579793446877527	187
-0.10036097927692	0.748721931680056	187
-0.09749199277947	0.746833585708175	187
-0.02296597963264	0.410908197770573	187
-0.04631358656639	0.827918879114218	187
-0.02054390147798	0.410401139638387	769
-0.0181871885549101	0.408299416064853	519
-0.10232457784226	0.751503576493597	1596
-0.0112711771324201	2.04123971575038	23
-0.02054390147798	0.410401139638387	36
-0.02655133741802	0.413516459136083	36
-0.10622798375641	1.70920815797029	1211
0.046553626280165	0.584006513426087	30
0.083809213034605	0.661605262310075	30
0.018134467076113	0.489594120900239	129
0.021461356473476	0.48604719450971	187
0.022955577507461	0.486743487685973	187
-0.09353662331041	0.741843624359259	187
0.102424442887239	0.74276268493325	187
0.0706491011342451	0.677600223780693	769
-0.02269870771255	0.411303674855888	23
0.081091246831308	0.664068247776758	1723
-0.00571002806927989	0.899529566460029	36
-0.02027673323395	0.409478238556457	36
-0.01982638852231	0.409294816847698	152
-0.0597012081170301	0.842247303360002	371
-0.01170953820656	0.907987941771832	371
0.12416168391348	0.875879106900587	2901
-0.05786154240194	1.09781580158867	371
-0.05734523206813	1.10432924994719	30
0.01350656551695	0.491361087548199	30
-0.10908406633435	1.0678616280894	44
0.014731756800628	0.491631095324249	30
0.023863274661684	0.486099627797188	2842
0.01988508042586	0.489418532086656	2842
0.018396040612831	0.490271397263528	714
0.0770725558336121	1.10737257827293	328
0.000197163767985953	1.18949679653842	328
-0.04521716245745	0.827184659990646	129
0.078347717578268	0.669163044934219	129
-0.02655133741802	0.413516459136083	129
-0.02152858466472	0.41003633195509	12
0.051727770419936	0.578420898950815	129
0.051104922574378	0.578382340128469	129
0.023541124291656	0.486623205126517	187
0.027863955920451	0.483928968898868	187
-0.02054390147798	0.410401139638387	54
-0.0160408315278899	0.407403518042765	519
-0.01702628305176	0.407896565848327	23
0.078413399123538	1.10742445576125	2901
0.097048800390366	1.20111680464931	610
0.041130590971366	0.587406556553626	30
-0.12259904077978	1.46199667563697	30
0.097801618383384	0.74582459798819	34
0.069233880804932	0.678834890189512	34
-0.0421971422112599	0.827947925603214	34
-0.00927745730377993	0.904469011260552	328
-0.02296597963264	0.410908197770573	34
-0.0415276425582101	0.825942113642167	4074
0.048260908541812	0.579536967913448	4074
0.019037582423717	0.488172523893389	129
0.077251811018988	0.667998957355757	12
0.069233880804932	0.678834890189512	2144
-0.0209943829552901	0.409776652047704	129
-0.0241372766757999	0.410514033565441	18
-0.0311435899907899	0.41466914140038	2175
-0.0079683443929699	0.900694083086137	129
0.121941709326014	0.803093060681974	129
-0.02126179208727	0.410975081816502	187
0.0758369758229101	0.669223123622432	54
0.038113582516263	0.588829676031153	769
-0.0177419809880199	0.408465897919083	769
-0.0444935043263801	0.832447809661205	519
0.0508189874713521	0.578867750869275	519
-0.0219800607115199	0.411274533949238	23
-0.02681629356167	0.412672237731607	23
-0.0181871885549101	0.408299416064853	23
-0.02054390147798	0.410401139638387	457
-0.0174713604435499	0.408269330515601	36
0.02271214907369	0.487579497608867	260
0.07036157720384	1.44613705310746	2901
-0.02027673323395	0.409478238556457	371
0.09218324033283	0.750228320867159	30
0.041047482948592	1.02035032744725	34
0.024958034623738	0.958577997311026	34
0.000983358871564977	0.888084676197164	4074
0.068301974314829	1.33419187967832	129
0.025527542967182	0.957190563673482	129
-0.03257526143736	0.414692514464788	129
0.047064659101968	0.583528390275705	129
0.04164168675995	0.587040348971874	129
-0.02152858466472	0.41003633195509	129
-0.06037572577293	1.10958048782468	187
0.096938979645136	0.749927638714613	51
-0.02054390147798	0.410401139638387	51
0.032183655010156	0.945139425901363	187
-0.0945074711460401	1.04909594224647	769
0.017490111099017	0.489691604438174	23
0.0223885826807479	0.487091304289586	23
-0.0209943829552901	0.409776652047704	23
-0.01896306804492	0.914669704869329	23
-0.02126179208727	0.410975081816502	23
-0.0209943829552901	0.409776652047704	23
0.075129548539415	0.673818198199838	1723
-0.0875240727161699	0.732204604661428	1723
0.124149618184402	0.877169756986077	36
-0.12336074449472	1.33087169522485	574
0.029800279106417	1.56137047246123	574
0.073461855750883	0.672470789625724	574
-0.00536207318721993	0.900916120679861	574
0.070724624390393	1.04441006683699	371
0.064074061531303	0.680780134021062	371
0.028123375859096	0.482805576227173	30
-0.0954649279480799	0.743144794083816	30
-0.0311435899907899	0.41466914140038	30
0.072573371911784	1.1177551336235	34
0.011112728141894	0.975589436784814	34
0.084652676981261	0.761942098494417	34
-0.0433665860941499	0.827517153097752	4074
0.055574423138515	0.996843386647883	129
-0.0167559082206199	0.407972067925741	187
-0.02171241051411	0.409806924167185	302
-0.02126179208727	0.410975081816502	769
0.062420821681919	0.683593855783429	769
0.0272811528101971	0.484048387209294	769
-0.0238377480487499	0.408906599675122	23
-0.0258345509801201	0.413043803481388	23
0.017864267138557	0.486422541189497	36
0.018074542770612	0.489482847860143	36
-0.1078689456596	1.52580238702961	36
0.017811941061995	0.490207639636099	152
-0.0185160103345601	0.407432048797052	36
0.120282012976868	1.4750385691376	36
0.06493465871696	0.680953281081501	152
0.10970605466253	0.819105598899639	371
0.043701101735927	0.583979724437439	30
0.018658717968524	0.489036202673862	44
0.123300221633308	0.875013913974711	30
0.071634564639781	0.676943032280065	34
0.0178110921690789	0.488982547182895	34
-0.02054390147798	0.410401139638387	1269
-0.02303104447883	0.410996649608088	1067
0.00111678790921799	0.887639554655991	12
0.124395409922627	0.874458478340109	129
-0.0147146342386899	0.911020237420779	187
-0.02269870771255	0.411303674855888	769
0.026982821221934	0.479735163799576	769
-0.02081045464866	0.408933527207846	287
-0.0269120235748399	0.411228846660803	2714
0.070735246742606	0.676608015904808	23
-0.0515257386336601	0.839027294877824	1723
-0.0167559082206199	0.407972067925741	152
0.0646673960327671	1.06050104905505	36
0.0754482054325391	0.667845462048129	371
0.01839074123836	0.488352554838335	30
0.018724258136711	0.967807284242361	44
-0.0965024004294099	0.745754612743106	30
0.041466929039606	1.01585670117521	34
-0.09837862249536	0.747697416421832	129
-0.0394096525885601	1.17074109223735	129
-0.05425639399841	1.09884841047954	12
-0.06417076033438	1.32302611923289	129
0.023863274661684	0.486099627797188	187
0.105385168491948	0.824688325729201	302
-0.0479933893183899	1.08522995878423	769
0.077739662685169	0.669278488586703	769
0.043701101735927	0.583979724437439	769
0.023805360299448	0.485199002275023	23
0.018979883904056	0.490062948615881	23
0.0272811528101971	0.484048387209294	23
-0.02126179208727	0.410975081816502	1723
0.02340329086828	0.954115749109617	1723
-0.10080348417853	0.747768061330193	36
-0.0177419809880199	0.408465897919083	36
0.057186523656988	1.07147884596502	36
-0.0978027844921201	1.05057246454983	260
-0.10745888444158	1.06842689152712	260
0.016673341391927	0.968388714023629	260
0.06983258046626	1.04882778034781	574
-0.00365684715971004	0.899538831022518	371
0.047064659101968	0.583528390275705	371
-0.02296597963264	0.410908197770573	44
-0.00148736791060999	0.895346897752705	44
-0.0505369305957699	0.837790765579806	30
-0.02681629356167	0.412672237731607	34
-0.0964484377170001	1.05243534429655	34
0.022315995291269	1.51922382369249	34
-0.0965525770918201	0.74390145881461	34
0.0412106015213261	0.585685318999899	129
-0.0965525770918201	0.74390145881461	12
-0.10461166880087	1.06254305936051	12
0.05427027546622	0.57678923130708	12
-0.0278083282773001	1.15334091600155	12
0.04994577766228	0.581730930079566	129
-0.0209943829552901	0.409776652047704	129
-0.0195594609890499	0.408907543271993	2175
0.042073693520404	0.586934090859484	54
-0.0899366553593799	0.738892223924208	36
-0.0977827767267001	0.743454569978524	36
0.098199602720181	0.746887735877419	36
-0.02224709287202	0.410608941783725	36
0.027906485939692	0.954016679463374	36
0.0247114467027531	0.485765853390852	260
0.088570638838793	0.758018016967199	574
0.021050822262274	0.488251197847747	371
0.039651604585045	0.929748673674114	30
0.065491991641784	0.681299972255719	44
-0.0980539995451	0.747704767604141	30
0.02271214907369	0.487579497608867	34
0.01988508042586	0.489418532086656	129
-0.02681629356167	0.412672237731607	129
-0.02269870771255	0.411303674855888	129
-0.02269870771255	0.411303674855888	129
-0.0273583360894001	0.411969988811906	129
-0.05485954999278	0.841930533211944	129
-0.0185123956561899	1.40094247221319	23
0.067913888299316	0.67833423365291	23
0.025368639855551	0.958320283644535	23
0.063044952764047	0.682603242403294	23
0.10780973634878	0.82124588445638	36
-0.0504719537305101	0.836027444669367	36
0.053253240557937	0.577049210165718	36
-0.0275337041419801	0.41314398527887	260
0.00743064356723899	0.976579718988247	574
0.069705772549621	0.678684306621727	574
-0.02681629356167	0.412672237731607	574
-0.0195594609890499	0.408907543271993	371
-0.00614700963125991	0.900274601981915	44
0.050307751945362	0.579430672939284	44
0.017739122217181	0.968254226783385	44
-0.10052214098418	0.748802409104564	30
0.11843983196875	0.88409546918066	44
0.046654139367612	0.583264229566345	30
-0.10342430180502	0.751831170823407	30
-0.0167559082206199	0.407972067925741	30
-0.09810085631063	0.748213932424267	204
-0.02054390147798	0.410401139638387	34
-0.0174713604435499	0.408269330515601	34
-0.0553952083673399	1.09781351603974	34
-0.00727934773113992	0.897918853796038	129
0.112696687543361	0.814766209784589	1269
0.058260200030833	0.572284866899934	1269
-0.104888281963	1.06373626573243	1269
-0.02269870771255	0.411303674855888	1067
-0.02511814143824	0.41200820059487	12
-0.01884256586002	0.40780874728478	129
0.014149992122315	0.49165577187569	129
-0.03283864853932	0.414606391010606	1220
-0.05425639399841	1.09884841047954	23
0.073736871922262	0.672485235801816	23
0.050965191491711	0.580536252528698	23
0.100534532403762	0.745764272856571	23
-0.0350847604200499	0.816469826728918	36
0.049796326412217	0.579793446877527	36
0.00119448073835504	1.18541353652403	36
-0.000489226236819906	0.894463445328772	36
0.068269864250497	0.679124856615776	574
-0.00859074094941992	0.903658932187242	44
0.117987401537902	0.808673178740054	44
0.110071699737873	0.81859324754602	44
0.000279935274359988	0.890774898472145	44
-0.02054390147798	0.410401139638387	44
0.019563471132187	0.489615442131538	44
-0.0954649279480799	0.743144794083816	204
0.051615755559372	0.578220142953797	34
0.049683251906183	0.579446313548818	1269
0.023541124291656	0.486623205126517	1067
-0.0462578470230299	0.829536267240305	1067
0.064506786698963	0.680954538891097	1067
-0.10696791724255	1.06573922877279	1067
-0.02126179208727	0.410975081816502	129
-0.03042831861484	0.413737551949063	129
-0.0272685011114999	0.413655990175607	129
-0.02681629356167	0.412672237731607	51
0.078699498205161	0.668647075938239	2065
-0.03042831861484	0.413737551949063	769
0.077629321047332	1.17302632560095	23
0.023492905957385	1.219855155262	23
-0.0684883931507201	1.33222361772764	23
0.110639127807939	0.816552401268295	1723
-0.04326349876086	1.62465914582576	36
-0.04586714198485	0.833748404069435	36
-0.0991954299931499	1.50860294289221	152
0.122166108512863	0.880787797436069	152
0.110781580188215	0.812423034260496	36
-0.01226882687412	0.907688638961273	36
-0.02126179208727	0.410975081816502	574
-0.0932144978765499	0.743883074867875	44
0.019472642230748	0.965369680474837	129
0.098301505241796	0.748839619253029	1067
0.075463256757879	0.670007250745848	1067
0.02766855431686	0.953493975392547	1067
-0.0209943829552901	0.409776652047704	129
-0.0219800607115199	0.411274533949238	129
0.02046807907243	0.488971745774085	129
-0.10002816747195	0.749312019796289	129
-0.0167559082206199	0.407972067925741	51
0.024126413957558	0.486297529129953	2624
0.020146802493525	0.488893696013304	2
-0.0219800607115199	0.411274533949238	54
-0.0219800607115199	0.411274533949238	769
-0.02126179208727	0.410975081816502	769
-0.02152858466472	0.41003633195509	1614
0.097412129938681	0.750199123913718	23
-0.00540212271804008	0.900935842559104	23
-0.0609929731327401	1.10975388328695	23
-0.04304584551746	0.83102684917276	23
-0.01484267991601	1.21507313096519	36
-0.02681629356167	0.412672237731607	36
0.116081990529631	0.812884112901502	36
0.036980296645635	1.02535051961065	36
0.0109064919139	1.24869896060738	36
0.0889489197607441	0.75413099271797	36
0.022969991702422	0.486647207067339	152
-0.02152858466472	0.41003633195509	260
0.050194666437503	0.579508239942932	371
0.042677916817646	0.5826916856561	44
0.0424380322817141	0.585815232358177	30
-0.00316300291583005	1.19736311826914	129
-0.0258345509801201	0.413043803481388	129
0.044212408879249	0.583970126946329	129
0.040039633817716	0.586298897716919	129
-0.00540212271804008	0.900935842559104	1067
-0.0549167104528301	1.09995092499375	1067
0.046143796159531	0.583984480648196	12
-0.02296597963264	0.410908197770573	129
0.030515521601061	0.480892304556445	129
0.015313266708984	0.491302403590035	129
-0.09518945882268	0.74490164260121	51
-0.02126179208727	0.410975081816502	54
0.00834909216068602	0.493034894730891	54
-0.0272685011114999	0.413655990175607	54
-0.0209943829552901	0.409776652047704	54
0.018658717968524	0.489036202673862	23
0.124995249114865	0.87312729162599	1723
-0.00579755806914006	0.902154905206105	36
0.059277399129704	0.571370271910972	36
0.010732877299613	0.492464509240087	36
0.0834269683511471	0.763113911098537	36
0.078347717578268	0.669163044934219	36
0.10283176102587	0.739597146476822	36
0.094010009356564	0.749461094077873	36
-0.10245603983132	1.06215572182616	574
0.050887377243427	0.580940901573	574
0.065878600313926	0.677526173906176	371
-0.00275722515355992	0.89728424881718	371
-0.00548478929525009	0.897290138892654	44
0.095520934271072	0.751910199176342	44
0.071163185879934	0.677615044871189	44
0.084747986053327	0.659089095365121	30
0.099976955061461	0.746035802320289	30
-0.01845805499361	0.408763534655611	44
0.023551146358285	0.485931475764711	34
-0.02303104447883	0.410996649608088	34
0.023863274661684	0.486099627797188	34
-0.0177419809880199	0.408465897919083	34
0.045460259310538	0.584680774888386	129
-0.09415237656505	0.744816899613193	34
0.074187540295432	0.674638088463039	34
-0.09502362707333	0.742673691836324	34
0.095284847207443	0.749665510595409	34
-0.0258345509801201	0.413043803481388	12
-0.02296597963264	0.410908197770573	129
-0.0308800899146	0.413479379600555	2065
0.024448238004705	0.485979489293663	2065
-0.09887395139294	0.748376430830867	187
-0.04290430406985	0.826948833046949	23
-0.0449552347245801	0.832895654322315	36
0.015313266708984	0.491302403590035	36
0.092813529710884	0.755636317166555	393
-0.04350722620203	0.831746454621921	36
0.0458081017522241	0.581695867774259	36
0.075434995659371	0.671878938384477	36
0.044950544531831	0.584778572489304	152
0.046988298090715	0.582726609527033	152
0.0687206912027	0.678017149106968	260
-0.03647113929269	0.415792999867536	260
0.05045557672035	0.581254464006149	260
0.092015081143098	0.754761822070671	371
-0.0911773052693201	0.738610172933369	371
-0.02054390147798	0.410401139638387	574
0.115083588764086	0.81460781589565	534
-0.02224709287202	0.410608941783725	44
0.070480212567462	0.677172512450515	44
0.073696625482598	0.674976994061394	44
-0.0990407384931899	0.749149383670419	44
0.067163498978408	0.677844249111343	44
-0.02126179208727	0.410975081816502	204
0.019616290013416	0.487846557035176	204
-0.02269870771255	0.411303674855888	34
0.069705772549621	0.678684306621727	34
0.066908536017687	0.679250332417762	34
-0.07050558114888	1.3372043176539	34
0.05045557672035	0.581254464006149	129
-0.00166276551428002	0.895853036326954	34
-0.05538774647594	0.84154069919388	34
-0.0930948258084601	0.740932074264058	1067
0.043527731596736	0.585405448916677	12
0.044548101132671	0.583814764899107	34
0.026373975423623	0.483776495964029	12
0.015313266708984	0.491302403590035	129
-0.02368524530921	0.41093826511309	129
0.025939335704131	0.483894472955633	129
0.045962250277421	0.582805473273737	2065
-0.02152858466472	0.41003633195509	1844
-0.0993694537518901	0.748779223526523	51
-0.0280714808186899	0.411686144962534	54
-0.02224709287202	0.410608941783725	769
-0.02269870771255	0.411303674855888	769
0.038909184440702	1.02301030105168	23
-0.0757469057775	2.12004541870721	36
0.088953505337816	1.46002608598668	36
-0.0514619726193899	0.838075235068243	36
0.075642850970246	0.670682446257977	36
0.00159901733694501	0.886921079598413	36
-0.10360504808385	1.06157218707699	260
0.100864833575054	0.744200729550249	371
0.033652588867074	0.590527470780259	574
0.09674620527105	0.749634058767203	371
0.080475087787218	0.764997767823409	371
-0.10210477800037	1.06019133588346	44
-0.09749199277947	0.746833585708175	44
-0.0167559082206199	0.407972067925741	204
0.118141968539668	0.808681114034059	34
-0.06442535052618	1.11300021626949	34
0.053185900722354	1.36790780973651	34
-0.0102753521477199	0.906248896794869	12
0.052126398885587	0.577858320833396	12
0.0247114467027531	0.485765853390852	129
0.02046807907243	0.488971745774085	12
-0.0177419809880199	0.408465897919083	129
0.046143796159531	0.583984480648196	129
0.02213082265976	0.48751597999684	129
0.072877036756102	0.67394293382718	129
0.020692453426632	0.961476903536049	129
0.024126413957558	0.486297529129953	1913
0.019301826126752	0.489626676436646	51
-0.0132244601003699	0.40491562005861	3419
-0.09765352176766	0.745850017717761	51
0.049796326412217	0.579793446877527	2624
-0.02027673323395	0.409478238556457	54
0.022047743818713	0.486175826254412	54
0.039419717080687	1.73635035143421	23
-0.0697031364968099	1.7784381816386	23
0.111426391330293	1.28660311576082	23
0.0596517966336521	0.684808744189381	36
-0.0235766755294	1.14601260783231	36
-0.00692211777151996	0.897752636426838	36
0.113539604827461	0.815300636224976	36
0.019623847966304	0.963410877389455	393
0.116151528012522	0.810331869289542	36
-0.0321223702645701	0.414294926993374	260
-0.0248530618398799	0.411542674464278	260
-0.02224709287202	0.410608941783725	260
-0.0904289021867899	0.739562305388928	574
0.049255632802949	1.00770795580506	2585
0.051396861230372	0.580465035444476	44
0.069990820165255	0.677048883094531	44
-0.02511814143824	0.41200820059487	30
0.019563471132187	0.489615442131538	44
-0.01702628305176	0.407896565848327	30
-0.0209943829552901	0.409776652047704	30
0.018985816876649	0.964874657034113	34
-0.12044511510503	1.45217305985188	34
-0.0219800607115199	0.411274533949238	34
0.023805360299448	0.485199002275023	34
0.023541124291656	0.486623205126517	129
0.051216925571805	0.578983513041556	129
0.0430172697849009	0.58577079046855	129
0.047064659101968	0.583528390275705	129
-0.0275337041419801	0.41314398527887	129
0.025032944637482	0.485654316649321	51
-0.10436547966275	0.750964083802857	1844
-0.04725147099286	0.834009853999543	51
-0.0994218573847401	0.748221822077759	3419
0.0922528839729569	0.752575289369555	187
0.057339219220553	0.572744105072457	2624
-0.01982638852231	0.409294816847698	2
-0.02126179208727	0.410975081816502	2
-0.0219800607115199	0.411274533949238	54
0.028188183388224	0.482636565734394	380
-0.02269870771255	0.411303674855888	769
-0.04148670685691	2.06947184835094	23
-0.0976457791992999	1.50397366710096	23
0.09593435272485	0.750763129797629	23
-0.0236691250197201	1.14444301995566	36
0.100985177262983	0.829899298923234	36
0.023874039063565	0.486927927519843	36
0.101581613845146	0.829353988402677	36
0.029934068872152	0.481668392537244	152
0.02046807907243	0.488971745774085	152
0.00893002173104796	0.492519958394281	574
0.025032944637482	0.485654316649321	44
0.019563471132187	0.489615442131538	44
0.0863441111302981	0.758656432929923	34
0.024126413957558	0.486297529129953	34
0.021673929181338	0.96048093500462	34
-0.0443497068402601	0.828737876729775	34
0.043985335170828	1.01356892228115	34
-0.02152858466472	0.41003633195509	129
0.066948557113039	0.680003782229925	129
0.02046807907243	0.488971745774085	129
0.050965191491711	0.580536252528698	129
0.016216387190556	0.489528749497461	129
-0.02027673323395	0.409478238556457	129
-0.02126179208727	0.410975081816502	3335
-0.02681629356167	0.412672237731607	2
-0.02224709287202	0.410608941783725	287
0.11518543323143	0.811377868426648	23
-0.0944731529637399	0.742342543600819	36
0.050887377243427	0.580940901573	36
0.117617208766781	0.810529353383059	36
-0.0926544699812599	1.37463218069754	36
0.108183249711334	0.821983120129628	36
-0.02296597963264	0.410908197770573	44
-0.0311435899907899	0.41466914140038	44
0.114491624526325	0.888717963343547	44
0.095284847207443	0.749665510595409	44
0.024126413957558	0.486297529129953	44
-0.09073548436126	0.739964532356713	44
0.047495517925969	0.582845325381987	2585
0.050965191491711	0.580536252528698	44
-0.0308800899146	0.413479379600555	34
-0.02224709287202	0.410608941783725	34
-0.02054390147798	0.410401139638387	1282
0.055301158403493	0.574603309543629	129
-0.0272685011114999	0.413655990175607	2
0.041130590971366	0.587406556553626	2
-0.0219800607115199	0.411274533949238	112
0.044443803196267	1.32096554292276	23
-0.10915967912557	1.31093450010095	36
0.111741040132645	0.818128287721048	36
0.042798357345644	1.01974011262383	36
-0.10248267231266	0.750897199380474	393
-0.0506008627741601	0.837514751573075	36
0.047064659101968	0.583528390275705	260
0.014409992178878	0.491945039298103	371
0.0458081017522241	0.581695867774259	44
0.023541124291656	0.486623205126517	44
0.022413532369376	0.962438269619489	44
-0.0918593137411099	0.739556036382089	44
-0.0897986252234599	0.739035587099458	44
0.023227559255103	0.956429137480208	34
-0.0519883939647301	0.839326579999558	34
0.069518432820189	0.677574926854816	34
-0.0912815813358701	0.739081110577796	34
0.047495517925969	0.582845325381987	34
0.049683251906183	0.579446313548818	34
-0.00639887358563995	0.901503640362056	34
0.048230553950115	1.08428711226312	34
0.023551146358285	0.485931475764711	34
0.074658621008098	0.674342667441165	12
0.022633873439302	0.486054814054359	129
0.070970466194765	0.676426069400077	129
-0.09073548436126	0.739964532356713	129
0.072519954426303	0.673031027137415	129
-0.03283864853932	0.414606391010606	2357
0.0587688913700281	0.571925970325381	1665
-0.02160228096364	0.409501347707808	2
0.027581789139983	0.954805523012029	23
-0.0328590375664899	1.15945927684519	23
0.0565720966559921	1.67136741617957	23
-0.11897914675843	2.20885821469025	23
-0.08248924068074	1.55481404828865	36
0.015689863053288	0.969388586323483	36
0.00222182038760999	0.888191494003475	36
-0.1014554670449	1.06160179559804	36
-0.10475760461238	1.30655919646773	36
-0.0599752605316299	1.10844365155742	36
0.024909720988872	0.952383791020189	152
0.015036552362705	0.971241531366526	260
-0.03915808111148	0.824064485145193	260
0.0484378820992391	0.580603842948864	44
0.023569298930856	0.960137774328699	44
0.108279607387765	0.82277320451064	44
0.026201588560498	0.484339946364837	44
-0.0971605236589499	0.745603110395669	44
0.052238425618642	0.577634620167254	259
-0.0421726190279801	1.36963188497872	34
0.109652120052013	0.818376826118877	34
0.069518432820189	0.677574926854816	34
-0.09216665613896	0.739408392048119	34
0.094075642628299	1.13806333483339	34
0.105097281649417	0.73824317386057	34
-0.0927693398370399	0.74195796483767	1074
0.018658717968524	0.489036202673862	1283
0.050887377243427	0.580940901573	12
0.053478528277691	0.577319110178382	129
0.02046807907243	0.488971745774085	129
0.095856316101086	0.75148335431577	12
0.070480212567462	0.677172512450515	129
-0.10281944783493	0.751751903281367	129
-0.10227464013169	0.750552142694754	129
-0.0949689536277001	0.742864252382889	1913
0.020790130443553	0.4876451712386	507
0.025296222724603	0.484980985533228	507
0.023863274661684	0.486099627797188	1665
0.0272778189563569	0.482896860321828	112
-0.02655133741802	0.413516459136083	2
-0.0272685011114999	0.413655990175607	769
0.036569584216923	1.33638805595208	23
-0.09568253075551	1.28990087846301	36
0.075514202556754	1.11082175610902	36
0.000465622691095957	0.89198854239323	36
0.041661804988511	1.01833281927702	36
-0.02054390147798	0.410401139638387	44
0.076796764290853	0.669889391893917	44
-0.0258775130806199	1.15109214376168	44
-0.01702628305176	0.407896565848327	44
0.098413862048584	0.7482571977142	44
0.022969991702422	0.486647207067339	44
-0.02224709287202	0.410608941783725	44
-0.0578832650574199	1.31400481163461	34
0.112047747195767	0.810987620398501	34
0.045896632557876	1.01035061436224	34
0.066682729286268	1.05798864814986	34
-0.00241801676922004	1.19189804932688	34
-0.02126179208727	0.410975081816502	1283
0.0456332633866861	0.58446214274432	1283
0.023541124291656	0.486623205126517	12
0.05070589095183	0.579346013754557	12
0.076091829467503	0.672419329813627	12
0.032093426072847	0.945836732771026	129
-0.00465273390555998	0.90010584973994	12
-0.05995155857071	1.10552224954288	129
0.027540497875428	0.483333049189275	507
0.024126413957558	0.486297529129953	2
-0.02374598899693	0.411135954461803	112
-0.0219800607115199	0.411274533949238	112
0.0739213881342869	1.91429708264249	23
0.045894123217096	0.583988231653479	36
0.073225302584195	0.675272608175274	36
-0.00823031682470998	0.905073495292234	393
-0.07126516100993	1.5300960193193	44
0.0487729048333611	0.579894184023409	44
-0.04488333109484	1.17656419064231	44
0.018979883904056	0.490062948615881	44
-0.0255692233576701	0.412012891941837	44
-0.0177419809880199	0.408465897919083	44
-0.00583980422978003	1.20168616276521	34
-0.12447772758025	1.46734516944887	34
-0.0926521321518701	0.738311920157522	34
-0.07018803766849	1.12130065221681	34
0.088149199184319	1.15503688096376	34
-0.0234177334526799	0.410826590483551	906
-0.0219800607115199	0.411274533949238	1074
-0.02655133741802	0.413516459136083	12
-0.0946461692690701	0.745493654326501	12
-0.09793575902146	0.747877004766513	129
0.0167970477046751	0.488898266466747	129
-0.0167559082206199	0.407972067925741	129
-0.02269870771255	0.411303674855888	507
0.023805360299448	0.485199002275023	51
-0.02054390147798	0.410401139638387	112
-0.02368524530921	0.41093826511309	112
0.01350656551695	0.491361087548199	54
-0.0318592374786799	0.414980836560012	1029
0.06742055899984	0.679853194088937	152
0.023874039063565	0.486927927519843	152
-0.00387824302085993	1.4421709031856	44
0.023219745533527	0.485729407307986	44
0.122780122618792	0.801103132565024	44
-0.02303104447883	0.410996649608088	44
0.020146802493525	0.488893696013304	44
0.0144597843843191	1.30714942938258	34
0.110950691812629	1.17209232537742	34
0.079170478145195	0.668032586243667	34
-0.05757409469957	0.841593105844178	34
0.0223885826807479	0.487091304289586	34
-0.05793190343349	1.10449445068713	12
-0.09899280247447	0.746846865943586	507
0.024777930759568	0.485508813766345	51
-0.0270026768912099	0.41175796254343	2
-0.02224709287202	0.410608941783725	2
0.047495517925969	0.582845325381987	54
0.099132390693654	0.746169400587613	769
0.080904469263813	1.82655345266255	23
-0.10734633354098	1.31076326336398	23
0.073716306314725	0.674693986096887	23
0.121590081184487	0.881724017668331	36
-0.0318592374786799	0.414980836560012	152
-0.02027673323395	0.409478238556457	371
-0.0148406140770101	0.911480425200504	44
0.015884229599364	0.967851223238734	44
-0.0137147332296601	1.21539103728762	534
-0.1032644863597	0.752001424844403	44
-0.0258345509801201	0.413043803481388	508
-0.02231647525331	0.410527599337308	44
-0.0345000478509101	1.35183752433977	34
-0.0209943829552901	0.409776652047704	34
0.046479135973084	0.583684643677063	34
-0.000734234322459892	0.889014925267389	129
-0.04956507991139	0.834773786563126	129
0.00483335419242004	0.883795700057783	129
-0.10588804020367	1.06495006683896	129
-0.01982638852231	0.409294816847698	51
0.073206568988624	0.673771597177855	2
0.0178110921690789	0.488982547182895	2
-0.02152858466472	0.41003633195509	769
0.031858046760526	0.479592176505172	49
0.100161868578115	0.74318018801807	36
0.022969991702422	0.486647207067339	36
-0.0256973083727201	1.41334756630507	36
-0.0956836306798301	0.744311700973803	36
-0.0515884620604199	0.837912981263359	44
-0.00746781206679992	1.20281134919085	44
0.035109071928022	0.589001142555856	44
0.025032944637482	0.485654316649321	44
0.036658238549503	0.589512974076729	34
-0.04311775096003	0.829444044381732	34
0.027603071345302	0.482838040528723	34
-0.0584887354639201	1.10556310966686	34
-0.02551128519244	1.14896535055389	34
0.0697276069771871	1.05010452226705	34
0.000944624832832974	0.89207693097173	129
-0.0209943829552901	0.409776652047704	675
0.0247114467027531	0.485765853390852	51
0.050887377243427	0.580940901573	507
0.045531005212701	0.584266852242576	507
0.050194666437503	0.579508239942932	2
-0.0255692233576701	0.412012891941837	2
0.023219745533527	0.485729407307986	302
0.05070589095183	0.579346013754557	769
-0.02204793512445	0.410502951592421	769
0.116026620251504	0.887090367891628	23
-0.02054390147798	0.410401139638387	152
-0.09810085631063	0.748213932424267	44
-0.00678501856293989	1.20266349835939	44
-0.0506868133390199	1.0911711792015	44
0.122353027488455	0.879204859357232	44
0.112264968636621	0.817082099141472	44
-0.09216665613896	0.739408392048119	44
-0.04347035841397	1.37487265654607	34
-0.0750779915681701	1.71579359096629	34
0.093956850955228	1.14559259712343	34
0.110781580188215	0.812423034260496	34
-0.0174713604435499	0.408269330515601	12
-0.02171241051411	0.409806924167185	1074
-0.10088982816659	0.749497593613753	12
-0.0902412031006401	0.739444712132358	129
-0.0532707547098601	1.09712273282076	129
-0.0213339937447401	0.410034538747514	129
0.018979883904056	0.490062948615881	2
-0.0174713604435499	0.408269330515601	2
-0.10276947661824	0.751442714649019	2
-0.02655133741802	0.413516459136083	769
0.098029054323232	0.745298996846708	36
-0.09482776525035	0.743229414648294	36
-0.0252281952234701	1.14678630361156	393
0.041463141000126	1.25755060433235	393
-0.0321223702645701	0.414294926993374	36
-0.0160408315278899	0.407403518042765	466
0.067400037520026	0.679813497175578	44
0.098301505241796	0.748839619253029	44
-0.0275337041419801	0.41314398527887	508
-0.02171241051411	0.409806924167185	34
-0.09403211771683	0.742365087458488	34
-0.10526630091833	0.752299291431107	34
0.116779155031112	0.810580592772301	34
-0.02296597963264	0.410908197770573	34
0.076627778853343	1.11082378693731	34
-0.0555600401185199	1.10124549113221	34
0.123133237690347	0.87871880329672	34
0.02760571181154	0.48250841189123	2510
0.046984613780248	0.583096671940291	12
0.118141968539668	0.808681114034059	12
-0.0680929736887299	1.11841055389919	129
0.112345590811515	0.813141687511268	129
0.089837053787831	1.69064508247011	23
0.0533073923776231	1.30162689676015	36
0.087006913416004	0.656171440010167	36
0.081081266784124	0.76451068319411	36
0.0988102375734971	0.744602439995571	36
-0.00304628790854	0.894050508820276	36
-0.0959081111109601	0.738687907709218	36
0.018134467076113	0.489594120900239	152
0.01988508042586	0.489418532086656	36
0.074167795067874	0.674452237797282	36
-0.0275337041419801	0.41314398527887	466
-0.09793523092619	1.05607939040389	44
0.027334904662915	0.955151275493428	44
0.022969991702422	0.486647207067339	2585
-0.00643801500683994	1.20264972203609	34
0.027863955920451	0.483928968898868	34
0.013827887658088	0.492274249557995	34
0.049683251906183	0.579446313548818	34
0.000279935274359988	0.890774898472145	12
-0.0080252747963101	0.902764709058026	129
0.084540742187838	0.761992680476362	129
0.023541124291656	0.486623205126517	129
-0.0965024004294099	0.745754612743106	507
-0.01845805499361	0.408763534655611	2
-0.02126179208727	0.410975081816502	2
-0.03938350485835	0.820831041821605	2
0.024448238004705	0.485979489293663	2
-0.02655133741802	0.413516459136083	1910
0.01988508042586	0.489418532086656	36
-0.0219800607115199	0.411274533949238	36
0.084616000281303	1.09716232426476	393
0.12142784765586	0.879813556544783	36
0.101422284569245	0.744412939256433	44
0.108710685373783	0.819442457404696	44
-0.0565678762203501	1.09960569077746	44
-0.02224709287202	0.410608941783725	44
0.024777930759568	0.485508813766345	44
-0.03283864853932	0.414606391010606	2585
0.045122540926785	0.584713252751266	1993
-0.01302284767177	1.21259306790867	34
-0.09122993844272	0.740243783604558	34
-0.102722021481	1.29618407652458	34
0.018074542770612	0.489482847860143	34
0.04164168675995	0.587040348971874	1283
0.116081990529631	0.812884112901502	12
0.06742055899984	0.679853194088937	129
0.022633873439302	0.486054814054359	1621
-0.02152858466472	0.41003633195509	51
0.048415273595113	0.581689156193655	2
-0.0209943829552901	0.409776652047704	2
-0.02231647525331	0.410527599337308	302
-0.02269870771255	0.411303674855888	769
-0.0219800607115199	0.411274533949238	49
0.0750021903100711	1.11278734385981	36
-0.00219116565918998	0.89628317751981	36
0.0456332633866861	0.58446214274432	393
0.018713772455309	0.489267128736786	393
0.036590071922614	0.587446566250107	152
0.00865772770693096	0.490485889921741	36
-0.02126179208727	0.410975081816502	44
0.0253579034156241	0.484795069174205	508
-0.0177419809880199	0.408465897919083	44
-0.02126179208727	0.410975081816502	34
-0.00982725146652008	1.4503365739349	34
0.028656162975338	0.949456206977544	34
0.032503780459387	1.20255446765391	34
-0.03968099731347	0.825178442588961	34
-0.02126179208727	0.410975081816502	1156
-0.0946461692690701	0.745493654326501	12
0.042637272992791	1.01596026377412	129
0.054778517588714	0.576317095835151	507
0.0272778189563569	0.482896860321828	507
0.027863955920451	0.483928968898868	1621
-0.0209943829552901	0.409776652047704	1621
-0.02081045464866	0.408933527207846	51
-0.02303104447883	0.410996649608088	2
-0.02126179208727	0.410975081816502	2
-0.02243081627196	0.409335013447221	2
0.023863274661684	0.486099627797188	2
-0.06882540585806	1.33864128032115	23
0.0774570261300051	1.03622309564128	393
0.019242636889533	0.488316656329156	36
-0.0219800607115199	0.411274533949238	36
-0.02152858466472	0.41003633195509	2265
0.087237131403172	0.759120448328194	425
-0.0280714808186899	0.411686144962534	1993
0.082397216212997	1.10141786086548	34
-0.0187384398680901	1.40229211718428	1157
0.069705772549621	0.678684306621727	12
0.064456473058599	1.06220631366568	129
-0.02269870771255	0.411303674855888	129
0.073559437518202	0.671846867388362	51
0.080601187234823	0.665814297405609	507
0.0430172697849009	0.58577079046855	51
-0.0946461692690701	0.745493654326501	2
-0.0321223702645701	0.414294926993374	2
-0.02027673323395	0.409478238556457	2
-0.10446028666369	1.06322022250476	23
0.09527252302697	1.14207676784237	23
0.088684735008624	0.758532174114497	36
0.079893402298338	1.10536005194535	36
0.062420821681919	0.683593855783429	36
-0.02054390147798	0.410401139638387	36
0.093238360472042	0.753268413420136	36
-0.0473184194184999	0.836055686389923	36
-0.02231647525331	0.410527599337308	36
-0.0272685011114999	0.413655990175607	36
0.041130590971366	0.587406556553626	36
-0.00997580172496004	0.905814532868855	44
0.08957655881371	0.757374385482489	508
0.099864538886739	0.743637213681568	44
0.022437328815473	0.485061498563818	2585
0.047064659101968	0.583528390275705	1993
-0.10388775478518	1.06171029767863	34
0.025206429685862	0.482985835512775	34
-0.04869894467495	0.835129264417011	34
-0.0275337041419801	0.41314398527887	1157
-0.0275337041419801	0.41314398527887	1074
-0.0282514925208599	0.413283993547182	1074
0.0272811528101971	0.484048387209294	12
0.022047743818713	0.486175826254412	507
0.050194666437503	0.579508239942932	507
-0.0167559082206199	0.407972067925741	1523
-0.0059394518009499	1.81716598359183	23
0.025288384778361	1.21958995157824	23
0.042821496020004	1.01754270721397	23
-0.07420805410372	1.34646278066919	2715
0.0738535440642441	1.11079266898957	36
-0.0272685011114999	0.413655990175607	36
0.02137253989597	0.48720056173569	355
-0.0269120235748399	0.411228846660803	36
0.024461455786189	0.959210961911641	44
-0.02296597963264	0.410908197770573	44
0.0247114467027531	0.485765853390852	44
-0.0227622512530099	0.410642108899905	259
0.024975818637501	0.483088159635418	771
0.098507067441697	0.74548414625432	34
0.095266562536257	0.751957582714005	34
0.075600322976015	0.673055187337654	12
-0.0258345509801201	0.413043803481388	129
-0.0258345509801201	0.413043803481388	675
-0.0272685011114999	0.413655990175607	507
0.024126413957558	0.486297529129953	51
-0.0234177334526799	0.410826590483551	1408
-0.0160408315278899	0.407403518042765	2
0.023541124291656	0.486623205126517	2
0.0175549084412689	0.489618442115324	302
-0.0925996379656999	0.740411712998113	36
0.114676626360036	0.886507167630388	36
-0.0902927711441599	0.739314570191516	36
-0.0515257386336601	0.839027294877824	36
-0.1079660519378	1.52709510484249	36
0.019292824771818	0.48863605366341	152
-0.01702628305176	0.407896565848327	36
0.019563471132187	0.489615442131538	466
0.026957364462212	0.48365648985277	2585
-0.02511814143824	0.41200820059487	2585
-0.02231647525331	0.410527599337308	44
0.025541180118168	0.483482035557528	425
0.015313266708984	0.491302403590035	1993
0.02046807907243	0.488971745774085	34
0.02213082265976	0.48751597999684	34
-0.10039561748926	0.748609600711594	12
-0.04876946263715	0.837060807537583	12
-0.09215707805429	0.73803235298508	507
-0.0209943829552901	0.409776652047704	2
-0.0275337041419801	0.41314398527887	784
-0.02126179208727	0.410975081816502	1655
0.105704846147773	1.18221878594976	23
0.056240164727035	1.07329479568537	23
0.063985291150339	1.05519031826819	23
0.029934068872152	0.481668392537244	23
0.116727400776196	1.21709095303152	36
-0.03331179141894	1.16338285435764	36
0.109185125993503	0.821219362836459	36
-0.10079793637833	1.05672595738883	466
0.042673933791573	1.01587544937297	44
0.074638811426764	0.673688841918305	44
0.018074542770612	0.489482847860143	44
0.05540663389518	0.576037715189495	44
-0.0958120638965201	0.743393982530648	44
0.116439190772186	0.811444026518444	34
0.025617394757113	0.485123505343381	34
-0.02243081627196	0.409335013447221	934
-0.0315954817494399	0.413194685338354	129
0.078210881921052	0.668663675805139	129
-0.02126179208727	0.410975081816502	129
-0.02296597963264	0.410908197770573	507
0.054897507576278	0.576398296971569	507
-0.02126179208727	0.410975081816502	507
0.015573436450521	0.490087795635554	2
-0.0258345509801201	0.413043803481388	23
-0.0616057460677	1.10659038614409	393
0.051615755559372	0.578220142953797	466
0.11039659482242	0.816617295538451	466
-0.0167559082206199	0.407972067925741	2585
-0.02374598899693	0.411135954461803	44
0.052569157087447	0.576798340157529	425
0.025695386951458	0.957503132516702	425
0.049796326412217	0.579793446877527	34
0.089467337253055	0.755496194497843	34
0.090919830011903	0.756343610773942	34
0.100090457059913	0.746100463715268	34
-0.00866649472407	0.905700680374965	34
0.018134467076113	0.489594120900239	910
0.095520934271072	0.751910199176342	12
0.092730630950545	0.753806017982914	129
0.118921081685	0.806735301096505	129
0.024448238004705	0.485979489293663	129
0.023874039063565	0.486927927519843	507
0.018396040612831	0.490271397263528	507
-0.02368524530921	0.41093826511309	1621
-0.0219800607115199	0.411274533949238	1621
0.070463053659766	0.676283922324342	1621
-0.0433072704228501	0.825899814668817	2
-0.03042831861484	0.413737551949063	2
-0.0244613091661201	0.410741903929385	2
-0.02126179208727	0.410975081816502	2118
-0.0163109608263099	0.406800295212078	769
-0.02224709287202	0.410608941783725	1655
-0.0160408315278899	0.407403518042765	1655
-0.01702628305176	0.407896565848327	36
0.028446503813386	0.48360544938142	466
0.050377709041318	0.581191372480998	2585
-0.02296597963264	0.410908197770573	44
0.048280403422461	1.00706818453524	34
0.022955577507461	0.486743487685973	34
-0.03403745851179	1.16168859355107	34
0.054897507576278	0.576398296971569	12
0.022047743818713	0.486175826254412	12
0.055516228015581	0.575452682793181	129
0.051330033112829	0.578081124883658	177
-0.02628576158792	0.412152659857664	507
-0.0219800607115199	0.411274533949238	2118
0.102195579672629	1.24671059441672	23
0.021838925547909	0.963588129765811	36
-0.02303104447883	0.410996649608088	36
0.051727770419936	0.578420898950815	36
0.069664438984447	0.676935361949273	36
0.094377286274539	0.752607370134115	534
0.022905092950949	0.959369814995964	44
0.079659859353387	0.667260735358298	44
0.0537915419256531	0.999001383831768	34
-0.0462658419111901	0.832779459230108	2031
-0.02303104447883	0.410996649608088	1074
0.028446503813386	0.48360544938142	910
0.108156339657234	0.821609363223732	129
-0.10079793637833	1.05672595738883	129
0.025032944637482	0.485654316649321	129
0.044212408879249	0.583970126946329	2
-0.02152858466472	0.41003633195509	2
-0.02171241051411	0.409806924167185	769
0.101192843794804	1.12771626437882	23
-0.02027673323395	0.409478238556457	36
0.015313266708984	0.491302403590035	36
-0.0983625419009999	1.05674117410291	36
0.000806294849811984	1.18865565574618	36
0.116304865842241	0.810172589536927	36
0.097382927901996	0.74947856138037	44
0.052126398885587	0.577858320833396	44
-0.02224709287202	0.410608941783725	44
-0.0160408315278899	0.407403518042765	44
-0.0563013527473599	1.10304253111532	34
-0.0094661124314801	0.903828568632995	2031
0.119843596630481	0.804425079644803	2031
-0.0272685011114999	0.413655990175607	1074
0.06012439529967	0.684740063057843	910
0.068084404463721	0.677016645022378	12
-0.04594092894344	0.831882842510366	129
-0.02655133741802	0.413516459136083	507
0.022692577055393	0.485301161686538	507
-0.02171241051411	0.409806924167185	2
0.02271214907369	0.487579497608867	2
0.017490111099017	0.489691604438174	769
-0.02655133741802	0.413516459136083	49
-0.0181871885549101	0.408299416064853	49
0.01312072922513	1.47568523792057	23
0.03218354428047	0.479413582214499	36
0.099240424138065	0.744715985962841	36
-0.0308800899146	0.413479379600555	36
0.023219745533527	0.485729407307986	36
-0.02681629356167	0.412672237731607	44
-0.02054390147798	0.410401139638387	44
-0.0311435899907899	0.41466914140038	44
0.02137253989597	0.48720056173569	34
-0.0181871885549101	0.408299416064853	425
-0.08131749145537	0.724887898721916	34
0.097300999183317	0.750107238460331	1157
-0.0619163112635	1.10832910668047	12
0.0518294428142	0.578940599864088	129
0.038113582516263	0.588829676031153	129
-0.0195594609890499	0.408907543271993	2682
0.073574210342093	0.672071786781999	507
0.024777930759568	0.485508813766345	507
-0.0272685011114999	0.413655990175607	2
-0.02126179208727	0.410975081816502	2
-0.0177419809880199	0.408465897919083	769
-0.0209943829552901	0.409776652047704	49
-0.00698618004440998	1.67186573672175	23
0.039746957751994	1.5396267472788	23
-0.04733559836463	1.37893093277852	36
0.027002406360128	1.21360564443152	393
-0.02126179208727	0.410975081816502	36
-0.02655133741802	0.413516459136083	36
0.01839074123836	0.488352554838335	36
-0.0428686643377201	0.822106360500805	44
0.117341123866478	0.81044084398603	44
0.074031860122843	0.671231161262418	2585
0.022969991702422	0.486647207067339	44
-0.0209943829552901	0.409776652047704	44
-0.02368524530921	0.41093826511309	44
0.123517292206472	0.800242020116301	34
0.041071383347147	1.02213540931384	34
-0.11106882953122	0.75608362204525	34
0.027863955920451	0.483928968898868	51
0.0244546030278719	0.486210829047288	2
0.115477441351419	1.91690172318429	23
0.028446503813386	0.48360544938142	36
-0.01845805499361	0.408763534655611	36
-0.0191745054275401	0.408793596683385	36
-0.0195594609890499	0.408907543271993	36
0.025296222724603	0.484980985533228	466
0.028446503813386	0.48360544938142	2585
-0.0969971100525699	0.746431748529318	44
0.0537513505617701	1.00059551427702	34
-0.00854039644107996	0.905522014301468	34
-0.0177419809880199	0.408465897919083	34
0.074534821795622	0.671053108926306	34
0.00769471668815103	0.877110979844739	34
0.095520934271072	0.751910199176342	34
-0.0213339937447401	0.410034538747514	188
-0.02027673323395	0.409478238556457	1074
0.069233880804932	0.678834890189512	12
-0.0449552347245801	0.832895654322315	12
0.038562990733529	0.932815827808412	12
-0.0951401345906999	0.745894843709305	129
0.069045891537287	0.677871562537287	129
-0.09353662331041	0.741843624359259	129
-0.10811678602439	1.06724831409094	129
-0.0132244601003699	0.40491562005861	51
0.0759679802015319	0.669213087434619	51
0.050377709041318	0.581191372480998	51
-0.02511814143824	0.41200820059487	2
0.115346341223722	0.813314618588015	393
-0.10375966946155	0.75224999052497	36
0.06742055899984	0.679853194088937	36
0.024777930759568	0.485508813766345	36
-0.02655133741802	0.413516459136083	44
0.086549697849164	0.760584207501529	44
-0.09502362707333	0.742673691836324	44
0.06772735421571	1.05668428375774	44
0.102700846995446	0.741076444956525	44
0.12284553189549	0.876804693870205	44
0.0232932211435261	0.487372497728726	44
-0.03199843072072	0.412804610575588	44
-0.02727094775326	1.14991213530226	34
-0.0558771967740599	1.09546663154883	34
-0.0035321392721801	0.899341929598494	34
0.098687070657973	0.746193556627505	34
0.093283900154244	0.753358453636231	34
-0.0944731529637399	0.742342543600819	34
0.09968568406122	0.744935017772808	129
0.075150305944315	0.67323785521102	507
-0.02224709287202	0.410608941783725	2
-0.01982638852231	0.409294816847698	2
-0.0244613091661201	0.410741903929385	646
-0.00420153493491005	1.19974959194363	36
0.0882428120500131	1.15170496611257	36
-0.07040213775265	1.1200562748358	36
0.039673199828994	1.02225025455011	199
0.022248882427256	0.963215634194783	44
-0.10188258443892	1.06211710429363	508
-0.02027673323395	0.409478238556457	508
-0.00514455625752008	0.897752962654693	12
-0.04304584551746	0.83102684917276	12
0.066928099402158	0.680486650454705	12
-0.0725378200667299	1.342097844145	129
-0.02152858466472	0.41003633195509	51
0.022633873439302	0.486054814054359	51
0.024126413957558	0.486297529129953	51
-0.0219800607115199	0.411274533949238	769
-0.02027673323395	0.409478238556457	769
-0.02152858466472	0.41003633195509	769
0.105502742406026	1.24295696037364	23
0.109651213737518	0.819072304243932	36
0.0252034248788769	0.957327997987813	36
-0.0282514925208599	0.413283993547182	36
0.123851656394535	0.943826737377552	36
0.114787655665947	0.810577878063244	199
-0.0219800607115199	0.411274533949238	36
-0.02655133741802	0.413516459136083	36
-0.02027673323395	0.409478238556457	36
-0.0177419809880199	0.408465897919083	44
0.022955577507461	0.486743487685973	425
-0.0313992939810701	1.15896406187718	34
-0.09370797935048	0.744558942126431	2031
-0.0195594609890499	0.408907543271993	2031
-0.02224709287202	0.410608941783725	2031
0.099747139299164	0.745854896476391	12
-0.0505369305957699	0.837790765579806	129
0.098444244893285	0.744166845941567	129
0.10002263050189	0.745477076515289	129
-0.00990399053595992	0.903466135607953	129
-0.0269120235748399	0.411228846660803	236
0.018979883904056	0.490062948615881	236
0.106603898173102	0.824686938946543	36
0.117655991160852	0.884585116945207	36
0.066985984279481	1.05536427933882	36
0.052117990136563	1.07959232810629	199
-0.02655133741802	0.413516459136083	36
-0.0433665860941499	0.827517153097752	44
0.080950328665697	0.663592801240886	44
-0.00702173739398004	1.20484469204506	44
-0.09353662331041	0.741843624359259	534
-0.02303104447883	0.410996649608088	44
-0.10381044013354	1.06224402598014	34
0.111544531623641	0.817191747468691	34
0.104587877537069	0.739150690634731	129
0.122166108512863	0.880787797436069	129
0.028770399960519	0.482516920035912	129
0.045122540926785	0.584713252751266	236
0.026957364462212	0.48365648985277	177
-0.09359018695335	0.7412120755166	51
-0.02303104447883	0.410996649608088	1730
-0.02269870771255	0.411303674855888	1531
-0.02062042675795	0.40900976372954	629
0.027863955920451	0.483928968898868	2
-0.05343961975496	0.839710094103406	603
-0.02027673323395	0.409478238556457	222
-0.02655133741802	0.413516459136083	646
-0.0408843785897199	1.36795657112875	23
0.087941959135959	1.09024719597514	23
-0.00083740265108001	1.19349534754941	36
-0.02171241051411	0.409806924167185	36
-0.02231647525331	0.410527599337308	36
-0.00178875788710009	0.895771076593579	44
0.018396040612831	0.490271397263528	34
0.02046807907243	0.488971745774085	188
0.0539882366235001	0.577157698100559	129
-0.02269870771255	0.411303674855888	264
-0.02655133741802	0.413516459136083	177
-0.02655133741802	0.413516459136083	731
-0.02126179208727	0.410975081816502	629
0.023805360299448	0.485199002275023	629
0.049398878557528	0.578704046797879	2
-0.02054390147798	0.410401139638387	769
0.102049071252335	1.80188400504073	23
0.065485343251914	1.65225040811489	23
0.0833667083137179	1.16300884741007	23
0.076902905878115	0.669258092131656	36
0.043007105156984	1.01628203529845	36
0.11736454316479	0.80927432268958	36
0.104587877537069	0.739150690634731	199
0.015313266708984	0.491302403590035	36
-0.03296954874744	0.413290537707713	44
0.045715326995984	1.00982057719071	425
0.027540497875428	0.483333049189275	34
-0.02224709287202	0.410608941783725	236
0.023541124291656	0.486623205126517	177
-0.0181871885549101	0.408299416064853	629
0.0518294428142	0.578940599864088	2
-0.02655133741802	0.413516459136083	769
-0.0287712475609301	1.74214673835276	23
0.090919830011903	0.756343610773942	36
-0.0987239693244599	0.745539415783919	36
-0.02231647525331	0.410527599337308	36
-0.0163109608263099	0.406800295212078	44
0.0539882366235001	0.577157698100559	44
-0.0269120235748399	0.411228846660803	44
-0.02126179208727	0.410975081816502	44
-0.02126179208727	0.410975081816502	44
0.12398446869219	0.874759726266147	34
-0.0462578470230299	0.829536267240305	34
-0.02027673323395	0.409478238556457	945
-0.0567206945972201	0.841853960773118	129
0.047164293133111	0.582233807767243	129
-0.0148406140770101	0.911480425200504	236
-0.02269870771255	0.411303674855888	236
0.0750070756688001	0.670850747447366	177
0.021050822262274	0.488251197847747	731
0.074658621008098	0.674342667441165	629
-0.0241372766757999	0.410514033565441	2
0.01988508042586	0.489418532086656	769
-0.0275337041419801	0.41314398527887	769
-0.02628576158792	0.412152659857664	222
0.022687578379848	1.2995600094123	23
0.107195968726206	0.822668308502385	36
-0.0506008627741601	0.837514751573075	36
-0.06576857067052	1.11360081022981	36
-0.0938441532169201	0.741799255817169	199
0.0706491011342451	0.677600223780693	199
-0.01702628305176	0.407896565848327	36
0.0275820480737901	0.94965529922525	44
0.05070589095183	0.579346013754557	44
-0.01845805499361	0.408763534655611	44
-0.11132020630707	1.06943662473354	44
-0.08557544383312	0.732000523063746	44
-0.0219800607115199	0.411274533949238	425
-0.00514455625752008	0.897752962654693	34
0.017842306074623	0.964624739773222	34
-0.03511371311541	0.816248626836534	34
-0.0415276425582101	0.825942113642167	34
-0.00815324744405999	0.903173471733457	1157
0.070970466194765	0.676426069400077	2031
0.027856193403859	0.482188714832345	236
-0.02655133741802	0.413516459136083	236
-0.02171241051411	0.409806924167185	264
0.028446503813386	0.48360544938142	177
0.078699498205161	0.668647075938239	177
-0.0234177334526799	0.410826590483551	2
-0.01845805499361	0.408763534655611	769
-0.0878362562520201	2.42480043253745	23
0.08228468872822	1.10115691918957	23
0.021050822262274	0.488251197847747	36
-0.0544998716459599	1.09719004075089	36
0.018134467076113	0.489594120900239	36
-0.10080348417853	0.747768061330193	36
0.025032944637482	0.485654316649321	137
0.040699374541219	0.586317312817613	44
0.108230673605084	0.82125881967952	44
-0.10036097927692	0.748721931680056	44
-0.02655133741802	0.413516459136083	44
0.02137253989597	0.48720056173569	425
-0.0282333807314701	1.15207022024832	34
0.122401878691151	0.877808480337022	34
-0.02296597963264	0.410908197770573	1276
0.024126413957558	0.486297529129953	12
0.071442525640841	0.67612984240809	129
0.053147117050718	0.576512808420613	236
-0.10093989104133	1.0577106634177	236
0.067400037520026	0.679813497175578	236
0.05540663389518	0.576037715189495	177
0.056320556981009	0.574080932087151	177
-0.0219800607115199	0.411274533949238	51
-0.0167559082206199	0.407972067925741	51
-0.0248530618398799	0.411542674464278	2
0.046143796159531	0.583984480648196	2
-0.01702628305176	0.407896565848327	603
0.057339219220553	0.572744105072457	769
-0.02628576158792	0.412152659857664	769
0.118643013145562	1.3242011893538	23
-0.087683510794	1.03404603083089	23
0.119357859108311	1.26660628573353	36
0.121823566319412	0.878809811168953	36
0.113902216099469	0.815187117891235	36
-0.0601917775757299	1.10959466886798	36
0.047495517925969	0.582845325381987	36
0.018658717968524	0.489036202673862	36
0.053013566204948	1.0011080868138	199
0.044517466570731	0.584166967956716	44
-0.0177419809880199	0.408465897919083	425
0.093801741876984	0.753017993769184	34
0.099240424138065	0.744715985962841	129
0.0247114467027531	0.485765853390852	51
-0.10134387164836	1.30406818982182	36
-0.02152858466472	0.41003633195509	36
0.090564531082923	0.757248632726296	36
-0.0678158652983201	1.33283826819284	36
-0.0536706867647601	1.09723823852607	199
0.027540497875428	0.483333049189275	36
-0.0177419809880199	0.408465897919083	44
0.014409992178878	0.491945039298103	2703
-0.0411260170223	0.8264434980829	425
-0.09887395139294	0.748376430830867	425
-0.0944201867226	1.04034596856258	425
0.061661845273443	1.06355594305718	425
0.076780352724783	0.668612305561363	34
-0.04777381758832	0.833395455975449	34
0.115447026763336	0.809800597066764	1157
0.112696687543361	0.814766209784589	1157
0.079679286178049	0.665287102791647	129
0.0505938998082081	0.578321110937991	129
0.124202606844724	0.875568021263858	129
0.019301826126752	0.489626676436646	177
0.0247114467027531	0.485765853390852	4563
-0.02681629356167	0.412672237731607	2
0.031687699843686	0.946489191777505	36
0.044349897190782	1.01648449290563	36
0.048837705584495	0.579562896948135	36
-0.0266455653020099	0.411660707456765	36
-0.0990407384931899	0.749149383670419	44
-0.0917245654501699	0.740271630477432	44
0.050194666437503	0.579508239942932	44
-0.0982326258442601	0.744779976743532	425
0.018979883904056	0.490062948615881	1157
0.110992430611307	0.816603452369896	34
-0.0227622512530099	0.410642108899905	945
0.072735157589679	0.674295303926489	129
0.044723525975505	0.583718864447723	129
0.055915571549304	0.57547798114334	129
0.047064659101968	0.583528390275705	177
-0.02126179208727	0.410975081816502	177
-0.0258345509801201	0.413043803481388	3151
-0.10322268689064	1.06001986841933	36
0.024797269825339	0.958261631848462	36
0.023874039063565	0.486927927519843	36
-0.0065841190698499	0.900758949756404	44
0.023161458918446	0.960349703327287	44
-0.09887395139294	0.748376430830867	44
0.019301826126752	0.489626676436646	425
0.098997884734143	0.741103844427745	34
0.077739662685169	0.669278488586703	425
-0.0985061085757699	1.05567167961361	34
-0.04771390287254	0.834730965978367	1157
-0.10331449111284	0.751667511887504	1157
0.119715354029747	0.804912495051046	1157
0.096789830902785	0.746846209356242	34
-0.0282514925208599	0.413283993547182	945
0.026957364462212	0.48365648985277	188
-0.10117692908368	1.05472774370656	129
-0.02126179208727	0.410975081816502	469
-0.0160408315278899	0.407403518042765	2
-0.02126179208727	0.410975081816502	484
-0.02231647525331	0.410527599337308	2
-0.02126179208727	0.410975081816502	2
-0.0275337041419801	0.41314398527887	769
-0.0258345509801201	0.413043803481388	3402
-0.02224709287202	0.410608941783725	324
0.075219785123088	1.38156782198744	23
0.067685419035345	1.33677011467074	36
0.096002664250372	0.748067302340494	36
0.050887377243427	0.580940901573	36
0.068385646125452	0.67818335116457	36
-0.10308235226038	1.05611680453915	199
-0.0160408315278899	0.407403518042765	36
0.071914431412099	0.675604549569384	44
0.014671196537116	0.489510244665269	44
-0.02126179208727	0.410975081816502	4513
-0.0177419809880199	0.408465897919083	2929
0.028123375859096	0.482805576227173	34
-0.03647113929269	0.415792999867536	188
-0.10276947661824	0.751442714649019	129
0.024448238004705	0.485979489293663	129
-0.02126179208727	0.410975081816502	177
-0.02296597963264	0.410908197770573	4563
-0.02681629356167	0.412672237731607	3151
-0.01845805499361	0.408763534655611	769
0.116289118360308	0.812379417565106	36
-0.10177997679462	0.749237643740313	36
-0.02126179208727	0.410975081816502	36
-0.02152858466472	0.41003633195509	36
-0.0258345509801201	0.413043803481388	5002
0.075621144230676	0.672942733062937	44
0.07202321558479	0.67428130464179	44
-0.02628576158792	0.412152659857664	188
-0.0449552347245801	0.832895654322315	129
0.114506194418578	0.815177293556117	129
-0.02368524530921	0.41093826511309	2
0.092413020185408	1.50987591793114	23
0.060481560246523	1.06661847522354	36
-0.0597913449462399	1.10906314527604	36
-0.03405442880131	1.1625727618469	36
0.019563471132187	0.489615442131538	36
-0.0219800607115199	0.411274533949238	36
0.102811384970638	0.740517434547227	199
0.0761135995935041	0.670624604101906	199
-0.0985472828176801	0.748592632260613	36
0.111151571656099	0.819598627143199	44
0.077362797922286	0.667901479664377	44
-0.05485954999278	0.841930533211944	44
-0.01884256586002	0.40780874728478	44
0.025032944637482	0.485654316649321	44
-0.0519883939647301	0.839326579999558	44
0.088575656538834	0.757762567461296	44
-0.03042831861484	0.413737551949063	44
-0.02062042675795	0.40900976372954	1772
0.023541124291656	0.486623205126517	425
-0.03389595485908	1.16442621527421	425
-0.0258345509801201	0.413043803481388	425
0.023731514251276	0.957945063946225	1157
0.095266562536257	0.751957582714005	34
0.112961775955114	0.814931983112645	34
0.0950755844876781	0.751756626993878	129
0.05070589095183	0.579346013754557	129
-0.02204793512445	0.410502951592421	177
-0.0272685011114999	0.413655990175607	177
-0.0248530618398799	0.411542674464278	469
0.070935133390777	0.675244386887718	469
-0.0283384601138399	0.412461825619006	484
-0.0260761263693501	1.95635763879823	23
0.112113387988865	1.2275928083074	36
-0.02655133741802	0.413516459136083	36
-0.01982638852231	0.409294816847698	5002
0.102019528214423	0.742296797896971	44
-0.0984309517191799	0.748279555131063	44
0.046553626280165	0.584006513426087	44
0.018979883904056	0.490062948615881	4513
-0.02655133741802	0.413516459136083	1772
0.12352318120513	0.878107006467509	425
-0.09135994536647	1.0424262066806	425
0.024126413957558	0.486297529129953	425
0.043095066523161	0.585934535298324	425
0.0223885826807479	0.487091304289586	425
0.036590071922614	0.587446566250107	34
0.026523202592572	0.483366492541231	34
-0.0906828892265601	0.737841731938897	34
-0.0927693398370399	0.74195796483767	34
-0.0241372766757999	0.410514033565441	945
0.073225302584195	0.675272608175274	129
-0.0449552347245801	0.832895654322315	1127
0.023541124291656	0.486623205126517	177
0.0850148478313501	2.29931329001887	23
-0.0744784525334301	1.7148136989528	36
0.115843325880364	1.32610896024825	36
0.099891816516355	1.13174160717298	36
-0.0708770581327101	1.53219314885794	36
0.096378499155785	0.750313778251833	2757
0.00556608393768199	0.49380169164089	2757
-0.02303104447883	0.410996649608088	199
-0.0158393015918199	0.911808965750807	1594
0.093258496111483	0.755184548775958	44
0.015894522042094	0.490668273213241	425
0.00190389877237196	0.888898836671451	425
-0.0464030091619601	0.832058764743774	425
-0.0263079638519399	1.14711734886799	34
-0.0258345509801201	0.413043803481388	901
0.046553626280165	0.584006513426087	129
-0.10317704041218	1.05966170892417	129
0.074918538886677	0.672225774802435	1538
0.024777930759568	0.485508813766345	177
-0.02152858466472	0.41003633195509	2
-0.02655133741802	0.413516459136083	2
0.076562361741353	0.671658183634831	36
0.067400037520026	0.679813497175578	36
0.108754493897287	0.821038919019401	199
-0.00810417892223003	0.905474597546475	2757
-0.02126179208727	0.410975081816502	2529
0.07179187437029	0.674648039923073	44
0.026957364462212	0.48365648985277	44
0.019616290013416	0.487846557035176	44
-0.0275337041419801	0.41314398527887	44
-0.0255692233576701	0.412012891941837	1772
-0.09986512967794	0.748905423800284	425
0.022955577507461	0.486743487685973	1154
-0.0916718942050301	0.739129017850734	425
0.075479175818931	0.670441921506615	34
-0.0979870487155401	0.746959754979035	34
-0.0255692233576701	0.412012891941837	34
0.094520481774937	0.75248958975014	34
-0.0974407396063199	0.74719824613095	129
0.05500708637083	0.576236141885541	129
0.046042408356414	0.584258121837317	1127
-0.02027673323395	0.409478238556457	177
-0.02269870771255	0.411303674855888	469
0.046816087389042	1.63745282477822	23
-0.02655133741802	0.413516459136083	36
0.029057810771663	0.951688890430433	199
0.029028796684373	0.483077229419228	199
0.027856193403859	0.482188714832345	546
0.049796326412217	0.579793446877527	36
-0.05538774647594	0.84154069919388	44
0.07179187437029	0.674648039923073	44
0.070092099548179	0.676115353206551	44
0.052878937312458	0.998850782316651	425
0.018658717968524	0.489036202673862	1154
-0.04014244204151	0.825746148014043	425
0.078717919400296	0.667870587055351	34
-0.0543971204528599	0.841139446146935	34
0.045122540926785	0.584713252751266	34
0.087886281935478	0.757900451120911	34
0.023541124291656	0.486623205126517	188
-0.0315954817494399	0.413194685338354	188
-0.1037086147692	0.750296020634772	129
0.093283900154244	0.753358453636231	1538
-0.0438872227320399	0.828168845104135	177
0.025032944637482	0.485654316649321	177
-0.01702628305176	0.407896565848327	2
0.023874039063565	0.486927927519843	603
-0.01982638852231	0.409294816847698	769
0.01839074123836	0.488352554838335	769
-0.0038558177554	1.1955021636096	36
-0.02655133741802	0.413516459136083	546
-0.0942016332629401	0.744959671022221	44
0.0461287608488971	1.01273679281638	44
-0.0318592374786799	0.414980836560012	44
-0.09370797935048	0.744558942126431	44
0.018396040612831	0.490271397263528	44
0.054897507576278	0.576398296971569	34
-0.04599191629359	0.831598914723064	129
0.074658621008098	0.674342667441165	129
0.0573202109205781	0.572112007277655	1538
-0.02171241051411	0.409806924167185	1538
0.025032944637482	0.485654316649321	1538
-0.02126179208727	0.410975081816502	177
-0.0209943829552901	0.409776652047704	177
0.023219745533527	0.485729407307986	469
-0.0258345509801201	0.413043803481388	2
-0.0174713604435499	0.408269330515601	2
-0.02269870771255	0.411303674855888	603
-0.0994218573847401	0.748221822077759	36
-0.02062042675795	0.40900976372954	732
-0.0944731529637399	0.742342543600819	44
-0.0283384601138399	0.412461825619006	34
0.023541124291656	0.486623205126517	34
0.111965529278176	0.816378753836307	34
0.090022270057303	0.756399184200658	34
-0.0248530618398799	0.411542674464278	803
0.048887062491406	0.579066392358594	129
-0.00440460215055993	0.899509463454117	129
-0.00273563248444009	0.893265829729776	236
0.075600322976015	0.673055187337654	1127
0.023863274661684	0.486099627797188	2
-0.10575862685852	1.71594183013608	36
-0.07356625235593	1.53929805274876	23
0.03136160712459	0.944505986352145	2757
0.042055490860016	1.01806841657069	199
-0.02628576158792	0.412152659857664	36
-0.0255692233576701	0.412012891941837	36
-0.02628576158792	0.412152659857664	44
0.024448238004705	0.485979489293663	4
0.050082687138341	0.577965401521418	425
0.05070589095183	0.579346013754557	425
0.090564531082923	0.757248632726296	425
-0.0072786445856301	0.901404336756315	3804
0.046553626280165	0.584006513426087	1154
0.079641305023559	0.667197169710399	34
0.0223885826807479	0.487091304289586	536
-0.02269870771255	0.411303674855888	945
0.046403519150757	0.583890417561864	1538
0.027863955920451	0.483928968898868	1127
0.026698094287039	0.483918518491508	177
-0.0275337041419801	0.41314398527887	727
0.016815603442219	1.46306522450365	36
0.11408594226082	0.81576616472423	36
-0.02231647525331	0.410527599337308	199
-0.0255692233576701	0.412012891941837	319
0.073348547925947	0.673181447993402	1594
-0.0244613091661201	0.410741903929385	1594
-0.09353662331041	0.741843624359259	44
-0.10908053446485	0.75353258326793	44
0.028181103985181	0.482398775511905	44
-0.09353662331041	0.741843624359259	44
-0.0311435899907899	0.41466914140038	1533
0.024448238004705	0.485979489293663	3549
0.116501820606755	0.812296957776269	425
-0.00897674281875993	0.905245715066116	425
0.047750648283699	1.0114144757488	34
-0.00702135644871005	0.900982010496024	34
-0.00217219941536007	0.892605908927386	34
0.119434167318041	0.879576027329913	34
0.01988508042586	0.489418532086656	945
-0.0209943829552901	0.409776652047704	188
0.062529237546514	0.683719497482565	129
0.11184581941048	0.818332972531491	236
0.045969789751919	0.584316078302034	236
-0.02171241051411	0.409806924167185	1127
-0.0248530618398799	0.411542674464278	1127
0.09968568406122	0.744935017772808	177
-0.02269870771255	0.411303674855888	1292
-0.02303104447883	0.410996649608088	1654
-0.10173520126306	1.0605611669108	36
-0.06455010899866	1.11016907922399	199
-0.0213339937447401	0.410034538747514	199
-0.0248530618398799	0.411542674464278	36
0.023551146358285	0.485931475764711	44
0.071634564639781	0.676943032280065	44
-0.02054390147798	0.410401139638387	44
-0.02303104447883	0.410996649608088	3171
0.022989646528364	0.961213765986677	34
0.050194666437503	0.579508239942932	252
-0.0195594609890499	0.408907543271993	34
0.053253240557937	0.577049210165718	129
-0.0412160222892599	0.826931165053183	236
-0.02655133741802	0.413516459136083	1127
-0.02126179208727	0.410975081816502	177
-0.0219800607115199	0.411274533949238	177
-0.0177419809880199	0.408465897919083	177
-0.0181871885549101	0.408299416064853	469
-0.02628576158792	0.412152659857664	484
-0.0275337041419801	0.41314398527887	769
-0.00272223896570001	1.58876614897412	23
0.071424352203243	0.675881494724746	23
0.123020255742009	0.876082236070274	36
0.030101391314418	1.03338757372967	36
0.047267288477991	1.01111795621008	199
0.087389668869961	1.08683045107469	1024
0.00983152936510301	0.493104173001136	199
-0.0272685011114999	0.413655990175607	36
0.014991841711362	0.491309861338566	36
0.013349202153603	0.483507236054255	44
0.086549697849164	0.760584207501529	1594
-0.02027673323395	0.409478238556457	44
-0.0439687512335301	0.832194077126855	44
-0.02126179208727	0.410975081816502	3804
0.051971652767595	1.00321629498551	1154
0.109900283758764	0.815496173493506	425
0.0596701660743	1.06400955606505	425
-0.0944731529637399	0.742342543600819	34
0.090840015177043	0.755098140020922	236
0.028705998608865	0.482027330230746	177
0.07499122575943	0.670844352847662	469
-0.0195594609890499	0.408907543271993	484
0.023541124291656	0.486623205126517	2
-0.01845805499361	0.408763534655611	2
0.021329113073461	1.51675854089274	23
0.039507499115352	1.33099335409885	36
-0.0162132962158399	1.21682467276593	1024
-0.04304584551746	0.83102684917276	36
-0.02655133741802	0.413516459136083	36
0.028446503813386	0.48360544938142	36
-0.01702628305176	0.407896565848327	2253
0.011489899094862	0.49035614866777	44
-0.02655133741802	0.413516459136083	44
0.08487589408841	0.758379596722169	3804
-0.00859074094941992	0.903658932187242	3804
-0.0578193944823	1.10383721923625	3804
0.090689840595226	0.75595865064809	1154
0.101093204126776	0.74444678499081	252
-0.02204793512445	0.410502951592421	188
0.023874039063565	0.486927927519843	129
0.071933553960571	0.674762787104962	188
0.025032944637482	0.485654316649321	177
-0.0160408315278899	0.407403518042765	2387
0.070219973890188	0.678177052077024	2
-0.02054390147798	0.410401139638387	3726
0.024777930759568	0.485508813766345	3726
-0.0219800607115199	0.411274533949238	927
0.110340973021151	1.28899188494637	23
0.05350772339612	1.0792756537866	23
-0.0444935043263801	0.832447809661205	36
0.039927607602927	1.02198536274261	36
-0.0352866756603201	1.34927745279315	23
0.026373975423623	0.483776495964029	199
0.026785526244306	0.483008604292286	199
-0.02296597963264	0.410908197770573	546
-0.0276250547772201	0.412152135341901	36
-0.02681629356167	0.412672237731607	36
-0.06037572577293	1.10958048782468	1594
0.074519041082074	0.671460073883177	1594
0.05070589095183	0.579346013754557	44
-0.0930948258084601	0.740932074264058	44
-0.10654045900017	1.0650501145364	3804
-0.0433665860941499	0.827517153097752	3804
0.054098893046445	0.575716282314449	425
0.097300999183317	0.750107238460331	252
-0.0195594609890499	0.408907543271993	34
0.018979883904056	0.490062948615881	188
-0.02126179208727	0.410975081816502	1538
-0.0272685011114999	0.413655990175607	177
-0.10182988102938	0.750945116951384	177
-0.02027673323395	0.409478238556457	469
0.073716306314725	0.674693986096887	36
0.0415564661300279	1.01739786460941	36
-0.000616750378479969	0.894124517169459	36
0.062420821681919	0.683593855783429	1024
0.05449775594732	0.576796655212425	199
-0.02054390147798	0.410401139638387	199
-0.0167559082206199	0.407972067925741	1594
-0.03673220057408	0.41465136287282	2314
-0.02224709287202	0.410608941783725	44
0.025355212710095	0.484218430760984	3804
0.072141245978719	0.672438914191529	425
-0.10288337205168	1.06267117718296	425
-0.02231647525331	0.410527599337308	34
-0.0925996379656999	0.740411712998113	1471
0.052525919680167	0.57602805165421	129
0.023219745533527	0.485729407307986	188
0.11830280656349	0.808420329967868	188
-0.03968099731347	0.825178442588961	188
0.025296222724603	0.484980985533228	34
0.014991841711362	0.491309861338566	1127
-0.0275337041419801	0.41314398527887	2
0.023805360299448	0.485199002275023	769
-0.02296597963264	0.410908197770573	927
-0.0303449423514	1.15872709275637	36
-0.0280714808186899	0.411686144962534	182
-0.02231647525331	0.410527599337308	1594
-0.00140896959118009	0.894377861713856	2253
-0.0985472828176801	0.748592632260613	44
-0.09540922677664	0.741226520654057	425
-0.0421971422112599	0.827947925603214	425
0.054778517588714	0.576317095835151	1471
0.117300880564114	0.809022047530177	129
0.059277399129704	0.571370271910972	236
-0.02054390147798	0.410401139638387	469
-0.0272685011114999	0.413655990175607	769
-0.0219800607115199	0.411274533949238	23
0.067245206515453	1.69536208763799	3175
0.0508105534396051	0.579200899348131	393
-0.0976077153336501	0.747657883049334	36
-0.0311435899907899	0.41466914140038	735
0.0770923910211771	1.11017663268695	2253
0.00957316444726697	0.493124979547143	44
-0.01496546029643	0.909866491256603	44
0.018396040612831	0.490271397263528	44
-0.01845805499361	0.408763534655611	44
-0.0258345509801201	0.413043803481388	2309
-0.02628576158792	0.412152659857664	44
0.046143796159531	0.583984480648196	4
0.05449775594732	0.576796655212425	1154
0.052238425618642	0.577634620167254	34
0.018979883904056	0.490062948615881	34
-0.04626004146953	0.831332927333273	129
0.0178110921690789	0.488982547182895	34
0.0244546030278719	0.486210829047288	2404
0.022047743818713	0.486175826254412	1127
-0.0227622512530099	0.410642108899905	177
0.024126413957558	0.486297529129953	469
0.063125821282977	2.3577775180285	3175
0.0676858600015799	0.677238669698286	199
0.04994577766228	0.581730930079566	199
0.041130590971366	0.587406556553626	199
-0.0438872227320399	0.828168845104135	36
0.025780707878682	0.953438924607545	2253
0.048444268267968	1.00864537588298	1594
-0.0125153526891599	1.21305830660729	1594
-0.0463270415386301	0.831640952927565	44
-0.0282333807314701	1.15207022024832	44
0.10780973634878	0.82124588445638	44
0.071933553960571	0.674762787104962	44
0.039568575174491	0.587147713295557	44
-0.00452922723799998	0.900768800433598	4
-0.0897986252234599	0.739035587099458	34
0.019616290013416	0.487846557035176	188
0.01988508042586	0.489418532086656	34
-0.10566786955652	1.30825870940766	34
-0.05631316814499	0.842781959858095	236
0.018979883904056	0.490062948615881	236
-0.0127061070072101	0.90831676650542	177
0.025355212710095	0.484218430760984	484
0.020207465749117	0.487853014850325	2
-0.0219800607115199	0.411274533949238	2
-0.0244048902648399	0.410464208205061	769
0.028329217714112	1.21205425615235	36
0.107613103791664	0.821905450779983	36
0.04994577766228	0.581730930079566	36
0.0232932211435261	0.487372497728726	5508
0.056424320659979	0.574695656875561	735
-0.0177419809880199	0.408465897919083	735
0.051840888992308	0.576999825318034	2253
0.105256690047502	0.735922068554177	2253
0.111570946431512	0.819360349115924	2253
0.066642286210667	1.1255501479073	2253
-0.0282514925208599	0.413283993547182	1594
-0.10182988102938	0.750945116951384	1594
-0.0162764160872699	0.912294796014348	1594
-0.0509440163705599	1.0903418471292	1594
0.121456240140549	0.947898414069882	1594
-0.0690204621627799	1.33465804606964	44
-0.10002734577024	1.05916311403296	44
-0.04869894467495	0.835129264417011	44
0.019563471132187	0.489615442131538	44
-0.02126179208727	0.410975081816502	44
-0.02681629356167	0.412672237731607	224
0.0101531477092141	0.492979790768356	4
-0.0624559988281901	1.10877327614025	3804
0.022969991702422	0.486647207067339	425
0.037679701785417	0.588778985874086	1154
0.106438387617139	0.732850432967288	1154
-0.0922761699051799	0.741285393301026	425
-0.09986512967794	0.748905423800284	425
-0.02171241051411	0.409806924167185	34
-0.09981168701069	0.747238677755028	188
0.076796764290853	0.669889391893917	34
0.049435794200234	0.58198163053543	2404
-0.0219800607115199	0.411274533949238	2404
0.072753826285851	0.675328600448007	177
0.039134035490633	0.587435528091945	177
0.059515958709362	1.35434089061768	23
-0.03029500599725	1.58933312527706	23
-0.12016481188729	1.45349294636592	36
-0.0272685011114999	0.413655990175607	5508
-0.0282514925208599	0.413283993547182	735
0.119245182724495	0.881389599878933	1594
-0.0373870566069201	0.820654794371833	44
0.025617394757113	0.485123505343381	44
-0.0275337041419801	0.41314398527887	44
-0.0258345509801201	0.413043803481388	44
-0.0219800607115199	0.411274533949238	1154
0.023874039063565	0.486927927519843	34
-0.04435580805599	0.828386259158782	34
0.098531934330063	0.746027210420425	34
0.0549680779737231	0.997870600515841	34
0.054167078046774	0.573685580452182	236
-0.0275337041419801	0.41314398527887	2
0.104862910575104	2.00495464165413	3175
-0.05013864208843	0.836242482015681	1475
0.118192227731502	0.881944926647194	36
0.083756748635096	1.1645824352683	2253
0.01839074123836	0.488352554838335	44
-0.02160228096364	0.409501347707808	890
-0.10520115481673	1.30517101145332	425
0.070935133390777	0.675244386887718	425
-0.0201019226800701	1.1394189110258	425
0.080885277208853	0.764241528679321	34
-0.02296597963264	0.410908197770573	34
-0.02269870771255	0.411303674855888	188
0.046042408356414	0.584258121837317	129
0.022369773407166	0.486612908966987	236
-0.0219800607115199	0.411274533949238	1697
-0.0258345509801201	0.413043803481388	769
-0.0303193983082799	1.15485336781473	393
0.019301826126752	0.489626676436646	1475
0.099088544958826	0.746933026949287	1475
-0.01702628305176	0.407896565848327	1594
0.063053194940538	0.679030559091729	1594
-0.02126179208727	0.410975081816502	1594
0.05500708637083	0.576236141885541	1594
-0.0462036113569599	0.831908676858292	44
-0.02126179208727	0.410975081816502	44
-0.02681629356167	0.412672237731607	44
0.05002468734628	0.58003113474946	4
0.051739038767166	0.577140822976249	425
-0.02204793512445	0.410502951592421	34
-0.0982739716043901	0.743853055975631	188
-0.0959053333923801	0.741746995291025	129
0.050307751945362	0.579430672939284	188
0.102354444358692	0.74157863975115	34
-0.0515884620604199	0.837912981263359	34
0.047064659101968	0.583528390275705	236
-0.0272685011114999	0.413655990175607	177
0.019292824771818	0.48863605366341	469
-0.02269870771255	0.411303674855888	484
-0.02027673323395	0.409478238556457	769
0.10739446353704	1.62434903823585	3175
0.0537915419256531	0.999001383831768	393
0.051408428473565	1.00505100382091	393
-0.10061778811148	1.30235525290379	1475
-0.0747467314468799	1.54187445197809	1024
-0.0448922346501099	0.832250767371396	199
0.04994577766228	0.581730930079566	199
-0.0284898667812801	0.409754528102212	199
-0.02681629356167	0.412672237731607	199
-0.02054390147798	0.410401139638387	36
-0.02312766659831	0.40859994282476	2720
0.00669604904472798	0.880244758491755	1594
0.118036053668798	0.810162037177199	44
-0.0213339937447401	0.410034538747514	44
0.024197704557829	0.48595166057885	425
0.0937296567399139	0.752793455055712	34
0.0508189874713521	0.578867750869275	177
-0.02126179208727	0.410975081816502	2
0.0272811528101971	0.484048387209294	2
0.011300289280595	1.95618453986857	3175
0.00896433100532501	1.25342827992705	393
-0.02152858466472	0.41003633195509	1475
0.00713040344201799	0.879884417887475	1475
0.045460259310538	0.584680774888386	366
0.046984613780248	0.583096671940291	5508
-0.0131435165149201	0.908659883510732	2253
-0.02655133741802	0.413516459136083	44
-0.01982638852231	0.409294816847698	385
-0.02224709287202	0.410608941783725	890
0.0175247476331269	0.486419359725599	425
-0.00452922723799998	0.900768800433598	34
0.027511875292402	0.951943633245373	252
0.06647640143465	0.679861882527721	129
0.0469127309379041	0.583526138926534	129
0.023890222168766	0.958120878742058	34
0.02137253989597	0.48720056173569	236
-0.0177419809880199	0.408465897919083	1697
0.024126413957558	0.486297529129953	177
-0.02269870771255	0.411303674855888	234
0.112254236656098	1.61281834611979	3175
0.046130137190485	1.0143284568992	36
-0.05012089464447	0.837707222812169	1475
-0.10138421173787	0.750054826190905	1024
-0.0177419809880199	0.408465897919083	199
0.044723525975505	0.583718864447723	44
0.0574412537357441	0.571874225190975	425
0.019133552701006	0.967300898831665	425
-0.0167559082206199	0.407972067925741	34
-0.02171241051411	0.409806924167185	34
-0.02126179208727	0.410975081816502	1471
0.014991841711362	0.491309861338566	34
0.020146802493525	0.488893696013304	34
-0.0258345509801201	0.413043803481388	177
0.046553626280165	0.584006513426087	177
-0.02224709287202	0.410608941783725	469
-0.02224709287202	0.410608941783725	2
-0.02655133741802	0.413516459136083	2
-0.02126179208727	0.410975081816502	2
0.00875778589873699	1.17148544733894	393
-0.09750804292964	1.05511824786628	1475
0.026104045185156	0.957132588409819	1024
-0.0675881290803899	1.11356426344004	1024
0.050887377243427	0.580940901573	366
-0.0486393382441801	1.08729352815855	44
-0.0575323580220499	1.10367053230774	44
0.0247114467027531	0.485765853390852	890
-0.04961246796734	0.836280363414373	3804
-0.0361322391621699	1.16815968060832	1154
-0.0946461692690701	0.745493654326501	425
-0.0969971100525699	0.746431748529318	34
-0.0478460095027	0.836163444107609	34
0.081909819712241	0.664020301656987	252
0.025355212710095	0.484218430760984	552
-0.02054390147798	0.410401139638387	188
-0.0429814776090101	0.830495169681687	2369
0.018979883904056	0.490062948615881	34
0.025939335704131	0.483894472955633	34
-0.0248530618398799	0.411542674464278	177
0.108494228404593	0.821274031043551	177
0.0508189874713521	0.578867750869275	177
0.024975818637501	0.483088159635418	469
0.024448238004705	0.485979489293663	469
-0.0443497068402601	0.828737876729775	44
0.019242636889533	0.488316656329156	44
-0.10025661751475	1.05266200701338	3804
0.052238425618642	0.577634620167254	425
-0.0491617256543699	0.835578136917684	1154
0.117987401537902	0.808673178740054	1154
0.027863955920451	0.483928968898868	425
-0.10811678602439	1.06724831409094	34
-0.02224709287202	0.410608941783725	478
0.098388195488031	0.747817196361777	536
0.014149992122315	0.49165577187569	2369
-0.0219800607115199	0.411274533949238	2369
0.046042408356414	0.584258121837317	34
0.021225000761569	0.487236292846658	236
-0.0990407384931899	0.749149383670419	177
-0.0275337041419801	0.41314398527887	501
0.084610236152431	2.03900401096873	3175
0.022669051486252	2.11383787971279	3175
0.0884495808425641	1.15585356779417	393
0.04632942677451	1.01427482715019	1475
0.00203205175713395	1.49859378037889	1475
-0.0877635021080501	1.56691474739634	1475
0.123928403239359	0.875207816362429	1475
-0.05532212449387	0.842380766232076	199
0.019563471132187	0.489615442131538	735
-0.10002734577024	1.05916311403296	2253
0.079188965929075	0.667668534897768	1594
-0.0463283808224699	0.834345727325647	44
-0.02296597963264	0.410908197770573	44
-0.00309610097596003	0.898858393241256	44
-0.00462702748330002	0.899706162397576	44
0.097856884181708	0.74963552111173	4629
0.0859873552914861	0.761078650081378	890
0.0341626107123531	0.590160042274391	34
-0.0946461692690701	0.745493654326501	34
0.0730868610175151	0.672256247337527	34
0.046143796159531	0.583984480648196	252
-0.0000540702289200112	0.893982227782472	252
0.015573436450521	0.490087795635554	34
-0.02303104447883	0.410996649608088	34
-0.05433264050613	1.09784529728507	188
-0.02628576158792	0.412152659857664	188
-0.02152858466472	0.41003633195509	34
0.072526703273108	1.04546911570625	236
-0.0483076638001201	0.836762263127822	236
0.024461284528373	0.956446258639867	177
-0.0160408315278899	0.407403518042765	1666
-0.02152858466472	0.41003633195509	234
-0.02027673323395	0.409478238556457	1828
0.044517466570731	0.584166967956716	1475
-0.00152753629280999	1.19481839950965	1475
-0.05433028051988	0.841137958933701	1475
0.122370850075366	0.879728680893612	199
-0.0974407396063199	0.74719824613095	1024
0.029352361723531	0.482194393877049	199
0.0320979702908	0.945398384367235	2253
0.05045557672035	0.581254464006149	2253
0.066928099402158	0.680486650454705	44
-0.0614403767876901	1.32223036310606	44
-0.10889162389016	1.07016694909307	44
0.063295888308588	1.06125185028276	44
0.0798019470332551	0.667397048666051	44
0.02413204684269	0.484654206701602	385
-0.10895097651357	1.06709612602681	4
0.113102902972342	0.813430518068495	4
0.070092099548179	0.676115353206551	889
0.024448238004705	0.485979489293663	34
-0.0429626887725501	0.826256443090607	478
-0.0258345509801201	0.413043803481388	34
0.080969345404776	0.664628134236811	34
0.018396040612831	0.490271397263528	236
0.05070589095183	0.579346013754557	177
-0.0932144978765499	0.743883074867875	177
-0.10576033699296	0.752702610754485	177
-0.02027673323395	0.409478238556457	484
-0.02062042675795	0.40900976372954	469
0.120338602570377	1.42447193970986	23
0.059785799260792	1.35557718309094	393
0.000364990474016946	1.19020934337807	1475
-0.00105199496163011	0.894865376189881	1024
-0.02655133741802	0.413516459136083	366
0.110732075323417	0.819583654439081	1594
-0.02681629356167	0.412672237731607	44
0.020207465749117	0.487853014850325	44
-0.02368524530921	0.41093826511309	44
-0.0258345509801201	0.413043803481388	44
-0.02628576158792	0.412152659857664	44
-0.0998277211252401	1.05214674783562	34
-0.01845805499361	0.408763534655611	34
-0.0255692233576701	0.412012891941837	188
-0.0209943829552901	0.409776652047704	1471
0.021806919098716	0.487298612728869	236
-0.0219800607115199	0.411274533949238	177
-0.0219800607115199	0.411274533949238	469
0.025617394757113	0.485123505343381	469
-0.0318592374786799	0.414980836560012	14
0.015852776341323	0.969696364975164	1024
-0.02081045464866	0.408933527207846	182
-0.0626379839779501	1.11046782601767	44
-0.09887395139294	0.748376430830867	44
0.014731756800628	0.491631095324249	44
-0.0213339937447401	0.410034538747514	44
0.096856182951075	0.750904409244305	34
0.096856182951075	0.750904409244305	34
-0.00260917973728003	0.893448942730984	252
-0.09263671834043	1.04261707849225	252
0.027863955920451	0.483928968898868	478
0.0526368526753021	0.577297034494558	188
0.07202321558479	0.67428130464179	4087
0.042506623120497	0.585869256165123	4087
-0.0926615911764399	0.739437508045153	188
0.094839346175035	0.750003140515599	34
0.023863274661684	0.486099627797188	484
0.029352361723531	0.482194393877049	2
-0.0321223702645701	0.414294926993374	1475
0.019539455972574	0.963982667070255	1024
0.069518432820189	0.677574926854816	1594
0.0950755844876781	0.751756626993878	735
-0.09810085631063	0.748213932424267	3804
-0.0462578470230299	0.829536267240305	4
-0.0392196968437399	0.824360894252752	889
-0.0132244601003699	0.40491562005861	478
0.097412129938681	0.750199123913718	4087
0.0520510047512141	1.00219038924029	34
-0.00153645856365991	0.893986112978269	177
0.111123414384759	0.817781414852595	177
-0.02628576158792	0.412152659857664	177
0.013827887658088	0.492274249557995	484
-0.02224709287202	0.410608941783725	484
0.023863274661684	0.486099627797188	2
0.0287588845807401	0.481691428940178	2
-0.02296597963264	0.410908197770573	2
-0.0174713604435499	0.408269330515601	2
0.01350656551695	0.491361087548199	1475
-0.0407464487532201	0.823770848376936	366
-0.0248530618398799	0.411542674464278	182
-0.000535830636569923	0.893411550462192	1594
0.0344364977157891	1.27562206853616	1594
0.023874039063565	0.486927927519843	44
0.089674990456772	0.758719295395693	44
-0.09998017000859	0.748287672468539	44
-0.0282514925208599	0.413283993547182	44
-0.04579487100866	0.829461618465274	34
-0.02054390147798	0.410401139638387	252
-0.0990876553494	0.748376627520693	2373
-0.05012089464447	0.837707222812169	34
0.014449337861863	0.489537606952702	177
-0.02296597963264	0.410908197770573	484
0.01988508042586	0.489418532086656	2
0.023541124291656	0.486623205126517	2
0.0175549084412689	0.489618442115324	2
0.01988508042586	0.489418532086656	2
0.027863955920451	0.483928968898868	769
-0.0209943829552901	0.409776652047704	927
0.023863274661684	0.486099627797188	1828
-0.00204460481417001	0.891551190088123	3175
0.0223885826807479	0.487091304289586	3175
-0.0272685011114999	0.413655990175607	3175
-0.02655133741802	0.413516459136083	1024
-0.02303104447883	0.410996649608088	1475
0.033165728264983	0.944446764547919	1024
-0.0275337041419801	0.41314398527887	735
0.121958122337755	0.878700903699621	1594
0.066928099402158	0.680486650454705	44
0.031858046760526	0.479592176505172	889
-0.0447543009693301	0.827715907555014	889
-0.10639361564354	1.30840257351353	889
-0.02062042675795	0.40900976372954	34
0.071163185879934	0.677615044871189	3494
0.050377709041318	0.581191372480998	3494
0.047930602539907	0.581938905785551	34
-0.10380970778072	0.751157228740749	1197
0.021954694301717	0.486484341980315	1197
-0.02224709287202	0.410608941783725	177
0.018134549786553	0.488943388738021	484
-0.02374598899693	0.411135954461803	2
-0.02224709287202	0.410608941783725	2
-0.02224709287202	0.410608941783725	234
0.106122631464012	0.824518527702227	735
-0.02126179208727	0.410975081816502	44
0.018713772455309	0.489267128736786	44
0.0508105534396051	0.579200899348131	44
-0.02655133741802	0.413516459136083	4
-0.02126179208727	0.410975081816502	889
-0.02054390147798	0.410401139638387	889
0.00849608760273102	1.41237539179683	889
0.010937478914909	0.974712021154359	889
0.066808746939133	0.680822005034882	4
0.028770399960519	0.482516920035912	188
0.01350656551695	0.491361087548199	34
0.076432565877545	0.669552322068816	34
-0.0157918973226101	0.913043094471378	34
-0.01845805499361	0.408763534655611	236
-0.02126179208727	0.410975081816502	2
-0.09530340501428	1.29109645199342	1475
-0.0219800607115199	0.411274533949238	1024
0.0272778189563569	0.482896860321828	1024
0.096856182951075	0.750904409244305	44
0.027540497875428	0.483333049189275	44
0.025617394757113	0.485123505343381	44
-0.0234177334526799	0.410826590483551	44
-0.01980707809381	1.40313586793726	889
-0.00623317144187996	0.903073544352136	889
0.010732877299613	0.492464509240087	4
0.018979883904056	0.490062948615881	4
0.084890817506421	1.09539430608382	34
-0.0357570415500199	0.41502408337403	34
0.022969991702422	0.486647207067339	34
-0.0467891839077299	0.832996773712033	1021
0.0272811528101971	0.484048387209294	34
0.116081990529631	0.812884112901502	2373
0.000901809967436051	0.891145298100946	34
0.023541124291656	0.486623205126517	177
0.0759511223331	0.669827054137031	177
-0.03128795035121	0.412043761975236	177
-0.0219800607115199	0.411274533949238	860
-0.02269870771255	0.411303674855888	860
-0.0311435899907899	0.41466914140038	2
-0.0195594609890499	0.408907543271993	769
-0.02655133741802	0.413516459136083	927
-0.0469849563949001	0.832770249463522	735
-0.10417594310863	1.06087167018752	735
-0.1047851306418	1.30904192005598	1594
0.00141700301996095	0.887746555762562	44
0.013827887658088	0.492274249557995	950
-0.02152858466472	0.41003633195509	44
-0.0519247111010299	0.837698796816031	889
0.025034913230314	0.48493035581699	34
0.04994577766228	0.581730930079566	4
-0.04291607311638	0.827279312695245	236
0.018979883904056	0.490062948615881	34
-0.02231647525331	0.410527599337308	2
-0.02126179208727	0.410975081816502	2
0.039494183832307	0.585631079881636	199
-0.0181871885549101	0.408299416064853	366
-0.0318592374786799	0.414980836560012	366
0.093145648300846	0.754087393205243	44
-0.0311435899907899	0.41466914140038	44
0.07496454252494	0.672287633847984	506
-0.02655133741802	0.413516459136083	4
-0.0275337041419801	0.41314398527887	34
0.019563471132187	0.489615442131538	34
0.062529237546514	0.683719497482565	34
-0.02054390147798	0.410401139638387	478
-0.08738083899606	0.734127551683737	3494
0.095411171470584	0.752047826511365	34
-0.0946461692690701	0.745493654326501	34
0.067751856497876	0.679997783057066	34
0.075463256757879	0.670007250745848	177
-0.02054390147798	0.410401139638387	501
0.045122540926785	0.584713252751266	366
-0.0219800607115199	0.411274533949238	44
-0.02171241051411	0.409806924167185	44
-0.02152858466472	0.41003633195509	179
0.052058866504302	0.57673779912391	34
-0.0576450848646699	0.843542081116507	34
0.025618409162089	0.956494439874674	3494
-0.09298119564211	1.0456037378165	236
-0.02199839058951	1.14174168775137	236
-0.02027673323395	0.409478238556457	34
0.049284710749173	0.579955911466618	484
-0.0174713604435499	0.408269330515601	484
-0.0174713604435499	0.408269330515601	2
-0.01884256586002	0.40780874728478	2
-0.02054390147798	0.410401139638387	44
-0.02126179208727	0.410975081816502	4
-0.0435704768242	0.830716295039307	889
0.014991841711362	0.491309861338566	4
-0.01702628305176	0.407896565848327	34
0.108261890706053	0.732880100549529	34
0.084534760210654	0.761060645781079	34
0.073574210342093	0.672071786781999	34
0.050887377243427	0.580940901573	484
-0.0219800607115199	0.411274533949238	501
-0.02269870771255	0.411303674855888	234
-0.0275337041419801	0.41314398527887	234
0.049435794200234	0.58198163053543	1475
0.031589358332312	0.945458947285195	1475
-0.0546002403483601	1.30562045653441	1475
0.073574210342093	0.672071786781999	1475
-0.02204793512445	0.410502951592421	182
0.030792021243253	0.944771763022785	735
0.089007292686116	0.756270336064462	1594
-0.04533754715049	0.83104753470937	1594
0.076375449290563	0.670260373699012	44
0.018134467076113	0.489594120900239	950
-0.02269870771255	0.411303674855888	44
0.055915571549304	0.57547798114334	44
0.067714637350662	1.12693349595727	889
-0.10645860723619	1.06469843588048	889
0.075129548539415	0.673818198199838	4
-0.0836216204803799	1.36359210335043	34
-0.0160408315278899	0.407403518042765	34
0.096789830902785	0.746846209356242	34
0.094262109488963	0.753909293025381	34
0.045969789751919	0.584316078302034	478
0.014409992178878	0.491945039298103	188
-0.09370797935048	0.744558942126431	34
-0.05007462689646	0.837191734401835	236
0.046984613780248	0.583096671940291	551
0.01988508042586	0.489418532086656	34
0.100978474884116	0.745203782696207	177
0.053478528277691	0.577319110178382	484
-0.0234177334526799	0.410826590483551	2
-0.02896965906045	0.412887475855812	860
0.019563471132187	0.489615442131538	1767
0.026373975423623	0.483776495964029	1731
-0.0219800607115199	0.411274533949238	234
-0.0272685011114999	0.413655990175607	19
-0.0219800607115199	0.411274533949238	182
0.0490046442152861	0.5812231287938	44
0.024126413957558	0.486297529129953	44
-0.0436476048802199	0.830020064752342	889
-0.0462688221993	1.37689725399778	889
-0.0162278374151801	0.912989578365461	4
-0.0514619726193899	0.838075235068243	34
-0.00240724799453007	0.893437646773003	4
-0.0482363086792199	0.834408252759282	34
0.050038499866277	1.00809553790008	4
-0.0944731529637399	0.742342543600819	34
0.019301826126752	0.489626676436646	34
0.046984613780248	0.583096671940291	34
0.0178110921690789	0.488982547182895	236
-0.0272685011114999	0.413655990175607	177
0.043095066523161	0.585934535298324	177
-0.09348207218178	0.74050726535634	484
-0.02655133741802	0.413516459136083	2
-0.01845805499361	0.408763534655611	2539
-0.0213339937447401	0.410034538747514	927
-0.03042831861484	0.413737551949063	234
-0.02655133741802	0.413516459136083	234
-0.0258345509801201	0.413043803481388	19
-0.00692748700118995	1.20250363899542	1475
-0.11305019005171	1.07260055801321	1475
-0.00971408614456992	0.90509549988449	44
-0.0209943829552901	0.409776652047704	4
-0.02027673323395	0.409478238556457	1265
0.024390717934898	0.48441663224042	34
-0.0439687512335301	0.832194077126855	34
0.049867856506886	0.581200166398956	177
-0.02126179208727	0.410975081816502	2
-0.02368524530921	0.41093826511309	57
-0.02296597963264	0.410908197770573	1390
0.045460259310538	0.584680774888386	2100
-0.09953436667633	0.749396690614908	199
-0.10293120476358	0.751428494716355	182
-0.0275337041419801	0.41314398527887	182
-0.0254473316783299	1.14529876226427	735
-0.10545983085944	1.06443359046293	1594
-0.0986029740460399	1.05238050036523	44
0.045234453147319	0.583242219761226	44
-0.02511814143824	0.41200820059487	44
-0.02028849482026	1.13759889373075	889
0.121820670159561	0.878856220738386	889
0.0341626107123531	0.590160042274391	4
-0.10177997679462	0.749237643740313	4
0.07165458227369	0.671605956816322	34
-0.09793575902146	0.747877004766513	34
-0.00549755252508999	0.900095510039781	4
0.079659859353387	0.667260735358298	34
-0.02296597963264	0.410908197770573	4810
0.012923867002502	0.491690017402143	177
-0.02269870771255	0.411303674855888	177
-0.0282514925208599	0.413283993547182	2
0.023541124291656	0.486623205126517	2
-0.02655133741802	0.413516459136083	860
-0.0209943829552901	0.409776652047704	2
-0.02224709287202	0.410608941783725	2
-0.0219800607115199	0.411274533949238	1390
0.0732449189791961	0.674473596634099	1475
0.044212408879249	0.583970126946329	1475
0.109072189624558	0.820538892097151	1475
-0.10675470576319	1.31357545349369	366
0.112683996471134	0.815492871689532	182
0.067892407182147	0.679441541768604	735
-0.02027673323395	0.409478238556457	735
0.072576868115005	0.67463546697106	44
0.098301505241796	0.748839619253029	44
0.051043993045265	0.577296155570241	44
-0.0442915844652301	0.827917027841226	44
-0.0984309517191799	0.748279555131063	4
-0.00859074094941992	0.903658932187242	4
0.047421758695448	0.582895556425818	478
0.026373975423623	0.483776495964029	236
0.052126398885587	0.577858320833396	551
-0.02798604242193	0.413256750767976	2
-0.0827445004912599	0.726378879469706	2539
-0.0146427899489501	1.46469449388326	2100
0.027670041215519	0.95156693578667	2100
0.045234453147319	0.583242219761226	735
0.050849522217764	1.00174511126503	44
-0.0555344236128099	1.0990204539416	950
-0.02062042675795	0.40900976372954	44
-0.0374469352984701	0.415418177445448	44
0.105587369934344	0.737515089888833	44
0.050307751945362	0.579430672939284	44
0.088784916396176	0.759055308537116	4
0.074534821795622	0.671053108926306	4
0.022047743818713	0.486175826254412	4
-0.00575187706919	0.90040300353186	34
-0.0318592374786799	0.414980836560012	34
-0.0258345509801201	0.413043803481388	34
-0.0272685011114999	0.413655990175607	34
0.05682998008454	0.573523032490313	34
-0.09482776525035	0.743229414648294	551
-0.04579487100866	0.829461618465274	551
0.026373975423623	0.483776495964029	551
-0.03128795035121	0.412043761975236	551
-0.0234177334526799	0.410826590483551	2539
-0.02224709287202	0.410608941783725	501
0.074504128918681	0.670394190351731	1475
0.042073693520404	0.586934090859484	199
-0.09353662331041	0.741843624359259	366
0.022633873439302	0.486054814054359	1536
-0.01982638852231	0.409294816847698	182
0.120050240649352	0.882255420557891	735
0.070480212567462	0.677172512450515	1594
0.071458791935202	1.04670347588897	44
0.075129548539415	0.673818198199838	44
0.052847596083534	0.577753107832341	44
-0.0213339937447401	0.410034538747514	44
0.030192618140889	0.480972338660883	44
-0.09679026789176	1.05290067072935	44
0.026201588560498	0.484339946364837	4
-0.09887395139294	0.748376430830867	34
-0.0993694537518901	0.748779223526523	34
0.092482233271068	0.754095610092095	34
-0.0000540702289200112	0.893982227782472	34
0.0272811528101971	0.484048387209294	34
0.057136752237775	0.571282701702772	34
-0.0075878452098499	0.902541719743436	236
0.091135426502972	0.755506888031914	236
-0.0535009678628899	0.838176906096164	551
0.00808977722835302	0.493302412163066	177
-0.0282514925208599	0.413283993547182	2
-0.0191745054275401	0.408793596683385	2
-0.0258345509801201	0.413043803481388	57
-0.0219800607115199	0.411274533949238	57
0.025032944637482	0.485654316649321	57
-0.02269870771255	0.411303674855888	5174
0.029063089103761	0.950417072744409	1475
0.0620563715483941	0.683672066361899	1475
0.029028796684373	0.483077229419228	199
0.0524152770269301	0.578722023793605	44
0.0904486004855331	0.754961261366012	44
-0.01746296912076	0.914703385277012	44
-0.09793575902146	0.747877004766513	44
0.071682338888876	1.04732305752701	44
-0.0270026768912099	0.41175796254343	44
0.025617394757113	0.485123505343381	44
-0.0338226860817501	1.16102202195743	44
0.025617394757113	0.485123505343381	34
-0.0174713604435499	0.408269330515601	34
-0.0506008627741601	0.837514751573075	34
0.0726208304063371	0.675516744848956	551
-0.0258345509801201	0.413043803481388	236
-0.0258345509801201	0.413043803481388	177
-0.09793575902146	0.747877004766513	177
-0.00470798397464001	0.897010633231857	177
-0.0160408315278899	0.407403518042765	177
0.019301826126752	0.489626676436646	860
-0.02269870771255	0.411303674855888	2
-0.0219800607115199	0.411274533949238	4597
0.058260200030833	0.572284866899934	199
0.01350656551695	0.491361087548199	3206
0.068269864250497	0.679124856615776	735
-0.02054390147798	0.410401139638387	44
-0.09469545971871	0.745084893553968	44
0.069843391242349	0.674933339083626	44
-0.01087800964423	0.906094416010429	44
0.097524344914508	0.748698821874384	44
0.071442525640841	0.67612984240809	44
-0.11018834655995	1.06889820014937	44
0.0247114467027531	0.485765853390852	44
0.043095066523161	0.585934535298324	44
-0.0993694537518901	0.748779223526523	44
0.05427027546622	0.57678923130708	44
0.080950328665697	0.663592801240886	44
0.0484378820992391	0.580603842948864	4
0.018396040612831	0.490271397263528	34
0.018979883904056	0.490062948615881	34
0.044007433277046	0.584265525287332	34
0.018979883904056	0.490062948615881	34
-0.0174713604435499	0.408269330515601	34
-0.02126179208727	0.410975081816502	34
0.021050822262274	0.488251197847747	34
0.042663323107946	0.585444928417502	34
-0.09645739798202	0.742911242778901	236
0.079152860903828	0.666732473370066	236
0.01988508042586	0.489418532086656	551
0.086664113289909	0.759361212327583	551
-0.0357570415500199	0.41502408337403	551
-0.0209943829552901	0.409776652047704	551
0.072127550709398	0.671402856164405	236
0.053657192133888	0.575434914710088	1
-0.0275337041419801	0.41314398527887	1
-0.0932144978765499	0.743883074867875	177
0.021225000761569	0.487236292846658	2383
-0.0209943829552901	0.409776652047704	1119
-0.02231647525331	0.410527599337308	2949
-0.0219800607115199	0.411274533949238	14
-0.0209943829552901	0.409776652047704	234
-0.06612270575671	1.11558536360829	2100
0.116343355133906	0.812159040067758	1475
0.111717255250168	0.892133120435401	1475
0.028770399960519	0.482516920035912	44
0.047575506939744	0.582807719551856	44
0.014731756800628	0.491631095324249	44
-0.02224709287202	0.410608941783725	44
-0.04863920133046	0.835355679119832	44
0.109132342448454	0.819071612527738	44
0.023541124291656	0.486623205126517	34
-0.0984309517191799	0.748279555131063	34
0.05449775594732	0.576796655212425	34
0.018979883904056	0.490062948615881	34
0.025032944637482	0.485654316649321	1
-0.0174713604435499	0.408269330515601	177
-0.0272685011114999	0.413655990175607	484
0.096002664250372	0.748067302340494	1475
-0.0272685011114999	0.413655990175607	3206
-0.0219800607115199	0.411274533949238	735
0.023541124291656	0.486623205126517	44
-0.00771588201072992	0.902426226918392	44
0.069062849347908	0.677305049715241	44
-0.0174713604435499	0.408269330515601	44
-0.0163109608263099	0.406800295212078	44
0.023541124291656	0.486623205126517	44
0.0922557213376381	0.755764876992939	44
0.116861880088527	0.807252425904388	44
0.071424352203243	0.675881494724746	44
-0.10053337305581	1.05850245116534	34
-0.0080252747963101	0.902764709058026	34
0.02046807907243	0.488971745774085	34
0.069045891537287	0.677871562537287	34
-0.0108355410127401	0.906438425336173	34
0.017490111099017	0.489691604438174	34
0.071442525640841	0.67612984240809	34
0.049683251906183	0.579446313548818	551
-0.01780430006598	0.406968219093888	551
-0.09887395139294	0.748376430830867	2110
0.023541124291656	0.486623205126517	1
0.09228468005936	0.754371535442048	641
-0.02081045464866	0.408933527207846	1
0.045019416731295	0.583964825035704	2383
0.0312776677491849	0.47991280403049	1119
-0.02269870771255	0.411303674855888	1119
0.028188183388224	0.482636565734394	2539
-0.0311435899907899	0.41466914140038	2539
-0.0244048902648399	0.410464208205061	2
-0.0282514925208599	0.413283993547182	501
-0.0174713604435499	0.408269330515601	1602
-0.02296597963264	0.410908197770573	234
0.081892741723693	1.09955321134109	1475
-0.0122706762152101	1.21091762343312	1475
-0.02655133741802	0.413516459136083	199
-0.0145192467501101	0.907878977037672	1536
-0.03140646864859	0.413366127641057	3206
-0.0902927711441599	0.739314570191516	735
0.078717919400296	0.667870587055351	735
0.047495517925969	0.582845325381987	44
0.0463533460062811	1.0121697894365	44
-0.04962626414391	1.08959909190076	44
0.029389315685053	0.950938331415545	44
0.028446503813386	0.48360544938142	179
0.047930602539907	0.581938905785551	44
0.04258447248443	0.586568109376667	4
0.047064659101968	0.583528390275705	34
0.096938979645136	0.749927638714613	34
0.0223885826807479	0.487091304289586	34
-0.07903452323428	0.712289291626617	34
-0.00971408614456992	0.90509549988449	34
0.047416517169649	0.580865705394551	3123
0.022955577507461	0.486743487685973	34
-0.0209943829552901	0.409776652047704	34
0.027540497875428	0.483333049189275	236
0.025939335704131	0.483894472955633	2110
0.015313266708984	0.491302403590035	1
0.021633310190995	0.486964715633517	2383
-0.02655133741802	0.413516459136083	860
0.054388192471149	0.57655956635133	2539
-0.02062042675795	0.40900976372954	2539
-0.0174713604435499	0.408269330515601	501
-0.0255692233576701	0.412012891941837	234
-0.0308800899146	0.413479379600555	234
-0.02027673323395	0.409478238556457	19
0.0769309491622721	1.11141758966104	1475
0.01637044536499	1.23726751879004	1475
0.108710685373783	0.819442457404696	1475
0.023874039063565	0.486927927519843	199
-0.0269120235748399	0.411228846660803	182
0.025032944637482	0.485654316649321	1594
-0.0258345509801201	0.413043803481388	1594
0.024136476049013	0.958294654032213	735
0.116529893231698	0.809500087156474	44
-0.05111396533077	0.839421607179318	44
0.056932881348418	0.573620127968333	44
-0.01780430006598	0.406968219093888	44
0.045019416731295	0.583964825035704	4
0.043605475753946	0.584973314809396	34
-0.0443497068402601	0.828737876729775	34
0.075129548539415	0.673818198199838	34
0.079641305023559	0.667197169710399	236
0.042506623120497	0.585869256165123	551
0.0587688913700281	0.571925970325381	2383
-0.02269870771255	0.411303674855888	2539
-0.01393770403739	0.405210698913732	2539
0.023863274661684	0.486099627797188	2539
-0.02027673323395	0.409478238556457	234
-0.09650921152461	1.05352432240843	1536
0.029222942709772	0.952248997903094	1536
-0.0945958748493101	0.742984557989113	44
0.00656716290804804	0.880641681648442	44
-0.0241372766757999	0.410514033565441	414
-0.04738449966656	0.83525195541342	44
-0.08930465194614	0.738516408507673	179
0.011112728141894	0.975589436784814	44
0.02046807907243	0.488971745774085	34
-0.0972154029896799	1.29625071235552	34
-0.02126179208727	0.410975081816502	34
0.018979883904056	0.490062948615881	34
0.015313266708984	0.491302403590035	34
-0.0072410165460699	1.45158368853615	3123
0.022955577507461	0.486743487685973	421
-0.01702628305176	0.407896565848327	34
-0.0248530618398799	0.411542674464278	34
0.022955577507461	0.486743487685973	236
0.023278054411095	0.48596934273912	236
0.014751954887714	1.24252048111821	1076
-0.0946314359648699	1.28807384319291	2110
-0.00523343955879008	0.900799942621106	2383
-0.0177419809880199	0.408465897919083	2539
0.022955577507461	0.486743487685973	1602
-0.02126179208727	0.410975081816502	14
0.072753826285851	0.675328600448007	19
0.021954694301717	0.486484341980315	1160
0.035201592609647	2.24917864716602	1475
0.04258447248443	0.586568109376667	1475
0.113538200309123	0.813809057663729	1536
0.123413480072673	1.25919483881729	1594
0.121102820953415	0.804244400956848	44
0.018713772455309	0.489267128736786	1594
0.091032329485371	0.754537074409085	44
-0.02171241051411	0.409806924167185	44
-0.07132323266301	1.34090029492396	44
0.014991841711362	0.491309861338566	414
0.0505938998082081	0.578321110937991	34
-0.02296597963264	0.410908197770573	34
-0.0248530618398799	0.411542674464278	34
-0.06386203213932	1.11484877994257	3123
-0.00996206035762004	0.903571600180527	34
-0.0899327674105701	1.04025702665831	34
-0.02152858466472	0.41003633195509	2
0.067488905616803	1.63813522474297	1475
0.021516344201878	0.961217406094274	199
0.0927943522256161	0.753855501842767	199
0.105385168491948	0.824688325729201	1536
-0.09103405374929	1.48507161620059	735
-0.0944731529637399	0.742342543600819	44
-0.0580872772980401	1.1054477848615	44
-0.09650921152461	1.05352432240843	44
0.026120312505952	0.483542535242062	202
0.00137943559267595	0.891338213101178	44
0.022969991702422	0.486647207067339	44
0.05350772339612	1.0792756537866	1728
0.110587642798681	0.820501881687729	34
0.071424352203243	0.675881494724746	34
0.060503515247888	0.684000469743219	34
0.100467550411857	0.744820607968838	34
-0.10711534067434	1.06603275957529	34
-0.0449552347245801	0.832895654322315	34
-0.02171241051411	0.409806924167185	236
-0.0167559082206199	0.407972067925741	1076
-0.11904210144518	1.44785218361686	1076
-0.0520510339153599	0.838825499521919	1
-0.10188258443892	1.06211710429363	1
-0.02798604242193	0.413256750767976	641
0.051856265058374	1.08096101640291	641
0.091135426502972	0.755506888031914	2383
0.066456007533896	0.680898780720335	2383
0.0518294428142	0.578940599864088	2383
-0.0258345509801201	0.413043803481388	2539
-0.02126179208727	0.410975081816502	2539
0.11408594226082	0.81576616472423	2539
0.023805360299448	0.485199002275023	2949
-0.02655133741802	0.413516459136083	2949
0.029610834728566	0.482297418223224	14
0.038889507316586	1.02534041518147	1475
-0.01982638852231	0.409294816847698	182
-0.02681629356167	0.412672237731607	182
0.01839074123836	0.488352554838335	1210
0.052820274664346	0.576857425340887	1594
0.083339598033075	0.66243224619865	44
0.116289118360308	0.812379417565106	44
0.046042408356414	0.584258121837317	44
0.089686868044117	0.757514714026737	44
0.023478059151553	0.960455247205568	44
-0.10303231579148	1.06035989061191	44
0.029610834728566	0.482297418223224	202
0.050887377243427	0.580940901573	44
-0.10863401321615	0.754274948816776	179
-0.0163109608263099	0.406800295212078	44
0.117721484218339	0.808956747182745	44
-0.02027673323395	0.409478238556457	34
0.026201588560498	0.484339946364837	34
0.053478528277691	0.577319110178382	34
0.025617394757113	0.485123505343381	236
0.027863955920451	0.483928968898868	236
0.101020663635622	0.744218720063133	551
0.042506623120497	0.585869256165123	641
-0.02655133741802	0.413516459136083	641
-0.0219800607115199	0.411274533949238	2383
-0.0272685011114999	0.413655990175607	1119
-0.02224709287202	0.410608941783725	1119
0.026373975423623	0.483776495964029	2539
0.104452227199274	2.2267923250512	3575
0.017300948991984	1.23710089071828	3575
0.059605819974404	0.68539591965019	3575
0.122901896775636	0.801710475044349	3575
0.033705680592019	1.2778577079317	1475
-0.0276250547772201	0.412152135341901	973
0.023863274661684	0.486099627797188	973
0.111741040132645	0.818128287721048	44
-0.04579487100866	0.829461618465274	44
0.0769355850879681	0.670037194945495	44
0.046553626280165	0.584006513426087	34
-0.0258345509801201	0.413043803481388	3123
0.024777930759568	0.485508813766345	34
-0.01989133264931	0.408322516344122	34
-0.0954649279480799	0.743144794083816	1076
0.024186197618512	0.484211037224153	1076
0.02046807907243	0.488971745774085	551
0.025790330563594	0.48364802753835	641
0.079331746632292	0.668153234355152	641
0.051330033112829	0.578081124883658	641
-0.02655133741802	0.413516459136083	2383
-0.0160408315278899	0.407403518042765	1119
0.101162522120741	2.27869787204736	1475
-0.10590819208144	2.40945019609665	3575
-0.0627690335201701	1.58973000344928	3575
0.073240665466444	1.50122361059937	1475
-0.0496246516961401	0.835754291835769	1475
-0.02655133741802	0.413516459136083	182
-0.0209943829552901	0.409776652047704	929
0.044792626239305	0.581770982653276	414
0.028770399960519	0.482516920035912	44
0.093283900154244	0.753358453636231	44
0.113665570857385	0.816135776963263	44
-0.00140896959118009	0.894377861713856	2258
0.046553626280165	0.584006513426087	34
0.023013818854586	0.484737917347761	34
0.096050684368414	0.750056803057807	3123
0.00834909216068602	0.493034894730891	421
0.11916697497758	0.807156112768628	1076
0.023541124291656	0.486623205126517	1
0.024390717934898	0.48441663224042	860
0.014149992122315	0.49165577187569	2949
-0.08668253538149	1.03037449833272	1475
0.033018044385619	0.478300086026064	1536
0.0851143728817469	1.09534005075355	973
0.02072987818414	0.48760502580749	414
0.0863441111302981	0.758656432929923	34
0.02635143243063	0.957077257883842	34
-0.0969791693875099	1.29556816159059	236
0.013827887658088	0.492274249557995	484
-0.0191745054275401	0.408793596683385	2539
-0.0258345509801201	0.413043803481388	2
0.019563471132187	0.489615442131538	80
0.0643081974920881	1.06127010391836	1475
0.082399910615616	0.663446694169599	1475
0.045234453147319	0.583242219761226	1536
-0.0167559082206199	0.407972067925741	44
-0.02798604242193	0.413256750767976	44
-0.0213339937447401	0.410034538747514	414
-0.02126179208727	0.410975081816502	414
0.020790130443553	0.4876451712386	44
0.023874039063565	0.486927927519843	44
-0.0311435899907899	0.41466914140038	202
0.0539882366235001	0.577157698100559	44
-0.0125415950908101	0.908536160732503	44
-0.02269870771255	0.411303674855888	34
0.026189502476984	0.957058452764971	34
0.046553626280165	0.584006513426087	236
-0.02152858466472	0.41003633195509	1076
-0.0272685011114999	0.413655990175607	484
-0.0258345509801201	0.413043803481388	1119
-0.02152858466472	0.41003633195509	2539
-0.02027673323395	0.409478238556457	2
-0.05995155857071	1.10552224954288	44
0.098301505241796	0.748839619253029	44
0.06932870115028	0.677102341015061	414
0.0973402197551551	0.746716512028182	44
-0.0357570415500199	0.41502408337403	44
0.019616290013416	0.487846557035176	44
-0.0275337041419801	0.41314398527887	1728
-0.0897986252234599	0.739035587099458	1728
0.022688781282487	0.484611214610189	34
0.084540742187838	0.761992680476362	34
0.041091398221542	1.01951970823954	34
-0.02296597963264	0.410908197770573	34
-0.0270026768912099	0.41175796254343	34
0.023601305127038	0.483549412862346	34
-0.0870392118460801	1.27110452032155	34
-0.00496561052056999	0.900990558497692	236
-0.0195594609890499	0.408907543271993	641
0.015313266708984	0.491302403590035	484
0.025032944637482	0.485654316649321	1119
0.052126398885587	0.577858320833396	57
-0.02655133741802	0.413516459136083	3066
-0.11416880934326	1.32074707075604	3575
0.056688112119246	1.07472144834265	1475
-0.0936587563737701	0.743832365386165	1536
-0.02126179208727	0.410975081816502	1536
-0.02296597963264	0.410908197770573	565
-0.10276947661824	0.751442714649019	414
0.019563471132187	0.489615442131538	202
-0.00781550902960992	1.20334951373131	4
0.018979883904056	0.490062948615881	34
0.00166060749861896	0.888949783962031	34
-0.02368524530921	0.41093826511309	3123
-0.09986512967794	0.748905423800284	1076
0.049284710749173	0.579955911466618	641
-0.0209943829552901	0.409776652047704	1119
0.02046807907243	0.488971745774085	1119
0.024126413957558	0.486297529129953	1119
0.022047743818713	0.486175826254412	57
-0.02224709287202	0.410608941783725	2539
-0.02655133741802	0.413516459136083	2539
-0.0311435899907899	0.41466914140038	2
-0.0234177334526799	0.410826590483551	1148
-0.10029111138806	1.70204958933362	3575
0.048311929594184	1.01096879167798	414
0.117702375816401	0.883618092352889	414
-0.02826511476383	1.15513670293201	44
0.097000238256616	0.746533418370395	4
0.074167795067874	0.674452237797282	4
0.025032944637482	0.485654316649321	34
-0.02171241051411	0.409806924167185	34
0.039568575174491	0.587147713295557	34
0.045969789751919	0.584316078302034	236
-0.02027673323395	0.409478238556457	641
-0.0897986252234599	0.739035587099458	641
-0.0209943829552901	0.409776652047704	1119
-0.02054390147798	0.410401139638387	57
0.05070589095183	0.579346013754557	57
0.022047743818713	0.486175826254412	2539
0.027863955920451	0.483928968898868	2
-0.02126179208727	0.410975081816502	2949
-0.0167559082206199	0.407972067925741	80
0.091739206151382	2.48055946656659	3575
-0.1037086147692	0.750296020634772	1536
-0.02303104447883	0.410996649608088	1536
0.05383757574453	0.576136216892822	565
0.067234928576872	0.679784536227598	414
0.067280377502936	0.680555980129505	414
-0.0248530618398799	0.411542674464278	5318
-0.0195594609890499	0.408907543271993	179
-0.02303104447883	0.410996649608088	44
-0.0515257386336601	0.839027294877824	44
0.074208169876688	0.673075292425596	44
-0.0132086089101999	1.21233246498034	44
0.067611468463544	0.677074625932537	904
-0.04547899337136	0.831435624714315	1728
0.049284710749173	0.579955911466618	34
0.07167834143491	0.676598079344991	34
-0.0191745054275401	0.408793596683385	34
0.024448238004705	0.485979489293663	34
-0.10187876830828	0.750302944147588	34
-0.0255692233576701	0.412012891941837	662
-0.0888108512072801	0.737746878935113	34
0.029934068872152	0.481668392537244	1076
0.070498252986762	0.676482753100705	1
-0.0210740509970899	0.916650484112275	641
-0.00490024607008999	1.19707390260761	641
-0.02655133741802	0.413516459136083	2539
-0.02374598899693	0.411135954461803	2539
-0.0160408315278899	0.407403518042765	2539
-0.02126179208727	0.410975081816502	2949
-0.02027673323395	0.409478238556457	1148
-0.0258345509801201	0.413043803481388	144
0.025032944637482	0.485654316649321	80
0.033420888195793	1.74780567352024	1475
0.108434823155486	1.17664287187261	1475
0.01690542275676	0.489629484686196	1475
0.052748891290217	0.57655372047118	1475
-0.0258345509801201	0.413043803481388	1475
-0.0258345509801201	0.413043803481388	565
0.079331746632292	0.668153234355152	973
0.072149661593177	0.676187215881317	44
0.124911297679233	0.874585167483081	414
-0.0930413022776	0.741070812797572	44
0.111990199708047	0.81888179584995	44
0.044038008673602	0.584773393056634	34
0.079170478145195	0.668032586243667	34
0.051320090198551	0.57919073145	34
-0.0990407384931899	0.749149383670419	34
-0.09883328451967	1.05187785720715	34
-0.0219800607115199	0.411274533949238	34
-0.0557180711588901	1.10156284404462	34
0.124378399032838	0.874809670415132	236
0.059200647961654	0.570679860400377	236
0.083018242524419	1.09917227989026	236
0.108389039371331	0.819006864261471	1
0.046984613780248	0.583096671940291	641
-0.04244216671492	0.826130827579842	1119
0.018396040612831	0.490271397263528	1119
0.0178110921690789	0.488982547182895	57
0.093258496111483	0.755184548775958	1475
0.07744943619237	0.668812217328939	1475
-0.03225829611696	0.412528548177706	1475
0.04258447248443	0.586568109376667	8
-0.02511814143824	0.41200820059487	202
0.073483804918964	0.67105228431684	34
-0.01845805499361	0.408763534655611	34
-0.0258345509801201	0.413043803481388	34
0.018979883904056	0.490062948615881	34
-0.03257526143736	0.414692514464788	1
0.018396040612831	0.490271397263528	641
0.114795436715208	0.813146214995364	641
0.0546084268423011	0.574934906941533	641
0.047575506939744	0.582807719551856	641
-0.02054390147798	0.410401139638387	531
-0.0258345509801201	0.413043803481388	531
0.019242636889533	0.488316656329156	57
-0.02054390147798	0.410401139638387	2
-0.02243081627196	0.409335013447221	117
0.028281066792034	2.40230501795633	1475
0.053341645623033	2.05507501057957	1475
0.00271600084226298	1.64377961246052	1475
0.037792514809002	1.26206437249361	1475
0.038775154384907	1.26621952871111	1475
-0.02681629356167	0.412672237731607	182
-0.0160408315278899	0.407403518042765	973
0.119590480208886	0.881367394494021	44
0.108845304504077	0.82250712235695	44
-0.0516445292880101	0.839679629499093	2473
0.027863955920451	0.483928968898868	202
-0.0209943829552901	0.409776652047704	44
0.123144002987206	0.875964601819743	4
0.01690542275676	0.489629484686196	904
-0.0219800607115199	0.411274533949238	34
0.022969991702422	0.486647207067339	34
-0.00452922723799998	0.900768800433598	34
0.018979883904056	0.490062948615881	236
0.097300999183317	0.750107238460331	236
0.025355212710095	0.484218430760984	236
-0.0927211887364201	0.742899904696998	1
-0.0209943829552901	0.409776652047704	641
0.045019416731295	0.583964825035704	1119
0.018979883904056	0.490062948615881	1119
-0.0255692233576701	0.412012891941837	1119
-0.02231647525331	0.410527599337308	117
-0.0132244601003699	0.40491562005861	2949
-0.02681629356167	0.412672237731607	1148
-0.05861032361081	2.30315312470761	1475
0.0659837618281171	0.681049334110587	1475
0.018396040612831	0.490271397263528	1475
0.014409992178878	0.491945039298103	182
-0.0248530618398799	0.411542674464278	1536
0.096967242444151	0.750536532514997	44
-0.0511829656757901	0.838889785145964	44
-0.0177419809880199	0.408465897919083	202
-0.0209943829552901	0.409776652047704	202
0.027540497875428	0.483333049189275	44
-0.02126179208727	0.410975081816502	44
0.102764353742882	0.740454344760254	904
0.041567767418205	0.584700793487888	34
0.046984613780248	0.583096671940291	34
-0.02231647525331	0.410527599337308	34
-0.0227622512530099	0.410642108899905	34
-0.02204793512445	0.410502951592421	34
-0.03042831861484	0.413737551949063	3343
-0.0275337041419801	0.41314398527887	641
0.0247114467027531	0.485765853390852	641
-0.0942016332629401	0.744959671022221	641
0.0223885826807479	0.487091304289586	2949
0.069518432820189	0.677574926854816	1475
0.0539882366235001	0.577157698100559	182
0.018658717968524	0.489036202673862	182
-0.02231647525331	0.410527599337308	182
0.052238425618642	0.577634620167254	44
-0.0491984632128499	0.836471260358987	44
0.05299411027068	1.00211110424544	414
0.013827887658088	0.492274249557995	202
0.0247114467027531	0.485765853390852	44
-0.02681629356167	0.412672237731607	44
0.0456332633866861	0.58446214274432	44
0.06164119192273	0.566567215752015	44
0.018074542770612	0.489482847860143	44
0.0456332633866861	0.58446214274432	34
-0.0549504663338301	1.09625670820652	2302
0.018713772455309	0.489267128736786	34
0.027863955920451	0.483928968898868	34
0.024448238004705	0.485979489293663	34
0.024448238004705	0.485979489293663	34
0.050307751945362	0.579430672939284	236
-0.0209943829552901	0.409776652047704	641
-0.09073548436126	0.739964532356713	641
-0.03610235142452	0.818618689784793	641
0.09579468724304	0.747234704169847	1119
0.02072987818414	0.48760502580749	1119
0.021954694301717	0.486484341980315	57
-0.02171241051411	0.409806924167185	2
-0.02655133741802	0.413516459136083	14
-0.01884256586002	0.40780874728478	19
-0.0209943829552901	0.409776652047704	19
0.09655431158325	0.746559009345816	1475
-0.0178334681936401	0.914195240122953	1475
0.048925626216875	0.581990256936947	182
0.019292824771818	0.48863605366341	182
0.066436508384182	0.680214601655561	182
0.01988508042586	0.489418532086656	202
-0.04778001051132	0.836354048684229	44
0.043095066523161	0.585934535298324	34
0.080130599759807	0.666647610840959	4
0.017811941061995	0.490207639636099	34
0.083663098278028	0.759084574326949	236
0.00377804371113599	0.882657598829002	236
0.051216925571805	0.578983513041556	236
0.113144481253364	0.815843337808682	1
0.074519041082074	0.671460073883177	641
0.05427027546622	0.57678923130708	1
-0.0392196968437399	0.824360894252752	1
-0.02126179208727	0.410975081816502	1119
-0.02126179208727	0.410975081816502	57
0.052126398885587	0.577858320833396	1271
-0.0219800607115199	0.411274533949238	117
-0.0209943829552901	0.409776652047704	19
0.0533290170567851	0.576607881856941	973
0.052338611403571	0.578466672455565	8
0.046654139367612	0.583264229566345	34
-0.09518945882268	0.74490164260121	34
-0.09073548436126	0.739964532356713	34
-0.00365684715971004	0.899538831022518	2302
-0.01845805499361	0.408763534655611	34
-0.0402281318358999	0.825767269609753	1
0.0490046442152861	0.5812231287938	4221
-0.0275337041419801	0.41314398527887	641
0.025032944637482	0.485654316649321	641
-0.0509993791438701	0.838089849372423	4927
-0.02224709287202	0.410608941783725	1119
-0.0191745054275401	0.408793596683385	117
-0.0219800607115199	0.411274533949238	117
0.017490111099017	0.489691604438174	4684
-0.02054390147798	0.410401139638387	19
-0.10684262882441	1.52212618772227	1475
-0.0219800607115199	0.411274533949238	1475
-0.0258345509801201	0.413043803481388	182
-0.03225829611696	0.412528548177706	182
-0.0987486331607801	1.29501744314915	8
-0.0281776163425	1.15463122086424	8
0.046042408356414	0.584258121837317	8
-0.10276947661824	0.751442714649019	414
0.0110549349326871	0.491208722941422	179
-0.02054390147798	0.410401139638387	179
-0.02152858466472	0.41003633195509	202
-0.0047560340825199	0.897301682803224	2302
-0.02204793512445	0.410502951592421	34
0.031601893570791	0.94156906555183	236
-0.0954649279480799	0.743144794083816	236
0.12126119468795	0.803170638579572	236
-0.02224709287202	0.410608941783725	641
-0.02681629356167	0.412672237731607	57
-0.0219800607115199	0.411274533949238	57
-0.0942016332629401	0.744959671022221	1475
-0.0276250547772201	0.412152135341901	5194
0.04747347534463	1.00985486640272	44
0.096938979645136	0.749927638714613	44
0.097826743328665	0.748780190828659	414
-0.02655133741802	0.413516459136083	414
0.072149661593177	0.676187215881317	44
0.022248882427256	0.963215634194783	4
0.029028796684373	0.483077229419228	904
0.048086169911295	0.581776933777775	34
-0.0114631634956399	1.20932017558836	3975
-0.0191745054275401	0.408793596683385	34
-0.02126179208727	0.410975081816502	34
0.041493380219654	0.586603980263233	846
-0.0248530618398799	0.411542674464278	34
-0.10245582442015	1.51385495284299	236
0.108845304504077	0.82250712235695	1
-0.09348207218178	0.74050726535634	4221
0.025617394757113	0.485123505343381	4221
-0.0195594609890499	0.408907543271993	1
0.021050822262274	0.488251197847747	641
0.048516771594874	0.581649347606665	1
0.039676364545572	0.586782310755217	1
-0.0244048902648399	0.410464208205061	4596
-0.0213339937447401	0.410034538747514	1475
0.024126413957558	0.486297529129953	5194
-0.02126179208727	0.410975081816502	5194
-0.10202883062392	1.06131906664367	44
0.00155140354142802	0.88741757521074	44
-0.02655133741802	0.413516459136083	8
-0.02655133741802	0.413516459136083	414
0.0244546030278719	0.486210829047288	414
-0.0925996379656999	0.740411712998113	1358
0.055362150744722	0.572721004796946	34
0.050887377243427	0.580940901573	34
-0.03968099731347	0.825178442588961	236
-0.05479279088151	0.841246727276557	236
0.045234453147319	0.583242219761226	236
-0.0559004765852	1.10209582432613	1
0.051615755559372	0.578220142953797	4221
-0.02628576158792	0.412152659857664	1
0.019563471132187	0.489615442131538	1
0.073206568988624	0.673771597177855	1
-0.09787758430682	1.05513653436818	1119
-0.0209943829552901	0.409776652047704	1119
0.0726208304063371	0.675516744848956	57
0.074031860122843	0.671231161262418	57
-0.02655133741802	0.413516459136083	57
0.018979883904056	0.490062948615881	628
-0.0191745054275401	0.408793596683385	919
-0.0258345509801201	0.413043803481388	4596
0.091550264047296	2.00047995517958	1475
-0.02152858466472	0.41003633195509	400
0.116490368062132	0.886886875964205	414
-0.0163109608263099	0.406800295212078	8
0.077739662685169	0.669278488586703	3377
0.025617394757113	0.485123505343381	179
-0.02628576158792	0.412152659857664	904
0.028651985896591	0.9503314832083	1358
-0.04371588843242	0.827163660865382	2304
-0.00902836259060003	0.903882006843139	236
0.084589570008937	1.16048724876617	236
0.01988508042586	0.489418532086656	1
0.048516771594874	0.581649347606665	4221
0.099132390693654	0.746169400587613	4927
-0.0219800607115199	0.411274533949238	57
-0.0416469563358499	0.824882199726543	57
0.067892407182147	0.679441541768604	57
0.0695022878738361	0.675432725745448	57
-0.0255692233576701	0.412012891941837	57
-0.09353662331041	0.741843624359259	57
-0.0255692233576701	0.412012891941837	422
-0.02681629356167	0.412672237731607	1475
0.023805360299448	0.485199002275023	182
0.055117771745801	0.573861090491116	5194
-0.0275337041419801	0.41314398527887	973
0.102700846995446	0.741076444956525	973
-0.0283384601138399	0.412461825619006	44
-0.09370797935048	0.744558942126431	8
0.018396040612831	0.490271397263528	8
0.025034913230314	0.48493035581699	891
-0.09626217153778	1.29425329228377	34
-0.0478460095027	0.836163444107609	236
-0.02296597963264	0.410908197770573	4422
-0.0462036113569599	0.831908676858292	1119
-0.0209943829552901	0.409776652047704	628
-0.02296597963264	0.410908197770573	4596
-0.02054390147798	0.410401139638387	19
-0.0258345509801201	0.413043803481388	19
-0.0308800899146	0.413479379600555	5194
-0.0515884620604199	0.837912981263359	44
-0.03042831861484	0.413737551949063	202
-0.0558503847734899	0.842331649019965	904
-0.0094661124314801	0.903828568632995	1358
-0.02152858466472	0.41003633195509	4
-0.04290430406985	0.826948833046949	4
0.018979883904056	0.490062948615881	2304
-0.02027673323395	0.409478238556457	34
-0.0255692233576701	0.412012891941837	386
-0.0209943829552901	0.409776652047704	236
0.111990199708047	0.81888179584995	34
0.047983862713357	0.581483694820142	1
0.027863955920451	0.483928968898868	19
-0.02231647525331	0.410527599337308	4818
-0.02062042675795	0.40900976372954	4818
-0.0258345509801201	0.413043803481388	400
-0.02126179208727	0.410975081816502	182
-0.02303104447883	0.410996649608088	182
0.00421497909458801	1.25882181670622	44
0.120931898103934	0.804473915465029	8
0.018979883904056	0.490062948615881	8
0.0272778189563569	0.482896860321828	202
-0.08180853411567	0.725639109610705	904
0.06178305262921	1.06393325389479	4
0.092624327714441	0.752342517834903	1358
-0.1009590534321	1.05918779685742	4
-0.05758248262891	1.09939145190926	2302
0.041484774763077	0.584707331316726	386
-0.00260917973728003	0.893448942730984	34
0.115458291792775	0.886938577352262	34
0.094567521607763	1.1394887435802	236
0.04258447248443	0.586568109376667	1
0.071933553960571	0.674762787104962	1
0.07167834143491	0.676598079344991	57
0.014409992178878	0.491945039298103	6
-0.02231647525331	0.410527599337308	584
-0.02152858466472	0.41003633195509	19
-0.10102847255772	1.06076512636433	182
0.048375056059869	0.579229455273158	8
-0.0974407396063199	0.74719824613095	44
-0.01845805499361	0.408763534655611	904
0.019563471132187	0.489615442131538	904
0.015689863053288	0.969388586323483	1358
-0.0209943829552901	0.409776652047704	34
0.050216135025737	0.578223499945278	34
0.075365057041386	0.66920441639123	34
-0.03279903446632	0.811122689120544	236
0.114663428430366	0.81497713206856	236
-0.00309610097596003	0.898858393241256	34
0.012970433075245	0.491100093835307	1
0.027024786469245	0.483043609694177	1
-0.0298972455273701	1.96929618646236	1475
-0.09793575902146	0.747877004766513	182
0.029028796684373	0.483077229419228	973
0.051396861230372	0.580465035444476	8
0.074638811426764	0.673688841918305	8
0.023805360299448	0.485199002275023	8
0.054345950844144	0.575426706435315	8
-0.02655133741802	0.413516459136083	414
-0.02126179208727	0.410975081816502	202
0.025939335704131	0.483894472955633	202
-0.09749199277947	0.746833585708175	904
0.014991841711362	0.491309861338566	904
0.056932881348418	0.573620127968333	4
0.040522239084939	1.01553329289006	2304
-0.0160408315278899	0.407403518042765	34
0.0232932211435261	0.487372497728726	34
-0.0452751097069699	0.829137770523006	34
0.017879408525153	0.487652348490494	1
-0.04969349424365	0.836667668385393	1
-0.0906863083973499	1.04069623992581	57
0.013827887658088	0.492274249557995	57
-0.0914139112621899	0.74008607024308	57
-0.0515257386336601	0.839027294877824	57
0.019301826126752	0.489626676436646	6
-0.02224709287202	0.410608941783725	628
0.019041369851751	0.487177739224328	4596
-0.02655133741802	0.413516459136083	182
0.045184453437856	1.01620404122972	44
0.039568575174491	0.587147713295557	8
-0.0219800607115199	0.411274533949238	8
-0.09067295408941	0.735695992049271	414
-0.03140646864859	0.413366127641057	202
-0.0177419809880199	0.408465897919083	4
0.025123314498861	0.955066716173241	904
0.023219745533527	0.485729407307986	4
-0.02027673323395	0.409478238556457	386
-0.00828013584654008	0.901744640459034	34
-0.02655133741802	0.413516459136083	57
-0.02126179208727	0.410975081816502	57
0.023278054411095	0.48596934273912	117
-0.02269870771255	0.411303674855888	19
-0.0272685011114999	0.413655990175607	1314
-0.05889030415526	1.1053841001437	973
0.046531412800784	1.01410455878481	973
-0.02303104447883	0.410996649608088	8
0.066928099402158	0.680486650454705	904
0.1227516398538	0.87599475092803	904
-0.10380544079717	1.30489852813352	34
-0.0174713604435499	0.408269330515601	846
-0.00871756488056996	0.902765996185277	34
-0.04791682085612	1.08388331755621	236
-0.0258345509801201	0.413043803481388	1
0.0247114467027531	0.485765853390852	57
0.025939335704131	0.483894472955633	117
-0.0258345509801201	0.413043803481388	1128
-0.02655133741802	0.413516459136083	182
0.117617208766781	0.810529353383059	8
-0.02204793512445	0.410502951592421	202
0.118431251418817	0.803961876874747	904
-0.04869894467495	0.835129264417011	34
-0.02593316810131	0.410738742120197	34
-0.0244048902648399	0.410464208205061	34
0.058657733084332	0.569867342992617	34
-0.02152858466472	0.41003633195509	1
0.106273685395728	0.82464192595124	1
0.09991552035736	0.744523896416981	1
-0.10331449111284	0.751667511887504	57
-0.0904289021867899	0.739562305388928	57
0.023601305127038	0.483549412862346	57
-0.02224709287202	0.410608941783725	57
0.022369773407166	0.486612908966987	6
0.015894522042094	0.490668273213241	422
-0.02368524530921	0.41093826511309	1128
-0.0275337041419801	0.41314398527887	19
0.0526368526753021	0.577297034494558	1475
-0.10665498959155	0.75347257051185	1314
-0.02027673323395	0.409478238556457	182
-0.0191745054275401	0.408793596683385	973
0.054211116668713	1.07795287010519	869
0.019301826126752	0.489626676436646	1319
0.094821990999058	0.752407921464207	4
-0.0516445292880101	0.839679629499093	904
0.03659754213644	1.02531054947709	4
0.018713772455309	0.489267128736786	4
-0.02511814143824	0.41200820059487	846
-0.0227622512530099	0.410642108899905	846
0.022955577507461	0.486743487685973	34
-0.09370797935048	0.744558942126431	34
0.063990109761672	0.682383480138395	34
0.11566204141231	0.813253010604376	34
0.0772682901707	0.669687201901373	1
-0.0209943829552901	0.409776652047704	57
0.054565790967113	0.573258883653132	57
0.024448238004705	0.485979489293663	57
0.029028796684373	0.483077229419228	8
-0.0878741593639401	0.735178994880073	8
-0.02511814143824	0.41200820059487	973
-0.0148406140770101	0.911480425200504	869
0.05070589095183	0.579346013754557	4
-0.0444935043263801	0.832447809661205	1358
0.0913923766818	0.754814609094869	4
-0.0597913449462399	1.10906314527604	2304
0.020361048132435	0.963509891572854	2304
-0.0471904418184399	0.833947885235395	2302
0.065491991641784	0.681299972255719	34
0.079170478145195	0.668032586243667	846
-0.0258345509801201	0.413043803481388	386
0.018979883904056	0.490062948615881	34
-0.0575046430077399	1.10422088863733	34
0.0730868610175151	0.672256247337527	34
0.024126413957558	0.486297529129953	1
0.0508189874713521	0.578867750869275	57
0.026957364462212	0.48365648985277	57
-0.0174713604435499	0.408269330515601	57
0.025032944637482	0.485654316649321	6
-0.02269870771255	0.411303674855888	6
-0.0984309517191799	0.748279555131063	628
0.0750070756688001	0.670850747447366	422
0.050965191491711	0.580536252528698	1475
-0.0234177334526799	0.410826590483551	2114
0.05500708637083	0.576236141885541	2114
0.049345980797031	0.579201196423685	182
0.093801741876984	0.753017993769184	8
-0.06037572577293	1.10958048782468	8
-0.0160408315278899	0.407403518042765	8
-0.0993160489398599	0.746561769556471	8
-0.09612858350671	0.745836402231134	8
0.046479135973084	0.583684643677063	8
-0.00859074094941992	0.903658932187242	44
0.022369773407166	0.486612908966987	4
0.055810949793017	0.574441077822495	34
-0.0191745054275401	0.408793596683385	846
0.046553626280165	0.584006513426087	34
0.0424380322817141	0.585815232358177	1
-0.10670247528237	0.754150937714968	834
0.02046807907243	0.488971745774085	834
0.0464735246032461	0.583105940489027	752
-0.02126179208727	0.410975081816502	1
-0.0922761699051799	0.741285393301026	1
-0.02681629356167	0.412672237731607	6
0.018396040612831	0.490271397263528	456
-0.02027673323395	0.409478238556457	628
0.045019416731295	0.583964825035704	422
-0.0510632282630299	0.838427490707537	1475
-0.0998158099053199	1.05135905236107	1475
-0.0203729015249701	1.13865836329324	990
-0.0403598947280599	0.823901617356716	8
-0.02269870771255	0.411303674855888	973
-0.0249048004761001	2.16084814064999	8
-0.09607818582165	0.745041805083777	8
-0.1078853567901	1.06855418091352	8
0.046353548270943	1.01154410318	765
-0.10616242873989	1.31228745365152	8
0.027863955920451	0.483928968898868	8
0.039568575174491	0.587147713295557	8
-0.02303104447883	0.410996649608088	8
-0.0518407779919801	1.38804568171615	1319
-0.01982638852231	0.409294816847698	4
0.02833451102343	0.950931373075191	34
0.121761868345392	0.880591814411072	134
-0.0610899972972301	1.10895856987364	846
-0.02054390147798	0.410401139638387	34
-0.02231647525331	0.410527599337308	34
-0.02817739904318	1.15289666034637	1
0.120071528199911	0.881383256353497	470
-0.0167559082206199	0.407972067925741	834
0.026785526244306	0.483008604292286	117
0.017879408525153	0.487652348490494	422
-0.02224709287202	0.410608941783725	117
0.118036053668798	0.810162037177199	1475
0.073225302584195	0.675272608175274	1475
0.046553626280165	0.584006513426087	1475
-0.07766581875372	1.54233556918074	8
0.056025181003023	0.574375550960549	8
-0.0248530618398799	0.411542674464278	869
-0.0984309517191799	0.748279555131063	8
0.073932579659364	0.671805436876286	8
-0.03307494041323	1.16078446354815	8
-0.0177419809880199	0.408465897919083	904
-0.02681629356167	0.412672237731607	4
-0.06117698660511	1.11094168514923	2864
0.0885403379797191	1.15497761577993	134
-0.02224709287202	0.410608941783725	34
0.033922156217947	0.477802751997579	34
0.028504299628721	1.03647685965252	34
-0.06287569048037	1.11349889066016	1
0.108600119277101	0.821220498555752	1
-0.00571002806927989	0.899529566460029	470
0.104994058976904	1.11959783403469	5475
-0.0938012445104699	1.28926490972249	1
-0.0946461692690701	0.745493654326501	650
0.019299277866682	0.964419822457627	6
0.042946766257006	0.585296709777993	422
0.083319386442639	0.661497682235633	1998
0.023805360299448	0.485199002275023	1128
0.078210881921052	0.668663675805139	1128
-0.02224709287202	0.410608941783725	584
-0.05292092265202	1.09402264640061	1475
0.042438545130449	1.01793379174092	1475
0.015573436450521	0.490087795635554	1475
0.063439661983262	1.05914101330012	182
0.115083588764086	0.81460781589565	182
-0.03295976911895	1.15779806213165	8
0.051330033112829	0.578081124883658	8
0.032178821693948	0.944245488768118	34
-0.0927693398370399	0.74195796483767	34
0.015894522042094	0.490668273213241	34
-0.10088982816659	0.749497593613753	650
0.117435757132197	0.806452368964771	1475
-0.0230397879565401	1.5691488736962	1475
0.121651199293412	0.879629736562492	8
-0.01323767862763	1.46065573144009	8
0.095966150563616	0.751806459961886	8
-0.08930465194614	0.738516408507673	869
0.105474637678185	0.823826406572252	8
-0.0507663639704401	0.835825626345324	8
-0.06128687938489	1.10524587254552	8
0.0244546030278719	0.486210829047288	414
-0.10150887042183	1.05795680855554	8
-0.10418624361907	1.06123507961134	8
-0.0245407918706799	1.14857153715435	8
-0.0999310227608601	1.05515063485544	904
0.039568575174491	0.587147713295557	4
0.100360366721044	0.743409249397964	4
0.118235520934504	0.884121133120699	34
0.101699001492671	0.826101760697591	34
-0.10149728675157	0.749728817322187	34
0.091009101529526	0.756037001265713	34
0.040619309949262	0.587504955751975	34
-0.0311435899907899	0.41466914140038	34
-0.02368524530921	0.41093826511309	34
-0.0587313234059199	1.10525748782226	470
-0.0716055292570299	1.34012161184176	1
0.021806919098716	0.487298612728869	5475
0.107496445223371	0.822230289643676	1
-0.02511814143824	0.41200820059487	5079
-0.00879432264953994	0.904914540832431	6
-0.11083013192844	1.06957742265142	456
-0.08606805821997	0.732277874479631	6
0.093838259753929	0.75214845142026	6
-0.0177419809880199	0.408465897919083	1998
-0.02224709287202	0.410608941783725	1128
-0.03647113929269	0.415792999867536	398
0.114875069106971	0.809630571597427	990
0.093588532776384	0.749053293404302	990
-0.0360052475117401	0.818956611760547	8
0.01412569012995	0.490443066524519	8
0.0964948984902529	0.750126794612481	8
-0.02126179208727	0.410975081816502	4
-0.02296597963264	0.410908197770573	4
-0.0969971100525699	0.746431748529318	4
-0.02374598899693	0.411135954461803	34
-0.0644072051696101	1.11025647843316	34
0.053188625608436	1.00289371964092	34
-0.00871520091494005	0.90256739015049	34
-0.0965726351425	0.745167899861217	34
-0.02655133741802	0.413516459136083	34
-0.0311435899907899	0.41466914140038	34
0.102464061522641	0.741643109836976	5475
0.08068601396155	1.103874813231	1
-0.09711474657884	0.746771229604413	650
-0.02126179208727	0.410975081816502	6
0.074519041082074	0.671460073883177	117
0.07496454252494	0.672287633847984	117
-0.09415237656505	0.744816899613193	117
-0.00304628790854	0.894050508820276	1998
-0.0258345509801201	0.413043803481388	398
0.047078537034621	1.31634235163698	3545
-0.07018803766849	1.12130065221681	182
0.026698094287039	0.483918518491508	8
-0.02204793512445	0.410502951592421	869
-0.10182988102938	0.750945116951384	869
-0.10186201940552	1.88133778540823	765
-0.10688703047185	1.06521493268429	34
0.00837249650915395	1.48560298451807	34
-0.02152858466472	0.41003633195509	4
0.057186523656988	1.07147884596502	34
-0.00348352399280993	0.894415127699607	34
0.024197704557829	0.48595166057885	34
0.025937622719385	0.48352131368199	34
0.029028796684373	0.483077229419228	34
-0.0260992604196	0.411639865603186	3015
-0.02126179208727	0.410975081816502	5475
0.111699054823407	0.816702516895727	650
-0.02655133741802	0.413516459136083	1
0.067871821974537	0.678849066700979	117
-0.0897470945557499	0.738674151781216	117
0.046553626280165	0.584006513426087	1998
-0.0219800607115199	0.411274533949238	1128
-0.01884256586002	0.40780874728478	1128
-0.0167559082206199	0.407972067925741	398
0.01988508042586	0.489418532086656	8
0.118208746606432	0.884720312886526	765
0.032319672102624	1.69547384768777	8
0.11240933154406	0.818163565356798	8
-0.0444935043263801	0.832447809661205	34
-0.0653212345965	1.11387733143208	75
-0.0219800607115199	0.411274533949238	34
-0.00488685046264004	1.44453356194721	1
-0.06156566800761	1.32368097740893	5475
0.11667637898003	0.887767055640875	5475
-0.02296597963264	0.410908197770573	834
-0.0219800607115199	0.411274533949238	1
-0.0516445292880101	0.839679629499093	1998
0.109703077616728	1.97906443333257	3545
-0.10495145288271	2.23951355157111	3545
-0.0573819660203501	1.09525903385299	8
-0.0883172229020399	0.736689380123406	8
0.018979883904056	0.490062948615881	8
0.078228365116862	0.669055552119672	8
-0.0162764160872699	0.912294796014348	8
0.071789334901783	1.11643020231417	8
-0.10464878172554	1.06003473483727	869
-0.10811678602439	1.06724831409094	869
-0.00645347206943003	0.899759622775991	8
0.019452719204831	1.30312202039283	8
0.090679220713623	0.755576234399323	765
0.080884319974777	1.16966422046147	8
0.054717957541512	1.07540832084081	8
0.052847596083534	0.577753107832341	414
0.067280377502936	0.680555980129505	4
0.00296773535708506	0.887149869137987	2864
-0.00460968465136991	0.896321741581643	2864
-0.0923570974469301	1.04343435161917	34
0.107496445223371	0.822230289643676	597
0.04502731533635	0.583802634353205	5475
-0.0209943829552901	0.409776652047704	1556
-0.0258345509801201	0.413043803481388	6
0.028770399960519	0.482516920035912	117
0.067751856497876	0.679997783057066	117
0.0942640337998391	2.25498796033884	3545
0.041562729513297	0.587032317765048	990
0.07014862894115	1.11977363764579	182
0.021675494512885	0.963022128563796	8
0.019301826126752	0.489626676436646	8
-0.02511814143824	0.41200820059487	8
-0.0966857550331499	1.04867449574281	8
0.089151277032126	1.15358644376663	8
-0.0904001244958601	1.28024323437068	765
0.025169275104322	1.21948954181525	765
0.106184667366975	0.824468878724291	8
0.051372710019657	1.08064725544767	8
-0.0446884016598701	1.3761341703082	8
0.089130713820388	0.758079355147045	8
0.070480212567462	0.677172512450515	8
0.014089008630006	0.490727684035507	8
0.05070589095183	0.579346013754557	8
-0.0871319498511001	1.36038249427076	4
0.111990199708047	0.81888179584995	4
0.070007912083619	0.677468988104035	34
0.094010009356564	0.749461094077873	34
-0.10561018160492	1.31044915324374	34
0.067611468463544	0.677074625932537	34
-0.04817647962551	0.835179767252813	34
-0.0248530618398799	0.411542674464278	34
-0.09340835351044	1.04666727300939	34
0.0126468676646631	0.490669575447164	34
0.019624545617105	0.487791257016207	34
0.029884947057444	0.949866527966977	34
-0.10685279933554	0.752870753678222	34
-0.0897986252234599	0.739035587099458	470
0.064528511235428	0.6804357607206	1
0.05500708637083	0.576236141885541	597
-0.09348207218178	0.74050726535634	1
-0.02204793512445	0.410502951592421	6
0.0247114467027531	0.485765853390852	6
0.054098893046445	0.575716282314449	3350
-0.0177419809880199	0.408465897919083	768
0.050194666437503	0.579508239942932	398
-0.02152858466472	0.41003633195509	398
0.052748891290217	0.57655372047118	1128
0.0215348520205511	0.485558663733781	8
0.023219745533527	0.485729407307986	8
0.031006069298968	0.478448413313057	8
0.091469195785603	0.754093024801201	8
0.072614130533481	0.672458877517883	8
0.04894828741793	0.580128930388963	8
-0.0311435899907899	0.41466914140038	8
0.020119112194919	0.966050314959797	8
-0.0178042489342101	1.12975307296953	4
-0.10417594310863	1.06087167018752	4
-0.0989263178050599	0.748405526735507	2864
0.072665830784881	0.673948989893434	2864
0.05376184982813	0.577038633160897	34
0.036866389765767	1.27083327057195	34
-0.00197315496947992	0.894588295613521	34
0.124550033782072	0.796392952836609	34
0.020790130443553	0.4876451712386	34
0.025939335704131	0.483894472955633	34
-0.0396194668555001	0.824388707462573	75
-0.0534056944988099	0.839898272867995	34
-0.00427885589578003	0.896155466263081	5475
-0.0897470945557499	0.738674151781216	5475
0.05045557672035	0.581254464006149	3113
-0.0219800607115199	0.411274533949238	6
-0.0386033479458801	1.91518368605794	3545
0.066928099402158	0.680486650454705	990
0.047963782804221	1.00558022649257	8
0.091570709836281	0.755971291055767	8
0.088129615437823	0.758467344267328	8
-0.05631316814499	0.842781959858095	765
-0.01845805499361	0.408763534655611	8
0.025355212710095	0.484218430760984	8
-0.02081045464866	0.408933527207846	8
-0.00786746844772002	1.36699320499613	4
0.05427027546622	0.57678923130708	34
0.033342871899596	0.478571799591354	34
-0.10281944783493	0.751751903281367	34
0.040107843575557	0.587275186058806	34
-0.02798604242193	0.413256750767976	34
0.05500708637083	0.576236141885541	34
0.088575656538834	0.757762567461296	34
0.019217834531428	0.964551279496482	470
0.049435794200234	0.58198163053543	470
0.025355212710095	0.484218430760984	470
-0.0272685011114999	0.413655990175607	597
-0.0883172229020399	0.736689380123406	240
-0.02655133741802	0.413516459136083	1
0.047064659101968	0.583528390275705	5079
0.018658717968524	0.489036202673862	3113
0.05070589095183	0.579346013754557	416
-0.02054390147798	0.410401139638387	584
-0.02054390147798	0.410401139638387	4854
0.088086636644746	2.4077360700832	3545
0.092838009828221	0.753696845952924	990
-0.02224709287202	0.410608941783725	8
0.022092959551944	1.2995159916948	8
0.12492047769619	1.25637061612416	8
0.098301505241796	0.748839619253029	765
0.014731756800628	0.491631095324249	8
0.0759679802015319	0.669213087434619	34
0.102256463214414	0.741318645636829	34
0.046710878991307	1.01310882240865	34
0.04164168675995	0.587040348971874	34
0.0499725481830891	0.682886812599197	34
0.101465390324248	0.74356321462395	34
0.051817038485103	1.00305694907956	34
0.116020032191781	0.809254612490181	470
0.021516344201878	0.961217406094274	470
0.028892637748546	0.951586996857455	5475
0.070935133390777	0.675244386887718	5475
-0.0520510339153599	0.838825499521919	7
0.105804848073155	0.823516285875449	240
-0.0969971100525699	0.746431748529318	240
-0.09749199277947	0.746833585708175	5079
-0.0452751097069699	0.829137770523006	5079
-0.0215221191444399	2.49881660526848	3545
0.062789287079828	1.06305651308253	3545
0.048006237158267	0.582368210709497	990
-0.04502979221309	0.830898564341168	8
0.027670041215519	0.95156693578667	8
0.102908461794577	0.740774005805036	8
0.01988508042586	0.489418532086656	8
0.026957364462212	0.48365648985277	8
0.033739001878777	0.943507262996607	34
-0.0174713604435499	0.408269330515601	75
-0.09469545971871	0.745084893553968	34
0.0444406452985881	0.584549318333612	34
0.118811945544261	0.884450875214105	34
0.111123414384759	0.817781414852595	470
0.075621144230676	0.672942733062937	240
-0.10047411275597	0.748535263135333	240
0.026699192054501	0.483336660270678	3113
0.050307751945362	0.579430672939284	3113
-0.02296597963264	0.410908197770573	6
-0.0219800607115199	0.411274533949238	398
0.055562205928374	2.28064318100008	3545
0.024126413957558	0.486297529129953	182
0.00899292732018298	0.492662527118567	990
0.040436803471632	1.02039093555792	8
-0.00168599843753992	1.19011162666092	869
-0.10079793637833	1.05672595738883	8
-0.01845805499361	0.408763534655611	8
0.024217895601265	0.960033291654551	8
-0.03168152660736	1.15923850974357	34
0.049867856506886	0.581200166398956	34
-0.00871756488056996	0.902765996185277	34
-0.00702135644871005	0.900982010496024	34
-0.0138056425795701	1.21346399215142	69
0.013567972479116	0.491104131466548	34
-0.0272685011114999	0.413655990175607	75
-0.00579755806914006	0.902154905206105	34
-0.10236553156316	1.05958173083535	5475
0.018979883904056	0.490062948615881	1
0.088446233409648	0.757554542350684	240
0.026957364462212	0.48365648985277	1556
0.018979883904056	0.490062948615881	3113
0.025617394757113	0.485123505343381	6
0.052338611403571	0.578466672455565	6
0.019301826126752	0.489626676436646	117
-0.00874862398224008	1.20538591066545	3545
-0.02655133741802	0.413516459136083	8
0.017573192643648	1.2372501185274	8
-0.05000956734371	0.836040923985988	8
0.070463053659766	0.676283922324342	8
-0.02204793512445	0.410502951592421	8
-0.02655133741802	0.413516459136083	1613
0.0750070756688001	0.670850747447366	8
0.020696577508438	0.964614116095155	4
-0.0893551544250699	0.736740162827621	34
0.070952359244948	0.676646519053922	34
0.073559437518202	0.671846867388362	34
-0.0468569727534001	0.835457138466888	470
-0.02655133741802	0.413516459136083	470
-0.02511814143824	0.41200820059487	470
-0.0920511799104899	0.738558046012617	5475
-0.0990876553494	0.748376627520693	650
0.0487729048333611	0.579894184023409	5079
-0.0282514925208599	0.413283993547182	5079
0.051474622093467	0.579508952525026	6
-0.09073548436126	0.739964532356713	6
-0.02054390147798	0.410401139638387	928
0.053589170236563	0.576275650597332	117
-0.0945277856025399	0.74264539755939	768
0.091813645047691	1.14921819166207	3545
0.023805360299448	0.485199002275023	8
0.028446503813386	0.48360544938142	8
-0.0177419809880199	0.408465897919083	8
0.04318960442317	0.583680109678275	8
0.022497312444178	0.960221766485434	8
0.087440887545809	0.759112433380597	8
-0.0195594609890499	0.408907543271993	133
-0.0248530618398799	0.411542674464278	8
-0.0195594609890499	0.408907543271993	1682
-0.10697052625581	1.06521624141084	8
0.014991841711362	0.491309861338566	4
0.074167795067874	0.674452237797282	34
0.067234928576872	0.679784536227598	34
0.0293147679997851	0.95048155841422	34
-0.02126179208727	0.410975081816502	34
0.048375056059869	0.579229455273158	75
0.120233516250946	0.883362976326401	4374
-0.02027673323395	0.409478238556457	7
0.030866811386276	0.947956466038404	650
0.05235155523221	0.575244787436928	240
-0.08930465194614	0.738516408507673	240
0.070480212567462	0.677172512450515	117
0.017227585054816	0.489586810371336	398
-0.02204793512445	0.410502951592421	398
-0.0378408876226599	1.36189426963245	990
-0.10060160091817	1.05959128661492	8
-0.02054390147798	0.410401139638387	8
-0.10846493255494	1.07003980968995	8
0.105235415268228	0.824008619352254	8
-0.0122342230208401	0.909687517416443	8
0.0759679802015319	0.669213087434619	8
0.095076534329105	1.14233991512069	8
0.119291861210322	0.807729096876584	8
0.047575506939744	0.582807719551856	8
-0.10039561748926	0.748609600711594	8
0.018718315979064	0.48956308680362	1682
0.022369773407166	0.486612908966987	4
0.074519041082074	0.671460073883177	69
0.015573436450521	0.490087795635554	34
0.023863274661684	0.486099627797188	34
-0.02681629356167	0.412672237731607	34
0.023219745533527	0.485729407307986	34
0.075479175818931	0.670441921506615	34
0.028770399960519	0.482516920035912	34
0.09549007329272	0.750962390467246	470
-0.09887395139294	0.748376430830867	470
-0.10503174493525	1.06359593762001	470
-0.10079793637833	1.05672595738883	470
-0.00222441034772003	0.8970948433313	470
0.103562585913516	0.827114137684778	597
-0.0979870487155401	0.746959754979035	606
-0.01982638852231	0.409294816847698	5475
-0.00484102686154997	0.899146960202113	650
0.029934068872152	0.481668392537244	650
-0.02224709287202	0.410608941783725	1
0.018979883904056	0.490062948615881	6
-0.02296597963264	0.410908197770573	3002
-0.0177419809880199	0.408465897919083	768
-0.0321223702645701	0.414294926993374	8
-0.0219800607115199	0.411274533949238	8
-0.01978282936808	1.13469853119478	8
-0.0310693152206201	1.15431453461858	8
-0.01702628305176	0.407896565848327	1682
0.047575506939744	0.582807719551856	1682
-0.02655133741802	0.413516459136083	5135
0.022969991702422	0.486647207067339	1613
-0.0984539211139701	1.05556414332679	4
0.0490046442152861	0.5812231287938	34
-0.0321223702645701	0.414294926993374	34
-0.02269870771255	0.411303674855888	34
-0.0902412031006401	0.739444712132358	2189
0.094010009356564	0.749461094077873	34
-0.0949337865551201	1.0500504614356	470
0.037826452624942	0.570665210345355	597
-0.0258345509801201	0.413043803481388	597
0.120555365672304	0.804161144782766	606
0.104813841434805	0.823995688518575	5475
0.101689055558043	1.12648595795259	650
0.046984613780248	0.583096671940291	1
0.030515521601061	0.480892304556445	1
0.031858046760526	0.479592176505172	6
0.021806919098716	0.487298612728869	6
-0.02905223994073	0.412177524206833	768
-0.02062042675795	0.40900976372954	398
0.028123375859096	0.482805576227173	398
0.021549241707246	0.486898835394247	398
0.018396040612831	0.490271397263528	990
0.05427027546622	0.57678923130708	8
0.029957264237814	0.948920353730828	8
0.044950544531831	0.584778572489304	8
0.090578299209038	0.756358000060329	8
-0.03042831861484	0.413737551949063	8
0.020207465749117	0.487853014850325	34
0.047495517925969	0.582845325381987	34
0.045234453147319	0.583242219761226	34
-0.0985472828176801	0.748592632260613	34
-0.10253100964058	1.06123525733606	34
0.116343355133906	0.812159040067758	34
0.019037582423717	0.488172523893389	1874
-0.00304628790854	0.894050508820276	5475
-0.05746471086245	1.10260024454959	7
-0.0195594609890499	0.408907543271993	650
0.023601305127038	0.483549412862346	650
0.023278054411095	0.48596934273912	6
0.025880742220242	0.483647370154643	6
-0.02269870771255	0.411303674855888	928
-0.01845805499361	0.408763534655611	398
-0.01845805499361	0.408763534655611	398
0.0490046442152861	0.5812231287938	8
-0.0209943829552901	0.409776652047704	8
-0.09986512967794	0.748905423800284	8
0.04258447248443	0.586568109376667	8
0.075129548539415	0.673818198199838	8
0.024126413957558	0.486297529129953	4
-0.02231647525331	0.410527599337308	4
-0.0974407396063199	0.74719824613095	4
0.023874039063565	0.486927927519843	34
0.024777930759568	0.485508813766345	34
0.057691297297135	0.684715671584904	34
0.097300999183317	0.750107238460331	34
-0.10811678602439	1.06724831409094	34
-0.0058394066074301	0.898963071189581	470
0.067892407182147	0.679441541768604	240
0.07499122575943	0.670844352847662	571
0.110801324816871	2.0434898544024	1475
-0.0420985707083501	0.415574497500611	182
-0.10182988102938	0.750945116951384	182
-0.0462658419111901	0.832779459230108	182
0.048006237158267	0.582368210709497	990
0.01412569012995	0.490443066524519	8
0.021050822262274	0.488251197847747	8
-0.02231647525331	0.410527599337308	8
-0.02655133741802	0.413516459136083	1613
-0.0946461692690701	0.745493654326501	34
-0.0467891839077299	0.832996773712033	34
-0.0219800607115199	0.411274533949238	34
-0.02303104447883	0.410996649608088	34
0.029028796684373	0.483077229419228	34
0.050307751945362	0.579430672939284	34
0.0773730930598761	0.668738192909954	34
-0.0315954817494399	0.413194685338354	1874
0.09228468005936	0.754371535442048	7
-0.0462036113569599	0.831908676858292	7
-0.01845805499361	0.408763534655611	5475
-0.0132244601003699	0.40491562005861	1
0.051216925571805	0.578983513041556	240
0.047421758695448	0.582895556425818	240
0.079170478145195	0.668032586243667	571
0.031858046760526	0.479592176505172	571
-0.02062042675795	0.40900976372954	6
0.024448238004705	0.485979489293663	6
0.0164313451350649	0.969802737593118	8
0.063595370044742	0.565014244973794	8
0.067871821974537	0.678849066700979	8
-0.02126179208727	0.410975081816502	133
0.069260158905529	0.676469447043154	4
-0.0444935043263801	0.832447809661205	34
-0.02027673323395	0.409478238556457	75
-0.0478460095027	0.836163444107609	34
0.09968568406122	0.744935017772808	7
0.00150936955889902	0.889019521735112	240
0.025880742220242	0.483647370154643	240
0.010475553016291	0.491354080952791	6
0.023805360299448	0.485199002275023	398
0.110970036639506	0.817331203246836	1475
0.018713772455309	0.489267128736786	182
0.086103902404462	0.760898176018186	182
-0.1032644863597	0.752001424844403	8
0.0232932211435261	0.487372497728726	8
-0.0986815635754901	0.743168835899147	4
-0.0944731529637399	0.742342543600819	4
-0.02303104447883	0.410996649608088	4
0.029028796684373	0.483077229419228	1163
-0.02224709287202	0.410608941783725	1163
0.074403152511784	0.670853694213768	4
0.015313266708984	0.491302403590035	34
-0.09739469666516	0.741798649343193	34
-0.0896945753993801	0.735344434200884	34
0.019616290013416	0.487846557035176	34
-0.02681629356167	0.412672237731607	2869
0.060594078029093	1.06327360325117	470
0.027540497875428	0.483333049189275	470
0.019301826126752	0.489626676436646	470
-0.04350722620203	0.831746454621921	7
-0.0458791292067899	0.832952543930854	7
-0.02347694248815	0.410248691257658	6
0.051615755559372	0.578220142953797	6
-0.0301650740028001	0.413168838752643	2656
0.026201588560498	0.484339946364837	6
-0.0272685011114999	0.413655990175607	1855
0.018396040612831	0.490271397263528	1855
0.07165458227369	0.671605956816322	4
-0.0260992604196	0.411639865603186	4
-0.02296597963264	0.410908197770573	4
-0.0275337041419801	0.41314398527887	34
0.069518432820189	0.677574926854816	34
-0.06277462576077	1.32514077339207	34
0.023405090473765	0.957557227326554	34
-0.0195594609890499	0.408907543271993	34
-0.0209943829552901	0.409776652047704	75
-0.0209943829552901	0.409776652047704	75
-0.05618749227849	0.840843257984145	34
0.118297648157578	0.80731335721378	470
-0.0174713604435499	0.408269330515601	1874
0.029028796684373	0.483077229419228	606
-0.02054390147798	0.410401139638387	5475
0.054897507576278	0.576398296971569	7
-0.0969458933682801	0.746210989881604	240
0.052338611403571	0.578466672455565	6
0.023219745533527	0.485729407307986	2656
-0.02243081627196	0.409335013447221	398
-0.02269870771255	0.411303674855888	398
-0.0275337041419801	0.41314398527887	398
0.073696625482598	0.674976994061394	182
-0.0163109608263099	0.406800295212078	8
0.026523202592572	0.483366492541231	34
-0.02231647525331	0.410527599337308	528
-0.00859074094941992	0.903658932187242	470
0.116880157520213	0.808859209259948	470
-0.10271849025484	0.748099863424846	7
0.0772682901707	0.669687201901373	5475
-0.0321223702645701	0.414294926993374	650
-0.04712838107921	0.831969230657349	1
0.073696625482598	0.674976994061394	240
0.0272811528101971	0.484048387209294	240
0.025617394757113	0.485123505343381	6
0.021050822262274	0.488251197847747	6
0.025032944637482	0.485654316649321	1855
-0.0321223702645701	0.414294926993374	398
0.020790130443553	0.4876451712386	398
-0.0174713604435499	0.408269330515601	398
-0.04014244204151	0.825746148014043	182
-0.0258345509801201	0.413043803481388	8
0.0341626107123531	0.590160042274391	8
-0.00217219941536007	0.892605908927386	8
0.050307751945362	0.579430672939284	4
0.047064659101968	0.583528390275705	4
-0.08601951004896	0.733542784754922	34
0.05682998008454	0.573523032490313	69
0.111544531623641	0.817191747468691	69
0.114049893380282	0.815217214506481	34
-0.02269870771255	0.411303674855888	34
-0.0496246516961401	0.835754291835769	470
-0.0275337041419801	0.41314398527887	470
-0.0283384601138399	0.412461825619006	1874
-0.05195160095569	0.836678220167938	5475
0.024448238004705	0.485979489293663	1
0.069045891537287	0.677871562537287	571
-0.0946461692690701	0.745493654326501	117
0.05045557672035	0.581254464006149	117
0.041562729513297	0.587032317765048	1855
-0.02655133741802	0.413516459136083	398
-0.02027673323395	0.409478238556457	398
-0.02126179208727	0.410975081816502	398
0.098301505241796	0.748839619253029	182
0.0922557213376381	0.755764876992939	8
0.0946635769766661	1.20263189738717	8
0.036196691241388	1.02718751107907	8
0.09726639328614	0.748648800544239	8
0.049514758018424	0.580747497378275	4
0.074519041082074	0.671460073883177	8
0.025355212710095	0.484218430760984	4
0.017811941061995	0.490207639636099	34
0.077739662685169	0.669278488586703	34
0.025032944637482	0.485654316649321	69
-0.02204793512445	0.410502951592421	528
0.093372438098743	0.754559769762271	34
0.00385301159139695	0.885735268032515	34
0.011757691570333	0.974344465538586	34
0.046718691624426	1.01278471949198	470
-0.0522844363535899	1.09438728872879	470
-0.0258345509801201	0.413043803481388	1430
0.09968568406122	0.744935017772808	7
0.01988508042586	0.489418532086656	6
-0.02054390147798	0.410401139638387	635
-0.0219800607115199	0.411274533949238	635
-0.0275337041419801	0.41314398527887	398
0.051044016092083	1.0002847052321	182
0.022955577507461	0.486743487685973	8
-0.0125115897446599	0.404353014672515	8
0.069045891537287	0.677871562537287	8
0.033018044385619	0.478300086026064	8
-0.1032644863597	0.752001424844403	8
0.045371629096211	0.580993110233537	4
-0.02171241051411	0.409806924167185	34
-0.02126179208727	0.410975081816502	34
0.030515521601061	0.480892304556445	528
0.016216387190556	0.489528749497461	34
0.0993645717011919	0.742662502462833	34
-0.0682221204746301	1.33528251727103	470
0.017984434725153	0.966482843592231	606
0.089798267664116	0.75608778214087	7
0.025355212710095	0.484218430760984	7
0.089240951818709	0.757714696103038	240
-0.02126179208727	0.410975081816502	6
-0.03548113069978	0.818615819430491	635
-0.02655133741802	0.413516459136083	398
0.014149992122315	0.49165577187569	398
0.0508189874713521	0.578867750869275	398
0.043095066523161	0.585934535298324	42
-0.0272685011114999	0.413655990175607	8
-0.0258345509801201	0.413043803481388	8
-0.0321223702645701	0.414294926993374	8
0.070935133390777	0.675244386887718	4
-0.03257526143736	0.414692514464788	4
0.098605722836566	0.744062826186807	8
-0.02152858466472	0.41003633195509	3629
-0.02296597963264	0.410908197770573	34
-0.0248530618398799	0.411542674464278	34
0.114506194418578	0.815177293556117	34
-0.1016485512112	1.05530382676672	34
0.00298485528644599	0.887471938328167	69
-0.0209943829552901	0.409776652047704	69
0.11240933154406	0.818163565356798	69
0.123319052708996	0.801131936615301	34
-0.0393070544954699	0.82514707384606	34
0.062545519162905	1.06513999506305	34
0.023219745533527	0.485729407307986	34
-0.02054390147798	0.410401139638387	375
-0.000924510564600078	0.894684867466504	470
-0.00899846950682992	1.20429651922697	34
0.029610834728566	0.482297418223224	1430
0.04258447248443	0.586568109376667	606
-0.0459345123933901	0.833275773548026	606
0.0918105577484269	0.756216773833114	571
-0.0437697843254199	0.825700633137503	6
0.051320090198551	0.57919073145	6
0.0232932211435261	0.487372497728726	635
0.023863274661684	0.486099627797188	398
-0.0932144978765499	0.743883074867875	182
0.015330579736702	1.23960421528503	869
0.015313266708984	0.491302403590035	1088
-0.01179909261532	0.403271579311875	470
-0.0593701425473101	1.10318927906852	240
-0.09415237656505	0.744816899613193	6
-0.0932144978765499	0.743883074867875	635
-0.02054390147798	0.410401139638387	398
0.0706491011342451	0.677600223780693	182
-0.0219800607115199	0.411274533949238	8
-0.09511821496977	1.04816836646807	8
0.095411171470584	0.752047826511365	4
0.05045557672035	0.581254464006149	34
-0.0873603428216401	1.03280298946745	34
0.024770833413836	0.484338964700153	34
-0.02655133741802	0.413516459136083	34
-0.02655133741802	0.413516459136083	75
-0.10030551119598	1.05808108265918	34
0.014731756800628	0.491631095324249	7
0.055516228015581	0.575452682793181	240
0.036147229244147	0.589373175641009	240
-0.0944523969475899	1.04726939645681	240
0.015894522042094	0.490668273213241	6
0.0469127309379041	0.583526138926534	117
-0.0275337041419801	0.41314398527887	42
0.025617394757113	0.485123505343381	42
0.027856193403859	0.482188714832345	182
-0.0100306208730201	0.904221791212578	182
-0.05542685266237	0.842560619361284	182
0.024390717934898	0.48441663224042	8
0.0247114467027531	0.485765853390852	4
-0.02027673323395	0.409478238556457	1088
-0.0163109608263099	0.406800295212078	1551
-0.02152858466472	0.41003633195509	1551
-0.0447620656723899	1.37695783785749	34
0.061594413707808	1.34859922675571	34
0.045768378877207	1.01462655625541	34
0.074046702638692	0.671869359783591	470
-0.0955839094025701	0.744641044177853	117
0.022955577507461	0.486743487685973	635
0.014409992178878	0.491945039298103	635
-0.02027673323395	0.409478238556457	398
-0.02368524530921	0.41093826511309	398
0.107075442435435	0.822951279261015	182
0.110024795843945	0.820501424922913	182
0.015313266708984	0.491302403590035	8
0.110168007422268	0.82074033201528	869
-0.0447112197477	1.37656976508752	8
-0.02918507230803	1.1535501552948	4
-0.08886131697372	0.73646158487273	4
-0.00636059614767004	0.902344700261668	4
-0.0167559082206199	0.407972067925741	34
0.087237131403172	0.759120448328194	4
0.047473194779767	0.581185016078844	297
0.087038550151387	0.655693116211991	34
-0.02681629356167	0.412672237731607	34
-0.0112334789428099	0.909118859443866	470
-0.0990407384931899	0.749149383670419	470
-0.09793575902146	0.747877004766513	7
-0.02628576158792	0.412152659857664	7
0.07189619152928	0.674841765932611	6
0.092730630950545	0.753806017982914	6
0.07499122575943	0.670844352847662	6
0.0247114467027531	0.485765853390852	6
-0.02269870771255	0.411303674855888	6
-0.09216665613896	0.739408392048119	6
0.103923520964626	0.736064771529053	42
0.058340754644995	1.07160041747008	8
0.015970810415491	1.23793253860004	869
0.0447708957348359	1.3237596733947	8
0.0518294428142	0.578940599864088	309
-0.00222441034772003	0.8970948433313	4
-0.03647113929269	0.415792999867536	1551
-0.02303104447883	0.410996649608088	1551
-0.02027673323395	0.409478238556457	1551
0.110435257331058	0.816390111633709	297
-0.0219800607115199	0.411274533949238	375
0.096938979645136	0.749927638714613	34
0.0659837618281171	0.681049334110587	240
-0.0951401345906999	0.745894843709305	240
0.018718315979064	0.48956308680362	240
0.031858046760526	0.479592176505172	240
0.0732449189791961	0.674473596634099	117
-0.02054390147798	0.410401139638387	117
-0.0181871885549101	0.408299416064853	635
0.02046807907243	0.488971745774085	1003
-0.0209943829552901	0.409776652047704	936
-0.02152858466472	0.41003633195509	936
-0.02027673323395	0.409478238556457	182
0.124879232273852	1.00829173125247	8
0.04787823288606	1.01114447542451	4
0.037695306806165	1.02289790106751	4
-0.02231647525331	0.410527599337308	4
-0.00240185654093006	1.19085890086674	966
-0.0301650740028001	0.413168838752643	75
0.00309284498240903	0.887707934526912	75
0.05540663389518	0.576037715189495	75
-0.00552554582496989	0.901336015294575	34
-0.09353662331041	0.741843624359259	470
0.042073693520404	0.586934090859484	6
0.019950310096864	0.963883149170255	6
-0.0462658419111901	0.832779459230108	6
0.012923867002502	0.491690017402143	6
0.072386183595576	0.674840696387837	117
-0.0605595581668601	0.8452960950031	398
0.0667633889667551	0.680655497094375	182
-0.0272685011114999	0.413655990175607	182
0.016651033409875	0.489334689522075	4
0.05540663389518	0.576037715189495	309
-0.09769877903711	1.04943820672265	4
0.019563471132187	0.489615442131538	3527
-0.02054390147798	0.410401139638387	1551
0.024126413957558	0.486297529129953	1551
0.018713772455309	0.489267128736786	297
0.023874039063565	0.486927927519843	297
0.110435257331058	0.816390111633709	297
-0.0688625828057401	1.33346832635072	297
-0.0195594609890499	0.408907543271993	34
-0.0380099817777899	0.819018308562645	470
-0.0519883939647301	0.839326579999558	470
0.070731510013425	1.04369610460731	240
0.094262109488963	0.753909293025381	1
-0.0971605236589499	0.745603110395669	309
-0.0750967996737899	1.12748652574049	4
-0.0052731743202501	0.898511036008642	4
-0.0177419809880199	0.408465897919083	4
-0.09122993844272	0.740243783604558	1551
0.016216387190556	0.489528749497461	297
0.015031747574516	0.969815166281694	34
-0.02224709287202	0.410608941783725	375
0.021461356473476	0.48604719450971	375
-0.02215726278443	1.14150835911042	34
0.068886823738133	1.05348663060646	34
0.020790130443553	0.4876451712386	2855
0.041672333164491	1.01793295964958	7
-0.09502362707333	0.742673691836324	635
-0.02628576158792	0.412152659857664	479
-0.10061878137573	1.51243571500002	42
-0.0282514925208599	0.413283993547182	8
0.020361048132435	0.963509891572854	8
0.108230673605084	0.82125881967952	4
-0.10281944783493	0.751751903281367	4
0.088669256005949	0.759300735241483	1551
0.018979883904056	0.490062948615881	1551
0.0474971650888571	1.01178374767965	4
-0.0948326287532399	1.04903404414313	297
0.121998857709441	0.879208642115938	34
-0.10620812247191	0.753746896518484	375
0.116501820606755	0.812296957776269	34
0.047350471608064	0.578815506072904	240
-0.02126179208727	0.410975081816502	6
0.065001089751626	0.680024143691849	6
-0.1032644863597	0.752001424844403	6
0.047495517925969	0.582845325381987	6
-0.02224709287202	0.410608941783725	479
-0.0177419809880199	0.408465897919083	479
0.020146802493525	0.488893696013304	479
-0.02126179208727	0.410975081816502	479
-0.10179416358793	1.30062286073297	182
-0.01982638852231	0.409294816847698	2705
-0.02511814143824	0.41200820059487	3951
-0.03128159384883	1.15575719267657	309
0.075642850970246	0.670682446257977	8
-0.0125115897446599	0.404353014672515	3527
-0.0595494432801	1.10512662173094	297
0.081909819712241	0.664020301656987	297
0.114635789459988	0.812421190260054	297
0.0223885826807479	0.487091304289586	210
0.018713772455309	0.489267128736786	375
-0.01393770403739	0.405210698913732	375
0.023863274661684	0.486099627797188	375
0.096789830902785	0.746846209356242	34
0.0750070756688001	0.670850747447366	34
0.078246719680436	0.66785112539651	34
-0.00517114887634995	0.895816919229472	34
-0.0125115897446599	0.404353014672515	22
0.050601519698983	1.0049713379558	1874
0.059412601672494	1.06781834097472	240
-0.0321223702645701	0.414294926993374	7
0.069748140489873	0.678035075115648	6
0.018134549786553	0.488943388738021	381
-0.03140646864859	0.413366127641057	6
0.021954694301717	0.486484341980315	6
-0.09810085631063	0.748213932424267	6
-0.02171241051411	0.409806924167185	635
0.095966150563616	0.751806459961886	635
0.0573202109205781	0.572112007277655	635
0.019563471132187	0.489615442131538	398
0.097875868619297	2.45958360533255	42
0.09496589338479	0.752385657569822	182
0.061618433940265	1.06490453849013	8
-0.0247583380891701	1.14830231448125	4
0.023874039063565	0.486927927519843	4
-0.04817647962551	0.835179767252813	1551
-0.0392196968437399	0.824360894252752	4
0.087109843829446	0.759336910109384	375
0.074167795067874	0.674452237797282	375
-0.0255692233576701	0.412012891941837	34
-0.0276250547772201	0.412152135341901	34
0.104057085783581	1.52828456816002	34
0.108914899860832	0.820301918464711	240
0.0247114467027531	0.485765853390852	240
-0.02655133741802	0.413516459136083	6
0.027603071345302	0.482838040528723	479
0.022513706862509	2.36928221759803	42
-0.06860148766789	1.11962145071725	4
-0.10345584470358	1.06065992564268	309
0.015961815865407	0.969053615114724	309
0.054195592581092	0.575429943251446	3527
0.018979883904056	0.490062948615881	4
-0.10759557836063	0.75232193325867	1551
0.048887062491406	0.579066392358594	4
0.049097329047171	1.00981038861361	4
0.02137253989597	0.48720056173569	297
-0.05309771182309	0.839104737278341	69
-0.0906828892265601	0.737841731938897	375
-0.10375966946155	0.75224999052497	5362
0.045234453147319	0.583242219761226	5362
0.02046807907243	0.488971745774085	34
-0.0321223702645701	0.414294926993374	34
-0.0282514925208599	0.413283993547182	34
-0.0260992604196	0.411639865603186	34
-0.06075612162344	1.10546301760301	240
-0.0174713604435499	0.408269330515601	240
-0.02171241051411	0.409806924167185	4423
0.043527731596736	0.585405448916677	635
0.042152597432962	0.586406495110411	635
0.032706279223744	0.590995855488538	635
0.027581789139983	0.954805523012029	182
0.074519041082074	0.671460073883177	8
0.073875880138186	1.11669920752957	8
0.09986079404201	0.744510811805346	8
0.079936296121514	1.09961526282556	309
0.077478412637505	1.1093215112039	309
0.0948923146720561	1.26215654088131	4
-0.05768592960821	1.10505295948716	3527
0.029934068872152	0.481668392537244	72
-0.10919405601787	1.06635927699551	1551
0.079641305023559	0.667197169710399	1551
0.124596505031483	0.874968715733376	4
0.071914431412099	0.675604549569384	4
0.096002664250372	0.748067302340494	297
0.121488308863267	0.877213688145331	297
-0.05251375076358	0.839425290892547	297
0.052126398885587	0.577858320833396	212
-0.08646268730452	0.732389368831209	69
0.024126413957558	0.486297529129953	210
0.052015478605529	0.576190544470466	5362
0.072753826285851	0.675328600448007	34
0.11940270607366	0.806635550653285	240
0.114283579038379	1.22398831144294	240
0.082142323134398	0.663104946370598	240
0.047421758695448	0.582895556425818	240
0.049284710749173	0.579955911466618	6
-0.02945043365598	0.412243364118332	4423
0.076091829467503	0.672419329813627	6
-0.02126179208727	0.410975081816502	6
0.049683251906183	0.579446313548818	635
0.074534821795622	0.671053108926306	923
0.041562729513297	0.587032317765048	8
0.00526345170074405	0.881718156579773	8
-0.09040589602118	1.04132246158335	309
-0.02681629356167	0.412672237731607	1551
-0.0321223702645701	0.414294926993374	1551
-0.00636040662111004	0.897272604342151	212
0.049458508129321	0.579414238669438	69
-0.0255692233576701	0.412012891941837	210
-0.02655133741802	0.413516459136083	75
0.074658621008098	0.674342667441165	34
-0.0902412031006401	0.739444712132358	34
0.0253579034156241	0.484795069174205	34
0.119423617159805	0.804005783679793	22
-0.02296597963264	0.410908197770573	22
-0.0467280694833401	0.833499568027739	7
0.076070944404281	0.672018036489386	7
-0.0255692233576701	0.412012891941837	240
0.050194666437503	0.579508239942932	240
0.051330033112829	0.578081124883658	6
-0.02296597963264	0.410908197770573	6
0.014731756800628	0.491631095324249	6
0.123400640554679	0.87896271045753	8
-0.0459519711130101	0.829672664465381	4
0.093817340439017	0.75436053891304	4
0.020112956622261	0.961598459571667	4
-0.0241372766757999	0.410514033565441	1551
0.0777570787936111	0.669257591111527	4
-0.0949689536277001	0.742864252382889	4
-0.09582886005124	1.04958687508972	297
0.025355212710095	0.484218430760984	297
0.033903891581984	0.941655271691194	297
0.046403519150757	0.583890417561864	212
0.054897507576278	0.576398296971569	212
-0.02296597963264	0.410908197770573	375
-0.09507731125734	0.740329153034035	375
0.0232932211435261	0.487372497728726	375
0.052968630788121	0.577257091014872	34
0.051615755559372	0.578220142953797	34
-0.03594152954951	0.819179025789163	34
0.11997850957166	0.805816899059743	34
-0.02224709287202	0.410608941783725	34
0.02046807907243	0.488971745774085	34
0.072367877310192	0.67343285174779	7
0.071120774281602	1.11868821415035	240
0.024777930759568	0.485508813766345	6
0.051615755559372	0.578220142953797	6
0.074046702638692	0.671869359783591	381
0.023874039063565	0.486927927519843	6
-0.02655133741802	0.413516459136083	6
0.026698094287039	0.483918518491508	6
0.024390717934898	0.48441663224042	4660
-0.0273583360894001	0.411969988811906	4660
-0.0209943829552901	0.409776652047704	413
-0.0160408315278899	0.407403518042765	413
0.018074542770612	0.489482847860143	479
-0.0231053095077001	2.16283540414352	42
0.053096143098239	1.36644855585823	42
0.020692453426632	0.961476903536049	4
-0.0927211887364201	0.742899904696998	4
-0.0248530618398799	0.411542674464278	1551
0.105587369934344	0.737515089888833	4
0.02046807907243	0.488971745774085	212
-0.01845805499361	0.408763534655611	375
0.051104922574378	0.578382340128469	375
0.025032944637482	0.485654316649321	75
0.096822512653444	0.749614964366479	75
0.07210579202312	0.675980341829001	34
0.05260474088582	1.00324489220271	34
-0.0160408315278899	0.407403518042765	34
0.074448025716612	0.672892486355903	34
0.024448238004705	0.485979489293663	6
0.048494345819442	0.581473940047142	381
-0.0272685011114999	0.413655990175607	6
0.022955577507461	0.486743487685973	6
0.024777930759568	0.485508813766345	6
-0.09215707805429	0.73803235298508	6
0.046403519150757	0.583890417561864	1710
-0.0255692233576701	0.412012891941837	4660
0.021954694301717	0.486484341980315	313
0.024448238004705	0.485979489293663	313
0.0247114467027531	0.485765853390852	479
-0.02798604242193	0.413256750767976	479
-0.03518356267432	0.816921818850243	8
-0.00695791130470003	0.900446495584088	4
-0.10288337205168	1.06267117718296	4
0.0659643269546	0.680887734838339	4
0.01845862199186	0.48819762268695	4
-0.03283864853932	0.414606391010606	1551
-0.02152858466472	0.41003633195509	1551
-0.10198989348295	0.750494990243433	4
0.024126413957558	0.486297529129953	212
-0.09986512967794	0.748905423800284	69
-0.02511814143824	0.41200820059487	210
0.018396040612831	0.490271397263528	375
0.023874039063565	0.486927927519843	34
0.015635472514211	0.489856186901135	1257
0.085630118380107	0.656285297198474	34
0.029934068872152	0.481668392537244	34
-0.02126179208727	0.410975081816502	34
0.040513723065373	0.584901429566761	240
0.049796326412217	0.579793446877527	240
0.054897507576278	0.576398296971569	6
-0.04008099690476	0.824462886589368	6
0.054056106853221	0.574329687588576	6
-0.02269870771255	0.411303674855888	6
-0.02126179208727	0.410975081816502	6
-0.02655133741802	0.413516459136083	413
-0.02655133741802	0.413516459136083	479
-0.02296597963264	0.410908197770573	479
0.107261404113041	0.734084415320346	923
-0.0339369415897499	1.16163503426491	8
0.097412129938681	0.750199123913718	309
0.103225686143568	0.826437067124538	4
-0.01702628305176	0.407896565848327	1551
-0.0468569727534001	0.835457138466888	4
-0.0516445292880101	0.839679629499093	4
-0.10342430180502	0.751831170823407	4
0.068364101746934	0.678769378087003	212
0.017811941061995	0.490207639636099	4
0.0247114467027531	0.485765853390852	4
-0.02303104447883	0.410996649608088	297
0.05070589095183	0.579346013754557	69
0.045531005212701	0.584266852242576	212
-0.0209943829552901	0.409776652047704	69
0.018979883904056	0.490062948615881	210
-0.02126179208727	0.410975081816502	375
-0.01702628305176	0.407896565848327	375
-0.0177419809880199	0.408465897919083	375
0.051396861230372	0.580465035444476	75
-0.09502362707333	0.742673691836324	22
-0.00987350659559993	0.905205082409853	34
0.018396040612831	0.490271397263528	240
0.018979883904056	0.490062948615881	6
0.014731756800628	0.491631095324249	6
0.018396040612831	0.490271397263528	6
-0.02027673323395	0.409478238556457	6
0.023551146358285	0.485931475764711	117
-0.02511814143824	0.41200820059487	6
0.104269271281803	0.824951883857742	8
0.037679701785417	0.588778985874086	1551
0.017329453572512	0.968467287493077	212
-0.02628576158792	0.412152659857664	212
-0.0108355410127401	0.906438425336173	4
0.093238360472042	0.753268413420136	4
0.01988508042586	0.489418532086656	4
0.018713772455309	0.489267128736786	69
0.027863955920451	0.483928968898868	375
0.0458081017522241	0.581695867774259	34
-0.02126179208727	0.410975081816502	34
-0.0102753521477199	0.906248896794869	22
0.071503908176767	0.674432848485306	34
-0.00508907541737003	0.900851760082789	34
-0.0897470945557499	0.738674151781216	240
0.022047743818713	0.486175826254412	6
0.025032944637482	0.485654316649321	6
-0.0272685011114999	0.413655990175607	6
-0.02296597963264	0.410908197770573	6
0.022633873439302	0.486054814054359	8
-0.02628576158792	0.412152659857664	4
-0.09423006328463	1.04594403109461	4
-0.02152858466472	0.41003633195509	4
0.098301505241796	0.748839619253029	4
-0.0301650740028001	0.413168838752643	72
-0.02269870771255	0.411303674855888	72
0.024126413957558	0.486297529129953	1551
-0.02798604242193	0.413256750767976	4
-0.0429814776090101	0.830495169681687	4
-0.0258345509801201	0.413043803481388	297
0.0788181264667101	0.668405800908634	69
0.052847596083534	0.577753107832341	210
0.023219745533527	0.485729407307986	375
0.077739662685169	0.669278488586703	375
0.01690542275676	0.489629484686196	375
0.093392430287269	0.75225338128417	22
-0.0258345509801201	0.413043803481388	34
0.076070944404281	0.672018036489386	34
-0.02655133741802	0.413516459136083	1010
0.019301826126752	0.489626676436646	7
0.018979883904056	0.490062948615881	240
0.091135426502972	0.755506888031914	240
0.042506623120497	0.585869256165123	240
0.121680725847747	0.803104195224511	240
-0.02224709287202	0.410608941783725	364
-0.0160408315278899	0.407403518042765	6
-0.06466928512679	1.4109550581788	923
0.0667633889667551	0.680655497094375	4
-0.0153909616552199	0.909549522129187	72
-0.10670247528237	0.754150937714968	212
0.015313266708984	0.491302403590035	4
0.018713772455309	0.489267128736786	4
0.111123414384759	0.817781414852595	69
0.051216925571805	0.578983513041556	69
0.025032944637482	0.485654316649321	375
-0.0311435899907899	0.41466914140038	375
-0.0898335335385101	1.03994365024095	375
-0.0282514925208599	0.413283993547182	34
0.076562361741353	0.671658183634831	34
0.024777930759568	0.485508813766345	34
0.094689225219792	0.751558591911738	34
-0.0655874481141801	1.11345305647781	240
0.018967032387011	0.965484128988099	6
0.0247114467027531	0.485765853390852	4660
-0.02896965906045	0.412887475855812	413
-0.10293120476358	0.751428494716355	923
0.111123414384759	0.817781414852595	8
-0.0209943829552901	0.409776652047704	1363
-0.02945043365598	0.412243364118332	4
-0.0483076638001201	0.836762263127822	4
0.013245527953803	0.492298919499597	72
-0.0921046233195	0.739640829444505	72
0.054778517588714	0.576317095835151	4
0.027856193403859	0.482188714832345	1551
-0.02655133741802	0.413516459136083	69
-0.00373509217869006	0.894371881770037	69
0.0539882366235001	0.577157698100559	69
0.072600365031677	0.670994099964462	69
0.022969991702422	0.486647207067339	375
-0.02054390147798	0.410401139638387	75
0.044517466570731	0.584166967956716	34
-0.09578678515455	1.05107490462775	7
0.11592355205927	0.813208199673639	240
-0.0219800607115199	0.411274533949238	240
-0.00627632442392989	0.90028922673365	6
0.052126398885587	0.577858320833396	6
-0.08601951004896	0.733542784754922	6
0.043701101735927	0.583979724437439	4660
-0.09951403230213	1.05473716351841	4660
-0.01532613000762	0.406308829221225	6
0.023874039063565	0.486927927519843	8
0.093622131482717	0.75195381109291	309
-0.00742840535965006	0.898698377720671	309
-0.00819223258016999	0.903694390469712	309
0.025131208928907	1.22016339563884	4
-0.0467897639758601	0.834643869353901	212
-0.01845805499361	0.408763534655611	212
-0.0177419809880199	0.408465897919083	69
-0.0468569727534001	0.835457138466888	69
-0.10080348417853	0.747768061330193	375
0.0573202109205781	0.572112007277655	75
-0.10182988102938	0.750945116951384	22
-0.02269870771255	0.411303674855888	34
-0.0181871885549101	0.408299416064853	364
-0.01845805499361	0.408763534655611	6
-0.02655133741802	0.413516459136083	117
-0.00645504728055002	0.898408037625708	6
0.022047743818713	0.486175826254412	6
-0.02152858466472	0.41003633195509	923
-0.0993694537518901	0.748779223526523	309
0.00197817106597498	1.18782908966787	309
-0.0346247323315101	0.814617487591274	4
0.015894522042094	0.490668273213241	72
0.018074542770612	0.489482847860143	1551
0.062959994572732	0.682442845273658	1551
-0.0454060473848501	0.832839549574119	69
-0.02224709287202	0.410608941783725	1917
0.017329453572512	0.968467287493077	240
0.093817340439017	0.75436053891304	240
0.089686868044117	0.757514714026737	6
-0.01098061845957	1.20911589515357	6
-0.09986512967794	0.748905423800284	877
0.025034913230314	0.48493035581699	877
-0.02054390147798	0.410401139638387	8
0.124538860932512	0.877052340357344	8
-0.02269870771255	0.411303674855888	4
-0.10375966946155	0.75224999052497	4
-0.0958986332720699	1.29369791658041	4
-0.05741957785939	1.10301351664336	4
0.099025427751369	0.746053813955116	75
-0.0985472828176801	0.748592632260613	75
0.047064659101968	0.583528390275705	75
0.018074542770612	0.489482847860143	34
0.018979883904056	0.490062948615881	22
0.049453013110876	1.00827861224061	34
-0.0219800607115199	0.411274533949238	7
-0.0209943829552901	0.409776652047704	240
0.103463970910503	0.828175621224716	6
-0.08557544383312	0.732000523063746	6
0.051216925571805	0.578983513041556	8
0.0730868610175151	0.672256247337527	309
-0.0630249562638401	1.51161767572488	1551
-0.02204793512445	0.410502951592421	4
-0.02269870771255	0.411303674855888	212
0.02213082265976	0.48751597999684	69
0.019563471132187	0.489615442131538	69
-0.0341953393868999	0.814558348590408	34
-0.02296597963264	0.410908197770573	1257
-0.0357570415500199	0.41502408337403	34
0.023219745533527	0.485729407307986	34
0.066928099402158	0.680486650454705	22
0.093120030477565	0.750620340588533	240
0.0901326504844629	0.757062270567656	6
0.019624545617105	0.487791257016207	6
-0.0443497068402601	0.828737876729775	6
-0.09787758430682	1.05513653436818	6
-0.0369263096770101	0.820331529105633	479
-0.00496561052056999	0.900990558497692	309
-0.0646621612292699	1.11591197173644	309
-0.09607818582165	0.745041805083777	72
-0.0238377480487499	0.408906599675122	72
0.048086169911295	0.581776933777775	1551
0.02271214907369	0.487579497608867	212
0.024186197618512	0.484211037224153	4
-0.00192286928952989	0.895568486346893	4
-0.0956342726349	0.746020099092103	2162
-0.0482363086792199	0.834408252759282	34
-0.0160408315278899	0.407403518042765	6
-0.0974407396063199	0.74719824613095	6
-0.10293120476358	0.751428494716355	6
-0.02655133741802	0.413516459136083	117
0.017490111099017	0.489691604438174	877
-0.02152858466472	0.41003633195509	6
-0.0425846091014499	0.830015628268642	42
-0.0181871885549101	0.408299416064853	8
-0.0721377957193801	1.12362255275929	8
-0.0483076638001201	0.836762263127822	8
-0.0978834669535	0.74670988899904	309
0.112886477868071	0.88929872658746	309
-0.05740082312288	1.09484742803976	309
-0.02054390147798	0.410401139638387	212
0.025939335704131	0.483894472955633	212
-0.0167559082206199	0.407972067925741	4
-0.0248530618398799	0.411542674464278	34
-0.02027673323395	0.409478238556457	117
-0.02204793512445	0.410502951592421	652
-0.00316300291583005	1.19736311826914	8
0.023036490742703	0.486096154978228	8
-0.0463956704377599	0.834546013745644	309
0.06164119192273	0.566567215752015	309
0.00983152936510301	0.493104173001136	4
-0.0195594609890499	0.408907543271993	72
-0.0512727404586399	1.09235245451102	212
0.022633873439302	0.486054814054359	212
0.010732877299613	0.492464509240087	212
0.093765271307357	1.20752061696181	69
0.109412090522486	0.821399246795358	75
0.084986800431502	0.761400749440164	34
0.020772947436046	0.486010297709829	34
0.019242636889533	0.488316656329156	34
0.046553626280165	0.584006513426087	34
-0.0969458933682801	0.746210989881604	34
0.10814750599767	0.732580615045221	34
0.023874039063565	0.486927927519843	985
0.01988508042586	0.489418532086656	1437
-0.0234177334526799	0.410826590483551	6
-0.02152858466472	0.41003633195509	6
0.071206869846429	0.676748783849018	6
-0.0984309517191799	0.748279555131063	6
0.023278054411095	0.48596934273912	6
-0.02027673323395	0.409478238556457	309
0.102019528214423	0.742296797896971	309
-0.01170953820656	0.907987941771832	309
0.02413204684269	0.484654206701602	417
-0.12419802179824	1.46569902004969	309
0.0000293079348560044	0.892589853437731	4
0.0247114467027531	0.485765853390852	4
-0.02511814143824	0.41200820059487	72
0.0247114467027531	0.485765853390852	72
-0.0275337041419801	0.41314398527887	1551
-0.02054390147798	0.410401139638387	1551
0.018713772455309	0.489267128736786	212
0.00983152936510301	0.493104173001136	212
-0.02655133741802	0.413516459136083	212
-0.02126179208727	0.410975081816502	212
-0.0308800899146	0.413479379600555	4
0.015894522042094	0.490668273213241	4
0.05575253738744	0.687459355538754	212
-0.0219800607115199	0.411274533949238	212
0.024126413957558	0.486297529129953	212
-0.0275337041419801	0.41314398527887	69
-0.02374598899693	0.411135954461803	75
-0.02655133741802	0.413516459136083	34
0.070480212567462	0.677172512450515	75
-0.02269870771255	0.411303674855888	34
-0.0959859629664499	1.04683398578518	34
0.103255707481794	0.740491461892406	34
0.032763334651417	0.479093367994399	34
0.070691655658463	0.678026569157053	34
0.027863955920451	0.483928968898868	985
-0.02681629356167	0.412672237731607	7
-0.0219800607115199	0.411274533949238	229
-0.02296597963264	0.410908197770573	240
0.022955577507461	0.486743487685973	1437
-0.0163109608263099	0.406800295212078	6
-0.02054390147798	0.410401139638387	6
-0.02126179208727	0.410975081816502	6
-0.02027673323395	0.409478238556457	6
0.013245527953803	0.492298919499597	6
-0.0248530618398799	0.411542674464278	6
-0.0897986252234599	0.739035587099458	309
0.015313266708984	0.491302403590035	309
0.09626245876345	0.747775474512451	309
-0.02511814143824	0.41200820059487	4
0.090022270057303	0.756399184200658	4
0.025032944637482	0.485654316649321	1551
0.078699498205161	0.668647075938239	212
0.096378499155785	0.750313778251833	212
-0.09482776525035	0.743229414648294	212
0.0247114467027531	0.485765853390852	69
-0.00240997911255003	0.894952666305438	2162
0.051320090198551	0.57919073145	69
0.049514758018424	0.580747497378275	34
-0.0988205844033201	0.745578058667921	34
-0.0927211887364201	0.742899904696998	34
0.077251811018988	0.667998957355757	34
-0.09483861777591	1.2897891743126	34
-0.10714948567933	0.754242155357264	34
0.04192911435791	0.586026834261714	985
-0.0397000005024699	0.822737005052859	985
-0.04961246796734	0.836280363414373	7
0.012923867002502	0.491690017402143	7
0.04785613874191	0.581520789189046	240
0.040619309949262	0.587504955751975	7
-0.02224709287202	0.410608941783725	240
-0.0945277856025399	0.74264539755939	1437
-0.09502362707333	0.742673691836324	6
0.017811941061995	0.490207639636099	6
0.0769355850879681	0.670037194945495	6
0.019301826126752	0.489626676436646	6
-0.02224709287202	0.410608941783725	6
0.023541124291656	0.486623205126517	6
0.023219745533527	0.485729407307986	6
0.071442525640841	0.67612984240809	6
-0.02269870771255	0.411303674855888	6
-0.02296597963264	0.410908197770573	6
0.018067352269437	0.965679367664317	6
-0.0476529589949699	0.834123833155529	6
-0.0227622512530099	0.410642108899905	652
0.099611342633836	0.744371692079565	42
0.01988508042586	0.489418532086656	42
0.04502731533635	0.583802634353205	8
-0.01702628305176	0.407896565848327	309
-0.10060160091817	1.05959128661492	4
-0.00227926512226007	0.893646546728294	4
-0.04350722620203	0.831746454621921	1551
0.024448238004705	0.485979489293663	1551
-0.0369263096770101	0.820331529105633	1551
0.037603078806725	0.589042260232122	212
-0.0431091795635401	0.829362263563351	212
0.04994577766228	0.581730930079566	212
0.026957364462212	0.48365648985277	212
-0.02303104447883	0.410996649608088	4
0.051231587357641	0.577763529423755	212
0.078347717578268	0.669163044934219	2162
0.029352361723531	0.482194393877049	69
-0.0930413022776	0.741070812797572	34
0.020790130443553	0.4876451712386	229
0.01988508042586	0.489418532086656	229
-0.02303104447883	0.410996649608088	6
-0.02224709287202	0.410608941783725	6
-0.02368524530921	0.41093826511309	6
-0.02798604242193	0.413256750767976	6
-0.0335553038325001	0.414320332911909	6
0.022955577507461	0.486743487685973	6
0.029352361723531	0.482194393877049	6
-0.0282514925208599	0.413283993547182	6
0.04994577766228	0.581730930079566	652
0.096155306321263	0.750288183242932	42
-0.0383089825510501	0.8205319444318	42
-0.0976077153336501	0.747657883049334	42
-0.0283384601138399	0.412461825619006	8
-0.02027673323395	0.409478238556457	8
-0.02655133741802	0.413516459136083	8
0.023541124291656	0.486623205126517	309
-0.00684153510503993	0.900076808785753	417
-0.0318592374786799	0.414980836560012	72
0.085544798720153	0.76160444626147	1551
-0.0897470945557499	0.738674151781216	212
-0.02655133741802	0.413516459136083	212
0.049345980797031	0.579201196423685	212
0.00141700301996095	0.887746555762562	69
0.080271996719751	0.666370253764614	69
-0.0356354438087101	1.16486751994671	69
-0.0275337041419801	0.41314398527887	34
-0.02681629356167	0.412672237731607	34
-0.02224709287202	0.410608941783725	34
-0.02269870771255	0.411303674855888	34
-0.0248530618398799	0.411542674464278	229
0.106368187265893	0.823252515233485	6
-0.02126179208727	0.410975081816502	6
0.022633873439302	0.486054814054359	6
0.024448238004705	0.485979489293663	652
0.049867856506886	0.581200166398956	42
0.023874039063565	0.486927927519843	309
-0.05251375076358	0.839425290892547	417
-0.0275337041419801	0.41314398527887	212
0.04894828741793	0.580128930388963	212
-0.02054390147798	0.410401139638387	212
-0.10047411275597	0.748535263135333	212
-0.0177419809880199	0.408465897919083	212
-0.10775331018924	0.752126918581968	69
0.028123375859096	0.482805576227173	69
-0.0258345509801201	0.413043803481388	69
-0.0219800607115199	0.411274533949238	34
-0.02126179208727	0.410975081816502	34
-0.0174713604435499	0.408269330515601	34
-0.0897986252234599	0.739035587099458	34
-0.01982638852231	0.409294816847698	985
-0.02224709287202	0.410608941783725	7
-0.02269870771255	0.411303674855888	7
0.120945564395414	0.803793691272137	7
0.06742055899984	0.679853194088937	7
-0.0266455653020099	0.411660707456765	229
0.0247114467027531	0.485765853390852	6
0.0312776677491849	0.47991280403049	6
0.018074542770612	0.489482847860143	6
-0.04029453180367	0.826310728843077	6
0.05045557672035	0.581254464006149	6
0.0247114467027531	0.485765853390852	1302
0.106499418033646	0.822566554165563	42
-0.02054390147798	0.410401139638387	417
0.019871624218386	0.487421720376937	417
0.098241617109565	0.745973595654529	4
-0.0978834669535	0.74670988899904	72
-0.0219800607115199	0.411274533949238	1551
-0.0219800607115199	0.411274533949238	212
-0.02628576158792	0.412152659857664	212
0.013827887658088	0.492274249557995	212
-0.0283384601138399	0.412461825619006	69
0.0490046442152861	0.5812231287938	34
-0.02126179208727	0.410975081816502	6
-0.09370797935048	0.744558942126431	6
-0.0219800607115199	0.411274533949238	2438
-0.02655133741802	0.413516459136083	8
0.019563471132187	0.489615442131538	417
0.080601187234823	0.665814297405609	309
0.023805360299448	0.485199002275023	4
-0.0255692233576701	0.412012891941837	4
0.012923867002502	0.491690017402143	72
-0.04029453180367	0.826310728843077	1551
0.047064659101968	0.583528390275705	4
-0.00486051399323007	1.19584688786808	1551
0.019563471132187	0.489615442131538	212
0.020146802493525	0.488893696013304	69
-0.02126179208727	0.410975081816502	2316
-0.0894445802000201	0.737918327979612	34
-0.01702628305176	0.407896565848327	34
-0.0119883356327699	1.20820914093959	34
-0.0975479670026001	1.04865714315758	34
-0.0091070291141	1.20502914885071	34
-0.02027673323395	0.409478238556457	34
-0.02296597963264	0.410908197770573	7
0.082141521726032	1.09953808221609	7
-0.02126179208727	0.410975081816502	7
0.108494228404593	0.821274031043551	7
-0.0272685011114999	0.413655990175607	7
0.097826743328665	0.748780190828659	6
-0.00261235295631002	1.43651174203195	6
0.025617394757113	0.485123505343381	6
0.026698094287039	0.483918518491508	6
-0.0213339937447401	0.410034538747514	6
-0.02368524530921	0.41093826511309	3532
0.0539882366235001	0.577157698100559	2231
-0.0102753521477199	0.906248896794869	309
0.065491991641784	0.681299972255719	309
0.081865039603375	0.762139973098956	309
-0.04205898290162	0.829330283326122	4
0.096271856320465	0.748753340789032	4
0.051396861230372	0.580465035444476	72
0.0473456189357661	1.31779326054042	212
-0.0258345509801201	0.413043803481388	1089
-0.01982638852231	0.409294816847698	1089
-0.10250514197021	1.05822353676632	1089
0.013872187197531	0.489681935003305	212
0.054056106853221	0.574329687588576	212
0.098782608375395	0.744312776978785	5216
-0.0917245654501699	0.740271630477432	5216
0.093258496111483	0.755184548775958	69
0.094809974631581	0.751350421851823	5217
0.0587688913700281	0.571925970325381	5217
0.023541124291656	0.486623205126517	75
-0.02152858466472	0.41003633195509	2316
0.042506623120497	0.585869256165123	34
-0.0940553187048501	1.28882043496154	34
-0.0177419809880199	0.408465897919083	7
-0.02681629356167	0.412672237731607	7
-0.0255692233576701	0.412012891941837	6
0.0272811528101971	0.484048387209294	2572
0.05070589095183	0.579346013754557	6
-0.02269870771255	0.411303674855888	6
-0.0255692233576701	0.412012891941837	6
-0.04725147099286	0.834009853999543	6
-0.0555600401185199	1.10124549113221	6
-0.02655133741802	0.413516459136083	6
-0.0266455653020099	0.411660707456765	2231
-0.02817739904318	1.15289666034637	309
0.070970466194765	0.676426069400077	309
-0.00148736791060999	0.895346897752705	4
0.04164168675995	0.587040348971874	1941
-0.01982638852231	0.409294816847698	1089
0.014409992178878	0.491945039298103	212
-0.1019371392491	1.05891886905439	212
0.060078328086265	0.684637566466849	69
-0.0501911135375701	0.83818305671907	69
-0.0248530618398799	0.411542674464278	34
-0.01982638852231	0.409294816847698	34
0.044611628657392	0.584721445190688	34
-0.01884256586002	0.40780874728478	34
0.113121212748587	0.891756353990383	7
0.120398427131314	0.804930665361223	7
0.025617394757113	0.485123505343381	6
0.0998052232917041	1.36237386394389	42
0.093703329186956	0.754480853978476	4
0.11502583485523	0.810690631368826	4
-0.0397415068020599	0.823966035377566	4
-0.01334950778458	0.910722714864958	1941
0.019563471132187	0.489615442131538	1941
0.047676357963492	1.58232331804584	1941
-0.00272768836496007	1.19503156461865	5217
-0.0980539995451	0.747704767604141	75
0.027863955920451	0.483928968898868	34
-0.0402828630027401	1.17366565708707	34
-0.08309719710426	1.9076883492722	34
0.062120499037418	1.06209078328561	34
-0.0764799677857	1.54580966644076	34
0.00420503700578201	1.17923055221362	34
0.06065942324886	1.34983353704718	653
-0.0195594609890499	0.408907543271993	2276
0.0958190515502459	0.748358370535769	879
-0.0248530618398799	0.411542674464278	6
-0.00878147156790998	1.45501001760797	6
0.064210771799165	1.71124814161752	42
-0.02126179208727	0.410975081816502	417
-0.02269870771255	0.411303674855888	1798
0.109553879676732	0.818481661335271	5216
-0.0311435899907899	0.41466914140038	75
0.040078388914734	0.586276809741103	75
0.108491064869253	1.17516236324515	34
-0.02224709287202	0.410608941783725	653
-0.0275337041419801	0.41314398527887	7
-0.10281944783493	0.751751903281367	879
0.124549171697807	0.876685102401681	6
-0.04304584551746	0.83102684917276	6
-0.0615136958649001	1.10793271006184	6
-0.0327821304115301	1.16236926029873	4
-0.0930413022776	0.741070812797572	1551
0.0541264554031961	1.07629696502973	212
-0.10846493255494	1.07003980968995	212
0.0652527616617971	1.34100227403815	212
0.075434995659371	0.671878938384477	2534
-0.02054390147798	0.410401139638387	212
-0.0475166520036701	0.830910986158235	5216
0.028181103985181	0.482398775511905	2476
0.05376184982813	0.577038633160897	75
-0.0720974639782801	1.34452521708974	75
-0.0255692233576701	0.412012891941837	34
-0.02152858466472	0.41003633195509	290
0.051727770419936	0.578420898950815	34
0.067114778617189	1.33785920389523	7
0.023067579426039	0.958886732774804	7
0.02213082265976	0.48751597999684	364
-0.02204793512445	0.410502951592421	879
-0.0397000005024699	0.822737005052859	6
-0.0254583089675	1.4168383105801	6
-0.09837862249536	0.747697416421832	652
-0.0347854278031501	0.41353536078547	568
0.018718315979064	0.48956308680362	309
0.086549697849164	0.760584207501529	4
0.019242636889533	0.488316656329156	1551
-0.095431081673	1.49959119309374	212
-0.0167559082206199	0.407972067925741	212
-0.0244613091661201	0.410741903929385	2534
0.013827887658088	0.492274249557995	212
-0.000943435555720074	1.19282016699767	1198
0.049514758018424	0.580747497378275	4042
0.021954694301717	0.486484341980315	2030
-0.02681629356167	0.412672237731607	2030
0.00655505565090997	1.25100842654638	34
-0.0258345509801201	0.413043803481388	6
0.026373975423623	0.483776495964029	6
0.012068509757621	0.490814370462654	417
-0.02126179208727	0.410975081816502	417
-0.0932144978765499	0.743883074867875	309
0.013827887658088	0.492274249557995	309
0.072857782278105	0.673802679269849	309
0.089674990456772	0.758719295395693	309
-0.0954649279480799	0.743144794083816	1798
0.0000293079348560044	0.892589853437731	1551
0.10002263050189	0.745477076515289	4042
-0.02224709287202	0.410608941783725	290
0.05024464884282	1.00681659912924	34
-0.10698518324216	1.31224785248525	653
-0.02126179208727	0.410975081816502	879
0.018074542770612	0.489482847860143	4929
-0.02655133741802	0.413516459136083	6
-0.0956342726349	0.746020099092103	42
-0.10133535729095	0.750054808327821	417
0.123490245589475	0.944728347843188	785
0.070970466194765	0.676426069400077	309
-0.0648272837110699	1.11292690946216	1798
-0.0405222599933099	0.817816170968696	4
-0.09943813166737	1.30088382613252	4
0.073716306314725	0.674693986096887	4
-0.0301650740028001	0.413168838752643	1551
-0.0272685011114999	0.413655990175607	212
-0.02027673323395	0.409478238556457	212
0.028446503813386	0.48360544938142	810
-0.02054390147798	0.410401139638387	212
0.073716306314725	0.674693986096887	69
-0.00458369514601009	0.894231236494595	69
-0.0970473225681101	0.74402848833264	69
-0.0946461692690701	0.745493654326501	69
0.071163185879934	0.677615044871189	4042
0.0490046442152861	0.5812231287938	2476
-0.02296597963264	0.410908197770573	2030
-0.0275337041419801	0.41314398527887	34
0.0232932211435261	0.487372497728726	34
0.0570733686513371	0.993369400909929	653
-0.0619408772741801	0.846655616066112	229
0.021461356473476	0.48604719450971	229
-0.0185160103345601	0.407432048797052	229
0.0730868610175151	0.672256247337527	879
-0.0439687512335301	0.832194077126855	879
0.02046807907243	0.488971745774085	4929
0.022955577507461	0.486743487685973	6
-0.0275337041419801	0.41314398527887	6
0.019616290013416	0.487846557035176	6
0.075479175818931	0.670441921506615	42
-0.0181871885549101	0.408299416064853	417
0.052126398885587	0.577858320833396	417
-0.00677267499483003	1.20095640587818	417
0.031601537810473	0.947757719556887	417
-0.00409297280586007	0.900284691005304	417
-0.03266641372374	0.810752487102008	309
-0.04585069885809	0.827351267347346	1551
0.028446503813386	0.48360544938142	1551
0.014991841711362	0.491309861338566	1551
-0.0506825682566301	0.835652654502917	1551
0.074493938398349	0.672438659443491	1941
-0.03118327807593	1.15474044153145	212
0.068687467445897	1.12430559997357	212
0.076562361741353	0.671658183634831	212
-0.02655133741802	0.413516459136083	2534
-0.0255692233576701	0.412012891941837	69
-0.09370797935048	0.744558942126431	1198
0.042241838402995	1.01952764996253	69
-0.0462036113569599	0.831908676858292	4042
0.037679701785417	0.588778985874086	4042
-0.0373870566069201	0.820654794371833	69
0.0244546030278719	0.486210829047288	290
0.02046807907243	0.488971745774085	34
0.026120312505952	0.483542535242062	34
0.046042408356414	0.584258121837317	34
0.113039693279395	0.811976800207751	34
0.00707920681905205	0.977961555490543	34
0.033207915976849	1.27984893324315	34
0.121034916211064	0.88053522172865	34
0.047399268115689	1.31851026647888	34
-0.10757172577598	1.31228362665765	34
-0.0209943829552901	0.409776652047704	653
0.08990652778482	1.08362040369402	7
-0.0035321392721801	0.899341929598494	7
0.025355212710095	0.484218430760984	229
0.01988508042586	0.489418532086656	879
0.000595527600014023	0.89070282415058	879
-0.0951401345906999	0.745894843709305	6
-0.0956836306798301	0.744311700973803	6
0.02159355365668	0.96171458657972	6
0.014149992122315	0.49165577187569	2071
-0.02224709287202	0.410608941783725	4953
-0.10224668302899	1.51481645682806	42
-0.02054390147798	0.410401139638387	417
-0.0318592374786799	0.414980836560012	417
0.122391491265872	0.878487990785866	309
0.121199534871688	0.882338344795576	1798
-0.05247121995155	1.09606624019824	1551
0.102896712455838	0.828466018980046	1551
0.00983152936510301	0.493104173001136	1941
-0.00815324744405999	0.903173471733457	212
0.0456332633866861	0.58446214274432	212
-0.02655133741802	0.413516459136083	212
0.020146802493525	0.488893696013304	69
-0.0510632282630299	0.838427490707537	1198
-0.01702628305176	0.407896565848327	69
-0.0276250547772201	0.412152135341901	2030
-0.03647113929269	0.415792999867536	75
-0.02126179208727	0.410975081816502	34
-0.0219800607115199	0.411274533949238	34
-0.0282514925208599	0.413283993547182	229
-0.0174713604435499	0.408269330515601	5064
-0.0174713604435499	0.408269330515601	879
-0.02296597963264	0.410908197770573	6
0.071933553960571	0.674762787104962	2071
-0.02374598899693	0.411135954461803	4953
-0.09810085631063	0.748213932424267	417
-0.10718559478341	1.06730563813917	785
-0.01079769764764	0.908634220664379	309
-0.0580872772980401	1.1054477848615	309
-0.0167559082206199	0.407972067925741	4
0.079188965929075	0.667668534897768	1551
-0.10696791724255	1.06573922877279	1551
-0.0921046233195	0.739640829444505	1551
0.028770399960519	0.482516920035912	1941
-0.09370797935048	0.744558942126431	4
0.00166060749861896	0.888949783962031	212
0.121213263977985	0.879967792059197	212
0.072665830784881	0.673948989893434	69
-0.02655133741802	0.413516459136083	1198
0.091732439194968	0.754193968371214	1198
0.024770833413836	0.484338964700153	1683
0.0490046442152861	0.5812231287938	69
0.0244546030278719	0.486210829047288	34
-0.0700236857349901	1.3385679704493	34
0.073716306314725	0.674693986096887	563
0.114376947235239	0.814109803321085	229
-0.0255692233576701	0.412012891941837	229
-0.0275337041419801	0.41314398527887	879
0.027603071345302	0.482838040528723	879
0.022955577507461	0.486743487685973	879
-0.02171241051411	0.409806924167185	6
0.0178110921690789	0.488982547182895	42
-0.03042831861484	0.413737551949063	417
-0.0353061314746801	1.16519671569261	309
0.059277399129704	0.571370271910972	4
0.023541124291656	0.486623205126517	4
-0.10534462149074	1.30736088482702	4
0.097969170090588	0.748594207760644	1551
0.01988508042586	0.489418532086656	4
-0.02027673323395	0.409478238556457	4
0.030134582273436	0.948080338751937	212
-0.01079769764764	0.908634220664379	212
0.065451216631511	0.680130519877896	212
0.117198242573641	0.810674141169511	212
0.113483753900188	0.815663521730912	212
-0.0191745054275401	0.408793596683385	69
0.015573436450521	0.490087795635554	1198
0.116081990529631	0.812884112901502	1198
-0.0987899759134501	1.05710923619338	1198
-0.0275337041419801	0.41314398527887	1683
0.049284710749173	0.579955911466618	1683
0.01350656551695	0.491361087548199	290
-0.0255692233576701	0.412012891941837	34
0.043701101735927	0.583979724437439	34
-0.05905955222157	1.10652429639196	34
-0.01566250216536	1.12773289546163	34
-0.0946461692690701	0.745493654326501	34
0.019563471132187	0.489615442131538	34
0.01988508042586	0.489418532086656	229
-0.0336811816762601	0.413176883422396	6
-0.02303104447883	0.410996649608088	6
0.029352361723531	0.482194393877049	6
-0.0258345509801201	0.413043803481388	652
-0.0219800607115199	0.411274533949238	1883
0.025032944637482	0.485654316649321	1302
0.018979883904056	0.490062948615881	417
-0.0406643692739499	0.825875537334373	417
0.013564514175391	1.24238372445224	309
0.095411171470584	0.752047826511365	309
-0.0994520138839301	1.05737379055641	212
0.06493465871696	0.680953281081501	212
-0.0301650740028001	0.413168838752643	212
-0.0959053333923801	0.741746995291025	212
-0.01702628305176	0.407896565848327	212
-0.0248530618398799	0.411542674464278	69
-0.0933963998676599	0.740594851354582	1198
0.027540497875428	0.483333049189275	4042
-0.02798604242193	0.413256750767976	34
-0.02628576158792	0.412152659857664	290
0.048692393050475	1.01033042809245	34
-0.0275337041419801	0.41314398527887	653
-0.0402281318358999	0.825767269609753	653
0.112824470086622	0.816185591844068	653
-0.10375966946155	0.75224999052497	229
0.02137253989597	0.48720056173569	879
-0.02269870771255	0.411303674855888	6
0.00808977722835302	0.493302412163066	6
0.051396861230372	0.580465035444476	6
-0.0258345509801201	0.413043803481388	6
-0.01914451241754	1.13628157162887	42
0.069233880804932	0.678834890189512	417
0.088684735008624	0.758532174114497	568
-0.05618749227849	0.840843257984145	417
-0.02269870771255	0.411303674855888	417
-0.0219800607115199	0.411274533949238	4
0.076796764290853	0.669889391893917	4
0.088794901739383	0.75764279507176	212
0.025032944637482	0.485654316649321	212
-0.10248267231266	0.750897199380474	1198
0.05070589095183	0.579346013754557	4042
0.0272811528101971	0.484048387209294	2030
-0.02681629356167	0.412672237731607	997
0.0412106015213261	0.585685318999899	34
-0.10039561748926	0.748609600711594	34
0.038984137394478	0.585494950140012	34
-0.0567335961046001	1.10108241913434	7
0.08957655881371	0.757374385482489	7
-0.0433665860941499	0.827517153097752	7
0.026201588560498	0.484339946364837	229
-0.02054390147798	0.410401139638387	229
-0.02126179208727	0.410975081816502	229
-0.02511814143824	0.41200820059487	229
-0.0989263178050599	0.748405526735507	879
-0.0308800899146	0.413479379600555	879
-0.0272685011114999	0.413655990175607	6
0.030515521601061	0.480892304556445	6
-0.0191745054275401	0.408793596683385	1671
-0.0258345509801201	0.413043803481388	1671
-0.02224709287202	0.410608941783725	652
0.072263592745862	0.674590929062549	1302
-0.10711534067434	1.06603275957529	309
-0.02655133741802	0.413516459136083	4
0.024448238004705	0.485979489293663	212
-0.02126179208727	0.410975081816502	212
-0.0167559082206199	0.407972067925741	212
-0.01702628305176	0.407896565848327	34
0.017231189624071	0.489309455924818	34
0.065019502358502	0.68145076020221	34
0.045969789751919	0.584316078302034	34
-0.09418179948752	1.28512760600548	34
0.111570946431512	0.819360349115924	653
0.014731756800628	0.491631095324249	229
-0.02655133741802	0.413516459136083	229
-0.0984309517191799	0.748279555131063	6
-0.0219800607115199	0.411274533949238	758
0.046984613780248	0.583096671940291	6
-0.09981168701069	0.747238677755028	568
0.0247114467027531	0.485765853390852	417
0.029352361723531	0.482194393877049	417
-0.0160408315278899	0.407403518042765	785
0.010411605364662	0.491970380513557	785
-0.0321118718328499	1.15922185929842	309
0.046301225882366	1.01246107238172	4
0.116343355133906	0.812159040067758	1849
0.106877103773888	0.824129276510649	2264
-0.02269870771255	0.411303674855888	1198
-0.05883971832807	1.10198369883267	1683
0.0659643269546	0.680887734838339	1683
0.043527731596736	0.585405448916677	2030
-0.0209943829552901	0.409776652047704	290
0.0456332633866861	0.58446214274432	34
-0.0272685011114999	0.413655990175607	563
0.076796764290853	0.669889391893917	653
0.09162735659151	0.751427528495478	7
-0.0321223702645701	0.414294926993374	229
-0.0191745054275401	0.408793596683385	879
0.000509685927153947	0.89255733476805	879
-0.0273583360894001	0.411969988811906	879
0.014149992122315	0.49165577187569	879
0.110587642798681	0.820501881687729	6
0.048329246741678	0.57966197723505	6
0.017227585054816	0.489586810371336	758
-0.08225314683845	0.725626966293846	6
0.014409992178878	0.491945039298103	652
0.060096799085528	1.66483171268076	42
0.0000293079348560044	0.892589853437731	309
0.023541124291656	0.486623205126517	4
-0.04869894467495	0.835129264417011	3131
0.01994307558771	1.23135653505123	4
0.019563471132187	0.489615442131538	212
0.014409992178878	0.491945039298103	69
-0.09711474657884	0.746771229604413	69
-0.0985472828176801	0.748592632260613	69
-0.02303104447883	0.410996649608088	997
-0.10836317233806	1.71607430817939	34
0.039269244019287	1.02467941194829	34
0.068713035497748	1.04896544001168	229
-0.0318592374786799	0.414980836560012	879
-0.05670233917209	1.10371116676627	879
0.110435257331058	0.816390111633709	879
0.051727770419936	0.578420898950815	6
0.069748140489873	0.678035075115648	758
0.110248652226548	0.819917159703545	6
0.022751306378909	0.958939043648705	652
0.0901326504844629	0.757062270567656	785
0.056521604655975	0.996155040460217	309
0.09213904294964	0.753351029581983	309
0.100090457059913	0.746100463715268	4
-0.09348207218178	0.74050726535634	212
0.07167834143491	0.676598079344991	212
0.013245527953803	0.492298919499597	1849
-0.0978834669535	0.74670988899904	1849
0.019058877987878	0.962061307012397	69
0.050288554191002	0.579386960354327	69
-0.0273583360894001	0.411969988811906	34
-0.02269870771255	0.411303674855888	290
-0.0737277969697101	1.12616574293599	34
-0.02126179208727	0.410975081816502	653
-0.0632143010708099	1.11215952132319	229
-0.0248530618398799	0.411542674464278	229
0.100940713198162	0.743033913021519	6
-0.10293362261797	1.05918509576476	6
-0.02655133741802	0.413516459136083	652
0.047575506939744	0.582807719551856	42
0.093372438098743	0.754559769762271	309
0.047169924998635	1.01135256204622	3131
-0.03891337535408	0.823252438462284	3131
-0.01845805499361	0.408763534655611	212
-0.10293120476358	0.751428494716355	212
0.025208529475809	0.95356140124098	1849
0.073696625482598	0.674976994061394	810
0.000253353946630952	0.891795861917322	1796
0.123788029535453	1.31384158159218	1796
-0.0925996379656999	0.740411712998113	2264
-0.01989133264931	0.408322516344122	69
0.092467565249569	1.26474587575871	1198
0.052223484806327	1.00423230876335	1683
0.09823332075346	1.13473469470386	34
-0.0892531586215899	0.737615174856728	34
-0.02126179208727	0.410975081816502	460
-0.02243081627196	0.409335013447221	2209
0.100420960732729	0.745244453131377	785
0.122333972012579	0.802942281409541	1409
0.0606374395466051	0.986471708728334	309
0.031270394340277	1.03306820574118	4
0.097826743328665	0.748780190828659	4
-0.01096781398064	0.904113467366792	3131
0.021824992592546	1.22818889660683	212
-0.0956238746529301	1.50092625115123	212
0.105982744269941	0.736430187112212	1849
-0.06176106022172	1.32019449700387	1683
-0.0938441532169201	0.741799255817169	69
0.025032944637482	0.485654316649321	34
0.022969991702422	0.486647207067339	997
-0.0219800607115199	0.411274533949238	653
-0.0926521321518701	0.738311920157522	653
0.040637880675264	1.02027082461776	7
0.117464396058509	0.81027013538945	7
0.092629807205055	1.14627067524701	7
0.0430172697849009	0.58577079046855	7
0.065081281738128	1.05635104636197	653
-0.06572191507575	1.11489390999311	879
0.05449775594732	0.576796655212425	6
-0.10133535729095	0.750054808327821	6
-0.0177419809880199	0.408465897919083	6
0.06639503933391	0.677996699326957	460
0.07744943619237	0.668812217328939	652
-0.0219800607115199	0.411274533949238	652
0.0175247476331269	0.486419359725599	417
-0.02879708587495	1.15599446970526	309
0.03862390137171	0.588308726870737	309
0.014731756800628	0.491631095324249	309
0.11566204141231	0.813253010604376	212
0.0626559227600469	0.56566305912341	212
-0.0927211887364201	0.742899904696998	212
0.059625478871763	1.07051623852662	212
-0.00540212271804008	0.900935842559104	212
0.124378399032838	0.874809670415132	212
-0.0932144978765499	0.743883074867875	2716
0.029610834728566	0.482297418223224	685
-0.0928452929305801	0.739504656054939	69
-0.02126179208727	0.410975081816502	69
0.024126413957558	0.486297529129953	290
-0.0927693398370399	0.74195796483767	238
-0.02126179208727	0.410975081816502	238
0.0456332633866861	0.58446214274432	34
0.019301826126752	0.489626676436646	34
0.015313266708984	0.491302403590035	34
0.03218354428047	0.479413582214499	34
0.000772921128553983	0.890069532740998	34
0.107682902819273	1.23513104854973	34
0.024405846786368	0.951683493545524	7
0.029352361723531	0.482194393877049	7
-0.02303104447883	0.410996649608088	7
0.076091829467503	0.672419329813627	879
0.063001951330815	0.683452602870219	6
-0.0283384601138399	0.412461825619006	758
-0.02224709287202	0.410608941783725	652
0.012866229921055	1.24573280299587	42
0.012068509757621	0.490814370462654	417
-0.02296597963264	0.410908197770573	309
-0.02054390147798	0.410401139638387	309
0.023874039063565	0.486927927519843	3131
0.028770399960519	0.482516920035912	212
0.0272811528101971	0.484048387209294	212
-0.0321223702645701	0.414294926993374	212
0.024777930759568	0.485508813766345	69
-0.02231647525331	0.410527599337308	34
0.05045557672035	0.581254464006149	34
-0.0993694537518901	0.748779223526523	34
0.018074542770612	0.489482847860143	653
-0.02269870771255	0.411303674855888	7
0.021050822262274	0.488251197847747	653
0.022955577507461	0.486743487685973	6
0.123081431075353	1.30925118295914	42
0.040619309949262	0.587504955751975	42
-0.0275337041419801	0.41314398527887	785
-0.0219800607115199	0.411274533949238	309
0.02046807907243	0.488971745774085	309
-0.02296597963264	0.410908197770573	212
-0.0209943829552901	0.409776652047704	2716
0.017490111099017	0.489691604438174	6
0.013827887658088	0.492274249557995	417
0.02046807907243	0.488971745774085	1072
-0.02054390147798	0.410401139638387	309
0.069621194363353	0.676070343807763	3131
-0.09111652903476	0.735511665057378	212
0.098413862048584	0.7482571977142	212
-0.00679629887483002	0.903585605460925	212
0.080601187234823	0.665814297405609	212
-0.01079769764764	0.908634220664379	212
-0.00058140987632993	1.19287336405797	212
-0.02368524530921	0.41093826511309	1796
0.066440783198638	0.677285223999684	1683
0.019292824771818	0.48863605366341	69
0.019563471132187	0.489615442131538	34
-0.01532613000762	0.406308829221225	290
-0.02374598899693	0.411135954461803	238
0.055277794165764	1.30067692210417	34
0.100467550411857	0.744820607968838	34
0.016673341391927	0.968388714023629	563
-0.0983625419009999	1.05674117410291	563
0.051615755559372	0.578220142953797	653
-0.09887395139294	0.748376430830867	653
0.05428623440322	0.688096347674779	653
-0.0219800607115199	0.411274533949238	1374
-0.02126179208727	0.410975081816502	1374
-0.02368524530921	0.41093826511309	322
0.042946766257006	0.585296709777993	322
0.022047743818713	0.486175826254412	6
0.018396040612831	0.490271397263528	6
-0.02126179208727	0.410975081816502	6
-0.0415276425582101	0.825942113642167	758
-0.10276947661824	0.751442714649019	2071
-0.0108355410127401	0.906438425336173	6
-0.0255692233576701	0.412012891941837	767
0.013827887658088	0.492274249557995	460
-0.01982638852231	0.409294816847698	652
0.023541124291656	0.486623205126517	4508
-0.02152858466472	0.41003633195509	2209
0.014089008630006	0.490727684035507	1072
-0.01982638852231	0.409294816847698	1072
-0.01802662776143	1.13123149362029	3131
0.079145911342655	1.16731300113268	212
-0.10477243762108	0.751531877782133	212
-0.02126179208727	0.410975081816502	685
-0.0209943829552901	0.409776652047704	1796
-0.0224380326903499	1.14308052591155	69
-0.07710653986553	1.35258750885757	69
-0.10276947661824	0.751442714649019	1683
0.0618729750763411	1.06611921443686	1683
-0.10044744509633	1.05397763816225	69
0.014409992178878	0.491945039298103	34
-0.01393770403739	0.405210698913732	34
-0.01845805499361	0.408763534655611	563
-0.0272685011114999	0.413655990175607	653
0.035288208173104	0.940524268095157	653
-0.000972336293729947	0.894013652967665	653
-0.10531640063595	1.06393077718575	6
0.050194666437503	0.579508239942932	2615
0.000465622691095957	0.89198854239323	758
0.018236682236542	0.964801092067061	758
0.025617394757113	0.485123505343381	6
-0.0272685011114999	0.413655990175607	1121
0.074638811426764	0.673688841918305	309
0.106920512900512	0.821594305829663	309
0.091732439194968	0.754193968371214	309
0.124202606844724	0.875568021263858	212
-0.0258345509801201	0.413043803481388	685
0.0943931821555219	1.49969317341667	69
0.04258447248443	0.586568109376667	2431
-0.08632249830162	1.73869581823089	34
-0.09810085631063	0.748213932424267	34
0.11843983196875	0.88409546918066	653
-0.02126179208727	0.410975081816502	322
0.014751510679693	1.46648668655561	758
-0.0209943829552901	0.409776652047704	785
0.053181514904164	1.077624594268	309
0.018232633853931	0.965383866403547	309
0.048006237158267	0.582368210709497	212
0.0942455499434141	0.752431274405318	212
0.021050822262274	0.488251197847747	1796
-0.09948639994972	0.747732063437081	34
0.09011982741486	0.758128443333775	6
-0.12134153185725	1.66433246338491	758
0.075129548539415	0.673818198199838	767
0.014731756800628	0.491631095324249	42
-0.02126179208727	0.410975081816502	785
0.019616290013416	0.487846557035176	785
-0.0360410924308401	1.16625656078171	309
-0.0959081111109601	0.738687907709218	309
-0.0275337041419801	0.41314398527887	212
-0.0255692233576701	0.412012891941837	685
0.092178450357493	0.753395700028247	34
-0.02054390147798	0.410401139638387	34
-0.02303104447883	0.410996649608088	34
-0.0230561037527699	1.41090062970472	563
-0.0339369415897499	1.16163503426491	6
0.093735696074988	1.14297080718726	6
-0.0579968522560399	1.40112384600979	6
-0.02152858466472	0.41003633195509	652
0.044611628657392	0.584721445190688	309
0.05383757574453	0.576136216892822	309
0.025939335704131	0.483894472955633	2491
-0.01393770403739	0.405210698913732	212
0.056320556981009	0.574080932087151	212
0.04920391090772	1.37422245438991	69
-0.0275337041419801	0.41314398527887	1492
0.027991676602269	0.953516776137574	34
0.099819974793806	1.4909385043972	34
0.092311309070074	1.20679877255139	653
-0.0406643692739499	0.825875537334373	1139
0.103997510045084	1.18764781337269	6
0.117682723337302	1.21640284350233	758
-0.00322085023516006	0.898518362582218	1200
0.051082708846049	1.30802361674901	42
-0.0260992604196	0.411639865603186	309
-0.10776592151741	1.31019426818873	42
0.019242636889533	0.488316656329156	309
-0.00341456527076001	1.19603919301246	685
0.100912337083926	0.743947291678387	69
-0.0275337041419801	0.41314398527887	34
0.00186954831728503	1.65093511124526	6
0.025617394757113	0.485123505343381	309
0.031858046760526	0.479592176505172	212
0.036601572614324	1.33929335735994	69
-0.02126179208727	0.410975081816502	34
-0.02681629356167	0.412672237731607	1492
0.068176886623843	1.12388027978244	563
0.047575506939744	0.582807719551856	1139
0.066313527647754	1.12633453369935	6
-0.10777905194277	1.52411474527594	758
0.059133159714147	0.685809711414638	758
0.024448238004705	0.485979489293663	42
-0.02374598899693	0.411135954461803	34
-0.00671337008738004	0.901310101043029	34
-0.02269870771255	0.411303674855888	1145
0.01231053684502	1.24470661090591	6
0.045132422764767	1.01240383991778	2615
0.024384634777687	0.958842380233671	1200
-0.02152858466472	0.41003633195509	2762
0.0456332633866861	0.58446214274432	309
0.0247114467027531	0.485765853390852	309
-0.0519883939647301	0.839326579999558	42
0.067892407182147	0.679441541768604	212
0.02046807907243	0.488971745774085	212
0.024386526136758	0.958768459878554	34
-0.02231647525331	0.410527599337308	34
0.01839074123836	0.488352554838335	34
-0.02511814143824	0.41200820059487	653
-0.10338384064815	1.06226238532337	7
-0.04245467091223	0.827393410759854	6
-0.0437697843254199	0.825700633137503	6
0.028705998608865	0.482027330230746	4268
-0.09638683211818	1.29505179550813	309
0.022111942426421	0.485234656923495	309
-0.0878741593639401	0.735178994880073	4
-0.0272685011114999	0.413655990175607	653
0.112258209740739	0.725181924710416	322
-0.00779426770175995	0.904153403023236	6
0.089559194896244	0.757829924453327	212
-0.09415237656505	0.744816899613193	212
0.028705998608865	0.482027330230746	34
-0.0260992604196	0.411639865603186	34
-0.0255692233576701	0.412012891941837	34
0.118615614293213	0.807138036788482	1651
0.02046807907243	0.488971745774085	6
0.00444996883292503	1.4937261802276	6
-0.0163109608263099	0.406800295212078	6
-0.10754289181418	1.06708156610872	758
0.093754357011225	1.14450539751395	42
0.055516228015581	0.575452682793181	309
0.08623647802891	0.758189502036064	4
-0.0318592374786799	0.414980836560012	212
0.024126413957558	0.486297529129953	212
-0.03403745851179	1.16168859355107	69
-0.09353662331041	0.741843624359259	34
-0.02160228096364	0.409501347707808	34
0.04164168675995	0.587040348971874	34
-0.10047411275597	0.748535263135333	4112
0.0659515665657751	1.05565152305809	563
0.08509880481402	0.761918614934967	6
-0.00118928546806996	1.4381562944914	6
-0.01845805499361	0.408763534655611	568
0.074148931799118	0.671976123383591	309
-0.0589944140671299	1.10005215458519	309
0.051396861230372	0.580465035444476	42
-0.10100485201423	0.748517420639521	42
0.099088544958826	0.746933026949287	309
0.01988508042586	0.489418532086656	309
0.0859186661671441	1.22085349214711	212
0.043763880384979	1.01802684375559	212
-0.02126179208727	0.410975081816502	2036
-0.0125115897446599	0.404353014672515	34
0.045234453147319	0.583242219761226	563
-0.02231647525331	0.410527599337308	322
0.078699498205161	0.668647075938239	6
0.094148029005933	0.753507170149723	6
0.116510649430913	0.886275094569212	758
0.02643598673227	0.95219942877015	758
-0.11681908023215	0.756806171986893	1200
0.024448238004705	0.485979489293663	568
-0.08695557696872	0.733150718677416	309
0.029028796684373	0.483077229419228	42
0.015054303481413	0.489881989161453	4
-0.0364657066712599	0.819767667187227	212
0.046143796159531	0.583984480648196	212
0.081672682703113	0.663398311650691	212
-0.02224709287202	0.410608941783725	17
0.049780599147385	0.579748826288671	212
-0.0270026768912099	0.41175796254343	212
-0.02126179208727	0.410975081816502	685
-0.01702628305176	0.407896565848327	69
-0.02224709287202	0.410608941783725	34
0.025617394757113	0.485123505343381	248
-0.00396830630890999	0.899563651041869	4112
-0.0219800607115199	0.411274533949238	1651
-0.0174713604435499	0.408269330515601	772
-0.02126179208727	0.410975081816502	322
-0.02204793512445	0.410502951592421	322
-0.02296597963264	0.410908197770573	322
-0.02224709287202	0.410608941783725	322
0.024126413957558	0.486297529129953	6
0.014149992122315	0.49165577187569	6
0.04786285913982	0.579169472596097	6
0.030515521601061	0.480892304556445	6
-0.0244048902648399	0.410464208205061	758
-0.02152858466472	0.41003633195509	214
0.059785723426355	0.570594609211538	568
-0.0219800607115199	0.411274533949238	309
0.052968630788121	0.577257091014872	42
0.0539882366235001	0.577157698100559	212
0.075580384811595	0.671244968304446	212
0.044548101132671	0.583814764899107	212
0.025296222724603	0.484980985533228	212
-0.0177419809880199	0.408465897919083	69
0.049854072495245	0.578577034319724	69
-0.02224709287202	0.410608941783725	248
-0.0195594609890499	0.408907543271993	4112
-0.02269870771255	0.411303674855888	4112
0.051104922574378	0.578382340128469	1651
0.020194744953431	0.487218320275361	3263
0.050965191491711	0.580536252528698	1544
-0.0272685011114999	0.413655990175607	772
-0.0174713604435499	0.408269330515601	322
0.014731756800628	0.491631095324249	6
0.097412129938681	0.750199123913718	758
0.022633873439302	0.486054814054359	460
-0.0433665860941499	0.827517153097752	568
-0.02204793512445	0.410502951592421	568
-0.00278498196785004	0.897192301087455	42
-0.0282514925208599	0.413283993547182	309
-0.0282514925208599	0.413283993547182	4
0.0814396589313759	0.664426288494278	212
0.103427436743765	0.739805842643165	212
-0.04501720236742	0.830717686602753	212
0.030192618140889	0.480972338660883	69
-0.0997071706430801	0.74597808638403	69
0.114506194418578	0.815177293556117	69
-0.02054390147798	0.410401139638387	69
0.061397904691592	0.985028291541901	34
0.021050822262274	0.488251197847747	1651
-0.0174713604435499	0.408269330515601	322
0.086881977568708	0.7589178583205	2615
-0.0944731529637399	0.742342543600819	758
0.04994577766228	0.581730930079566	758
0.03213046725762	1.28041258777878	212
-0.0605736191347399	1.92077498242945	212
-0.09440513689671	1.04824923357669	1890
0.022969991702422	0.486647207067339	1647
0.020207465749117	0.487853014850325	34
-0.03257526143736	0.414692514464788	34
-0.02152858466472	0.41003633195509	6
0.028123375859096	0.482805576227173	460
-0.0978834669535	0.74670988899904	42
0.07744943619237	0.668812217328939	4
-0.00625559201615	1.19563219125554	212
0.09753210293126	1.19945427144215	653
-0.0937850402239699	1.0479588989269	1651
0.051983868642657	0.577792122345761	568
-0.10307208111586	1.05524381632073	4
-0.0435417059377201	1.3725444044167	212
-0.02681629356167	0.412672237731607	1729
0.0667633889667551	0.680655497094375	212
0.092730630950545	0.753806017982914	212
-0.0260992604196	0.411639865603186	69
0.019242636889533	0.488316656329156	1647
-0.09353662331041	0.741843624359259	563
0.073559437518202	0.671846867388362	4112
-0.0196140015100701	1.40287985545004	4112
-0.02655133741802	0.413516459136083	6
0.111591370061044	1.22893012434717	6
-0.01884256586002	0.40780874728478	6
0.048033341805612	1.31413366697076	1158
-0.02681629356167	0.412672237731607	212
-0.1129064665332	1.63883403811973	212
0.018979883904056	0.490062948615881	212
0.057426787972838	1.0691009632426	17
-0.02126179208727	0.410975081816502	212
0.093703329186956	0.754480853978476	212
-0.0680929736887299	1.11841055389919	69
-0.0922300526887101	1.04320042657765	34
-0.1037086147692	0.750296020634772	34
-0.01702628305176	0.407896565848327	34
0.080985324426635	1.93866304373691	4112
0.071352553131996	1.32374350718433	1651
-0.00536207318721993	0.900916120679861	772
0.047367606009253	1.01169525776707	772
-0.00456691876071003	1.50833559162196	772
0.08286663294015	1.41794823069787	6
0.077404174730327	1.10674584541196	686
0.037362947875263	1.02510629860765	686
-0.10931843802949	1.06987647549743	214
0.040619309949262	0.587504955751975	42
-0.0609590333236201	1.10884624416905	42
-0.0667879676123799	1.33299534720112	212
0.0200834946803869	1.22800273529771	212
0.119405254714103	0.882321367034858	212
0.009024472003478	1.25219925581115	212
0.02271214907369	0.487579497608867	212
0.015313266708984	0.491302403590035	212
-0.0981155491849399	1.04932560471204	69
-0.11658857786044	0.717246748281352	69
-0.0517123917190201	0.836702937967744	69
0.025034913230314	0.48493035581699	69
-0.10088982816659	0.749497593613753	34
-0.0258345509801201	0.413043803481388	34
-0.02126179208727	0.410975081816502	34
0.044611628657392	0.584721445190688	34
0.045745190517241	0.582524237685847	1518
-0.00831118221949989	1.20716414312565	4112
-0.0419346697082801	1.37005304003263	4112
0.025617394757113	0.485123505343381	653
-0.07117423978437	1.12235797192834	1651
-0.02798604242193	0.413256750767976	7
0.01839074123836	0.488352554838335	772
-0.0945277856025399	0.74264539755939	772
-0.0997886801164301	1.05766287902589	6
-0.0433072704228501	0.825899814668817	686
-0.10379095474881	1.06021729106607	460
-0.05007462689646	0.837191734401835	214
-0.0464030091619601	0.832058764743774	42
-0.0112334789428099	0.909118859443866	1158
0.0778771577755391	0.669684391201715	42
0.043527731596736	0.585405448916677	42
0.036658238549503	0.589512974076729	212
-0.0478460095027	0.836163444107609	212
0.048006237158267	0.582368210709497	212
0.015313266708984	0.491302403590035	4767
-0.02152858466472	0.41003633195509	4767
0.021050822262274	0.488251197847747	34
-0.02126179208727	0.410975081816502	34
0.0198262997302	0.487032938206078	248
-0.02368524530921	0.41093826511309	563
-0.10539239971151	1.06650692948141	4112
0.054091151033023	0.573343458987167	4112
-0.02152858466472	0.41003633195509	4112
0.018979883904056	0.490062948615881	653
0.044611628657392	0.584721445190688	653
-0.10182988102938	0.750945116951384	331
-0.0195594609890499	0.408907543271993	3263
0.018074542770612	0.489482847860143	7
-0.02269870771255	0.411303674855888	772
0.023874039063565	0.486927927519843	772
-0.0255692233576701	0.412012891941837	772
0.058260200030833	0.572284866899934	2615
0.068788953628097	0.676735098114167	686
0.022633873439302	0.486054814054359	214
-0.0234177334526799	0.410826590483551	214
-0.0987299916198201	1.05518668375977	568
-0.01845805499361	0.408763534655611	379
-0.0163109608263099	0.406800295212078	42
0.102548172730779	1.19002215170394	212
0.027540497875428	0.483333049189275	212
-0.02655133741802	0.413516459136083	69
0.0232932211435261	0.487372497728726	34
0.023541124291656	0.486623205126517	34
-0.08886131697372	0.73646158487273	34
-0.0163943578374799	0.912092899744508	34
-0.02655133741802	0.413516459136083	34
0.018713772455309	0.489267128736786	1518
-0.02655133741802	0.413516459136083	1518
0.05045557672035	0.581254464006149	563
0.015894522042094	0.490668273213241	563
0.025617394757113	0.485123505343381	4112
-0.0602674380553501	1.1038805265925	331
-0.0273583360894001	0.411969988811906	3263
-0.0371856123366101	0.41567741731938	3263
0.049514758018424	0.580747497378275	772
0.054554817067469	1.07638647234464	772
-0.02081045464866	0.408933527207846	214
-0.0520510339153599	0.838825499521919	379
0.010411605364662	0.491970380513557	42
0.046553626280165	0.584006513426087	42
0.102256463214414	0.741318645636829	42
0.12062436367912	0.882748074711471	42
0.104654351916538	0.738798550394385	4
-0.11457853859383	1.07522569274742	212
-0.09122993844272	0.740243783604558	212
-0.00197315496947992	0.894588295613521	212
-0.0515257386336601	0.839027294877824	212
-0.09403211771683	0.742365087458488	212
0.080130599759807	0.666647610840959	4767
0.018713772455309	0.489267128736786	69
0.025118742414749	0.957827427044551	69
-0.01393770403739	0.405210698913732	34
0.019301826126752	0.489626676436646	34
-0.03283864853932	0.414606391010606	34
-0.02231647525331	0.410527599337308	34
-0.0496596067739801	0.837258914320626	563
-0.0075878452098499	0.902541719743436	4112
0.074167795067874	0.674452237797282	563
-0.0978834669535	0.74670988899904	331
0.02046807907243	0.488971745774085	772
0.022437328815473	0.485061498563818	772
-0.1110238959379	0.755767107495979	6
0.047347245939394	0.581883920458086	686
0.019563471132187	0.489615442131538	686
0.017490111099017	0.489691604438174	214
-0.00322085023516006	0.898518362582218	42
0.0568110225010881	0.572274315617657	212
0.022248882427256	0.963215634194783	212
0.108765108382467	0.82120469091674	212
-0.0306187181961799	1.15537242657955	212
-0.04579487100866	0.829461618465274	212
0.077739662685169	0.669278488586703	212
0.077285639148682	0.669237374363196	212
-0.0213339937447401	0.410034538747514	4767
-0.0272685011114999	0.413655990175607	69
0.017623469254474	1.23681025316569	34
-0.0429814776090101	0.830495169681687	34
-0.0134595024764701	1.21403304725673	563
0.045531005212701	0.584266852242576	563
0.104477052889577	0.738004667936675	331
0.096716606637435	0.832509147841988	331
0.027599429027533	0.948673662135964	331
-0.02655133741802	0.413516459136083	772
0.039855210093862	1.02046538795972	6
-0.0135810554621101	0.908708907229892	6
-0.02054390147798	0.410401139638387	6
-0.0999175705640001	0.747629837293087	686
0.104329542580779	0.736435400940219	214
-0.02224709287202	0.410608941783725	42
-0.04226671289703	0.826120967570007	42
-0.01982638852231	0.409294816847698	42
0.089686868044117	0.757514714026737	42
-0.02081045464866	0.408933527207846	42
0.032217458606956	1.03330569163781	4
0.058078390244881	0.57063053354529	212
0.045947871805922	1.01517250837172	212
-0.02152858466472	0.41003633195509	212
-0.0706479638533899	1.70579718092972	4767
0.112934139268223	0.81399492970427	69
0.072839705525275	1.11796699189791	34
0.074504128918681	0.670394190351731	34
-0.02231647525331	0.410527599337308	34
-0.0258345509801201	0.413043803481388	34
0.049854072495245	0.578577034319724	563
-0.0969532849091099	1.0502482193904	4112
-0.00927745730377993	0.904469011260552	4112
-0.02296597963264	0.410908197770573	7
-0.0125115897446599	0.404353014672515	757
0.086682983193446	0.757988628132272	6
0.069017163990439	1.12417245432431	6
-0.0315954817494399	0.413194685338354	42
-0.01780430006598	0.406968219093888	42
-0.02054390147798	0.410401139638387	42
0.079030520092182	1.42691148486417	42
-0.08930465194614	0.738516408507673	42
0.122213521630149	0.87895896789138	212
-0.01037818379931	0.901915357078674	212
0.04251130833237	0.585214432720481	212
0.124378399032838	0.874809670415132	212
0.082886285294592	1.09869007510247	4767
0.0687206912027	0.678017149106968	69
0.018979883904056	0.490062948615881	34
0.01988508042586	0.489418532086656	34
-0.02054390147798	0.410401139638387	34
-0.00278498196785004	0.897192301087455	563
0.06558427810803	1.64786015752728	563
0.104211289811415	0.739132987847925	4112
0.020297740385893	1.45830007386256	772
-0.02386957586926	1.14318946711953	6
0.09819023206782	0.747699102772943	214
-0.02655133741802	0.413516459136083	42
0.066692821377993	0.678254462707316	42
0.038113582516263	0.588829676031153	42
0.063009187820778	1.34854432038326	42
0.013916080686592	1.53045841042548	42
-0.10093989104133	1.0577106634177	212
0.016475522994447	0.489448272185893	34
0.049514758018424	0.580747497378275	34
0.079641305023559	0.667197169710399	34
0.106368187265893	0.823252515233485	1651
-0.03976752121737	0.825591779726935	1651
-0.0213339937447401	0.410034538747514	343
-0.10475760461238	1.30655919646773	772
-0.00191593142919011	0.888067898331931	772
0.092228546016433	1.14770061394124	460
-0.0992175330229199	1.05717668030717	214
-0.00419195745327006	0.899082972512388	42
0.0690967919753101	0.674915313565494	212
0.000452804666075002	1.19050282513055	212
-0.0905372430999201	1.56753924600012	212
0.054778517588714	0.576317095835151	17
0.0593551269317401	0.569360573817417	212
-0.0167559082206199	0.407972067925741	69
0.058085416551442	1.07038590302904	69
0.022863237766543	1.78521092184165	34
0.10950166261272	0.819844131821352	34
0.066804910401454	1.05530622125058	34
0.033984844633978	0.942513839943972	34
-0.0258345509801201	0.413043803481388	34
0.022969991702422	0.486647207067339	563
0.00349318347213401	1.25925283807488	563
0.019013862922572	1.23263792962575	4541
0.06088240112302	1.77309961216337	1651
-0.02152858466472	0.41003633195509	6
0.059769658305231	1.13802632553611	2275
-0.0627218752204199	1.10826919076434	42
-0.0635867481733301	1.51343779427327	2337
0.090681567801179	0.75743968253429	42
-0.0974515643570799	1.05462424716507	42
-0.0491553445945701	1.08305499462362	42
-0.0321223702645701	0.414294926993374	212
-0.02126179208727	0.410975081816502	212
0.096378499155785	0.750313778251833	212
-0.10461166880087	1.06254305936051	212
-0.0814609225999401	1.90533136892085	4767
-0.02229570398389	1.6407006326782	34
-0.0258345509801201	0.413043803481388	34
0.0429868126358191	0.58310937378199	34
0.048375056059869	0.579229455273158	34
0.029028796684373	0.483077229419228	34
-0.00611068936799009	1.37036789387886	331
-0.0242460840438701	1.14715491409641	331
0.010732877299613	0.492464509240087	1651
-0.06003141713058	1.10823682787339	686
0.107202821920649	1.17808499832131	2337
-0.10357965984168	1.51813703673881	2337
0.0645298950051	1.06066888766708	42
0.124125879950721	1.30675300323468	42
0.098604562593714	0.8324074020354	212
0.022092280611655	0.961394074374489	212
-0.0756010962117399	1.35098302308335	212
0.098580181371687	0.746503703207252	17
-0.09837862249536	0.747697416421832	3418
0.052351024426629	1.00206599675897	212
0.031858046760526	0.479592176505172	4767
-0.02511814143824	0.41200820059487	4767
0.063970595579125	1.40627082650443	4767
0.069748140489873	0.678035075115648	4799
-0.0260992604196	0.411639865603186	34
-0.00340352555918999	1.19795768471821	34
0.019301826126752	0.489626676436646	34
-0.00365684715971004	0.899538831022518	34
-0.0902412031006401	0.739444712132358	34
0.019037582423717	0.488172523893389	34
0.018979883904056	0.490062948615881	34
0.00149428217675196	1.18785045612265	4541
0.05540663389518	0.576037715189495	4112
0.013245527953803	0.492298919499597	563
0.026297929089612	1.50017139086104	331
-0.0577447431237601	1.10456275987127	1651
-0.02296597963264	0.410908197770573	7
-0.0219800607115199	0.411274533949238	343
-0.0258345509801201	0.413043803481388	343
0.099577577285379	0.74592684122528	460
-0.0985061085757699	1.05567167961361	6
-0.02296597963264	0.410908197770573	686
-0.0990876553494	0.748376627520693	214
0.107216553928989	2.45780084095304	2337
-0.08390915744721	1.91293757145972	42
-0.03548113069978	0.818615819430491	42
-0.02054390147798	0.410401139638387	42
-0.0975608885707799	0.746393934007619	212
0.042186215371031	1.53275603402591	17
0.077039314805343	1.11141145261271	212
0.094592595636973	0.752216703040351	4767
0.11545336058364	0.813567854325983	34
-0.00110004574009004	0.892784352735395	69
0.054778517588714	0.576317095835151	34
0.0778771577755391	0.669684391201715	34
0.023068449175611	0.961660791223392	1843
0.028705998608865	0.482027330230746	331
-0.00835532759693991	0.901799170383622	331
0.013387423911865	1.24354957119919	1651
0.069192640940806	0.677605957534758	1651
-0.0888108512072801	0.737746878935113	7
0.054098893046445	0.575716282314449	7
-0.0457987221690599	0.831345390950598	7
-0.0928452929305801	0.739504656054939	343
0.0345959554299951	1.02873783180278	772
0.094262109488963	0.753909293025381	772
-0.08552692962179	0.73278011482898	686
-0.0955196422350799	0.742411431568802	2275
-0.09645739798202	0.742911242778901	460
0.0272811528101971	0.484048387209294	214
0.117981244523659	1.9058265783331	2337
0.00319765446201803	1.42201326607184	42
0.044544873460172	1.32395886131504	42
0.0869953595399821	0.759992736346922	42
0.077315408146474	1.37126923963492	42
0.021461356473476	0.48604719450971	42
-0.02126179208727	0.410975081816502	212
-0.02655133741802	0.413516459136083	212
0.110587642798681	0.820501881687729	3418
0.039940731790156	1.01817832710594	17
-0.00846283248464008	0.90271150742766	4767
0.022823348187451	0.962340360751039	4799
-0.0209943829552901	0.409776652047704	34
-0.0415322992707901	0.826772035870598	34
0.112880141460688	0.815531583062188	34
0.094262109488963	0.753909293025381	34
0.0232932211435261	0.487372497728726	4541
-0.02681629356167	0.412672237731607	1651
0.051216925571805	0.578983513041556	7
0.070691655658463	0.678026569157053	343
0.0587688913700281	0.571925970325381	343
-0.04811562109168	0.834006550157865	343
-0.0931109444048801	1.04375038886731	343
0.074534821795622	0.671053108926306	772
0.029028796684373	0.483077229419228	460
0.016509769330546	0.967929457324779	686
0.039676364545572	0.586782310755217	686
-0.02231647525331	0.410527599337308	460
-0.11870494982136	1.6559741011482	42
0.0287588845807401	0.481691428940178	212
-0.0260992604196	0.411639865603186	212
-0.01702628305176	0.407896565848327	212
0.050377709041318	0.581191372480998	212
0.054938459508447	1.07462538267121	4767
0.103139914471624	0.827451370621921	34
0.051396861230372	0.580465035444476	34
-0.0282514925208599	0.413283993547182	34
-0.02027673323395	0.409478238556457	34
0.119449059870338	0.804347253819454	34
0.079376136609154	0.666611992174789	4541
0.0772682901707	0.669687201901373	331
-0.0219800607115199	0.411274533949238	343
-0.09502362707333	0.742673691836324	343
0.016016938739607	0.968209684828861	343
-0.0930413022776	0.741070812797572	343
-0.09837862249536	0.747697416421832	343
-0.02054390147798	0.410401139638387	460
0.079659859353387	0.667260735358298	460
-0.0311435899907899	0.41466914140038	214
0.098063250569946	0.745417881372279	42
0.00321315678370304	1.26269543887917	17
0.019198040787186	1.23447066055206	17
0.065378057071566	1.34162187780818	563
-0.00736694532174997	1.2055169684158	563
-0.0122342230208401	0.909687517416443	331
-0.09939894844723	1.05136121991318	331
0.087440260737773	0.759378752376332	7
-0.0963964156729899	1.04734465170055	7
-0.0619786882308899	1.11110092672258	343
-0.02368524530921	0.41093826511309	686
-0.0584887354639201	1.10556310966686	686
-0.00192286928952989	0.895568486346893	460
-0.0282514925208599	0.413283993547182	1773
0.02213082265976	0.48751597999684	214
-0.09502362707333	0.742673691836324	214
-0.02296597963264	0.410908197770573	214
-0.10438850667631	1.06489781810248	42
-0.01702628305176	0.407896565848327	570
0.0247114467027531	0.485765853390852	212
0.117845896890594	0.885475096816248	212
-0.06747622606494	1.33338507839529	17
0.05859147533359	1.06872195262004	4799
0.0942455499434141	0.752431274405318	4799
0.018979883904056	0.490062948615881	34
-0.0185160103345601	0.407432048797052	34
0.00439841922662598	0.885178167207511	34
0.051365109922101	1.3075144041563	331
0.113902216099469	0.815187117891235	7
0.10002263050189	0.745477076515289	343
0.024709334732103	0.95644981729408	343
0.058208552261707	1.07101721224366	343
0.068100346808584	0.677708303122099	460
-0.0213339937447401	0.410034538747514	918
-0.0956393575838199	1.04995579919615	460
0.046353548270943	1.01154410318	214
0.05376184982813	0.577038633160897	214
0.0167970477046751	0.488898266466747	214
-0.05640343649462	1.09507832210098	42
-0.12312386196373	1.45986054942108	212
0.115083588764086	0.81460781589565	212
0.0469127309379041	0.583526138926534	212
0.093283900154244	0.753358453636231	4767
-0.0213339937447401	0.410034538747514	34
0.025032944637482	0.485654316649321	34
-0.0255692233576701	0.412012891941837	34
-0.04244216671492	0.826130827579842	34
0.052238425618642	0.577634620167254	305
0.095034656051473	1.19822150343417	331
0.045894123217096	0.583988231653479	343
0.032183655010156	0.945139425901363	343
0.019065230182029	0.965714408093825	343
0.00387150210835596	1.18323811531903	343
-0.0945277856025399	0.74264539755939	343
0.0648110669741691	1.0610827242472	343
-0.0335245824859101	1.16403825481434	343
0.00983152936510301	0.493104173001136	343
0.029028796684373	0.483077229419228	918
0.0759679802015319	0.669213087434619	214
-0.04910206806615	0.835237800436308	214
-0.02126179208727	0.410975081816502	42
-0.0815821548101701	1.35845656654569	212
0.020790130443553	0.4876451712386	212
-0.02054390147798	0.410401139638387	212
0.051615755559372	0.578220142953797	17
-0.0201998253290201	1.40542621838203	34
0.0701775126309701	0.678272566722145	343
-0.0961270820214399	1.50048968967553	343
0.069705772549621	0.678684306621727	343
-0.0195594609890499	0.408907543271993	686
0.050073265476674	1.0051226166042	686
0.070092099548179	0.676115353206551	460
-0.02296597963264	0.410908197770573	460
0.079188965929075	0.667668534897768	214
-0.10138421173787	0.750054826190905	214
-0.09869516157528	1.05143638011274	214
-0.04244216671492	0.826130827579842	214
-0.10732219275151	2.24686707190586	2337
-0.02126179208727	0.410975081816502	212
0.02046807907243	0.488971745774085	212
-0.0440319183857401	0.831727902787209	212
-0.0255692233576701	0.412012891941837	1391
0.057526805613741	1.35569004516376	563
-0.0985829815000501	1.50741194997315	331
0.023874039063565	0.486927927519843	331
0.00919363347785496	1.1695086769799	343
-0.10711534067434	1.06603275957529	343
-0.0272685011114999	0.413655990175607	343
-0.09348207218178	0.74050726535634	343
0.066917763917985	1.05771240898262	343
-0.02126179208727	0.410975081816502	686
-0.00549755252508999	0.900095510039781	686
-0.0457380286229501	0.828935896030062	214
-0.02126179208727	0.410975081816502	214
-0.02126179208727	0.410975081816502	212
-0.05906468388438	1.1028224182614	212
-0.0017357280475101	1.19324611174629	343
0.0453715273559619	1.01508086469259	343
0.052060035326547	1.00143380940186	343
-0.02231647525331	0.410527599337308	460
-0.0275337041419801	0.41314398527887	686
0.0706491011342451	0.677600223780693	214
-0.0174713604435499	0.408269330515601	212
0.0706491011342451	0.677600223780693	462
0.074638811426764	0.673688841918305	17
-0.03656196086176	0.819060259862958	17
-0.03012554996832	1.15781678188111	4799
-0.0975422411798299	0.743849447736035	34
0.03120856987993	1.28129715320519	331
0.069168495029134	1.05248801744408	34
-0.0285537217943099	1.58913851106457	331
0.092838009828221	0.753696845952924	331
-0.11149412254445	0.752894772745506	331
-0.0195594609890499	0.408907543271993	331
0.0687206912027	0.678017149106968	331
0.100241743137987	0.828845008151628	343
0.052045122528896	1.0044318023228	343
0.0573202109205781	0.572112007277655	460
-0.0282514925208599	0.413283993547182	214
-0.03869683959451	0.823497895884708	212
0.0772682901707	0.669687201901373	212
0.012923867002502	0.491690017402143	462
0.049435794200234	0.58198163053543	462
-0.0434248834023301	0.82734965214336	331
0.064456473058599	1.06220631366568	331
0.081973392598664	0.764589317111748	7
0.050038499866277	1.00809553790008	343
-0.0272685011114999	0.413655990175607	460
0.088129615437823	0.758467344267328	214
0.118258970710182	0.883943394386317	212
-0.04666592381331	0.832084929567095	212
0.074448025716612	0.672892486355903	212
-0.02126179208727	0.410975081816502	462
0.097969170090588	0.748594207760644	212
-0.02303104447883	0.410996649608088	17
0.114032388858663	0.811637860859413	17
0.00224867293053799	0.889017181605139	34
0.014409992178878	0.491945039298103	1474
-0.10026653469233	1.29803370791084	331
0.050038499866277	1.00809553790008	331
-0.01884256586002	0.40780874728478	331
0.089471539766762	0.75517849060552	7
0.11502583485523	0.810690631368826	343
0.041474746535575	1.01938501370157	343
-0.00445344282756999	1.20006304857608	343
-0.0219800607115199	0.411274533949238	214
-0.02368524530921	0.41093826511309	214
-0.02628576158792	0.412152659857664	214
0.019301826126752	0.489626676436646	5219
-0.01454220035714	1.39107077235992	2337
0.025032944637482	0.485654316649321	212
-0.0234177334526799	0.410826590483551	17
0.0773730930598761	0.668738192909954	34
-0.10675470576319	1.31357545349369	69
0.01988508042586	0.489418532086656	34
-0.0209943829552901	0.409776652047704	331
0.040474715542232	0.586676101522696	343
-0.0282514925208599	0.413283993547182	460
0.023541124291656	0.486623205126517	214
-0.08606805821997	0.732277874479631	212
0.025296222724603	0.484980985533228	212
-0.0273583360894001	0.411969988811906	212
-0.0219800607115199	0.411274533949238	212
0.049435794200234	0.58198163053543	462
0.00899569401178601	0.491767102976537	212
0.012516053421826	1.24667194894032	5001
0.019301826126752	0.489626676436646	34
0.092026197547785	0.753832227514242	331
0.112807166061896	0.814008295244392	343
0.027540497875428	0.483333049189275	214
0.03243817224153	0.479069994467421	5219
-0.02054390147798	0.410401139638387	212
-0.02062042675795	0.40900976372954	34
-0.0669643292503399	1.11864655297176	5001
0.113073815002966	0.889715091765013	34
0.095497651099807	1.20387344642971	34
0.101702626734055	0.740519240759659	331
-0.0258345509801201	0.413043803481388	331
0.024627223501574	0.959394506856517	343
-0.00535980679829007	0.896164227815288	343
0.039442840775332	1.02189071505756	343
0.092700751498886	0.75506110339538	343
-0.0229250558309699	1.14498167751444	343
-0.0454171096585501	0.833070859075045	343
0.093838259753929	0.75214845142026	214
0.048086169911295	0.581776933777775	214
-0.10088982816659	0.749497593613753	214
-0.10496548879683	1.06616645159178	212
-0.0030605579612899	0.89724463764834	212
0.013827887658088	0.492274249557995	212
-0.02655133741802	0.413516459136083	462
-0.0433665860941499	0.827517153097752	34
0.025939335704131	0.483894472955633	34
0.020855183534879	0.9640356322607	331
-0.0890742011704999	1.27662308815175	331
0.119796712003605	0.881707212570005	331
-0.0258345509801201	0.413043803481388	343
0.00336195525410299	1.18372366797026	7
0.086226119623167	0.760354003609723	343
-0.02126179208727	0.410975081816502	343
-0.10739549861818	1.06608046355511	214
0.093258496111483	0.755184548775958	214
-0.01873560510642	1.13296886630553	214
0.070498252986762	0.676482753100705	214
-0.0195594609890499	0.408907543271993	212
-0.0284898667812801	0.409754528102212	17
-0.10115949975945	1.05741729735567	212
0.018074542770612	0.489482847860143	34
-0.10546288585929	1.06395296457557	17
-0.0321223702645701	0.414294926993374	34
-0.08601951004896	0.733542784754922	34
-0.0530839057769701	1.09432933552392	331
-0.02054390147798	0.410401139638387	331
0.067020646404102	1.05771227585307	331
0.023067579426039	0.958886732774804	331
0.122616635328164	0.879254467365696	331
0.123736088203525	0.800335431860543	343
-0.02891648280576	1.15628775206007	343
0.086305049447361	1.15874186506906	214
0.0772682901707	0.669687201901373	214
-0.0925461545127999	0.740008884506934	214
0.025032944637482	0.485654316649321	214
0.014731756800628	0.491631095324249	214
0.0469127309379041	0.583526138926534	214
0.000272029053451028	1.43233786538157	42
0.082304110721289	0.762638025468005	212
0.084652268403452	0.762434927473855	212
0.0682208358180561	1.05512467383203	17
0.090285584166462	1.15190078167832	34
-0.02296597963264	0.410908197770573	34
0.028446503813386	0.48360544938142	34
-0.0614170571925901	1.10961782065633	305
0.076599549511352	1.11182323122142	331
0.120547547892663	0.880405861805905	331
-0.10075409595241	1.30329411160113	331
-0.00278498196785004	0.897192301087455	343
0.0695354577062151	0.677525448065441	214
-0.09793575902146	0.747877004766513	214
-0.02126179208727	0.410975081816502	214
0.074504128918681	0.670394190351731	214
0.02046807907243	0.488971745774085	214
-0.0894445802000201	0.737918327979612	212
0.066456007533896	0.680898780720335	435
0.078699498205161	0.668647075938239	212
-0.10685279933554	0.752870753678222	212
-0.0556888411102201	1.81694543299485	34
0.102611114495323	1.24609429936542	34
0.074023183194828	0.672300998890283	17
0.093283900154244	0.753358453636231	34
0.101574861801436	0.742745147352731	34
-0.0174713604435499	0.408269330515601	34
-0.02027673323395	0.409478238556457	34
-0.0219800607115199	0.411274533949238	34
-0.02231647525331	0.410527599337308	1474
-0.02368524530921	0.41093826511309	34
0.088049160306325	1.15406503391667	331
-0.0725378200667299	1.342097844145	331
-0.02126179208727	0.410975081816502	331
0.077805955659679	1.10864629717428	331
0.113665570857385	0.816135776963263	343
0.108862801101695	0.81915732140325	343
-0.00871756488056996	0.902765996185277	460
0.122570909008936	0.877933783715004	343
-0.02269870771255	0.411303674855888	460
0.048494345819442	0.581473940047142	214
-0.09859416961432	0.748461013434939	214
0.019563471132187	0.489615442131538	214
-0.02368524530921	0.41093826511309	214
0.0964948984902529	0.750126794612481	435
0.105385168491948	0.824688325729201	212
0.029610834728566	0.482297418223224	462
-0.0904289021867899	0.739562305388928	34
0.110755442847303	0.81881263564137	34
0.00925119947179997	0.493620297927824	34
-0.0213339937447401	0.410034538747514	34
0.05500708637083	0.576236141885541	305
0.114350081215173	0.813815236384266	305
0.014138607599576	0.971067319567986	331
-0.0513240717863099	1.38935781732554	331
-0.02126179208727	0.410975081816502	331
0.069704276791323	1.05217061528398	331
-0.05670233917209	1.10371116676627	343
0.100649192305093	0.744551956573333	343
0.066104093754585	1.05364425883922	343
0.095005921639785	0.749072884286486	460
-0.0464030091619601	0.832058764743774	214
-0.0215983934980699	2.15513615519598	42
0.08957655881371	0.757374385482489	462
-0.0248530618398799	0.411542674464278	17
0.069212246029815	0.677699479369965	212
0.02046807907243	0.488971745774085	34
0.067438764480255	1.12703963182144	34
-0.09837862249536	0.747697416421832	34
0.03690576927627	1.02543541864358	331
-0.05039477591147	1.56616773248059	331
0.023863274661684	0.486099627797188	343
0.0561052791536381	1.29818807385775	343
-0.0707450579992	1.3370316680802	343
0.101093204126776	0.74444678499081	214
0.018979883904056	0.490062948615881	214
0.024448238004705	0.485979489293663	214
-0.09067295408941	0.735695992049271	214
-0.06810193317487	1.33448426159727	212
0.111277908664172	0.816848730226795	212
-0.02303104447883	0.410996649608088	212
-0.10232457784226	0.751503576493597	212
0.028833454574665	1.28650205887486	212
0.05070589095183	0.579346013754557	34
0.09813480151589	0.746746425625134	34
0.097358776268646	0.746688913566256	34
0.046553626280165	0.584006513426087	1191
0.051104922574378	0.578382340128469	331
0.051216925571805	0.578983513041556	331
-0.10102847255772	1.06076512636433	331
0.027499260493696	0.952718341628183	343
0.116861880088527	0.807252425904388	343
-0.00815324744405999	0.903173471733457	343
0.05070589095183	0.579346013754557	343
-0.10897244322543	1.06898914730853	343
-0.00460968465136991	0.896321741581643	460
0.072405372129968	0.674466895668216	214
0.033575344196622	0.94360077911312	214
0.076796764290853	0.669889391893917	214
-0.0189033929134299	0.407829094949249	214
0.069062849347908	0.677305049715241	214
-0.0105373061334999	0.904969699033526	214
-0.0350057002926401	2.20607445672431	42
-0.0412160222892599	0.826931165053183	212
-0.11134285124207	1.3176297537005	17
0.037848238426234	2.35594752891683	34
0.027540497875428	0.483333049189275	34
0.044611628657392	0.584721445190688	34
-0.02231647525331	0.410527599337308	34
0.01988508042586	0.489418532086656	331
-0.02628576158792	0.412152659857664	331
0.019301826126752	0.489626676436646	1742
0.07210579202312	0.675980341829001	331
0.013245527953803	0.492298919499597	343
-0.1076036325546	1.71532845999073	343
0.048925626216875	0.581990256936947	343
-0.0569209388220799	1.10189494208769	460
-0.0407552050426501	0.826755787290834	214
-0.08930465194614	0.738516408507673	214
-0.09359347616316	1.68455158174216	214
-0.00291477141607999	1.87397570931019	42
0.111826944847344	0.816686708802275	212
0.076780352724783	0.668612305561363	34
-0.05524887348175	1.09525403134062	34
0.121247304677528	0.802104958622432	34
-0.0949132938883901	0.740456068980376	331
-0.0219800607115199	0.411274533949238	331
-0.04712838107921	0.831969230657349	331
0.014409992178878	0.491945039298103	331
-0.02027673323395	0.409478238556457	331
-0.0429626887725501	0.826256443090607	331
-0.02511814143824	0.41200820059487	343
0.045531005212701	0.584266852242576	343
-0.00258272501937995	1.19535609046101	214
0.101537083118881	0.744110941796711	1009
0.093145648300846	0.754087393205243	214
0.0272811528101971	0.484048387209294	214
-0.09635220128059	1.50188863189586	435
0.026523202592572	0.483366492541231	212
-0.02054390147798	0.410401139638387	462
-0.0581773370274901	0.844144504445374	4638
0.020610311130085	0.962348044255217	17
0.022989646528364	0.961213765986677	34
0.040895038628558	1.0198771494081	34
0.108575044464305	0.82182561903951	34
-0.00562648322415993	0.898834745386421	34
0.09168898910739	0.755480478509072	1742
0.071424352203243	0.675881494724746	1742
-0.0448693540366401	0.828566902392533	331
-0.0283384601138399	0.412461825619006	343
0.047575506939744	0.582807719551856	460
0.019616290013416	0.487846557035176	460
-0.02296597963264	0.410908197770573	214
0.061190439929351	2.29953036579717	42
0.072677805007792	1.62789912512465	42
0.112084571830415	1.16680011453348	435
0.028123375859096	0.482805576227173	212
0.0414455725923361	1.01782690150371	34
-0.0985472828176801	0.748592632260613	34
0.095966150563616	0.751806459961886	2957
0.014868877384287	0.967671997309997	331
0.100467550411857	0.744820607968838	3295
0.022955577507461	0.486743487685973	343
-0.00564785257225009	0.898996392903336	343
0.076439841822218	0.668804626644928	214
-0.0177419809880199	0.408465897919083	1985
-0.0219800607115199	0.411274533949238	214
0.074859602102395	2.41624154838915	42
0.069481381447703	1.05151997446882	212
0.05449775594732	0.576796655212425	212
0.0796326109714161	1.42940357622712	17
0.026120312505952	0.483542535242062	34
-0.1036645430902	1.30533795810003	34
0.049435794200234	0.58198163053543	34
0.049867856506886	0.581200166398956	34
-0.0351766436345999	1.16630349527259	331
0.0152793809448269	0.97018937762022	331
0.061454069391963	1.06437271506215	343
0.0539882366235001	0.577157698100559	343
0.050887377243427	0.580940901573	343
-0.0206278375158699	1.13943926933683	214
0.045531005212701	0.584266852242576	214
0.062302964242354	1.06553335319654	214
0.101845032413703	1.69620813528179	42
0.0469127756715611	1.01346374103121	435
0.088925662103474	1.45994244253896	34
0.0736778270295701	0.67301035447359	34
-0.0323382120518201	1.59483820740136	34
0.023541124291656	0.486623205126517	34
-0.05012089464447	0.837707222812169	34
-0.0993936648237601	1.50982937779847	331
0.038326819542048	1.02422160308572	343
0.029788854592414	0.94917225785533	343
-0.104888281963	1.06373626573243	343
-0.10198559187522	1.30135197184217	343
-0.00440460215055993	0.899509463454117	214
-0.10503174493525	1.06359593762001	214
-0.02296597963264	0.410908197770573	214
-0.0255692233576701	0.412012891941837	214
-0.0167559082206199	0.407972067925741	214
0.097856884181708	0.74963552111173	435
-0.0374469352984701	0.415418177445448	212
-0.02798604242193	0.413256750767976	742
0.025032944637482	0.485654316649321	212
-0.0180535051052999	1.39830987624744	34
0.075859112493129	0.669939504214838	34
-0.10047411275597	0.748535263135333	34
0.120233516250946	0.883362976326401	1742
-0.02296597963264	0.410908197770573	331
0.019133552701006	0.967300898831665	343
-0.0974710905429399	1.29625889755916	343
-0.00880802824355009	1.20696392380332	343
0.06981356544719	1.12082030327957	343
0.018979883904056	0.490062948615881	343
-0.02296597963264	0.410908197770573	214
0.02046807907243	0.488971745774085	214
0.048516771594874	0.581649347606665	214
-0.02374598899693	0.411135954461803	214
-0.02655133741802	0.413516459136083	462
-0.0163109608263099	0.406800295212078	677
0.044401866023931	1.01568565177222	34
-0.0467891839077299	0.832996773712033	34
0.075621144230676	0.672942733062937	1246
0.124549171697807	0.876685102401681	34
0.033120230009448	1.34580348090268	331
-0.09353662331041	0.741843624359259	1742
-0.03042831861484	0.413737551949063	1742
0.076422915298331	0.668991227834528	343
0.0160358249249259	1.2404034898104	343
-0.10547559468648	1.3099096179251	343
0.030515521601061	0.480892304556445	1429
0.018396040612831	0.490271397263528	214
-0.0248530618398799	0.411542674464278	212
0.025617394757113	0.485123505343381	212
-0.0248530618398799	0.411542674464278	462
-0.0275337041419801	0.41314398527887	4638
0.078076507079108	1.16751932093203	34
0.081412387738371	0.76452468420415	34
-0.09308522716387	1.49396883465813	1246
-0.0231463600647801	1.14586385824778	34
0.046984613780248	0.583096671940291	34
-0.02126179208727	0.410975081816502	34
-0.0234177334526799	0.410826590483551	305
-0.0917245654501699	0.740271630477432	2957
0.033225623655318	1.2782235643124	331
0.099306958986081	1.25435263729702	1742
-0.01702628305176	0.407896565848327	331
0.107384943450363	0.895893982980273	331
-0.0971127077940199	1.05030529622032	331
0.021954694301717	0.486484341980315	331
0.090022270057303	0.756399184200658	343
0.070565192143197	1.04851402761508	343
0.062707752970028	1.06205444008838	343
-0.0555726738607001	1.09793080807094	214
0.0777570787936111	0.669257591111527	214
-0.02224709287202	0.410608941783725	212
-0.10276947661824	0.751442714649019	1246
0.051578893863635	1.63074206437135	331
-0.0416469563358499	0.824882199726543	1742
0.066917763917985	1.05771240898262	343
-0.0110400405632001	1.21043426594613	343
-0.06639207080512	1.11819888949548	343
-0.02655133741802	0.413516459136083	214
0.100575803741315	0.744667968397544	214
-0.0557180711588901	1.10156284404462	741
-0.0177419809880199	0.408465897919083	1429
0.099577577285379	0.74592684122528	214
0.070056496328095	1.05177635099011	435
0.023068449175611	0.961660791223392	435
-0.01702628305176	0.407896565848327	34
-0.0956342726349	0.746020099092103	17
-0.02224709287202	0.410608941783725	34
-0.05816454750566	1.10200891976083	34
0.015612754892752	1.24106807602004	34
-0.12278345384134	1.66767330481472	34
0.079170478145195	0.668032586243667	34
-0.02655133741802	0.413516459136083	34
0.052362062544308	1.30681916271324	331
0.04011834853009	1.26476315169099	367
0.121956012906543	0.947586900536902	661
-0.02054390147798	0.410401139638387	214
-0.01780430006598	0.406968219093888	214
0.052126398885587	0.577858320833396	214
-0.000489226236819906	0.894463445328772	741
0.023278054411095	0.48596934273912	1429
0.01988508042586	0.489418532086656	214
-0.0949689536277001	0.742864252382889	214
0.052126398885587	0.577858320833396	367
-0.02628576158792	0.412152659857664	212
-0.02243081627196	0.409335013447221	2957
0.018979883904056	0.490062948615881	34
0.018718315979064	0.48956308680362	331
-0.0160408315278899	0.407403518042765	343
-0.0991238848334699	1.05139863209226	343
0.113929856763631	0.814865357910228	343
0.051676395867343	1.00114229853268	367
0.00341899732444095	0.886737886544481	343
-0.10439315718824	1.30645328145764	214
0.0257791291220431	0.957813585396321	1429
0.018713772455309	0.489267128736786	1009
-0.0440319183857401	0.831727902787209	214
0.019563471132187	0.489615442131538	214
0.070007912083619	0.677468988104035	367
-0.03283864853932	0.414606391010606	34
-0.0248530618398799	0.411542674464278	34
-0.02160228096364	0.409501347707808	34
-0.000552398402499987	1.26522198331842	34
0.0508189874713521	0.578867750869275	2957
0.060180134568246	1.35080034026426	331
0.068638282739253	1.04980137314496	331
-0.0452751097069699	0.829137770523006	1742
0.05082602117349	1.00636655674773	367
0.01988508042586	0.489418532086656	214
-0.09953436667633	0.749396690614908	214
-0.0219800607115199	0.411274533949238	1429
0.05045557672035	0.581254464006149	214
0.053752085366599	1.07731843370477	212
-0.01845805499361	0.408763534655611	212
0.051320090198551	0.57919073145	34
0.0223885826807479	0.487091304289586	1246
0.098241617109565	0.745973595654529	34
0.084673057816992	1.09660196594841	331
-0.06047527889617	0.844127220812471	331
0.00348919793743197	1.18090630730036	343
-0.00953923710973004	0.906090405087986	367
-0.01440331913153	1.20856737428391	460
-0.09353662331041	0.741843624359259	214
-0.0127061070072101	0.90831676650542	214
0.069664438984447	0.676935361949273	214
-0.0174713604435499	0.408269330515601	214
-0.0209943829552901	0.409776652047704	212
-0.0936587563737701	0.743832365386165	34
0.023617224616811	0.486158358630486	34
0.066040172880565	1.12662037635066	34
0.018979883904056	0.490062948615881	34
0.018396040612831	0.490271397263528	34
-0.10426111081705	1.06163039265501	331
-0.0106676491628801	0.907848768759085	331
0.108279607387765	0.82277320451064	343
0.027994644052234	0.952226789011559	661
-0.0115394145344701	0.90710091189763	214
0.076070944404281	0.672018036489386	1429
0.025032944637482	0.485654316649321	1009
0.111570946431512	0.819360349115924	214
-0.0258345509801201	0.413043803481388	1727
-0.0177419809880199	0.408465897919083	212
0.047575506939744	0.582807719551856	212
0.069518432820189	0.677574926854816	212
-0.0177419809880199	0.408465897919083	17
-0.0741214602461	1.34692588141517	34
0.0701775126309701	0.678272566722145	34
0.072149661593177	0.676187215881317	34
0.043527731596736	0.585405448916677	34
-0.02204793512445	0.410502951592421	34
-0.02152858466472	0.41003633195509	34
0.027170292862318	0.949816179350822	331
0.121213263977985	0.879967792059197	331
-0.10734536601033	0.752584266486842	343
0.113714292080504	0.814583249726876	343
0.114926327387329	0.814365028770094	343
-0.0252015913052801	1.14857407885606	661
0.098029054323232	0.745298996846708	367
-0.0449552347245801	0.832895654322315	460
-0.0463283808224699	0.834345727325647	214
0.048006237158267	0.582368210709497	212
-0.03283864853932	0.414606391010606	212
-0.02126179208727	0.410975081816502	17
-0.0483076638001201	0.836762263127822	34
0.047267288477991	1.01111795621008	34
-0.0285920082014599	1.15212169981985	34
-0.0927693398370399	0.74195796483767	34
-0.04811562109168	0.834006550157865	34
-0.00910280146426001	0.906042679153519	331
-0.10134387164836	1.30406818982182	331
-0.0281776163425	1.15463122086424	1742
-0.00679629887483002	0.903585605460925	331
0.083897712550466	1.09569198212384	331
-0.09517183636091	1.29174205621327	331
-0.02126179208727	0.410975081816502	343
0.095005921639785	0.749072884286486	367
-0.05874554492316	1.1035107266033	367
-0.0276819242686399	1.15438820933494	661
-0.06599356680416	1.1173203780244	741
0.100912337083926	0.743947291678387	741
-0.0191745054275401	0.408793596683385	1429
0.058260200030833	0.572284866899934	1429
0.028446503813386	0.48360544938142	1429
0.014731756800628	0.491631095324249	214
0.070952359244948	0.676646519053922	214
0.049796326412217	0.579793446877527	214
0.115083588764086	0.81460781589565	34
0.095730214702982	0.749103142647642	34
0.072413234975618	1.04566764818471	34
0.053079258290865	0.576636389861015	34
0.092838009828221	0.753696845952924	34
0.02045018882387	0.959873115309296	331
-0.03428310441169	1.16209091136521	331
0.050965191491711	0.580536252528698	1742
0.024448238004705	0.485979489293663	331
0.029610834728566	0.482297418223224	343
-0.0471904418184399	0.833947885235395	343
0.016673341391927	0.968388714023629	367
0.092813529710884	0.755636317166555	343
-0.03915808111148	0.824064485145193	343
0.049479872113157	1.00905891579595	367
0.000595527600014023	0.89070282415058	343
0.074519041082074	0.671460073883177	741
-0.0167559082206199	0.407972067925741	1429
-0.02126179208727	0.410975081816502	214
0.05070589095183	0.579346013754557	212
0.018713772455309	0.489267128736786	1727
0.040513723065373	0.584901429566761	212
-0.09122993844272	0.740243783604558	17
-0.04020286589329	0.82505765975035	17
-0.00760441411244006	1.20456428193486	34
-0.0793504146314099	1.35214156839245	34
-0.04829471121091	0.831900337061508	34
0.046403519150757	0.583890417561864	34
-0.0281776163425	1.15463122086424	331
0.029034335697112	1.28742501291531	1742
0.075129548539415	0.673818198199838	1742
0.019563471132187	0.489615442131538	331
0.018979883904056	0.490062948615881	343
-0.0425118272570799	0.826639783637005	343
-0.0509993791438701	0.838089849372423	343
0.106030966935908	0.736651124129828	343
0.0487729048333611	0.579894184023409	367
-0.10030749872161	0.74764089809672	214
-0.10265335287269	1.05855837052019	1429
0.07470089436535	0.669883667898174	1429
0.020207465749117	0.487853014850325	1429
-0.0167559082206199	0.407972067925741	745
0.044950544531831	0.584778572489304	1429
0.025032944637482	0.485654316649321	214
-0.0255692233576701	0.412012891941837	367
-0.0984309517191799	0.748279555131063	214
0.019242636889533	0.488316656329156	212
-0.10281944783493	0.751751903281367	34
-0.0208195045239099	1.13867219141198	34
0.068157878935925	1.05380236558604	34
0.067400037520026	0.679813497175578	34
0.096822512653444	0.749614964366479	34
0.11992207199834	0.803026852471099	34
-0.03785867273425	0.821519132732989	34
-0.06442535052618	1.11300021626949	34
0.077739662685169	0.669278488586703	34
-0.0972661503860599	1.04604171700229	1742
0.025355212710095	0.484218430760984	331
0.036972973925015	1.33200068999887	331
0.023067579426039	0.958886732774804	331
0.118721833767389	0.80711134423913	331
0.046654139367612	0.583264229566345	343
0.086436385028554	0.760131191264234	343
-0.00971408614456992	0.90509549988449	661
0.04994577766228	0.581730930079566	1429
0.037679701785417	0.588778985874086	1429
-0.0496246516961401	0.835754291835769	1429
0.051727770419936	0.578420898950815	367
-0.03983400249458	0.825596561239522	34
-0.09413441031596	1.04089458648244	34
-0.0646621612292699	1.11591197173644	34
-0.0467280694833401	0.833499568027739	34
0.05070589095183	0.579346013754557	34
-0.00688797006165998	0.901285306706645	1742
-0.02090307823043	1.13528815262847	331
-0.09403211771683	0.742365087458488	343
0.081412387738371	0.76452468420415	343
-0.0072786445856301	0.901404336756315	343
-0.0128270412341001	0.905460904762364	661
0.077335437316998	1.10671164771625	661
0.09933504462314	0.743064415693903	661
0.079689026123983	1.10346441682473	214
-0.05801489442588	1.09987517718466	1429
-0.02126179208727	0.410975081816502	214
0.05070589095183	0.579346013754557	212
0.015313266708984	0.491302403590035	212
-0.0429626887725501	0.826256443090607	212
0.018658717968524	0.489036202673862	212
-0.0195594609890499	0.408907543271993	17
0.019378026252064	0.965110469494281	34
-0.0481997942807799	1.38002427289377	34
0.124202606844724	0.875568021263858	34
0.105704811870438	0.82559544901556	34
0.085767058595718	1.09241511279338	34
-0.02593316810131	0.410738742120197	34
-0.02204793512445	0.410502951592421	34
0.075621144230676	0.672942733062937	34
0.00355053786454196	0.886588561277932	331
-0.01043765788148	1.20916640959819	1742
0.0244546030278719	0.486210829047288	331
-0.096487840487	1.29485800822116	331
0.027089188521319	0.952441036764365	331
-0.1019371392491	1.05891886905439	343
-0.00666891336966002	0.903699767117834	367
-0.0492314060921699	0.83704534343415	343
0.024390717934898	0.48441663224042	1403
0.016691581559623	0.962152838828947	1429
-0.04870362629338	0.835960840881932	1429
0.052126398885587	0.577858320833396	1429
-0.0219800607115199	0.411274533949238	214
0.046984613780248	0.583096671940291	212
0.084261662518008	1.15807358496053	34
0.067892407182147	0.679441541768604	34
-0.0297817941933001	1.15359988067642	34
-0.00152753629280999	1.19481839950965	34
-0.0262507674625101	1.15150045519119	34
-0.0433072704228501	0.825899814668817	34
0.023551146358285	0.485931475764711	34
-0.0991730550752099	0.744365870544039	34
-0.0917245654501699	0.740271630477432	34
-0.0595494432801	1.10512662173094	34
0.081973392598664	0.764589317111748	34
-0.03652831732054	0.81719798017828	331
0.114506194418578	0.815177293556117	331
-0.05703470104623	1.09883013873997	331
0.069990820165255	0.677048883094531	305
0.029632144763594	0.95174532183471	1742
-0.11035084862046	1.72532572476328	1742
0.107075442435435	0.822951279261015	331
-0.10545983085944	1.06443359046293	331
0.050933185792614	0.576281355092481	343
-0.0370113525511999	1.16399032789286	367
0.019563471132187	0.489615442131538	367
-0.0921046233195	0.739640829444505	367
0.053589170236563	0.576275650597332	343
0.0659643269546	0.680887734838339	661
-0.09810085631063	0.748213932424267	661
0.049284710749173	0.579955911466618	214
-0.09122993844272	0.740243783604558	1429
0.100130810572732	0.744910459012493	1429
0.05500708637083	0.576236141885541	367
0.11247491762025	0.890142742713049	212
0.120188060977328	0.880844029137716	42
0.021838925547909	0.963588129765811	212
-0.00253428094751995	0.897078195313529	212
0.021806919098716	0.487298612728869	212
-0.0381729333721199	0.820824423390745	212
0.108494228404593	0.821274031043551	34
-0.06241734406331	1.10879524088173	17
0.085097430833442	0.762297949289484	34
-0.10276947661824	0.751442714649019	34
0.020207465749117	0.487853014850325	34
-0.01731656995914	1.62870451943494	34
0.0469127309379041	0.583526138926534	34
0.067280377502936	0.680555980129505	34
-0.0307751066386099	1.15651520541326	34
-0.0993694537518901	0.748779223526523	34
0.028446503813386	0.48360544938142	1742
-0.04175048430568	1.61815074038446	1742
0.063295888308588	1.06125185028276	1742
-0.0132244601003699	0.40491562005861	331
0.106535401362714	1.23853906019331	343
0.070480212567462	0.677172512450515	343
0.118982579410641	0.807523846132742	343
0.019301826126752	0.489626676436646	367
0.112088617971332	1.16657251965832	661
0.076422915298331	0.668991227834528	661
0.123582625957216	0.878231029237154	1429
0.033597663386	0.476993271976357	1429
-0.10545983085944	1.06443359046293	1429
-0.0258345509801201	0.413043803481388	214
-0.0275903549530101	1.15336211166961	34
0.04164168675995	0.587040348971874	34
0.087863295827844	1.69199683409628	34
0.0752060811230471	1.1120660461018	34
-0.10284757001238	1.30649559549912	34
-0.02224709287202	0.410608941783725	331
0.04505800909212	0.582151409863031	331
-0.02368524530921	0.41093826511309	1742
0.0244546030278719	0.486210829047288	1742
0.094620768965721	0.7509432147411	1742
-0.0519324349328101	1.38823113965928	331
-0.02054390147798	0.410401139638387	3867
0.051615755559372	0.578220142953797	331
-0.0532760706573701	1.39384161307415	343
-0.0209943829552901	0.409776652047704	343
-0.04778001051132	0.836354048684229	343
0.018979883904056	0.490062948615881	343
-0.0181871885549101	0.408299416064853	343
0.082388591854749	1.71357812924644	661
0.049637143083636	1.31127319690656	1429
-0.0985472828176801	0.748592632260613	1429
-0.10248267231266	0.750897199380474	1429
-0.0278933920316999	1.15373795074487	1429
-0.0660010787528	1.11398226138388	42
0.049435794200234	0.58198163053543	34
0.018134467076113	0.489594120900239	34
0.029028796684373	0.483077229419228	17
-0.0888964142694499	1.75222211893844	34
0.111103245461722	1.33845412548807	34
-0.0167559082206199	0.407972067925741	331
0.0182487317264241	1.73615923185644	331
-0.0195594609890499	0.408907543271993	1741
-0.01982638852231	0.409294816847698	661
-0.02224709287202	0.410608941783725	214
0.055609712337764	0.571437472839825	1429
0.0526368526753021	0.577297034494558	367
-0.08208543249166	1.90462958292679	367
0.113065170563754	0.815901387428538	34
-0.0160408315278899	0.407403518042765	34
-0.0646621612292699	1.11591197173644	34
0.040619309949262	0.587504955751975	34
0.105640662572182	1.24007630695738	34
-0.000535830636569923	0.893411550462192	34
-0.0911773052693201	0.738610172933369	34
0.022369773407166	0.486612908966987	1742
-0.01845805499361	0.408763534655611	1741
0.0372467504231631	0.587182931695485	1741
0.023219745533527	0.485729407307986	343
0.076422915298331	0.668991227834528	1429
-0.0519247111010299	0.837698796816031	1429
-0.0632754452842901	1.11418979687619	367
-0.103164674655	1.06163915074488	212
-0.05627779793609	1.10012993623229	212
-0.00465273390555998	0.90010584973994	17
0.0659837618281171	0.681049334110587	4659
0.096411233434052	0.751468777011457	34
0.049683251906183	0.579446313548818	34
0.072877036756102	0.67394293382718	34
0.049780599147385	0.579748826288671	331
0.018979883904056	0.490062948615881	331
-0.06698179860706	1.33226363775787	1267
0.098231255208598	0.744727534837133	367
-0.0974407396063199	0.74719824613095	367
-0.0483076638001201	0.836762263127822	343
0.029028796684373	0.483077229419228	343
-0.0652934339931199	1.59554414692329	661
-0.0442324431024701	0.825172755149749	661
0.054938459508447	1.07462538267121	1403
0.109682149237334	0.820460560301354	1429
-0.00219116565918998	0.89628317751981	1429
-0.04205898290162	0.829330283326122	1429
0.074782561960323	0.669356249234692	2186
0.018421019653759	1.73490249891763	42
0.054388192471149	0.57655956635133	212
-0.0219800607115199	0.411274533949238	4659
0.0105628640972411	1.24659807324391	17
0.0135481876763039	0.49095581776309	34
-0.0984309517191799	0.748279555131063	34
0.088142402039929	0.756626079487464	34
0.021806919098716	0.487298612728869	5
0.090946024057256	0.754661506007732	34
0.061541676482838	0.684142085633961	34
0.018074542770612	0.489482847860143	34
0.0810716218648681	0.664722420361901	34
0.061541676482838	0.684142085633961	331
0.048444268267968	1.00864537588298	1742
-0.02054390147798	0.410401139638387	331
-0.01127247500998	0.907359697668556	331
0.071424352203243	0.675881494724746	1741
0.013827887658088	0.492274249557995	367
0.094729517633524	0.751246415984832	343
0.0306165008584111	0.950178575507789	343
-0.00940204715124993	0.904087732806928	661
0.074031860122843	0.671231161262418	661
-0.10427874699627	0.750319079058473	661
0.082399910615616	0.663446694169599	1403
-0.1036645430902	1.30533795810003	1403
-0.02224709287202	0.410608941783725	2186
-0.0272685011114999	0.413655990175607	214
-0.01845805499361	0.408763534655611	214
-0.0471904418184399	0.833947885235395	212
0.046403519150757	0.583890417561864	212
0.046984613780248	0.583096671940291	17
0.103221770578692	1.12415663792671	17
0.036524925683858	1.02639629584821	34
0.039134035490633	0.587435528091945	34
0.028446503813386	0.48360544938142	34
0.078228365116862	0.669055552119672	331
-0.0401498225544299	0.823714303847289	613
0.0456332633866861	0.58446214274432	1742
0.113189229579432	0.812798719723686	1741
-0.04817647962551	0.835179767252813	343
0.110755442847303	0.81881263564137	343
0.028705998608865	0.482027330230746	661
0.055286576311993	0.575606460105574	661
-0.04778001051132	0.836354048684229	1403
-0.0993694537518901	0.748779223526523	1403
0.02271214907369	0.487579497608867	1429
0.015313266708984	0.491302403590035	1429
-0.09359018695335	0.7412120755166	212
0.11830280656349	0.808420329967868	212
-0.10391757123196	0.75186883974229	42
0.055915571549304	0.57547798114334	42
0.049435794200234	0.58198163053543	42
0.053396875182346	1.00003394978444	17
0.0232932211435261	0.487372497728726	17
-0.10375966946155	0.75224999052497	34
0.095841270164022	0.746659789521586	34
-0.0511829656757901	0.838889785145964	34
0.026201588560498	0.484339946364837	5
0.072576868115005	0.67463546697106	34
-0.00472021696383007	0.895261389316373	1741
0.063001951330815	0.683452602870219	1741
-0.0227622512530099	0.410642108899905	343
0.068857250380142	0.677772536748003	343
-0.0458037590233	0.831767938574496	343
-0.00496561052056999	0.900990558497692	661
0.025053568511387	0.953998743971819	367
0.070480212567462	0.677172512450515	661
0.112973926129291	0.817171709347808	1429
-0.01845805499361	0.408763534655611	4803
0.046143796159531	0.583984480648196	367
-0.0132244601003699	0.40491562005861	214
-0.0434250554661499	1.62455397781588	34
-0.02126179208727	0.410975081816502	34
0.02271214907369	0.487579497608867	34
0.044723525975505	0.583718864447723	34
0.101422284569245	0.744412939256433	5
0.054897507576278	0.576398296971569	34
0.066456007533896	0.680898780720335	34
-0.0311435899907899	0.41466914140038	305
0.019378026252064	0.965110469494281	1741
-0.0127061070072101	0.90831676650542	343
-0.0174713604435499	0.408269330515601	367
0.024448238004705	0.485979489293663	367
0.02046807907243	0.488971745774085	661
0.051615755559372	0.578220142953797	661
0.069029814081456	0.676195204945039	1429
-0.0940857215059701	0.741240889206607	1429
0.098029054323232	0.745298996846708	367
-0.01982638852231	0.409294816847698	214
0.074570714298751	2.2447813620637	42
-0.0295474523567201	1.59051974767357	42
0.101980829349639	0.743551586037631	212
-0.10293362261797	1.05918509576476	42
0.08957655881371	0.757374385482489	42
-0.000542201796090103	0.88792329687619	34
-0.0667071348349499	1.11666253137555	5
0.080348640037252	0.764965478208168	5
0.013245527953803	0.492298919499597	305
0.09971359801391	0.826337000500065	305
-0.00148736791060999	0.895346897752705	305
0.09789169049312	0.745840406702547	305
0.071163185879934	0.677615044871189	613
-0.0781526371805501	1.35370993872513	331
0.05540663389518	0.576037715189495	367
0.020146802493525	0.488893696013304	367
0.0490271213534	0.58062138966221	367
0.04505800909212	0.582151409863031	661
-0.06380137530018	1.11131584543198	1403
0.011347643152218	0.974692493480399	1429
-0.0383865524306199	0.823432332854562	1429
0.04785613874191	0.581520789189046	1429
-0.09859416961432	0.748461013434939	367
0.074658621008098	0.674342667441165	42
0.014409992178878	0.491945039298103	17
0.123319052708996	0.801131936615301	17
0.1074419954659	0.82426030806951	34
-0.0435704768242	0.830716295039307	34
0.056424320659979	0.574695656875561	305
-0.04245467091223	0.827393410759854	1267
0.09549007329272	0.750962390467246	331
0.0951749461842319	0.750450447926751	1741
0.018074542770612	0.489482847860143	1741
-0.09576711200377	0.742818431675525	1741
0.053478528277691	0.577319110178382	1741
0.074031860122843	0.671231161262418	367
0.020790130443553	0.4876451712386	343
-0.0501461807810999	0.834340075094591	343
-0.0177419809880199	0.408465897919083	1403
-0.0318592374786799	0.414980836560012	2186
-0.0304590642187901	1.15750642326809	42
0.065019502358502	0.68145076020221	17
0.00327048747696201	1.18523762035588	5
0.0750070756688001	0.670850747447366	305
0.034302552308134	0.942578099223418	305
0.047575506939744	0.582807719551856	1741
0.083990069025914	0.762002070719573	1741
-0.03199843072072	0.412804610575588	1267
0.055915571549304	0.57547798114334	1267
-0.00240997911255003	0.894952666305438	343
0.087237131403172	0.759120448328194	367
-0.000407134364690087	0.892953759835923	367
0.101537083118881	0.744110941796711	661
0.09726639328614	0.748648800544239	661
0.026785526244306	0.483008604292286	661
0.0539882366235001	0.577157698100559	1401
-0.00492212428165995	0.896303079127981	1401
0.027863955920451	0.483928968898868	1429
-0.04869894467495	0.835129264417011	4803
0.049910504381205	0.578142579276258	4803
-0.02126179208727	0.410975081816502	4803
0.048887062491406	0.579066392358594	367
-0.0241372766757999	0.410514033565441	367
-0.0258345509801201	0.413043803481388	367
0.056314127952681	0.996108337739168	42
-0.00866649472407	0.905700680374965	42
0.060023280398343	0.984193107131816	42
-0.0185263906186399	0.913648196811992	17
0.011634063593528	0.490696156903202	34
0.0223885826807479	0.487091304289586	34
0.117190635883579	0.885184051014432	5
0.024448238004705	0.485979489293663	34
-0.0276250547772201	0.412152135341901	613
-0.02126179208727	0.410975081816502	613
0.019563471132187	0.489615442131538	343
-0.0195594609890499	0.408907543271993	367
0.046097292100088	1.00918285489374	1401
-0.10342430180502	0.751831170823407	1401
0.107351890219041	0.821325452570312	4803
0.111990199708047	0.81888179584995	4803
0.019301826126752	0.489626676436646	4803
-0.02027673323395	0.409478238556457	214
-0.06372787700425	2.24471064477105	42
-0.0989702994208399	1.05029575019627	17
0.075621144230676	0.672942733062937	17
0.029389315685053	0.950938331415545	17
0.049796326412217	0.579793446877527	34
-0.0953602245382601	1.05070825279817	5
0.023541124291656	0.486623205126517	2141
-0.0219800607115199	0.411274533949238	305
0.062301941748629	1.06264095759721	1741
0.026785526244306	0.483008604292286	1741
0.12258693306109	1.42088040948408	1267
0.023617224616811	0.486158358630486	343
-0.02126179208727	0.410975081816502	367
0.121941709326014	0.803093060681974	661
0.022955577507461	0.486743487685973	661
-0.10035875928715	1.05581096638991	1401
0.04785613874191	0.581520789189046	1429
-0.02171241051411	0.409806924167185	1421
0.087939219735412	1.21573287762983	42
-0.0620920545027399	1.10743390439287	42
-0.0505181034764299	1.38572358724732	34
-0.0458037590233	0.831767938574496	5
0.070498252986762	0.676482753100705	5
0.102424442887239	0.74276268493325	5
-0.0511829656757901	0.838889785145964	5
0.046046459752123	0.582217507127956	2141
0.069990820165255	0.677048883094531	613
-0.10860561596507	1.06523287308527	331
-0.00616914934272006	0.89455144446041	1267
0.078681947965054	0.667827843691583	343
0.023541124291656	0.486623205126517	367
-0.0209943829552901	0.409776652047704	1401
-0.0209943829552901	0.409776652047704	1421
-0.00632046851556001	0.901529297392002	523
-0.0219800607115199	0.411274533949238	367
0.060317380345178	1.06430087586927	42
0.064694406433265	1.06163833772936	42
-0.01637636596922	1.39680471817633	907
0.098029054323232	0.745298996846708	34
0.070691655658463	0.678026569157053	34
0.070480212567462	0.677172512450515	34
0.018979883904056	0.490062948615881	613
0.04994577766228	0.581730930079566	613
0.060648246553543	1.35432988880842	613
-0.0327012150500301	1.16024567583857	331
-0.06061922566033	1.10791915502236	1741
0.00803753346904001	1.25425320004465	1267
0.100420289075514	0.830358236087929	1401
0.023551146358285	0.485931475764711	1073
-0.05611891678365	1.10195681168765	1429
0.094262109488963	0.753909293025381	1429
0.049627507358282	1.00311800621284	4962
0.090022270057303	0.756399184200658	42
-0.0984309517191799	0.748279555131063	42
-0.0747635356813701	1.3450146177471	907
-0.0108822315249	1.21123160229171	1376
0.020769577443094	0.962083718440066	17
0.048375056059869	0.579229455273158	34
-0.02152858466472	0.41003633195509	34
0.062940854776917	0.683003914127277	5
0.038481789253849	0.58717907051904	5
0.098976268825394	0.745467363169307	2141
-0.0951401345906999	0.745894843709305	1741
0.023808452254364	0.96040498582395	1741
-0.0946461692690701	0.745493654326501	1267
0.124596505031483	0.874968715733376	1267
0.046143796159531	0.583984480648196	367
-0.0673257395014499	1.11570038688211	1401
-0.0219800607115199	0.411274533949238	367
0.0175549084412689	0.489618442115324	367
0.06642559537421	1.05911775951234	4962
-0.05939102235067	1.10823489513369	34
0.097944445568179	0.748265529462338	34
-0.0984309517191799	0.748279555131063	34
0.015445315746954	0.970249729764114	5
-0.09671231538694	1.29348932209398	613
0.074822964632987	1.10778856345688	1267
0.0730868610175151	0.672256247337527	1741
-0.0465747296092001	0.828179825301989	1267
0.09011982741486	0.758128443333775	343
0.105097281649417	0.73824317386057	2552
0.062089635212232	1.06581589193759	367
0.078302456129508	1.10927498754711	1401
-0.0452794205585601	0.83074320819351	2582
0.070952359244948	0.676646519053922	1429
0.112961775955114	0.814931983112645	1429
0.079659859353387	0.667260735358298	4498
0.027997107133522	1.28914426280159	1376
0.10765252708646	0.822475057981172	1376
-0.0106339664453099	1.20844140762227	34
-0.0993160489398599	0.746561769556471	415
-0.01480040759791	1.12122317976776	613
-0.08524140556691	0.729981879131678	2562
0.123792480365897	0.878469983872262	343
-0.09482776525035	0.743229414648294	343
0.022955577507461	0.486743487685973	343
-0.09899280247447	0.746846865943586	367
-0.0973884846617199	0.745316337815843	367
0.11446821522989	0.81497960930819	367
-0.10576033699296	0.752702610754485	1401
0.113392797440433	0.816455046670285	1401
-0.0255692233576701	0.412012891941837	1429
-0.0209943829552901	0.409776652047704	367
0.09357450918668	1.20237673123565	4962
0.060812428486089	1.06766636543264	42
0.119558472951086	0.806494968998368	1376
0.051216925571805	0.578983513041556	1376
0.096894501632446	0.747373585346091	34
-0.0812350828583599	1.4595286888381	34
0.079188965929075	0.667668534897768	5
0.120464757344789	0.880661145025106	415
0.0469127309379041	0.583526138926534	415
-0.0283384601138399	0.412461825619006	331
-0.0444304206900901	0.832369139181784	1741
0.077739662685169	0.669278488586703	1741
0.039568575174491	0.587147713295557	1267
-0.11140233105258	1.0678622391592	343
-0.00975223480911991	1.2072736946863	343
0.05235155523221	0.575244787436928	2552
-0.06040905356493	1.10128821017318	1401
-0.10036097927692	0.748721931680056	1401
0.046479135973084	0.583684643677063	2582
-0.0258345509801201	0.413043803481388	2582
0.029610834728566	0.482297418223224	4498
0.013245527953803	0.492298919499597	523
0.025541180118168	0.483482035557528	367
-0.0577447431237601	1.10456275987127	42
0.055120568066816	0.998036011253425	42
0.013827887658088	0.492274249557995	17
-0.0921046233195	0.739640829444505	17
-0.02054390147798	0.410401139638387	34
0.102867923799834	0.741722466194751	34
-0.0284509795546299	1.15281084616555	5
0.099470540723686	0.745397259216458	5
0.0469127309379041	0.583526138926534	358
-0.0258345509801201	0.413043803481388	613
-0.0255692233576701	0.412012891941837	613
-0.02224709287202	0.410608941783725	613
0.047164293133111	0.582233807767243	1267
-0.0258345509801201	0.413043803481388	343
-0.02160228096364	0.409501347707808	2552
-0.0192280933857101	0.407571175255907	2552
-0.0433665860941499	0.827517153097752	2552
0.072600365031677	0.670994099964462	367
-0.0927693398370399	0.74195796483767	1401
-0.00375701566513009	0.898169454380053	367
-0.0219800607115199	0.411274533949238	367
0.108997914483244	1.39853537882371	42
0.079170478145195	0.668032586243667	907
0.083738560408031	1.09762088947853	907
-0.0117982217610999	0.909202727815612	1376
0.072149661593177	0.676187215881317	1376
-0.02152858466472	0.41003633195509	34
-0.0258200890332001	1.14544693653221	34
0.046143796159531	0.583984480648196	5
0.073716306314725	0.674693986096887	415
0.0247114467027531	0.485765853390852	415
0.026957364462212	0.48365648985277	415
0.09023679693594	0.757752683877815	613
-0.0630682770453099	1.31915295947471	1267
-0.0969458933682801	0.746210989881604	1267
-0.0965533984269	1.0474599401856	2562
0.015894522042094	0.490668273213241	343
-0.02368524530921	0.41093826511309	343
0.023541124291656	0.486623205126517	2552
-0.0365470167042901	1.16421320339646	367
0.0247114467027531	0.485765853390852	367
-0.09359018695335	0.7412120755166	1401
0.025695386951458	0.957503132516702	2582
0.0508189874713521	0.578867750869275	1429
-0.0130215036396899	0.908104236683844	367
-0.0367600797648899	1.16498857471234	367
0.046984613780248	0.583096671940291	367
-0.0258345509801201	0.413043803481388	214
-0.0040047132007599	1.19896077533574	42
0.054345950844144	0.575426706435315	42
0.108230673605084	0.82125881967952	907
0.065398505173225	0.67884537883559	1376
-0.0945277856025399	0.74264539755939	34
0.018713772455309	0.489267128736786	34
0.094902616080725	0.74876669953747	166
-0.10813899738623	0.754684943739842	358
0.024448238004705	0.485979489293663	358
0.019563471132187	0.489615442131538	2141
0.037169062690644	0.589300191609654	415
0.019301826126752	0.489626676436646	613
0.059510626999012	1.06975265354635	613
0.063640966623561	1.34522911075186	1267
-0.02054390147798	0.410401139638387	1267
0.074208169876688	0.673075292425596	1267
0.055382250931665	0.99698011569399	343
0.055516228015581	0.575452682793181	343
0.046984613780248	0.583096671940291	343
0.108758736497268	0.818412952148271	89
-0.0255692233576701	0.412012891941837	2582
0.00557046323182597	0.880122591400062	367
-0.0939777680837399	1.04718402073892	367
-0.1037086147692	0.750296020634772	367
0.031603500593574	0.479533027936019	214
0.09558718335207	1.14057840911777	42
0.056338625112165	0.995818322317344	42
-0.02152858466472	0.41003633195509	34
0.082399910615616	0.663446694169599	5
-0.0219800607115199	0.411274533949238	4733
-0.0219800607115199	0.411274533949238	2562
0.0321957485209871	0.590970756642819	1267
-0.06024151619262	1.58840049690091	343
0.00028971986538795	1.9208943112986	343
0.104057110128812	1.1867801067302	89
0.042241838402995	1.01952764996253	89
-0.02027673323395	0.409478238556457	1401
0.00182238721306705	1.42874333296788	2582
0.022823348187451	0.962340360751039	89
-0.09222030329498	1.28252723002691	367
0.098461075639784	1.98225886261087	42
-0.0388064293966801	1.16861913594389	42
0.045122540926785	0.584713252751266	34
-0.0191745054275401	0.408793596683385	34
0.04502731533635	0.583802634353205	358
0.01988508042586	0.489418532086656	5
0.110356651643101	1.23070505715676	1267
-0.0219800607115199	0.411274533949238	343
-0.09600786380468	0.744769994301151	367
0.04164168675995	0.587040348971874	367
-0.06609019452648	1.32780989492751	89
0.089364036539058	1.21228847303093	89
0.123462770454294	1.30981098639868	367
-0.0000994525562298954	0.89256701617528	89
-0.0463134490596799	1.38104777947796	42
0.06742055899984	0.679853194088937	34
-0.04145866198489	0.824117125556387	17
0.025617394757113	0.485123505343381	34
-0.06777698339414	1.11239322490514	34
0.075129548539415	0.673818198199838	5
0.050965191491711	0.580536252528698	5
0.101574861801436	0.742745147352731	415
-0.0103987361501601	0.905196334538791	5
0.083319386442639	0.661497682235633	5
-0.0506008627741601	0.837514751573075	5
0.029028796684373	0.483077229419228	2562
0.016022842131168	0.970794803264344	2562
0.011347643152218	0.974692493480399	2562
-0.0509993791438701	0.838089849372423	343
-0.0438290128664001	0.827842450636524	343
0.050887377243427	0.580940901573	367
0.0902887413800561	0.753836646420745	367
0.105948647482167	0.824129467368251	367
-0.10342430180502	0.751831170823407	367
-0.02224709287202	0.410608941783725	367
0.080130599759807	0.666647610840959	367
0.05070589095183	0.579346013754557	2812
0.049537286551362	0.578903878895936	2812
0.0487729048333611	0.579894184023409	214
-0.02054390147798	0.410401139638387	3721
0.034177663681935	1.27594517386052	42
-0.02062042675795	0.40900976372954	358
0.054098893046445	0.575716282314449	415
-0.0229942674477099	1.1435824416518	613
0.09635407339167	1.2017336442707	1267
0.103699897034351	0.740249390236855	1267
-0.0463956704377599	0.834546013745644	367
0.076911549937084	0.668191011576898	367
0.0167970477046751	0.488898266466747	367
0.00834909216068602	0.493034894730891	367
0.090689840595226	0.75595865064809	42
-0.03034134977897	1.34286675656672	42
0.079331746632292	0.668153234355152	34
-0.10503174493525	1.06359593762001	34
-0.0959567200020499	0.742497323082041	166
0.04251130833237	0.585214432720481	2141
-0.09948639994972	0.747732063437081	613
0.0464735246032461	0.583105940489027	2562
0.066928099402158	0.680486650454705	343
0.073696625482598	0.674976994061394	343
0.071442525640841	0.67612984240809	343
0.113509513077169	0.815677488188183	343
0.075479175818931	0.670441921506615	367
0.047495517925969	0.582845325381987	367
0.11566204141231	0.813253010604376	89
-0.0968515750708401	1.29569449705779	89
-0.0452794205585601	0.83074320819351	89
0.018658717968524	0.489036202673862	214
0.022955577507461	0.486743487685973	595
0.0999149094927439	1.25405325160079	42
-0.0959299099319599	1.5020311780135	907
-0.05643632126682	1.57550085667272	34
0.093238360472042	0.753268413420136	34
-0.00784250693972011	0.901027772568471	358
0.07310156410499	0.672051503456679	2141
0.050965191491711	0.580536252528698	358
0.050887377243427	0.580940901573	5
0.025617394757113	0.485123505343381	613
0.077739662685169	0.669278488586703	367
-0.10331449111284	0.751667511887504	367
-0.10045412538316	1.05999854997617	89
0.022581661557797	0.961717112500373	367
-0.10202883062392	1.06131906664367	89
0.047495517925969	0.582845325381987	89
0.0247114467027531	0.485765853390852	367
0.0518294428142	0.578940599864088	214
0.086664113289909	0.759361212327583	34
0.061583353250694	0.683222061358413	34
0.07310156410499	0.672051503456679	34
0.053478528277691	0.577319110178382	34
0.014409992178878	0.491945039298103	166
0.054778517588714	0.576317095835151	358
0.024448238004705	0.485979489293663	5
0.048494345819442	0.581473940047142	5
-0.0990876553494	0.748376627520693	5
0.014671196537116	0.489510244665269	1267
0.043095066523161	0.585934535298324	2562
0.092700751498886	0.75506110339538	343
0.015313266708984	0.491302403590035	343
-0.10714948567933	0.754242155357264	343
0.069990820165255	0.677048883094531	367
0.026373975423623	0.483776495964029	367
0.029352361723531	0.482194393877049	367
-0.0134046050968599	0.909564860866663	89
-0.0248530618398799	0.411542674464278	367
0.047495517925969	0.582845325381987	89
-0.0980373330324	0.743266869369259	367
0.046553626280165	0.584006513426087	2935
-0.0219800607115199	0.411274533949238	214
0.022955577507461	0.486743487685973	3721
-0.00642243603616999	1.20324878389145	42
-0.0376400281508	0.814694277051756	34
-0.0968742417455499	1.05294677064492	34
0.05427027546622	0.57678923130708	34
-0.0415276425582101	0.825942113642167	34
-0.02681629356167	0.412672237731607	5
0.017231189624071	0.489309455924818	166
0.018439464679386	0.48591590326992	166
0.028188183388224	0.482636565734394	166
0.046143796159531	0.583984480648196	358
0.045745190517241	0.582524237685847	358
-0.10411203539575	1.06442754807731	613
-0.09830372670808	1.05532971713871	613
0.049284710749173	0.579955911466618	613
-0.02681629356167	0.412672237731607	613
-0.0209943829552901	0.409776652047704	1708
0.026373975423623	0.483776495964029	1708
0.046553626280165	0.584006513426087	343
-0.10002816747195	0.749312019796289	343
-0.0945958748493101	0.742984557989113	343
0.070498252986762	0.676482753100705	367
-0.000734234322459892	0.889014925267389	89
-0.0221376610358099	1.13991330872213	89
0.045390949002985	1.01298935654997	89
0.051396861230372	0.580465035444476	367
-0.0146513219111499	0.405242288709068	2935
0.029610834728566	0.482297418223224	2935
0.024126413957558	0.486297529129953	214
0.025032944637482	0.485654316649321	214
0.090919830011903	0.756343610773942	42
-0.04350722620203	0.831746454621921	34
-0.02798604242193	0.413256750767976	34
-0.0209943829552901	0.409776652047704	34
-0.0292860612829	1.15667284514657	5
-0.0421971422112599	0.827947925603214	5
-0.04862327676293	0.834236122643223	166
0.051906161119228	0.579747820483783	166
0.014409992178878	0.491945039298103	358
-0.10002816747195	0.749312019796289	178
0.050887377243427	0.580940901573	178
-0.0272685011114999	0.413655990175607	178
0.020790130443553	0.4876451712386	343
0.019616290013416	0.487846557035176	367
0.028770399960519	0.482516920035912	367
0.023541124291656	0.486623205126517	367
0.050377709041318	0.581191372480998	89
0.018396040612831	0.490271397263528	595
0.059277399129704	0.571370271910972	34
0.024126413957558	0.486297529129953	34
0.07169563032178	1.04528635817697	166
0.072493454077277	0.673419455530462	166
-0.02224709287202	0.410608941783725	1708
-0.03283864853932	0.414606391010606	2562
-0.01884256586002	0.40780874728478	343
-0.0177419809880199	0.408465897919083	343
-0.0167559082206199	0.407972067925741	1577
-0.00465273390555998	0.90010584973994	367
-0.01846805961668	0.915273286462455	89
-0.0167559082206199	0.407972067925741	2935
0.019563471132187	0.489615442131538	367
0.114882597913377	0.888494139494321	34
-0.0297156016819899	1.33892614564437	34
-0.00529355259017006	1.20112294785511	166
0.114896666522662	1.22286022638439	166
0.04994577766228	0.581730930079566	166
-0.0467891839077299	0.832996773712033	166
0.067892407182147	0.679441541768604	613
-0.0449552347245801	0.832895654322315	613
0.069302448383704	1.12372163337148	613
0.023541124291656	0.486623205126517	343
-0.02152858466472	0.41003633195509	89
-0.0977023160414801	1.29727054250157	89
-0.0234177334526799	0.410826590483551	89
-0.0255692233576701	0.412012891941837	595
0.04164168675995	0.587040348971874	42
0.122213383770605	0.877644406577471	42
-0.02126179208727	0.410975081816502	42
0.071516769408488	1.11857544032397	166
0.037354843000971	1.27022976063528	166
0.018979883904056	0.490062948615881	166
-0.0568081052269001	1.74444383386799	613
-0.0255692233576701	0.412012891941837	1267
-0.0248530618398799	0.411542674464278	1708
0.067380409942204	0.677903268211953	2562
-0.0312448658698199	1.59219821352175	343
-0.0976077153336501	0.747657883049334	89
0.080642318206566	1.10404927352526	89
0.0312797641602191	1.28159571665792	89
0.022955577507461	0.486743487685973	89
0.068364101746934	0.678769378087003	34
-0.02062042675795	0.40900976372954	34
-0.00823031682470998	0.905073495292234	34
0.104666625392551	1.18136581106737	166
-0.02511814143824	0.41200820059487	5
-0.04068888642908	0.825652923046103	613
0.058550318707047	1.35766903250937	613
0.0232932211435261	0.487372497728726	343
0.022111942426421	0.485234656923495	367
-0.02027673323395	0.409478238556457	89
0.0244546030278719	0.486210829047288	89
0.0730868610175151	0.672256247337527	89
-0.0899366553593799	0.738892223924208	34
-0.000616750378479969	0.894124517169459	166
0.07167834143491	0.676598079344991	166
-0.02224709287202	0.410608941783725	5
-0.0892029160177401	1.48358223328033	2562
-0.0983625419009999	1.05674117410291	343
-0.02296597963264	0.410908197770573	343
0.123319052708996	0.801131936615301	1577
-0.02224709287202	0.410608941783725	367
0.111234202617911	0.817564587294142	89
-0.09848464819206	1.29806754804324	89
-0.0463283808224699	0.834345727325647	89
0.072576868115005	0.67463546697106	89
0.118329718058194	0.806705262732391	89
-0.0195594609890499	0.408907543271993	595
0.0984642310373039	1.19859357370007	42
0.07210579202312	0.675980341829001	42
0.017490111099017	0.489691604438174	1608
0.046479135973084	0.583684643677063	34
0.023617224616811	0.486158358630486	34
0.078347717578268	0.669163044934219	34
0.083830361337372	0.660735099351567	34
-0.02655133741802	0.413516459136083	34
-0.02296597963264	0.410908197770573	166
0.047347245939394	0.581883920458086	166
-0.02655133741802	0.413516459136083	178
-0.0258345509801201	0.413043803481388	367
-0.00943930428561002	0.904192248053357	89
-0.10923242377266	0.752647727917504	89
0.076543683511025	1.11056160129974	89
-0.09793575902146	0.747877004766513	89
-0.10670247528237	0.754150937714968	89
0.07210579202312	0.675980341829001	89
-0.00209845894773997	0.896595648982955	89
0.123319052708996	0.801131936615301	42
0.078717919400296	0.667870587055351	166
-0.02126179208727	0.410975081816502	166
-0.02152858466472	0.41003633195509	613
0.01988508042586	0.489418532086656	613
0.043095066523161	0.585934535298324	613
0.089674990456772	0.758719295395693	613
0.021806919098716	0.487298612728869	613
-0.03673220057408	0.41465136287282	1267
-0.0219800607115199	0.411274533949238	343
-0.03640207221363	0.819502048519535	343
-0.02027673323395	0.409478238556457	1176
0.022633873439302	0.486054814054359	1577
0.051330033112829	0.578081124883658	89
0.01988508042586	0.489418532086656	89
-0.0944731529637399	0.742342543600819	89
-0.0167559082206199	0.407972067925741	214
0.028446503813386	0.48360544938142	932
0.021592566245154	0.960752250231636	42
-0.0269120235748399	0.411228846660803	34
-0.0530713128965701	0.836332373338579	34
0.111323497680447	0.818733682362717	166
0.070958406333275	0.671715179982866	613
0.123747915496866	0.875768391216476	613
0.100360366721044	0.743409249397964	343
0.016216387190556	0.489528749497461	343
-0.02152858466472	0.41003633195509	343
-0.02126179208727	0.410975081816502	367
-0.0272685011114999	0.413655990175607	367
-0.0985472828176801	0.748592632260613	89
-0.06612270575671	1.11558536360829	89
-0.00779426770175995	0.904153403023236	89
-0.0282514925208599	0.413283993547182	89
0.073559437518202	0.671846867388362	214
-0.00775735025318003	0.903212346170019	166
0.110168007422268	0.82074033201528	166
-0.01982638852231	0.409294816847698	166
-0.09482776525035	0.743229414648294	166
0.0659643269546	0.680887734838339	613
-0.0101508440281799	0.905437869779747	613
0.061501042512056	0.682469413445486	1267
0.068223184009123	0.679127238582716	89
0.067634025444014	0.677093882294076	89
-0.0219800607115199	0.411274533949238	214
0.050194666437503	0.579508239942932	34
0.053657192133888	0.575434914710088	34
-0.0452794205585601	0.83074320819351	34
0.068343452852676	0.677501657937313	166
-0.0167559082206199	0.407972067925741	166
-0.04579487100866	0.829461618465274	166
0.049435794200234	0.58198163053543	166
0.025296222724603	0.484980985533228	613
-0.0167559082206199	0.407972067925741	1577
-0.0255692233576701	0.412012891941837	367
-0.02296597963264	0.410908197770573	682
-0.02152858466472	0.41003633195509	89
-0.00770299832486998	0.899653273781455	89
0.107108916022697	0.822802337963425	89
-0.02126179208727	0.410975081816502	89
-0.06710817946877	1.11735504049343	5
-0.1076441549091	0.754646443435485	166
-0.01845805499361	0.408763534655611	166
-0.09087402277507	0.738489129356133	3376
-0.09403211771683	0.742365087458488	613
-0.0428395865655	1.37377726386037	89
0.114738777318853	0.813508842851524	89
-0.03024289474911	1.15809912538824	89
0.051396861230372	0.580465035444476	89
-0.02126179208727	0.410975081816502	42
0.067798446226885	0.679390710117407	34
0.028446503813386	0.48360544938142	5
-0.05112603512005	0.836641159462572	166
-0.0219800607115199	0.411274533949238	3376
-0.0219800607115199	0.411274533949238	613
0.101980829349639	0.743551586037631	1267
-0.01982638852231	0.409294816847698	340
0.041071383347147	1.02213540931384	89
0.026201588560498	0.484339946364837	89
0.116466749567698	0.809569932150608	42
-0.0282514925208599	0.413283993547182	42
-0.09887395139294	0.748376430830867	34
0.08362304706295	1.1628215366681	613
-0.0219800607115199	0.411274533949238	2450
0.0624873740645669	0.683315365071461	367
0.022658723618691	0.962574891157833	89
0.027195983211608	1.21699426481062	203
-0.02303104447883	0.410996649608088	89
-0.08601951004896	0.733542784754922	34
-0.00552554582496989	0.901336015294575	34
-0.0258345509801201	0.413043803481388	34
-0.0425868306552899	0.826806935209137	166
0.019133552701006	0.967300898831665	166
-0.0219800607115199	0.411274533949238	5
0.097382927901996	0.74947856138037	613
0.04164168675995	0.587040348971874	367
0.022969991702422	0.486647207067339	89
0.08779237565276	0.758660008311323	89
-0.0234177334526799	0.410826590483551	89
0.014731756800628	0.491631095324249	34
-0.02269870771255	0.411303674855888	166
0.021633310190995	0.486964715633517	3376
-0.02296597963264	0.410908197770573	2447
-0.02511814143824	0.41200820059487	5
-0.0219800607115199	0.411274533949238	5
0.051727770419936	0.578420898950815	613
0.05533823895409	1.07321611684011	600
0.05500708637083	0.576236141885541	1267
0.020694191158401	0.962383503231091	166
-0.10620812247191	0.753746896518484	89
0.019292824771818	0.48863605366341	89
-0.03296954874744	0.413290537707713	89
0.088575656538834	0.757762567461296	89
0.055174501867667	0.998337943091137	89
-0.09789149925192	0.741150340117955	89
0.02072987818414	0.48760502580749	89
0.00957316444726697	0.493124979547143	89
0.0272811528101971	0.484048387209294	214
-0.0181871885549101	0.408299416064853	214
-0.0308800899146	0.413479379600555	214
-0.00560869882704007	0.896662213114401	42
0.029610834728566	0.482297418223224	42
0.024126413957558	0.486297529129953	34
0.021050822262274	0.488251197847747	619
0.015894522042094	0.490668273213241	166
0.0659643269546	0.680887734838339	166
0.021806919098716	0.487298612728869	166
0.0287588845807401	0.481691428940178	166
-0.02027673323395	0.409478238556457	2447
-0.02171241051411	0.409806924167185	2447
0.023541124291656	0.486623205126517	367
-0.02027673323395	0.409478238556457	214
-0.01702628305176	0.407896565848327	214
-0.0411260170223	0.8264434980829	34
0.034775389886988	1.03028100492539	166
-0.09948639994972	0.747732063437081	166
0.048006237158267	0.582368210709497	166
0.063001951330815	0.683452602870219	166
0.015313266708984	0.491302403590035	4618
-0.0258345509801201	0.413043803481388	5
0.024390717934898	0.48441663224042	613
0.023642633014618	0.961328166632017	613
-0.0321223702645701	0.414294926993374	1267
-0.04481233580566	0.829063422636651	166
0.0573783222598781	1.07219021786269	1267
-0.0244613091661201	0.410741903929385	1187
-0.0167559082206199	0.407972067925741	340
0.022047743818713	0.486175826254412	340
-0.02655133741802	0.413516459136083	340
0.04994577766228	0.581730930079566	89
-0.0984539211139701	1.05556414332679	89
0.014409992178878	0.491945039298103	1006
0.090362929271264	0.755638775500817	89
0.040695954714052	1.01653996869075	89
-0.0181871885549101	0.408299416064853	1015
-0.10088982816659	0.749497593613753	34
0.01350656551695	0.491361087548199	613
0.0779202402972859	0.669026763504346	613
-0.0196343322447701	0.914215650336221	613
-0.09370797935048	0.744558942126431	613
0.0232932211435261	0.487372497728726	613
-0.02126179208727	0.410975081816502	1187
0.0272778189563569	0.482896860321828	89
0.026847577626507	0.953754511948577	89
-0.0234177334526799	0.410826590483551	203
-0.02224709287202	0.410608941783725	214
-0.02054390147798	0.410401139638387	932
0.025032944637482	0.485654316649321	34
-0.02224709287202	0.410608941783725	34
0.023219745533527	0.485729407307986	34
-0.04725147099286	0.834009853999543	166
-0.1113712064174	1.07142075231542	166
0.014731756800628	0.491631095324249	5
-0.0255692233576701	0.412012891941837	166
-0.01435318607574	0.912163314242668	600
0.019563471132187	0.489615442131538	613
-0.02126179208727	0.410975081816502	2726
-0.0483076638001201	0.836762263127822	166
-0.02655133741802	0.413516459136083	89
0.014149992122315	0.49165577187569	4299
0.017795645800514	1.23654217797759	932
0.0791818513064531	0.665656711424862	34
-0.0189033929134299	0.407829094949249	34
-0.00890051833864991	0.902349670838986	166
-0.10409507054014	1.05762485627974	166
-0.0219800607115199	0.411274533949238	5
0.091023814286454	0.755383845051624	166
0.0750070756688001	0.670850747447366	166
0.02046807907243	0.488971745774085	166
0.04747347534463	1.00985486640272	613
0.026168474698574	1.29233699858539	613
0.091580878797637	0.754804080889613	600
0.013294784610432	0.489224840627404	613
-0.01746296912076	0.914703385277012	166
-0.02655133741802	0.413516459136083	166
-0.0213339937447401	0.410034538747514	89
0.090043662849302	0.75201450696941	89
-0.04753265948897	1.37997037179324	89
0.076960695078951	0.767396648264375	1155
0.078861395432462	0.668673953453124	4299
0.046553626280165	0.584006513426087	34
0.024770833413836	0.484338964700153	34
0.042946766257006	0.585296709777993	166
-0.0258345509801201	0.413043803481388	166
-0.0933963998676599	0.740594851354582	166
0.023551146358285	0.485931475764711	166
-0.0258345509801201	0.413043803481388	5
-0.02126179208727	0.410975081816502	4618
-0.02511814143824	0.41200820059487	2058
-0.00810417892223003	0.905474597546475	166
0.057339219220553	0.572744105072457	200
0.020207465749117	0.487853014850325	200
-0.0195594609890499	0.408907543271993	1187
0.0930751226162569	0.75156932737771	89
0.046143796159531	0.583984480648196	89
0.099302976033279	1.19464015263324	89
-0.02303104447883	0.410996649608088	89
0.055516228015581	0.575452682793181	89
0.018074542770612	0.489482847860143	1155
0.03243817224153	0.479069994467421	214
-0.10227464013169	0.750552142694754	214
-0.02374598899693	0.411135954461803	896
0.074658621008098	0.674342667441165	932
0.094148029005933	0.753507170149723	932
-0.02126179208727	0.410975081816502	166
0.0175549084412689	0.489618442115324	166
0.049398878557528	0.578704046797879	613
-0.02126179208727	0.410975081816502	613
0.0409841400100081	0.586815754597546	166
0.017490111099017	0.489691604438174	166
-0.0374469352984701	0.415418177445448	1187
-0.0272685011114999	0.413655990175607	1187
-0.02224709287202	0.410608941783725	340
-0.02126179208727	0.410975081816502	340
0.027856193403859	0.482188714832345	132
-0.02126179208727	0.410975081816502	89
-0.02204793512445	0.410502951592421	1006
-0.02224709287202	0.410608941783725	89
-0.0195594609890499	0.408907543271993	214
0.024547313372838	0.958576734099946	932
-0.0177419809880199	0.408465897919083	34
0.051474622093467	0.579508952525026	34
-0.0258345509801201	0.413043803481388	34
-0.0301650740028001	0.413168838752643	34
0.09445637969844	0.749217516477354	166
0.023874039063565	0.486927927519843	166
-0.0219800607115199	0.411274533949238	2058
0.0472940358733001	1.01256768963351	600
0.094411942985121	0.751277731615573	166
0.019301826126752	0.489626676436646	1187
-0.02655133741802	0.413516459136083	340
-0.02231647525331	0.410527599337308	340
-0.0219800607115199	0.411274533949238	89
0.026699192054501	0.483336660270678	89
-0.0374469352984701	0.415418177445448	89
-0.0275337041419801	0.41314398527887	89
-0.0146513219111499	0.405242288709068	2843
-0.02126179208727	0.410975081816502	34
-0.0255692233576701	0.412012891941837	34
0.043095066523161	0.585934535298324	600
0.076422915298331	0.668991227834528	166
0.0840020755247391	0.760212551508038	600
0.120931898103934	0.804473915465029	613
-0.0477129635428699	0.834253529322561	166
0.0659643269546	0.680887734838339	166
-0.0213339937447401	0.410034538747514	200
-0.03283864853932	0.414606391010606	1187
-0.0311435899907899	0.41466914140038	1187
0.025296222724603	0.484980985533228	340
0.019301826126752	0.489626676436646	89
-0.00785382828732995	1.4528060457414	34
-0.00915512202042001	0.90351298226244	34
0.02137253989597	0.48720056173569	34
0.034599374311306	0.589367924750429	34
0.028705998608865	0.482027330230746	34
0.019242636889533	0.488316656329156	34
0.018979883904056	0.490062948615881	34
0.01350656551695	0.491361087548199	34
0.113245080151567	0.816280901345437	166
-0.03128795035121	0.412043761975236	166
0.032631990748821	0.589728796704754	166
0.027540497875428	0.483333049189275	166
0.015573436450521	0.490087795635554	5
0.019563471132187	0.489615442131538	166
-0.02303104447883	0.410996649608088	166
-0.02296597963264	0.410908197770573	166
0.033922156217947	0.477802751997579	1187
0.024448238004705	0.485979489293663	89
-0.00592253384098007	0.897411793066165	89
-0.0227622512530099	0.410642108899905	2843
-0.02231647525331	0.410527599337308	2843
0.022955577507461	0.486743487685973	5
0.0539882366235001	0.577157698100559	5
0.061497996396425	1.0666140105645	5
-0.0258345509801201	0.413043803481388	166
0.030192618140889	0.480972338660883	166
0.113561519084951	0.814682937710573	166
-0.02027673323395	0.409478238556457	1225
0.050887377243427	0.580940901573	166
0.05682998008454	0.573523032490313	372
-0.02126179208727	0.410975081816502	1187
0.048086169911295	0.581776933777775	372
0.0272811528101971	0.484048387209294	1187
-0.02269870771255	0.411303674855888	340
0.00253215329873702	0.887988521195292	89
-0.02027673323395	0.409478238556457	2843
-0.0177419809880199	0.408465897919083	2843
0.044983520774345	1.01626210083109	932
0.048897996916399	1.01001181434782	932
0.04994577766228	0.581730930079566	34
0.028816615166042	0.947795744837736	34
-0.02152858466472	0.41003633195509	34
-0.02224709287202	0.410608941783725	34
-0.0272685011114999	0.413655990175607	166
0.025617394757113	0.485123505343381	166
-0.0209943829552901	0.409776652047704	166
-0.0985472828176801	0.748592632260613	166
-0.03042831861484	0.413737551949063	166
-0.02054390147798	0.410401139638387	1225
0.02046807907243	0.488971745774085	166
0.093703329186956	0.754480853978476	166
-0.02296597963264	0.410908197770573	1187
-0.0275337041419801	0.41314398527887	132
0.046143796159531	0.583984480648196	89
0.05500708637083	0.576236141885541	89
-0.04019393080626	1.36010306506351	89
-0.02054390147798	0.410401139638387	2120
0.0798019470332551	0.667397048666051	1015
0.049398878557528	0.578704046797879	1015
0.073559437518202	0.671846867388362	2527
-0.10420393712653	0.750853294100709	214
-0.0272685011114999	0.413655990175607	2843
-0.0219800607115199	0.411274533949238	2843
-0.0160408315278899	0.407403518042765	2843
-0.0435704768242	0.830716295039307	34
-0.09353662331041	0.741843624359259	34
0.104979988097136	0.737641473629628	5
-0.01845805499361	0.408763534655611	166
0.0456332633866861	0.58446214274432	166
0.025617394757113	0.485123505343381	166
-0.0272685011114999	0.413655990175607	166
0.017064076210182	1.23687996127912	166
-0.0951401345906999	0.745894843709305	166
-0.09793575902146	0.747877004766513	1877
-0.01845805499361	0.408763534655611	340
0.070498252986762	0.676482753100705	132
0.047575506939744	0.582807719551856	89
-0.02126179208727	0.410975081816502	89
-0.09403211771683	0.742365087458488	89
0.074638811426764	0.673688841918305	1015
0.033597663386	0.476993271976357	1015
-0.0219800607115199	0.411274533949238	2843
-0.02655133741802	0.413516459136083	34
-0.02126179208727	0.410975081816502	34
0.106457974818612	0.824738730335506	34
-0.02126179208727	0.410975081816502	971
0.036499530563362	1.02718344183724	5
-0.00945518201865991	1.2050447858298	5
-0.02296597963264	0.410908197770573	166
-0.0167559082206199	0.407972067925741	166
-0.0160408315278899	0.407403518042765	166
0.050080624729091	1.00277746702792	166
0.100940713198162	0.743033913021519	166
0.0178110921690789	0.488982547182895	1225
-0.01845805499361	0.408763534655611	1225
0.047930602539907	0.581938905785551	372
0.0269248090176309	0.955408688202147	89
0.020146802493525	0.488893696013304	1015
-0.00417232442553006	0.895476090598224	214
-0.0953602245382601	1.05070825279817	34
-0.02081045464866	0.408933527207846	34
0.023874039063565	0.486927927519843	34
-0.01982638852231	0.409294816847698	971
0.079133466736487	0.663350886647445	166
0.05449775594732	0.576796655212425	166
0.025617394757113	0.485123505343381	166
-0.10084100652173	0.748740589931856	5510
-0.02511814143824	0.41200820059487	5510
-0.0241372766757999	0.410514033565441	166
0.074638811426764	0.673688841918305	166
-0.02204793512445	0.410502951592421	166
-0.02681629356167	0.412672237731607	166
0.08631086841706	1.16032613088146	166
-0.0272685011114999	0.413655990175607	200
-0.02655133741802	0.413516459136083	372
-0.0260992604196	0.411639865603186	2586
0.094706745316689	0.753206665326789	340
0.024386526136758	0.958768459878554	89
-0.02081045464866	0.408933527207846	1015
0.053654913116022	0.573636407814585	214
-0.0258345509801201	0.413043803481388	2843
-0.02296597963264	0.410908197770573	214
0.020941854473725	1.51791083168634	932
0.072386183595576	0.674840696387837	34
0.028446503813386	0.48360544938142	34
-0.02303104447883	0.410996649608088	34
0.019301826126752	0.489626676436646	971
-0.02204793512445	0.410502951592421	5
0.079170478145195	0.668032586243667	166
-0.0260992604196	0.411639865603186	166
0.019563471132187	0.489615442131538	166
-0.0421265195856899	0.826510046542922	166
-0.0356257588056501	1.35028993026581	166
-0.09711474657884	0.746771229604413	166
0.014089008630006	0.490727684035507	166
0.0244546030278719	0.486210829047288	166
-0.02027673323395	0.409478238556457	166
-0.02054390147798	0.410401139638387	340
-0.0227622512530099	0.410642108899905	89
0.028446503813386	0.48360544938142	89
-0.02027673323395	0.409478238556457	89
-0.10187876830828	0.750302944147588	89
-0.0219800607115199	0.411274533949238	1015
-0.0275337041419801	0.41314398527887	1015
-0.02655133741802	0.413516459136083	214
-0.02054390147798	0.410401139638387	214
-0.02303104447883	0.410996649608088	34
-0.0280949715665699	1.42017973969726	5
0.022085476342519	0.962108231810592	166
-0.0275337041419801	0.41314398527887	166
-0.02081045464866	0.408933527207846	5
-0.02511814143824	0.41200820059487	5
-0.04972990419651	0.83701370241333	166
-0.10193883241168	1.29892867081937	166
0.048734616777727	1.00408661499572	166
0.025617394757113	0.485123505343381	166
-0.0416469563358499	0.824882199726543	166
-0.01638778140499	2.11589124129449	166
0.05897205844344	1.06687752630276	166
-0.0275337041419801	0.41314398527887	89
-0.10766195288456	1.71407374249901	89
-0.10730351638982	0.753608591555268	34
0.049742257715459	1.62679360371838	166
0.014671196537116	0.489510244665269	5
0.104718949316103	0.826741131954247	166
0.042594981368012	1.01838390949522	166
-0.10149728675157	0.749728817322187	166
0.029028796684373	0.483077229419228	132
0.0806183865727011	1.66085562314345	2988
-0.0219800607115199	0.411274533949238	214
0.00867061549090298	0.493765694840203	4182
-0.0883172229020399	0.736689380123406	166
-0.03444161933073	1.43411239858701	166
-0.02511814143824	0.41200820059487	166
-0.05199726963934	1.0903313994722	2988
-0.08052455035367	1.54996998514757	89
0.042002436288153	0.586084789557551	34
-0.02027673323395	0.409478238556457	4182
0.045371629096211	0.580993110233537	5
-0.02126179208727	0.410975081816502	166
-0.10809039036929	0.753088910190194	166
0.0518294428142	0.578940599864088	166
0.049398878557528	0.578704046797879	166
-0.10521993562503	0.751761397925828	166
0.015894522042094	0.490668273213241	166
0.072600365031677	0.670994099964462	132
-0.04167138893221	1.36372164707677	89
-0.0275337041419801	0.41314398527887	89
-0.0980539995451	0.747704767604141	89
-0.0513240717863099	1.38935781732554	34
0.08855470020905	0.757051319414105	34
0.0247114467027531	0.485765853390852	34
-0.0390318925083599	1.36131954615345	34
0.014991841711362	0.491309861338566	5
-0.02655133741802	0.413516459136083	5
0.108727649211887	1.57343817977311	166
0.0546084268423011	0.574934906941533	166
0.042152597432962	0.586406495110411	132
0.103114516707998	1.24689434934123	2988
0.05800403368534	1.06789656736845	89
-0.12116734804869	1.65916689670461	89
0.102790959680497	1.18624378705335	89
-0.10296399567035	1.88624967246907	89
0.0508189874713521	0.578867750869275	214
0.018713772455309	0.489267128736786	5
-0.11195342741702	1.07320555830917	166
-0.0949132938883901	0.740456068980376	542
0.037679701785417	0.588778985874086	542
0.025366770459798	1.29207809092635	132
-0.00326017071433005	1.19362182818188	89
-0.09107459904245	0.735464467030569	34
-0.01884256586002	0.40780874728478	166
0.026201588560498	0.484339946364837	166
-0.0264673706851899	1.15156633632445	132
-0.10852554861587	1.06679449857092	542
-0.02513129843427	1.14949940180003	542
-0.0467891839077299	0.832996773712033	132
-0.04547899337136	0.831435624714315	132
0.01839074123836	0.488352554838335	89
-0.0585217426573701	1.10054204552759	1015
0.022047743818713	0.486175826254412	34
-0.06015792834995	1.10553128714113	34
0.01350656551695	0.491361087548199	5
-0.02224709287202	0.410608941783725	166
0.025032944637482	0.485654316649321	166
-0.03594152954951	0.819179025789163	166
-0.05863981596012	0.84478577756612	166
0.020146802493525	0.488893696013304	340
0.037695306806165	1.02289790106751	89
0.016839733076331	0.968452611035206	89
0.019616290013416	0.487846557035176	89
0.022688781282487	0.484611214610189	214
0.114125618147984	0.888380504305022	34
0.049179195701889	1.3141985535995	166
-0.0614600191316299	1.75584156870181	166
-0.0195594609890499	0.408907543271993	4775
-0.04467200992003	1.17691440108737	166
0.0409841400100081	0.586815754597546	166
0.090186745394829	1.1518781241317	166
-0.0167559082206199	0.407972067925741	166
-0.0511829656757901	0.838889785145964	166
0.071933553960571	0.674762787104962	89
0.048887062491406	0.579066392358594	89
-0.02368524530921	0.41093826511309	132
-0.02152858466472	0.41003633195509	132
0.051396861230372	0.580465035444476	89
-0.0127061070072101	0.90831676650542	1015
0.024126413957558	0.486297529129953	214
-0.0321223702645701	0.414294926993374	214
0.101765457951925	1.42934805459948	34
-0.0258345509801201	0.413043803481388	34
0.057265987785097	1.06826431544446	34
-0.10375966946155	0.75224999052497	34
0.01845862199186	0.48819762268695	34
-0.0949132938883901	0.740456068980376	166
0.099470540723686	0.745397259216458	166
-0.0301650740028001	0.413168838752643	166
-0.0260992604196	0.411639865603186	166
-0.02160228096364	0.409501347707808	975
-0.0219800607115199	0.411274533949238	4775
-0.02368524530921	0.41093826511309	1809
-0.00975440446345011	1.20747980002366	166
0.118125867918179	1.32667072637382	166
0.026201588560498	0.484339946364837	166
-0.0258345509801201	0.413043803481388	166
-0.02054390147798	0.410401139638387	2701
-0.0377136945240599	1.16714825798549	132
0.013827887658088	0.492274249557995	214
-0.1032644863597	0.752001424844403	214
-0.02511814143824	0.41200820059487	2843
-0.02296597963264	0.410908197770573	2843
0.092500369955462	0.751643283595888	34
-0.01170953820656	0.907987941771832	34
0.023219745533527	0.485729407307986	34
-0.0975608885707799	0.746393934007619	166
-0.0272685011114999	0.413655990175607	166
0.00948939071327604	1.54821853122645	166
0.081744836216197	1.10021480994208	166
-0.00198593084674004	1.19479629273025	2701
0.090913291571015	0.753381685866361	2701
0.100481614781209	1.19494996797989	89
0.09444454624065	1.20455915710575	89
0.025707847911374	1.29104340870269	132
0.098831443441283	1.19354010850439	89
0.036735976540857	0.588053371461536	89
0.0345959554299951	1.02873783180278	214
0.050288554191002	0.579386960354327	214
0.101797083236796	1.63942856173085	166
-0.0275337041419801	0.41314398527887	214
-0.02303104447883	0.410996649608088	34
-0.02303104447883	0.410996649608088	5
0.0573202109205781	0.572112007277655	5
-0.01982638852231	0.409294816847698	166
-0.0260992604196	0.411639865603186	166
-0.0255692233576701	0.412012891941837	166
-0.00900522983777008	0.902767258234483	166
0.040699374541219	0.586317312817613	2701
-0.0811379744718601	1.5549191860477	2701
0.043659977468573	1.01467297293939	89
-0.0291979559057001	0.409644069740019	214
-0.10403241467846	1.06238333894858	5
-0.02152858466472	0.41003633195509	166
-0.0909771933247701	1.04119622698824	166
-0.0381537701866299	1.92494833141793	166
-0.09122993844272	0.740243783604558	2701
0.068370478273505	1.12563436541435	89
0.036196691241388	1.02718751107907	214
-0.0255692233576701	0.412012891941837	214
0.093258496111483	0.755184548775958	214
0.027540497875428	0.483333049189275	1304
-0.02231647525331	0.410527599337308	1304
0.018979883904056	0.490062948615881	166
-0.02231647525331	0.410527599337308	166
0.011486897540498	1.24899299367349	21
0.01988508042586	0.489418532086656	166
-0.0463283808224699	0.834345727325647	166
-0.02374598899693	0.411135954461803	542
-0.00571002806927989	0.899529566460029	132
0.02702383653928	0.952388932164879	89
0.096411233434052	0.751468777011457	89
-0.02269870771255	0.411303674855888	94
-0.0964016138416299	0.742027633522213	94
0.022437328815473	0.485061498563818	214
0.0747097186922751	1.54994855445036	166
0.019616290013416	0.487846557035176	166
0.020054544980194	0.964131079732088	166
-0.04014244204151	0.825746148014043	166
-0.0951401345906999	0.745894843709305	166
-0.02628576158792	0.412152659857664	166
-0.0965792863780199	1.04636424731337	166
0.118595820425403	0.884089173760489	21
0.068053480825481	1.11778951566988	166
0.090186745394829	1.1518781241317	132
0.119693552251409	1.32235928597755	132
0.042163477783268	1.32842760573785	89
0.0841794767320721	1.65412749651024	89
-0.01058773101919	0.905487066638499	89
-0.11247743475102	1.90305057771558	94
-0.0669746345467099	1.32943236207345	166
-0.0450978374314399	0.829913703364909	166
0.0272778189563569	0.482896860321828	166
-0.0401644085013999	0.413245200269879	166
-0.03042831861484	0.413737551949063	2974
-0.000383169737319999	1.19099725072395	166
0.018979883904056	0.490062948615881	166
-0.02126179208727	0.410975081816502	166
0.041741397418472	1.59269451366228	542
0.084454314999138	0.762060217091082	132
0.037354843000971	1.27022976063528	132
0.0641017897913691	1.06308150116082	132
0.044477334197596	1.70188703071216	132
0.044802589950721	1.01633685163078	89
0.0659643269546	0.680887734838339	94
-0.02054390147798	0.410401139638387	214
-0.0255692233576701	0.412012891941837	214
-0.0380422040266	1.16951809813114	34
-0.08646268730452	0.732389368831209	1304
0.083319386442639	0.661497682235633	1304
-0.0401931501428201	1.61632372148223	166
0.071001287823272	1.50168276798646	166
-0.01982638852231	0.409294816847698	166
0.071552826169099	0.674834800277097	166
0.091122875258839	0.754815305874794	166
-0.0460008361431801	0.829353286818773	166
-0.0301650740028001	0.413168838752643	166
0.0247114467027531	0.485765853390852	166
0.015313266708984	0.491302403590035	166
-0.0306740197586299	1.15373664094762	166
-0.00426268617605996	1.19377289765685	166
-0.09998017000859	0.748287672468539	166
0.066104093754585	1.05364425883922	166
-0.0152520263575899	1.4672452729722	21
-0.0974407396063199	0.74719824613095	166
-0.00175364093314001	1.65889294092775	132
-0.0321223702645701	0.414294926993374	132
0.036749453230346	0.474216694550981	1082
0.048925626216875	0.581990256936947	89
-0.0434821650391499	0.825235297468456	214
-0.02628576158792	0.412152659857664	214
-0.02269870771255	0.411303674855888	214
0.023219745533527	0.485729407307986	214
-0.10596839298288	1.06672105639798	166
0.040619309949262	0.587504955751975	1304
0.026957364462212	0.48365648985277	5
-0.02224709287202	0.410608941783725	166
0.023874039063565	0.486927927519843	166
-0.02303104447883	0.410996649608088	5259
0.105031668623817	0.738284521982495	5259
-0.0648024241257601	1.11059214595963	166
0.036143979560313	1.02705835722712	166
0.0232932211435261	0.487372497728726	166
0.02046807907243	0.488971745774085	166
0.074658621008098	0.674342667441165	166
-0.0421088069139299	0.825448938903502	166
0.023541124291656	0.486623205126517	132
0.045969789751919	0.584316078302034	542
0.067871821974537	0.678849066700979	542
-0.03976752121737	0.825591779726935	89
-0.00448456990251001	0.896181391122212	89
0.0416560881239531	1.02128503773725	94
-0.02231647525331	0.410527599337308	94
0.064694406433265	1.06163833772936	214
0.014149992122315	0.49165577187569	214
-0.0125115897446599	0.404353014672515	214
0.014089008630006	0.490727684035507	132
-0.09359018695335	0.7412120755166	214
0.033329190946032	1.884086685495	34
-0.10469943302482	0.75110214876359	166
0.091838595326126	0.754710154685685	166
0.0223885826807479	0.487091304289586	166
0.0620146013965131	0.683875042382447	166
-0.05532212449387	0.842380766232076	166
0.024197704557829	0.48595166057885	5259
-0.07517420466489	1.34714190867316	166
0.102017526770941	1.25024467538154	166
0.040699374541219	0.586317312817613	542
0.116441015888582	0.808366133881293	542
-0.02224709287202	0.410608941783725	1082
0.101308573656702	0.742855962076082	132
-0.00140896959118009	0.894377861713856	132
-0.0953602245382601	1.05070825279817	132
0.015313266708984	0.491302403590035	89
-0.02296597963264	0.410908197770573	132
-0.00219116565918998	0.89628317751981	1304
-0.0318592374786799	0.414980836560012	166
-0.0311435899907899	0.41466914140038	166
-0.0219800607115199	0.411274533949238	166
-0.02655133741802	0.413516459136083	166
-0.00838907502367992	1.45283213591824	166
-0.11200246150519	1.06964992796647	166
0.00453227973653603	1.17781334857297	132
0.080942244365565	1.09968630613948	542
0.044471463975862	0.583158043101123	89
0.079667670025432	1.17090947397488	94
0.017811941061995	0.490207639636099	214
-0.02269870771255	0.411303674855888	214
0.029028796684373	0.483077229419228	166
-0.0353078344540601	1.16025915427607	166
0.111007156549902	0.820022827858803	166
0.046553626280165	0.584006513426087	166
0.024126413957558	0.486297529129953	542
-0.01982638852231	0.409294816847698	542
-0.0177419809880199	0.408465897919083	1082
0.122946490735447	0.879311731624611	94
-0.0272685011114999	0.413655990175607	94
0.096856182951075	0.750904409244305	214
0.077032741138472	0.670623814255814	1304
0.069705772549621	0.678684306621727	166
0.018074542770612	0.489482847860143	166
0.095520934271072	0.751910199176342	166
-0.04738449966656	0.83525195541342	166
-0.0174713604435499	0.408269330515601	166
0.078699498205161	0.668647075938239	166
0.020790130443553	0.4876451712386	166
0.023805360299448	0.485199002275023	542
-0.0715166444622799	1.12347220770702	542
-0.02224709287202	0.410608941783725	132
0.056446991897285	1.07523474340362	132
-0.0932144978765499	0.743883074867875	89
-0.02368524530921	0.41093826511309	94
0.031858046760526	0.479592176505172	214
-0.0258345509801201	0.413043803481388	214
0.116921531700207	0.81148742965236	166
0.1074419954659	0.82426030806951	5
0.118873379832383	0.808771270696962	166
0.027268659048557	0.950439045984173	21
-0.00715054366145007	0.902056650119357	21
-0.02655133741802	0.413516459136083	21
-0.0177419809880199	0.408465897919083	166
0.10454544412166	0.826177208868904	166
0.054897507576278	0.576398296971569	89
0.05500708637083	0.576236141885541	94
0.049683251906183	0.579446313548818	998
0.120525969812611	0.804469648382644	1304
0.050194666437503	0.579508239942932	166
0.024777930759568	0.485508813766345	166
-0.0945958748493101	0.742984557989113	166
-0.0713414196131701	1.12415601985601	21
0.111123414384759	0.817781414852595	166
0.065380260714206	1.05968599448139	166
0.045122540926785	0.584713252751266	132
0.083990069025914	0.762002070719573	132
-0.0462658419111901	0.832779459230108	89
-0.0962272162165501	1.0501181104776	89
-0.0272685011114999	0.413655990175607	89
0.045122540926785	0.584713252751266	998
-0.00815324744405999	0.903173471733457	94
0.031858046760526	0.479592176505172	214
-0.0992619708265701	1.05239310037769	1304
0.116629979721633	0.885465429611766	1304
-0.04192059717561	0.824932636341774	166
0.047064659101968	0.583528390275705	166
0.082482716549968	1.4762267723714	166
0.04994577766228	0.581730930079566	166
-0.01484267991601	1.21507313096519	166
-0.04869894467495	0.835129264417011	166
-0.09753496095553	1.05112371230378	166
-0.10631859996861	0.751903925485713	132
0.089686868044117	0.757514714026737	132
0.119438023391165	0.808172917825848	542
0.066808746939133	0.680822005034882	542
0.028446503813386	0.48360544938142	998
-0.0775757272480999	1.34847928539209	998
0.075600322976015	0.673055187337654	132
0.022500683619897	0.960600015777191	166
0.058660347219808	0.68587816637803	166
0.100534532403762	0.745764272856571	166
-0.09953436667633	0.749396690614908	166
-0.01845805499361	0.408763534655611	166
0.093817340439017	0.75436053891304	166
-0.0927693398370399	0.74195796483767	166
0.01839074123836	0.488352554838335	166
0.073170244540947	1.11721198019315	166
-0.02171241051411	0.409806924167185	166
-0.05433028051988	0.841137958933701	166
0.086436385028554	0.760131191264234	542
0.018979883904056	0.490062948615881	998
0.018396040612831	0.490271397263528	214
0.024197704557829	0.48595166057885	214
0.058338036226156	0.571198273887241	166
-0.0954649279480799	0.743144794083816	166
-0.0276819242686399	1.15438820933494	166
-0.0926615911764399	0.739437508045153	166
-0.0501461807810999	0.834340075094591	132
-0.05013864208843	0.836242482015681	542
0.058679041326722	1.07147256701054	542
-0.0318276866718199	1.16124161799005	132
0.094729517633524	0.751246415984832	89
0.021516344201878	0.961217406094274	94
0.109072189624558	0.820538892097151	214
0.046403519150757	0.583890417561864	214
0.046042408356414	0.584258121837317	214
-0.02798604242193	0.413256750767976	132
-0.04481233580566	0.829063422636651	1304
-0.0932144978765499	0.743883074867875	1304
0.0543410660278491	0.998918831813258	166
0.046553626280165	0.584006513426087	4197
0.047064659101968	0.583528390275705	21
-0.0258345509801201	0.413043803481388	21
-0.0488987313125	0.833294526298394	166
-0.12493633368621	1.46616469144497	166
0.00867061549090298	0.493765694840203	132
0.073917297219244	1.49784997046348	132
0.056301650081358	0.572216775407381	94
-0.0954649279480799	0.743144794083816	1304
-0.08840664230318	2.49246550245508	166
-0.0118260732894699	1.21288081270338	166
-0.0421869258676899	1.36781729299771	166
-0.0319598410292901	1.1588591068858	166
0.00171501644503402	0.888193550790682	166
-0.05413640128121	1.97599702042003	21
0.0261624935450751	1.51045751356195	166
0.026201588560498	0.484339946364837	132
-0.02655133741802	0.413516459136083	799
0.018396040612831	0.490271397263528	132
0.022633873439302	0.486054814054359	132
0.070480212567462	0.677172512450515	802
0.038481789253849	0.58717907051904	4197
0.0300402633914511	1.70212901826743	166
-0.11218307968396	1.63762131272198	132
-0.10416989715814	1.05831609050543	89
-0.01702628305176	0.407896565848327	132
0.094839346175035	0.750003140515599	166
0.0250483855539509	0.954004110971093	4197
0.04251130833237	0.585214432720481	166
0.0765994718722211	1.37667877869818	166
-0.0471904418184399	0.833947885235395	166
0.079538665902669	0.664183881273912	799
0.097856884181708	0.74963552111173	799
-0.0491617256543699	0.835578136917684	132
0.021806919098716	0.487298612728869	89
-0.03946006809797	1.06384607252914	214
0.024557620690684	0.957693851547133	132
0.078759781378117	1.1039392077862	132
-0.0258345509801201	0.413043803481388	166
0.046143796159531	0.583984480648196	166
0.100575803741315	0.744667968397544	166
-0.0174713604435499	0.408269330515601	166
0.048897996916399	1.01001181434782	166
-0.10023978253361	1.50499770433623	166
0.0508189874713521	0.578867750869275	166
0.061002262505355	1.0664280955573	799
-0.09244199106613	1.27954785356583	94
0.121798790047604	0.947224984689739	94
0.023278054411095	0.48596934273912	214
0.09789169049312	0.745840406702547	132
-0.02224709287202	0.410608941783725	166
0.060125330716292	1.06725649795611	166
-0.1031925218887	1.51294645797618	166
-0.05485954999278	0.841930533211944	166
-0.02171241051411	0.409806924167185	166
0.011267357639283	1.24837239218214	166
0.122141050167188	1.42107300490455	166
0.122512591372924	1.26192089359926	799
0.019684614713752	1.45738315928413	799
0.00977244718511305	1.69335324946938	132
-0.07004862135674	1.53096664822023	132
0.113274351707572	0.812391294302778	89
-0.0731592419087801	1.53259686640769	94
0.019788903961756	0.964468800363908	214
0.124949948092294	0.944036044715624	214
-0.02160228096364	0.409501347707808	5272
0.0735938065523401	1.04233400343998	799
0.010293475258415	1.48011364808792	799
0.00952326596719299	1.54880631935017	799
-0.03283864853932	0.414606391010606	89
0.0502433860813411	1.3103883887204	214
0.0834269683511471	0.763113911098537	214
-0.0464134265462199	1.37847233970288	214
0.029177404760054	1.28217515041969	214
0.016542610504246	1.23959719211811	1304
0.080428088726354	1.71769239207464	1304
0.066928099402158	0.680486650454705	166
0.018396040612831	0.490271397263528	166
0.02213082265976	0.48751597999684	166
0.069371417979833	0.675343285926908	166
-0.0845696678707699	1.74060980215702	4197
0.112668467772589	0.816636136892783	4668
0.01421867982852	0.972253292549817	4668
-0.0219800607115199	0.411274533949238	166
0.118607239061039	1.37679294426529	166
0.067279921129914	1.39919351804081	166
-0.07948625619473	2.13954115223102	132
0.049171647235134	0.579088951605199	214
-0.09508282450967	1.68919414822467	214
-0.0999776048852099	1.29462697895648	132
0.023541124291656	0.486623205126517	166
-0.0369252294885101	1.35887295919014	166
0.0249594696189021	1.50909140485863	4197
0.058791644828713	1.35697837174955	4668
0.10420313682515	1.40608179989137	166
0.084731347799053	1.09342422728456	166
0.073225302584195	0.675272608175274	799
-0.0266455653020099	0.411660707456765	89
-0.0094661124314801	0.903828568632995	89
-0.02126179208727	0.410975081816502	89
0.05521143062739	0.992909783766568	214
0.034220596534552	1.27295153373895	214
0.029474076139408	0.95025795688711	214
0.123695502633952	0.94519864158204	214
-0.0506201062357701	1.08875297840044	132
-0.0209943829552901	0.409776652047704	166
0.092536070748801	1.14786384588229	166
-0.02121584136482	1.14218358319425	89
0.0697131998291139	1.33212313755602	89
-0.01845805499361	0.408763534655611	89
-0.02081045464866	0.408933527207846	89
-0.00479600036119998	0.893967834322449	214
0.111868833543657	1.28501043252805	166
-0.01845805499361	0.408763534655611	1304
-0.0195594609890499	0.408907543271993	166
-0.06344362099192	1.3267183969752	802
-0.0258345509801201	0.413043803481388	166
0.015894522042094	0.490668273213241	166
-0.02126179208727	0.410975081816502	166
0.093127664485152	1.50916844799482	89
-0.02204793512445	0.410502951592421	89
-0.02126179208727	0.410975081816502	89
0.094592595636973	0.752216703040351	166
-0.00409297280586007	0.900284691005304	166
0.098459557780762	1.19711502729924	166
0.105925404399722	1.17936370808093	166
-0.0068602471652901	1.19693172238302	21
0.114432717926165	1.60697127540632	166
-0.0381735818959901	1.16556661921441	21
-0.10530892129104	1.51843093247179	799
0.060957737579316	0.682989632689773	799
0.119884898697874	1.47743911980047	132
-0.09646503049069	1.4947433881974	89
0.120248726304409	0.881295276645484	132
0.05070589095183	0.579346013754557	214
-0.0311435899907899	0.41466914140038	802
0.076286209943072	1.0348053889347	802
-0.06218024032477	1.40529134263479	166
0.02799462141397	1.70536009480338	166
-0.0545161952728599	1.09871550446457	166
-0.0832273886753101	1.55372766085552	166
-0.03473075917375	1.829520869277	132
-0.05177314374611	1.7319000362549	132
-0.0955839094025701	0.744641044177853	132
-0.02296597963264	0.410908197770573	89
-0.00969094557168004	1.20648350545522	214
0.092838009828221	0.753696845952924	132
-0.06040431938789	2.15360845026724	166
0.020790130443553	0.4876451712386	1304
-0.04631358656639	0.827918879114218	1304
-0.0167559082206199	0.407972067925741	166
0.097382927901996	0.74947856138037	77
-0.0180774854448	1.47258555213119	77
0.04358942860877	1.53073691172296	166
-0.02906766728066	1.15428230000488	166
-0.115259814709	1.91401649349372	166
-0.0768882477312101	1.54191645451506	799
-0.06748064740646	1.77045338767808	132
-0.07412195375192	1.12585549933257	89
-0.02655133741802	0.413516459136083	1738
-0.02224709287202	0.410608941783725	132
0.069045891537287	0.677871562537287	166
0.038113582516263	0.588829676031153	166
-0.0651853435087899	1.11262307206981	77
-0.0673631396007901	1.11952606231541	77
0.020446325755974	1.58534793460679	166
-0.00702441498764994	1.44993313578488	21
0.090257111235869	1.27164289945169	166
-0.07442244554443	1.34496910885691	166
0.08375329161075	1.16471353264637	132
0.072051583966629	1.04552721076182	132
0.0563857082943891	1.61902258286925	89
-0.02171241051411	0.409806924167185	1738
-0.0443497068402601	0.828737876729775	89
-0.0942971701416999	1.28939696724276	132
0.049971848828044	1.31222772924607	214
0.020692453426632	0.961476903536049	214
0.083499565852074	1.09556516325426	214
0.121138337050334	1.31974112747008	132
0.105811716185182	0.823658876146235	1030
-0.0925996379656999	0.740411712998113	1304
-0.03350279981494	1.15788794699998	1304
0.070480212567462	0.677172512450515	166
0.098301505241796	0.748839619253029	166
0.0667633889667551	0.680655497094375	77
0.093283900154244	0.753358453636231	77
0.048086169911295	0.581776933777775	166
-0.0902412031006401	0.739444712132358	166
-0.02531214866731	1.14391607406463	166
-0.03594152954951	0.819179025789163	166
-0.0444156296466101	0.829549373206112	166
-0.0507215465208599	0.83771999173384	166
-0.0899234431284699	1.28026759679277	166
-0.10680126911926	1.89770446930413	166
0.065019502358502	0.68145076020221	132
-0.09848227796625	0.746777266755801	132
-0.02126179208727	0.410975081816502	132
-0.0431091795635401	0.829362263563351	132
0.046479135973084	0.583684643677063	132
-0.04128122180757	0.825614245844215	89
0.041130590971366	0.587406556553626	214
-0.02863693522696	1.1562341254566	1030
0.01988508042586	0.489418532086656	132
-0.1032644863597	0.752001424844403	132
-0.02672416119726	2.23180941927798	1304
0.063990109761672	0.682383480138395	1304
0.03862390137171	0.588308726870737	1304
-0.0244608104980399	1.14475111176864	166
-0.02224709287202	0.410608941783725	166
-0.02593316810131	0.410738742120197	166
-0.05343574939245	0.840137262036056	21
-0.02798604242193	0.413256750767976	166
0.019563471132187	0.489615442131538	166
-0.0255692233576701	0.412012891941837	132
0.046734721692704	1.01230547127046	799
0.028154748830873	0.953893268723912	303
0.043618586925474	2.03164408744493	89
0.067751856497876	0.679997783057066	214
-0.03042831861484	0.413737551949063	214
-0.000643616421909909	1.18976632495981	166
0.095856316101086	0.75148335431577	166
-0.02152858466472	0.41003633195509	166
0.018979883904056	0.490062948615881	799
-0.02027673323395	0.409478238556457	303
-0.02224709287202	0.410608941783725	89
-0.05771621534797	1.58295992031219	166
-0.00449688627402001	0.899209079627004	1304
-0.00723213020344993	0.904505710076435	77
-0.00667661409806009	1.2038952717648	166
-0.02681629356167	0.412672237731607	166
0.0788277802535971	1.10014310756098	166
-0.0750298268109999	1.54255113252379	166
0.035556240811869	1.27390224612056	166
-0.10207678485453	1.05694330035484	132
0.023398893407349	0.960503284206586	132
0.022633873439302	0.486054814054359	132
-0.0494063191481799	1.80206408777607	132
0.068831638136848	1.3335877494814	132
0.032191703049234	1.2809044413695	89
0.025032944637482	0.485654316649321	89
0.024448238004705	0.485979489293663	1030
0.049883546042949	1.08281495678936	166
-0.09502362707333	0.742673691836324	1304
0.074062414112245	0.671033184529442	166
0.096411233434052	0.751468777011457	166
-0.04594092894344	0.831882842510366	166
0.071253350824905	1.04721615285294	166
0.070952359244948	0.676646519053922	166
0.105418124164136	0.895293378032004	166
0.109975297115697	0.817668470793128	132
0.096614273805304	1.13996534673728	132
0.0440950480015601	1.25483884155881	132
0.095415446520997	1.54891327871384	132
0.113929856763631	0.814865357910228	132
-0.0463270415386301	0.831640952927565	89
-0.0113820011554699	1.21112075526178	132
0.031277313560383	0.947338126424037	1030
0.093817340439017	0.75436053891304	1030
0.060359107361771	1.06600734146112	132
0.096967242444151	0.750536532514997	1304
-0.10202883062392	1.06131906664367	1304
0.084946488693705	0.656310604230471	1304
0.076270797892113	1.23588642005342	21
-0.0941021165050799	0.7415999273686	166
-0.0214380875895599	1.14284764340756	166
0.051104922574378	0.578382340128469	132
0.078681947965054	0.667827843691583	132
0.09789169049312	0.745840406702547	303
0.102864532909778	0.825817800725438	132
-0.05407072866859	1.09706224306328	132
-0.00416010596226002	1.19590853245409	89
0.109284487811111	0.819251733943919	89
0.0736778270295701	0.67301035447359	89
-0.04239293974585	1.17445991151203	132
0.092813529710884	0.755636317166555	3101
-0.0529141398231801	0.838934046299917	3101
0.024627223501574	0.959394506856517	132
0.035230542925537	1.34156420463459	166
0.00663687403769797	1.25466087005407	1304
-0.0299589237717099	1.15170508566711	1304
-0.11357948923071	1.32114794839265	166
0.089007292686116	0.756270336064462	166
0.021860587448811	0.485087317032567	77
0.048364847705524	0.580893239161731	77
-0.000153893502290003	0.891679404319208	166
0.044723525975505	0.583718864447723	166
0.050288554191002	0.579386960354327	166
-0.0425201581371799	0.830048264006524	166
-0.0945277856025399	0.74264539755939	148
-0.04390454957382	0.830553223897232	303
-0.04014244204151	0.825746148014043	89
-0.04666592381331	0.832084929567095	89
0.0269248090176309	0.955408688202147	89
-0.0746929835178101	1.1265468623572	132
-0.00279028097187006	0.887514664510606	3101
0.025032944637482	0.485654316649321	3101
0.080582779439088	1.10367406293971	166
0.020016559357165	1.23194986101246	166
-0.05355977454065	0.839213713146164	1304
0.049796326412217	0.579793446877527	802
0.014731756800628	0.491631095324249	166
-0.0388323525593299	0.820048157516683	77
0.00843269980265005	0.877381266651663	21
-0.09888508751944	1.2941844144844	132
0.0964948984902529	0.750126794612481	303
0.075479175818931	0.670441921506615	303
-0.10276947661824	0.751442714649019	303
0.106654320037719	0.823432173581001	132
-0.01836124153959	1.13535271554071	89
0.034065595295158	0.942758111953178	89
0.069119696785217	1.12334369607407	1030
0.040699374541219	0.586317312817613	132
0.113212886416606	0.814908557883278	132
0.087563516456826	2.46535560917404	4029
0.063485029542816	1.34391063839736	166
0.115067513122932	0.886880374884294	166
0.076439841822218	0.668804626644928	1304
-0.10047411275597	0.748535263135333	166
-0.03500458496306	1.35475521032438	166
0.00103177874929905	0.890339358162421	166
0.12260598853726	0.876142779712126	166
-0.0708914280041799	1.34178718555245	303
0.082869830588769	0.663041149142515	132
-0.04193971288956	1.17514711876209	132
-0.05814436386179	1.10448907004792	89
0.117045012644725	0.81085556680226	89
-0.10138421173787	0.750054826190905	3101
-0.0449450969443499	0.831572779326785	3101
0.040699374541219	0.586317312817613	3101
-0.10747636448289	1.31468288777349	1304
0.019378026252064	0.965110469494281	1304
-0.0077914697988799	0.901066762686196	1304
-0.0969971100525699	0.746431748529318	166
0.037679701785417	0.588778985874086	166
0.07499122575943	0.670844352847662	166
0.059642631064372	0.986069854266416	166
0.013330682785645	1.6858217308898	166
-0.00709257385063999	1.19957735196269	303
0.061166032957669	1.06740415925765	303
-0.0192692717496401	1.13654665039558	303
0.043007105156984	1.01628203529845	89
-0.09607818582165	0.745041805083777	132
0.022085679054625	0.960480728858533	1030
0.071442525640841	0.67612984240809	1030
0.03480815177769	1.33883816365204	1304
0.060864912047124	0.982491232807996	1304
-0.02513129843427	1.14949940180003	491
0.075463256757879	0.670007250745848	1304
-0.05256809019757	0.840236807911539	77
0.09819023206782	0.747699102772943	21
0.054161422019026	0.57301976555519	132
-0.10993573160236	1.06888867609669	303
-0.1088006717788	1.30964320137147	132
0.115363135734224	0.81066238515099	132
-0.00285942298127995	1.44078095579085	89
-0.09308522716387	1.49396883465813	491
0.0232932211435261	0.487372497728726	166
-0.04304584551746	0.83102684917276	77
-0.01127247500998	0.907359697668556	77
0.10379840161773	0.825736959828119	77
0.091580878797637	0.754804080889613	77
0.051408428473565	1.00505100382091	166
0.121213263977985	0.879967792059197	148
0.058068673250358	1.07137512681665	1735
0.104033200663853	0.739110340095658	132
0.028091895130446	0.947414523660479	132
0.069518432820189	0.677574926854816	303
0.01128454680958	0.975065240172749	89
-0.05670233917209	1.10371116676627	89
0.122714385588728	0.876378462029852	89
0.023725522598424	0.957691567563785	89
0.020692453426632	0.961476903536049	89
0.049867856506886	0.581200166398956	89
-0.0945277856025399	0.74264539755939	132
0.023219745533527	0.485729407307986	132
-0.1076441549091	0.754646443435485	132
0.079188965929075	0.667668534897768	491
0.068857250380142	0.677772536748003	802
-0.0462658419111901	0.832779459230108	77
0.06327430139797	1.06218221466638	77
-0.0576058301581599	1.10348175873788	77
-0.0213959001795501	1.40826234682053	166
-0.05751148852647	1.09983756793378	77
0.0386832799744	1.02481135647149	166
0.05449775594732	0.576796655212425	148
0.069705772549621	0.678684306621727	148
-0.03526317567271	1.16447841827943	1735
0.0295478857382649	0.950200662773961	132
0.097300999183317	0.750107238460331	132
-0.0164570971611999	0.91326099402364	89
0.0814396589313759	0.664426288494278	89
-0.0121467306671801	0.908330882165127	89
0.099864538886739	0.743637213681568	89
0.025296222724603	0.484980985533228	89
-0.0462036113569599	0.831908676858292	89
-0.0276250547772201	0.412152135341901	89
-0.09073548436126	0.739964532356713	1030
0.0736778270295701	0.67301035447359	491
0.069518432820189	0.677574926854816	166
-0.05711174903581	0.841741224482057	802
0.0788181264667101	0.668405800908634	4043
0.118800526933115	0.883273327830564	77
0.023642633014618	0.961328166632017	166
0.103352729098672	0.739665166303517	166
0.046654139367612	0.583264229566345	166
-0.0435782711356501	0.829741208926861	166
0.103651004840428	0.74001341238198	148
-0.0914139112621899	0.74008607024308	148
-0.09353662331041	0.741843624359259	148
-0.0591710523076501	0.844545201863586	132
-0.01127247500998	0.907359697668556	303
-0.05379993633047	0.839189433410681	132
-0.09607818582165	0.745041805083777	132
0.042055490860016	1.01806841657069	89
-0.09403211771683	0.742365087458488	89
0.030866811386276	0.947956466038404	89
0.0456332633866861	0.58446214274432	89
-0.02081045464866	0.408933527207846	89
-0.09986512967794	0.748905423800284	1030
0.038548393943544	0.587879959857327	1030
-0.05091551071099	1.56721352855807	491
0.072386183595576	0.674840696387837	491
-0.04863920133046	0.835355679119832	1304
0.045460259310538	0.584680774888386	1304
0.063517607310944	0.682650211866625	802
0.109784888524503	0.894319022866772	77
0.048137150394809	1.01000800767344	166
-0.10539239971151	1.06650692948141	148
0.121823566319412	0.878809811168953	148
-0.06287569048037	1.11349889066016	1735
-0.0604505123771799	1.10458584864258	303
-0.10420393712653	0.750853294100709	132
0.014731756800628	0.491631095324249	89
0.0769355850879681	0.670037194945495	1030
-0.10719700115772	0.754189201203128	132
-0.08964557497091	0.733857423153376	4043
0.051424969129275	0.998865015991097	802
0.041833387398587	1.02083124828603	166
0.091122875258839	0.754815305874794	166
-0.0968421242042099	1.04868020429487	166
-0.00350909526810006	1.19841994395117	166
0.111123414384759	0.817781414852595	166
-0.0562798166299401	1.0954822075518	166
0.075778059650684	1.1061519655042	148
-0.0412063287123601	0.82502090667931	148
0.052126398885587	0.577858320833396	1735
0.089559194896244	0.757829924453327	132
0.015624609279685	1.23662995130694	132
0.050216135025737	0.578223499945278	132
0.00920091734065498	1.24940149035051	89
0.018555922312579	0.965583450943925	89
-0.0373235892966299	0.819380033574959	89
0.110024795843945	0.820501424922913	132
-0.04233479999404	0.823957044761424	1030
-0.10018300464128	1.0528453973945	132
0.100090457059913	0.746100463715268	1030
-0.02054390147798	0.410401139638387	1030
-0.00579755806914006	0.902154905206105	132
-0.09621346846308	1.05114358015781	132
-0.00548478929525009	0.897290138892654	491
-0.0993160489398599	0.746561769556471	4043
-0.09365651766854	1.04355056567812	166
0.022369773407166	0.486612908966987	166
0.055174501867667	0.998337943091137	166
-0.01861409493698	1.22107964626293	166
-0.02126179208727	0.410975081816502	148
-0.10030749872161	0.74764089809672	1735
0.056595529470892	1.07303035571815	1752
-0.1241131428917	1.67291128694947	89
-0.00671337008738004	0.901310101043029	89
0.108862801101695	0.81915732140325	89
0.117045012644725	0.81085556680226	132
0.034557842361608	0.942047338215235	491
0.0526368526753021	0.577297034494558	491
0.044038008673602	0.584773393056634	1304
0.109553879676732	0.818481661335271	1304
-0.02224709287202	0.410608941783725	4043
0.050443873836357	1.00735782846244	1275
-0.099156379101	1.05466803374922	166
0.042622502449875	1.01956939397878	132
0.035952747573421	1.27268057988839	89
0.104402833085049	0.825624095938948	1030
0.071810413141997	0.67451529153279	1030
-0.07277276852852	1.95444667983256	491
-0.0209943829552901	0.409776652047704	491
-0.02681629356167	0.412672237731607	491
-0.09415237656505	0.744816899613193	802
-0.0191745054275401	0.408793596683385	4043
0.07064304433339	1.44939465394432	166
0.0456332633866861	0.58446214274432	166
0.108845304504077	0.82250712235695	166
-0.02945043365598	0.412243364118332	1735
-0.07133117620163	1.70980277203607	303
0.050965191491711	0.580536252528698	303
-0.0150157640291899	0.910095091464479	1030
-0.01702628305176	0.407896565848327	491
0.049796326412217	0.579793446877527	491
0.026201588560498	0.484339946364837	1304
0.07658419521275	0.670329952082899	802
0.023278054411095	0.48596934273912	4043
0.102597118214702	1.18873898887196	166
-0.02126179208727	0.410975081816502	166
-0.0282514925208599	0.413283993547182	166
-0.0361720295427499	1.35681936419826	3813
0.099073757654945	1.19662260432634	1752
-0.0435594224092699	1.17583053179846	303
-0.0174911069505399	1.39605935615872	89
0.067201897584775	1.33685287887014	89
0.08911823993502	1.40453533210191	89
-0.0215669289757301	1.13901668101331	1030
0.09011982741486	0.758128443333775	1030
0.041420012368793	0.585887575375521	491
0.0493578195232171	0.580899740971725	491
0.019563471132187	0.489615442131538	491
-0.0255692233576701	0.412012891941837	1304
0.071206869846429	0.676748783849018	4043
0.045109914729916	1.01463508753068	303
-0.04467519897814	1.37497234811673	1752
0.100020861809299	1.19284080740274	303
0.033495699324789	1.27347092066357	89
0.0941752796541589	0.751995733393253	89
0.0247114467027531	0.485765853390852	132
-0.11204693421116	1.07233641249823	132
-0.0323847798222101	1.34613631493554	1030
0.023617224616811	0.486158358630486	1030
0.063985171603011	1.0621956558426	132
-0.02152858466472	0.41003633195509	491
-0.00248474007068	0.894484111226571	4043
-0.04154161659308	1.53894560280243	166
0.025714366441481	1.57368461018015	166
0.094148029005933	0.753507170149723	166
0.073227513774528	1.04581005923874	132
-0.0266455653020099	0.411660707456765	132
0.070441376285463	1.04948652289746	132
-0.06904144674562	1.33425142547788	1030
0.023551146358285	0.485931475764711	491
-0.0255692233576701	0.412012891941837	4043
0.122333972012579	0.802942281409541	166
-0.02224709287202	0.410608941783725	166
-0.00453312015688989	1.66665638968866	303
-0.0335758125104	0.813854839711635	132
-0.0260684229985699	1.41789593084701	1030
-0.0241680221671401	1.14764651268304	132
0.078699498205161	0.668647075938239	491
0.051330033112829	0.578081124883658	4043
0.094839346175035	0.750003140515599	4043
-0.0426469433872301	1.78355166890782	166
0.00784196115361202	1.17366629199641	166
0.09228468005936	0.754371535442048	3813
-0.08555292135567	1.36329377142284	3813
0.019253463045383	1.52678623268906	303
-0.0583918681552	1.57994015704407	89
-0.02655133741802	0.413516459136083	89
0.110565695666994	0.892743900947983	1030
0.029028796684373	0.483077229419228	491
0.030279887559579	1.49806165326953	166
0.00587987162821102	1.418246619954	132
0.063154064694001	1.40868944693593	303
0.071378326941048	1.39080615405391	1039
-0.09440513689671	1.04824923357669	1030
-0.03584465987184	1.16534315430483	1030
-0.0233663445630801	1.14477251078667	1030
-0.10160174437016	1.06014540882272	1030
-0.04501720236742	0.830717686602753	132
-0.03410763923275	1.16358606782102	1275
0.0133179596328959	1.46953463839064	166
0.019292824771818	0.48863605366341	1735
-0.0132467251862201	1.38597745148803	132
0.068818533955783	1.51980715195415	1039
-0.10475760461238	1.30655919646773	1752
0.069705772549621	0.678684306621727	1752
-0.0127489101535101	1.83888472629714	303
0.021905214210907	1.22551277482586	303
-0.0238906187166199	1.1464163863236	132
0.015533648183772	1.23851065467651	1030
0.0232932211435261	0.487372497728726	491
0.020194744953431	0.487218320275361	491
-0.10017961595996	1.29857676176198	1275
-0.00194132039910011	1.43670012356511	166
-0.000587849985159927	0.892297314037913	1752
0.0533606427548	1.30168770894746	303
0.0929483838854041	1.14540189150953	303
-0.0848561327747599	1.56064816900665	303
0.000226635996900981	1.4327783743045	89
-0.04565335467503	1.62969994257058	89
0.049514758018424	0.580747497378275	132
-0.09216665613896	0.739408392048119	1030
0.015474059442218	1.23812262988837	132
0.052015516794053	1.57006405673405	491
-0.10463693339703	1.71276476617193	491
0.011849196924708	1.24665209063707	491
-0.07172067133722	1.34356827819299	491
0.115834324116143	0.888192756356731	4043
-0.00373509217869006	0.894371881770037	166
0.110732075323417	0.819583654439081	148
0.037754285500604	1.60619518809549	148
0.059664854913155	1.35074325245781	166
-0.0373870566069201	0.820654794371833	132
-0.01899345187045	1.40256612922302	132
0.088784916396176	0.759055308537116	1030
-0.09136658228235	0.739158170455943	491
0.115105434358495	0.95312753797177	4043
-0.0102873995997199	1.20748973601682	4043
-0.01982638852231	0.409294816847698	1275
-0.02171241051411	0.409806924167185	1275
-0.0425846091014499	0.830015628268642	1275
0.02046807907243	0.488971745774085	1275
-0.0308800899146	0.413479379600555	148
-0.0272685011114999	0.413655990175607	148
-0.02655133741802	0.413516459136083	148
-0.0103999874561	1.88924384774596	1350
-0.02027673323395	0.409478238556457	1030
-0.02126179208727	0.410975081816502	1759
0.116445410622983	0.884848565382557	491
0.050377709041318	0.581191372480998	1275
0.02413204684269	0.484654206701602	148
0.0859906587686769	0.761012419668533	166
-0.02152858466472	0.41003633195509	166
-0.0195594609890499	0.408907543271993	303
-0.0209943829552901	0.409776652047704	1039
-0.06117698660511	1.11094168514923	132
-0.02054390147798	0.410401139638387	132
0.049839887676283	1.57222367006109	1030
0.103782772915839	1.63873707962248	1030
-0.02152858466472	0.41003633195509	132
-0.0835388848099201	1.73424354618794	491
-0.0407552050426501	0.826755787290834	148
-0.0897986252234599	0.739035587099458	166
0.087415283770182	1.69527085493816	166
0.050080624729091	1.00277746702792	166
-0.10879097453544	1.89985785889305	166
-0.02296597963264	0.410908197770573	1039
0.027863955920451	0.483928968898868	1039
-0.06559488229014	1.33015961365003	132
0.094468177864282	1.14382590083317	132
-0.0454171096585501	0.833070859075045	442
-0.0454064386202699	1.37537684787169	442
-0.0127696445696499	1.21385475217842	442
-0.0275337041419801	0.41314398527887	1030
0.053079258290865	0.576636389861015	1030
0.120635838885333	1.83586311487344	1185
-0.0571828173109501	0.842901664695112	491
0.011753040349388	1.24301140247149	491
0.12116678182564	1.20838691955162	491
0.04447133504246	1.2514498451433	166
-0.0763323993739999	1.34838189965894	166
0.117617208766781	0.810529353383059	148
0.122484620345752	0.802075082477446	166
-0.0157918973226101	0.913043094471378	148
-0.0902412031006401	0.739444712132358	1039
0.116020032191781	0.809254612490181	132
-0.0401527946075	1.17149427956287	338
0.00605030967647402	1.42012968741901	338
-0.05386791508518	0.840688218122517	132
0.098923090193354	0.831742109673324	442
0.093145648300846	0.754087393205243	132
0.03262500852289	1.55145131256701	1185
0.00865292691167796	1.69474979929385	1185
0.10419917584984	1.42179943103986	1185
0.0569179647082541	1.36208214427645	4043
-0.09216665613896	0.739408392048119	148
-0.09122993844272	0.740243783604558	166
0.091593194365308	1.618776342591	166
0.025032944637482	0.485654316649321	148
0.011025698452752	1.47828775626952	1350
-0.0275337041419801	0.41314398527887	1039
0.05045557672035	0.581254464006149	1039
-0.0666978337817701	2.26004822470426	338
0.066538946927809	1.05766185541968	132
-0.0042947819694199	1.19751569970365	132
-0.02027673323395	0.409478238556457	132
-0.0244613091661201	0.410741903929385	132
-0.0311435899907899	0.41466914140038	132
0.037039972073466	2.24070532582046	1185
-0.0639659093709	1.76484462004692	1185
-0.11567125078511	1.64830617976436	1185
-0.0980640281329499	1.29767481695657	491
0.029873102561744	1.35066092493855	491
-0.0902830194339701	1.27738739754898	1880
0.022658723618691	0.962574891157833	148
-0.03915808111148	0.824064485145193	166
-0.04777381758832	0.833395455975449	166
0.070662034816755	1.45088262186509	166
-0.09415237656505	0.744816899613193	166
0.102626138068665	1.24937196964137	148
0.10254635916728	1.59050798209918	166
0.00189038954064602	1.18603466406436	166
0.065968855803751	0.677839934908884	303
-0.00558125752634009	0.898235937688231	1039
0.02271214907369	0.487579497608867	132
-0.04662766066476	1.38159450492216	1030
0.074062414112245	0.671033184529442	1759
0.050307751945362	0.579430672939284	1759
0.097863774871226	2.24350949781147	1185
-0.0805196929329399	2.39732071959766	1185
0.083269291419234	1.64947128327241	1185
-0.0485301808463501	1.08227665682509	491
0.121522324553039	0.803768824487485	148
0.098413862048584	0.7482571977142	148
-0.0990407384931899	0.749149383670419	166
-0.0496246516961401	0.835754291835769	148
0.108617642165464	0.820082523482569	166
-0.04922768783999	1.08866615024057	1350
0.022658723618691	0.962574891157833	1039
0.110912313896318	0.816908145013537	1039
0.079188965929075	0.667668534897768	1039
0.095253582353627	0.750764929526345	303
0.045122540926785	0.584713252751266	1759
-0.10411203539575	1.06442754807731	1759
0.119000191392717	0.884695925426724	1759
0.124202606844724	0.875568021263858	491
0.066782353486912	1.12834032275673	148
0.0188068175027361	0.965466713949597	148
0.0566664658553681	1.36273195722436	166
0.049435794200234	0.58198163053543	148
-0.0251661856179199	1.41655633667678	166
0.046710878991307	1.01310882240865	1039
-0.10281944783493	0.751751903281367	132
0.120233516250946	0.883362976326401	338
0.12284553189549	0.876804693870205	132
0.081909819712241	0.664020301656987	1030
0.071424352203243	0.675881494724746	1030
0.075479175818931	0.670441921506615	1030
-0.05699448272994	1.74832814884058	1185
-0.03413406764132	1.35146422357869	1185
0.01839074123836	0.488352554838335	491
-0.02681629356167	0.412672237731607	491
0.0502718454246111	1.00284779529776	166
-0.1014488344387	1.50675036346621	166
0.08558375316275	1.15980531178038	166
-0.06223663465591	1.10963934042263	148
-0.03283864853932	0.414606391010606	166
0.018170030884597	0.965880897773568	166
-0.0213339937447401	0.410034538747514	1350
0.110639422764756	1.33875831787417	1039
-0.0195640028651101	1.40196509393027	132
-0.0443497068402601	0.828737876729775	132
-0.0954649279480799	0.743144794083816	132
0.028871928775509	1.76811243626784	1185
-0.09421129538813	1.04802807570624	1185
-0.0911151131951999	0.737135090601392	491
0.027863955920451	0.483928968898868	148
0.040039633817716	0.586298897716919	1936
-0.0241372766757999	0.410514033565441	148
0.078699498205161	0.668647075938239	1039
-0.05530664736824	1.9039776729319	303
-0.0327267198458101	1.16129952594097	338
0.023874039063565	0.486927927519843	338
-0.0904289021867899	0.739562305388928	442
-0.0538563198082001	1.09845566826615	132
-0.01098061845957	1.20911589515357	132
0.072405372129968	0.674466895668216	1880
0.071442525640841	0.67612984240809	1880
0.117709674955254	1.27151377939229	166
0.037169062690644	0.589300191609654	1039
0.047062251628177	1.31838470387929	1039
0.072386183595576	0.674840696387837	132
0.011697017805731	1.39983719073633	132
-0.02269870771255	0.411303674855888	338
0.025939335704131	0.483894472955633	132
0.0736778270295701	0.67301035447359	1759
-0.0142944417722	2.39292466062466	1185
-0.03257526143736	0.414692514464788	491
-0.09540922677664	0.741226520654057	491
0.074918538886677	0.672225774802435	148
0.047347245939394	0.581883920458086	1880
0.124940629925787	0.876657717203789	148
0.101045374221382	1.19340573831932	166
-0.06705636094602	1.10934375675383	166
0.014991841711362	0.491309861338566	1936
0.050965191491711	0.580536252528698	1936
0.096894501632446	0.747373585346091	1039
-0.03647113929269	0.415792999867536	338
-0.0230270887667099	1.14463932950912	1868
-0.0519883939647301	0.839326579999558	132
-0.0050622258192301	0.900046677334252	132
0.071914431412099	0.675604549569384	1759
-0.02681629356167	0.412672237731607	491
0.098858420857021	0.747695003683283	148
-0.0443497068402601	0.828737876729775	1880
-0.02511814143824	0.41200820059487	166
0.024126413957558	0.486297529129953	132
-0.0219800607115199	0.411274533949238	132
0.040474715542232	0.586676101522696	338
0.096620549358534	0.747264098901461	132
0.113811547495516	0.815487777579014	132
0.045390949002985	1.01298935654997	1759
-0.0234177334526799	0.410826590483551	491
-0.0195594609890499	0.408907543271993	491
-0.09607818582165	0.745041805083777	1880
0.092840744597236	1.14735975169646	166
-0.0181871885549101	0.408299416064853	1936
0.10311274099999	1.18882661223328	148
-0.06710817946877	1.11735504049343	303
0.018979883904056	0.490062948615881	338
-0.02269870771255	0.411303674855888	338
0.023233048384661	0.961968218404433	132
-0.0260992604196	0.411639865603186	688
0.057344143976285	1.06789499105725	132
-0.1050812421622	1.30906176195174	491
0.017811941061995	0.490207639636099	148
0.025617394757113	0.485123505343381	1868
-0.0969361866210501	1.05448398888857	132
0.111007156549902	0.820022827858803	688
0.086102377217061	1.16008170116006	688
-0.02949166221016	1.81375628658863	1185
0.036735333795038	1.99080731943473	1185
0.047495517925969	0.582845325381987	491
-0.0825942714796499	2.14569799461344	132
-0.02368524530921	0.41093826511309	338
0.050887377243427	0.580940901573	1868
0.096378499155785	0.750313778251833	132
0.04994577766228	0.581730930079566	132
-0.0467897639758601	0.834643869353901	1880
-0.0572846923454999	1.10438362729762	166
0.045969789751919	0.584316078302034	1039
0.106717380976098	1.24082634776489	1039
-0.0256973083727201	1.41334756630507	1039
0.088832609189588	1.46457037249054	1039
-0.0219584491039599	1.2248118130979	132
0.0125774411670569	0.972684680558555	688
0.026444957041816	0.952386840083205	688
-0.0429626887725501	0.826256443090607	688
0.02046807907243	0.488971745774085	491
-0.01990688126673	1.40428085784639	166
0.02072987818414	0.48760502580749	166
-0.02511814143824	0.41200820059487	166
-0.12268392283252	1.66570402012898	338
-0.0292101111360701	1.42041726897461	132
0.052569157087447	0.576798340157529	148
-0.10133535729095	0.750054808327821	166
0.0223885826807479	0.487091304289586	1936
0.033506256192125	1.27920920651877	166
0.0178110921690789	0.488982547182895	166
-0.02511814143824	0.41200820059487	148
-0.02126179208727	0.410975081816502	1039
-0.05012089464447	0.837707222812169	303
-0.0370340485442	1.36097491544987	303
0.068573196229238	0.677928296765056	132
-0.04502979221309	0.830898564341168	2989
0.066456007533896	0.680898780720335	491
-0.0248530618398799	0.411542674464278	148
0.064381155541314	1.65316399723579	4853
-0.04244216671492	0.826130827579842	166
-0.00295075944275003	1.44268676601928	148
0.08831717970262	1.52014351587942	166
-0.04579487100866	0.829461618465274	1898
0.0538474971031801	1.07742070096931	303
0.044792626239305	0.581770982653276	303
-0.02224709287202	0.410608941783725	2343
-0.01928265410326	1.4028434809239	2989
0.084564134394495	1.09385865820679	2989
-0.0255692233576701	0.412012891941837	2989
-0.03425091630469	1.16038693304459	1185
0.075952524600592	0.669919481945157	491
0.080150092674241	0.665084782512157	303
-0.07243868073103	1.53513588948546	303
-0.0272685011114999	0.413655990175607	338
-0.0462658419111901	0.832779459230108	132
0.121075170390055	1.20629395735634	132
0.060289471865982	1.35419892712558	132
0.050862783364683	1.31088703859031	2989
0.043173863903449	0.583776176455618	491
0.108519249665214	1.17366093249723	1039
-0.0883676519882699	0.735944556402053	338
-0.0219800607115199	0.411274533949238	688
0.124378399032838	0.874809670415132	688
0.0672091694766011	1.0526748933015	2989
0.020146802493525	0.488893696013304	1185
0.051727770419936	0.578420898950815	491
0.072405372129968	0.674466895668216	148
0.098836184800146	0.83142052506508	1039
0.045774963533069	1.01223595633855	303
0.048006237158267	0.582368210709497	303
-0.04817647962551	0.835179767252813	338
0.052538963970952	1.36813441183266	132
-0.10388660623315	1.30391397891726	132
0.0963013273450169	0.750686123613406	688
0.029884947057444	0.949866527966977	688
0.019378026252064	0.965110469494281	2989
-0.09482776525035	0.743229414648294	491
-0.0195594609890499	0.408907543271993	148
0.018718315979064	0.48956308680362	1898
0.051244550803471	1.50902239503493	1039
-0.0452794205585601	0.83074320819351	1039
0.095703404170873	1.77188319431424	303
0.094308379488509	1.20214955007734	338
0.045745190517241	0.582524237685847	338
0.065038808555225	0.680377771481619	688
0.062617049749134	1.05704726147558	688
0.0508189874713521	0.578867750869275	2989
0.018134467076113	0.489594120900239	491
0.068385646125452	0.67818335116457	491
0.069518432820189	0.677574926854816	148
0.010140117192818	1.47792780134618	166
0.0969583253740161	2.14789009986182	1185
-0.02681629356167	0.412672237731607	491
-0.02027673323395	0.409478238556457	2167
-0.0311435899907899	0.41466914140038	1898
0.043924799792332	1.32095885461536	688
0.00166060749861896	0.888949783962031	2989
-0.02593316810131	0.410738742120197	148
-0.02126179208727	0.410975081816502	148
0.119268052134842	0.88373519444069	1039
-0.07826564169901	1.35288839257835	338
-0.00610461546638996	0.901765694934203	338
-0.03601317938536	1.60523377561567	688
-0.0577326248935299	0.843751802731685	2989
0.094283955513046	0.751810384550412	2989
-0.0282514925208599	0.413283993547182	2989
0.026699192054501	0.483336660270678	491
-0.02224709287202	0.410608941783725	2167
0.096920991686168	1.4435387773452	1039
0.101533958654649	1.5403091916161	1039
0.097360568948979	1.44075742297916	338
0.070007912083619	0.677468988104035	132
-0.0282514925208599	0.413283993547182	688
0.02930043598481	0.950396404461337	688
-0.02368524530921	0.41093826511309	148
0.052817820283617	1.56816444321789	166
0.098976268825394	0.745467363169307	1898
-0.01788343719952	1.70009560955393	1039
0.046143796159531	0.583984480648196	132
0.043527731596736	0.585405448916677	132
0.088056997534763	1.52112912583999	338
-0.0111622007626	1.5262190305612	688
-0.0356998528507599	1.52207801677823	688
-0.0504287421902701	1.96308648523664	338
0.046988298090715	0.582726609527033	338
0.018134467076113	0.489594120900239	338
0.037279419866048	1.27112194353764	688
0.04258447248443	0.586568109376667	688
0.051983868642657	0.577792122345761	148
0.117691861491738	0.809299987800491	1297
0.108462293209051	1.2368696239697	166
-0.0979886674211199	1.29620563716478	4071
0.099353414242911	1.19622010514818	1039
-0.00320932357354997	1.44251924956808	1039
-0.02916900189634	1.15596817784327	303
0.029704164801453	1.70131597897215	338
0.074167795067874	0.674452237797282	944
-0.0434248834023301	0.82734965214336	944
0.0659643269546	0.680887734838339	944
0.047495517925969	0.582845325381987	944
-0.0439687512335301	0.832194077126855	944
0.025617394757113	0.485123505343381	1297
0.019301826126752	0.489626676436646	166
0.07496454252494	0.672287633847984	1039
-0.0227622512530099	0.410642108899905	303
-0.0511253107196199	1.38675054879066	303
0.120837913248538	1.37321930122012	338
0.036749453230346	0.474216694550981	148
0.00433312019373699	1.49224330855931	4529
-0.09793575902146	0.747877004766513	944
-0.1032644863597	0.752001424844403	944
0.059709025778995	0.570321866604953	944
-0.0392196968437399	0.824360894252752	944
-0.0181871885549101	0.408299416064853	944
0.013827887658088	0.492274249557995	944
0.0963013273450169	0.750686123613406	944
0.00957316444726697	0.493124979547143	1297
-0.09887395139294	0.748376430830867	4071
0.023541124291656	0.486623205126517	1039
0.029352361723531	0.482194393877049	303
0.051615755559372	0.578220142953797	338
-0.0950105571369899	1.28959468950028	338
0.0253579034156241	0.484795069174205	338
-0.0251995214963501	2.1669584011191	338
0.100548004968063	1.25064438249513	338
-0.08072339424202	2.0666724639185	338
0.047904736216973	0.580698129082487	148
-0.10481532339803	1.06487818192106	148
0.085425043587092	1.15467808339778	4529
-0.0632202149538601	1.11140141131267	4529
0.0533290170567851	0.576607881856941	944
-0.0195594609890499	0.408907543271993	944
0.043383152005613	0.583808800466896	944
0.014881231162212	1.23978219082216	4853
0.104766642268668	1.29977409944516	1297
-0.02152858466472	0.41003633195509	166
-0.0174713604435499	0.408269330515601	4071
-0.0272685011114999	0.413655990175607	4071
-0.0219800607115199	0.411274533949238	1039
0.0253579034156241	0.484795069174205	1039
0.025939335704131	0.483894472955633	303
-0.0160408315278899	0.407403518042765	132
0.0970576043468549	1.55021352020754	338
-0.02752176699043	1.15200752397877	338
0.086049612735839	1.09345577227686	338
0.079287864370677	1.1062934372388	338
0.05256972196185	1.36984354422701	338
-0.0209943829552901	0.409776652047704	148
-0.02171241051411	0.409806924167185	688
0.0247114467027531	0.485765853390852	688
0.073225302584195	0.675272608175274	148
-0.0634621324181099	1.11383091778896	4529
-0.02303104447883	0.410996649608088	148
-0.0393146746519399	1.53553594199235	4853
0.036201630338171	0.938065627556291	1953
0.055002139810852	1.30118130789106	1297
0.023425774150874	1.51513559986168	1251
0.016949028181473	0.486926560039241	1039
-0.0938471771439999	1.68520476989482	338
0.014721492091694	1.24166688304036	338
0.00759842271955502	1.54805230972403	338
0.0149575988202	1.80328411091697	338
0.00828411277107199	0.973398856923469	338
0.0399096215981311	1.33221368293739	338
0.044517466570731	0.584166967956716	338
0.116851952584473	0.886307316649195	338
0.013245527953803	0.492298919499597	338
-0.0515884620604199	0.837912981263359	688
0.049435794200234	0.58198163053543	688
-0.09403211771683	0.742365087458488	688
0.048887062491406	0.579066392358594	944
0.0253579034156241	0.484795069174205	148
0.055915571549304	0.57547798114334	1297
0.068586698776096	1.45319382683497	166
0.114903506315901	1.65844615820799	1251
0.030515521601061	0.480892304556445	1039
0.023863274661684	0.486099627797188	1039
0.049284710749173	0.579955911466618	303
-0.03140646864859	0.413366127641057	132
0.036695630164332	1.33299503728008	338
0.047064659101968	0.583528390275705	132
-0.0359324159873999	1.43218576814107	338
0.024126413957558	0.486297529129953	148
0.085432724782891	0.76051986068784	148
-0.0671894149304999	1.11890871287144	148
-0.02655133741802	0.413516459136083	944
-0.0332563758042399	1.34989122932184	4853
0.0126468676646631	0.490669575447164	1297
0.108052841237091	1.6231082154576	1251
-0.02027673323395	0.409478238556457	1482
-0.0424105783055999	1.62249911342102	338
0.089759041746153	1.15113190586267	338
-0.12340565759473	1.4634832394011	338
-0.0422358046193501	1.17388568093311	148
0.083013346558727	1.16386883953719	148
-0.0406040311061	0.826070677262984	944
-0.02054390147798	0.410401139638387	3260
-0.0213339937447401	0.410034538747514	3260
-0.0167559082206199	0.407972067925741	148
0.04994577766228	0.581730930079566	1953
0.120356886490975	0.881865867495639	1953
-0.01845805499361	0.408763534655611	944
-0.0738727877476499	1.34544344744088	1953
0.10548179400597	1.24087923904958	1953
0.031858046760526	0.479592176505172	132
-0.02655133741802	0.413516459136083	303
0.08112426841701	1.48278012117264	338
-0.0262237646292201	1.41693576943923	338
-0.01515277283393	0.90917665317138	338
-0.1009590534321	1.05918779685742	338
-0.0181871885549101	0.408299416064853	148
-0.0177419809880199	0.408465897919083	1953
-0.05517698250013	1.81761965670549	1251
0.058917193995909	1.07129649027495	338
-0.0672013709385	1.52366864552054	338
0.05682998008454	0.573523032490313	132
0.065945784823239	0.678392270827028	338
-0.0308800899146	0.413479379600555	338
0.112947360968394	1.28074340301492	1953
-0.0273782179366899	1.96107364842504	1251
-0.02126179208727	0.410975081816502	1406
0.113916788387067	0.889827794393416	338
-0.02126179208727	0.410975081816502	338
0.060423648393569	1.06815286556276	148
-0.0260992604196	0.411639865603186	148
0.039148313833686	1.26231093301547	132
-0.0920498809941199	2.43670465602154	338
0.04994577766228	0.581730930079566	338
-0.0950898057801399	0.743965984655019	338
-0.0241372766757999	0.410514033565441	148
0.0754482054325391	0.667845462048129	148
0.019624545617105	0.487791257016207	3260
-0.02152858466472	0.41003633195509	148
0.046553626280165	0.584006513426087	1953
-0.0970256667999601	1.05379354127867	1953
0.046509397557011	1.31985024430016	1953
-0.03859617058881	1.83880336061011	1953
-0.0209943829552901	0.409776652047704	148
-0.0124466728244499	1.38345786748053	166
-0.02152858466472	0.41003633195509	1406
0.070272667219646	1.63613992120134	338
-0.0774854936821701	1.54229248807969	338
0.049910863148293	1.57334301612932	338
-0.02126179208727	0.410975081816502	338
0.045122540926785	0.584713252751266	3260
0.017231189624071	0.489309455924818	944
-0.02296597963264	0.410908197770573	944
-0.00854039644107996	0.905522014301468	1953
0.122043555241596	0.879601887364816	1953
0.089493919756001	1.0845398093512	1953
0.05053443231616	0.579006975971566	166
0.048516771594874	0.581649347606665	2319
-0.0311435899907899	0.41466914140038	1406
-0.02081045464866	0.408933527207846	132
0.086711876884818	1.1595417633304	338
0.08051065788256	1.42395029178912	338
0.10177429609938	1.18708874036111	338
-0.11006825730269	1.3176437799144	338
0.0941752796541589	0.751995733393253	338
0.014991841711362	0.491309861338566	148
0.095266562536257	0.751957582714005	148
-0.02303104447883	0.410996649608088	3260
-0.02126179208727	0.410975081816502	3260
-0.0213339937447401	0.410034538747514	1953
0.031628890495345	1.56061731686266	1953
-0.02649399665549	1.65551998154062	1251
-0.0219800607115199	0.411274533949238	1406
-0.00777850397753999	1.20357100428103	338
-0.00642243603616999	1.20324878389145	338
0.1074419954659	0.82426030806951	338
0.03029570191174	0.949246987508634	338
0.111173127928061	0.817941001961574	338
-0.11067478775079	1.07100438917034	338
-0.10315247396929	1.70644609727931	1953
0.124514900345438	1.62936325461673	166
0.071163185879934	0.677615044871189	166
0.119259280014128	1.79441254606806	1251
0.024390717934898	0.48441663224042	2319
0.056786497562327	1.07305610682697	132
0.01243077048941	0.970605483870447	132
0.089987417650052	1.74307030786386	4529
0.051216925571805	0.578983513041556	148
-0.0255692233576701	0.412012891941837	148
-0.0362171264992599	1.16602871632071	1953
-0.10320922876272	1.30769907822082	1953
-0.0899828849583599	0.737881596562626	148
0.019209467548943	1.46031539201813	1251
0.104033200663853	0.739110340095658	3699
-0.02347694248815	0.410248691257658	132
0.030953353280333	0.946305208089528	132
0.02137253989597	0.48720056173569	1550
0.119641131142993	0.951520024530648	338
0.0347161904319711	1.27622665125724	338
0.0817399150828561	2.2176310951518	4529
-0.0132773727002899	0.909064406629028	3260
-0.10469943302482	0.75110214876359	148
0.111395804859319	1.66765883322924	1953
-0.12438371461976	1.45308250026913	941
0.023805360299448	0.485199002275023	166
-0.0428056492809099	1.85232310490189	1251
0.0178110921690789	0.488982547182895	3699
-0.0275337041419801	0.41314398527887	3699
-0.0282514925208599	0.413283993547182	1406
0.070970466194765	0.676426069400077	2990
-0.02081045464866	0.408933527207846	1704
-0.02949709962735	1.88439954175486	338
0.0983951692387009	1.19735365254966	338
-0.0242901999374401	1.41418145739525	338
0.018074542770612	0.489482847860143	525
-0.03647113929269	0.415792999867536	148
0.123062639241145	0.798037399003514	1953
-0.0584860626851	1.1017419705253	1953
-0.11147036829589	1.0716326398655	2990
-0.02126179208727	0.410975081816502	338
-0.03042831861484	0.413737551949063	338
0.046479135973084	0.583684643677063	525
-0.0273583360894001	0.411969988811906	3260
-0.02152858466472	0.41003633195509	2674
0.0319302573053341	1.34549904799993	1953
0.0568110225010881	0.572274315617657	166
0.041051580345223	0.586802442641747	148
0.025617394757113	0.485123505343381	1249
-0.02027673323395	0.409478238556457	338
0.090996028099477	1.15031198738679	338
0.095549309377451	1.20387848203584	338
-0.06197924414058	1.92711263576719	3260
0.023779228645551	1.44867287826352	3260
-0.00000758223495989085	1.18954995196067	3260
0.119438023391165	0.808172917825848	3260
0.025032944637482	0.485654316649321	2674
0.053878688458244	0.576497760742304	1953
-0.01127247500998	0.907359697668556	1953
-0.0932144978765499	0.743883074867875	148
0.020146802493525	0.488893696013304	1249
-0.0255692233576701	0.412012891941837	132
0.093860476191418	1.14465632803883	338
-0.0219800607115199	0.411274533949238	148
0.048516771594874	0.581649347606665	148
-0.00454597928450995	2.2056728121036	3260
0.11576720764335	1.27689413796792	3260
0.092217566552796	1.20217582382747	3260
-0.10491680151167	1.51663010493238	3260
-0.0509800251488799	1.08927095641844	2675
0.060317380345178	1.06430087586927	1953
0.046149947217267	1.01449369387076	766
-0.0984309517191799	0.748279555131063	766
0.027863955920451	0.483928968898868	1249
0.050307751945362	0.579430672939284	148
-0.02224709287202	0.410608941783725	132
0.026785526244306	0.483008604292286	2990
0.116205889212593	0.811369223289908	2990
0.101383571890487	0.742077981833085	338
-0.10446028666369	1.06322022250476	338
0.047575506939744	0.582807719551856	338
0.025032944637482	0.485654316649321	338
-0.02027673323395	0.409478238556457	419
-0.11004062145759	2.35273660680772	3260
-0.0553835123189901	2.29084883024939	3260
0.0779408520978761	1.36998506669995	3260
-0.0122686622880399	1.89960941852411	3260
-0.03053340474452	1.59184750774238	3260
-0.1224653977496	1.45956076190592	3260
-0.07927777149383	1.3550215178148	3260
0.091809772066748	1.14698605717172	3260
0.109321351916332	0.815034123723001	2674
-0.00823031682470998	0.905073495292234	2675
0.112727322940158	0.816713212604211	2675
0.116241553976594	0.811041411767922	1953
-0.09348207218178	0.74050726535634	1953
0.121802807479303	1.26158053402957	1953
-0.0987562292720801	1.2970387205044	1953
-0.0837788174910401	1.55791633579472	941
0.019292824771818	0.48863605366341	766
0.058324652570139	1.07199052753245	148
0.041130590971366	0.587406556553626	148
0.0667633889667551	0.680655497094375	148
-0.02681629356167	0.412672237731607	132
-0.02054390147798	0.410401139638387	132
-0.0272685011114999	0.413655990175607	338
-0.0656734587717101	1.32589760062011	338
0.099864538886739	0.743637213681568	338
0.00925119947179997	0.493620297927824	338
0.023863274661684	0.486099627797188	148
0.024777930759568	0.485508813766345	525
-0.02027673323395	0.409478238556457	525
0.09303597833133	1.14550856622467	3260
-0.0579559117478501	1.10156555455821	3260
-0.10388775478518	1.06171029767863	2675
0.02046807907243	0.488971745774085	2675
0.074883303210567	1.04243070060955	1953
0.121761868345392	0.880591814411072	148
-0.0275337041419801	0.41314398527887	148
0.024126413957558	0.486297529129953	941
-0.0248530618398799	0.411542674464278	2990
0.119478334353782	0.948551303225047	2990
-0.02681629356167	0.412672237731607	338
0.0508189874713521	0.578867750869275	338
0.05359355768176	1.00026292600421	338
0.122029725298524	0.948710188169656	338
0.108007975140761	0.823463662403816	338
0.033922156217947	0.477802751997579	338
0.075518558867764	2.18687501786907	3260
0.062100072191643	1.84087806302436	3260
-0.03822142960401	1.61237098526686	3260
0.042821863577865	1.52938517319077	3260
0.000222674052771987	0.888233646372298	3260
-0.0244002888527399	1.14820140622065	3260
-0.00379355519362989	0.89147442352573	3260
0.076342299546469	0.668314391890958	3260
0.028770399960519	0.482516920035912	1953
-0.0829531521294	1.36321497002944	1953
-0.10475101166382	1.30783093445082	148
0.046479135973084	0.583684643677063	1953
0.025032944637482	0.485654316649321	766
0.021050822262274	0.488251197847747	766
0.022437328815473	0.485061498563818	148
0.025355212710095	0.484218430760984	338
0.0581332811070751	1.06918043487764	338
-0.0911700004332501	1.03854167474828	338
0.05070589095183	0.579346013754557	338
-0.02655133741802	0.413516459136083	338
0.029028796684373	0.483077229419228	338
-0.0276250547772201	0.412152135341901	148
-0.0205832460422299	1.1385293625118	525
0.053910419291523	1.62047842888769	3260
-0.09035710696133	1.56981902171196	3260
0.109372197629254	1.17020808447288	3260
0.071848082847922	1.04839844961577	3260
-0.05521651388564	1.09563574620113	3260
-0.09421129538813	1.04802807570624	3260
0.074679314521886	0.67329425566699	2674
-0.0439687512335301	0.832194077126855	1953
0.04145243665495	1.0216197467098	1953
0.050377709041318	0.581191372480998	766
0.051216925571805	0.578983513041556	132
0.05596838950353	1.07081270857261	338
0.124596505031483	0.874968715733376	338
0.12062436367912	0.882748074711471	338
0.094067681261792	0.750595818182353	338
0.051216925571805	0.578983513041556	338
-0.04725147099286	0.834009853999543	338
-0.01845805499361	0.408763534655611	338
-0.0956342726349	0.746020099092103	525
0.123461934348823	2.03704409384452	3260
0.050696560791211	2.00465035581578	3260
0.065910079264739	1.40126474859377	3260
0.120427234432283	0.879768545831465	3260
0.090919830011903	0.756343610773942	3260
-0.00654039624706004	0.901814353879483	148
0.0126629128706151	0.491746280851596	148
0.023541124291656	0.486623205126517	766
-0.02126179208727	0.410975081816502	766
-0.0612271032453999	1.10933705519575	766
0.0232932211435261	0.487372497728726	148
0.088563635260387	1.15420850256504	148
-0.0589908097399901	1.10709930085666	148
0.046403519150757	0.583890417561864	1236
-0.0595652090021399	0.844894774932389	2990
0.057751324995548	0.572446802313374	2990
-0.0918303255909201	1.04303362024447	338
0.104718949316103	0.826741131954247	338
-0.02945043365598	0.412243364118332	419
-0.0209943829552901	0.409776652047704	419
0.020146802493525	0.488893696013304	525
-0.0333448497556801	1.60110466928523	3260
-0.00538106539972993	1.20108995751085	3260
0.0273086806762261	1.28758441324988	3260
-0.0979495370835799	1.2859996731635	1953
0.068364101746934	0.678769378087003	1236
-0.07749982275518	1.35237492661255	2990
0.086549697849164	0.760584207501529	2990
0.05500708637083	0.576236141885541	2990
-0.05211263370159	0.835403026003513	338
-0.0282514925208599	0.413283993547182	338
0.074046702638692	0.671869359783591	338
0.019563471132187	0.489615442131538	338
-0.0467891839077299	0.832996773712033	148
0.0876131165965201	1.85658285042413	3260
0.086320802010151	1.64629407629584	3260
0.103955707873649	0.823014293651522	3260
0.108230673605084	0.82125881967952	1953
-0.0648380637443999	1.33020520553803	1953
-0.01267035305988	0.909855292422656	148
0.063001951330815	0.683452602870219	148
-0.00332220205490996	0.896938074334875	148
0.04994577766228	0.581730930079566	3529
0.02046807907243	0.488971745774085	148
-0.04908522893844	0.835144586479426	132
0.02413204684269	0.484654206701602	338
0.018396040612831	0.490271397263528	338
0.0508189874713521	0.578867750869275	338
0.0701775126309701	0.678272566722145	338
0.097856884181708	0.74963552111173	338
-0.0272685011114999	0.413655990175607	338
0.02213082265976	0.48751597999684	419
0.022955577507461	0.486743487685973	525
0.073240665466444	1.50122361059937	2674
0.045432316409835	1.58591861729315	3260
-0.03690539080407	1.83382290927639	3260
0.0464735246032461	0.583105940489027	148
-0.10735556136558	1.52353773142048	3529
0.050194666437503	0.579508239942932	1236
0.015313266708984	0.491302403590035	338
0.093703329186956	0.754480853978476	148
-0.10138421173787	0.750054826190905	338
0.097300999183317	0.750107238460331	419
0.052238425618642	0.577634620167254	148
0.046553626280165	0.584006513426087	525
-0.03593911946643	1.83665184571123	3260
0.046017660541479	1.31817393826494	2674
0.043738238948398	1.0162510468024	3529
0.0539882366235001	0.577157698100559	148
-0.0107121982468801	0.90687656137666	148
0.0620146013965131	0.683875042382447	132
-0.00552554582496989	0.901336015294575	148
-0.05007462689646	0.837191734401835	338
-0.04304584551746	0.83102684917276	338
0.0798019470332551	0.667397048666051	338
-0.04113706482635	0.826971854529548	419
0.06597151045155	2.06342645901195	2674
-0.0672299841480699	1.11373095652453	148
-0.04192059717561	0.824932636341774	148
0.043701101735927	0.583979724437439	148
0.0453653703296381	1.01536366446697	549
-0.00197138534627994	0.893487537511849	148
0.078699498205161	0.668647075938239	338
0.038113582516263	0.588829676031153	419
-0.0956342726349	0.746020099092103	148
-0.09793575902146	0.747877004766513	525
0.07310156410499	0.672051503456679	2674
0.027863955920451	0.483928968898868	148
0.09813480151589	0.746746425625134	3529
0.06742055899984	0.679853194088937	148
0.014707065254713	0.969636787155697	132
0.079170478145195	0.668032586243667	549
0.079067805664922	0.663909104464442	338
0.023874039063565	0.486927927519843	419
0.0620563715483941	0.683672066361899	525
-0.04227919389616	2.31200331494533	2674
0.002657396904299	0.888070279780116	1953
-0.0973884846617199	0.745316337815843	148
0.096378499155785	0.750313778251833	766
0.05376184982813	0.577038633160897	148
-0.0894073298782501	1.0391660978566	148
-0.09122993844272	0.740243783604558	549
-0.10194552741902	0.749448201140637	549
0.089686868044117	0.757514714026737	338
0.0759679802015319	0.669213087434619	419
0.02046807907243	0.488971745774085	525
-0.0965525770918201	0.74390145881461	525
0.023541124291656	0.486623205126517	525
0.050644410584576	1.00631355570086	2674
0.114799574255083	0.810640768273516	148
0.0269248090176309	0.955408688202147	148
0.02322556391969	1.29605697268963	148
0.097856884181708	0.74963552111173	132
0.092350211016773	0.75416765832922	148
-0.0423826769265201	0.82549954856752	148
0.0456332633866861	0.58446214274432	338
0.071503908176767	0.674432848485306	338
0.090735080403607	0.753272531786306	549
-0.04910206806615	0.835237800436308	419
0.044038008673602	0.584773393056634	525
-0.07071208733367	1.33566998505458	2674
0.05500708637083	0.576236141885541	148
0.09593435272485	0.750763129797629	148
-0.0955636051243101	0.74282770604816	139
0.041562729513297	0.587032317765048	1263
0.0761135995935041	0.670624604101906	338
-0.00365684715971004	0.899538831022518	148
0.088458745849874	0.755208340421682	549
-0.10425502602941	0.752165824741335	148
-0.0468569727534001	0.835457138466888	148
-0.03145690400596	1.1599425144301	148
0.067280377502936	0.680555980129505	148
0.114243148897058	0.815122274793454	3529
-0.08700518664516	0.734335675937489	148
-0.00822659022405992	0.90154806206185	148
-0.10411203539575	1.06442754807731	148
0.042073693520404	0.586934090859484	148
0.105385168491948	0.824688325729201	148
-0.02224709287202	0.410608941783725	148
0.0223885826807479	0.487091304289586	525
-0.02126179208727	0.410975081816502	139
0.047421758695448	0.582895556425818	1263
-0.00508907541737003	0.900851760082789	148
0.027106813571845	0.482587748491643	148
0.102332435172665	0.825976176921251	549
-0.0282514925208599	0.413283993547182	148
0.026957364462212	0.48365648985277	338
-0.09887395139294	0.748376430830867	2674
-0.10138421173787	0.750054826190905	148
-0.0663378312945699	1.33376771665872	3529
0.046143796159531	0.583984480648196	148
0.024770833413836	0.484338964700153	148
-0.04771390287254	0.834730965978367	2674
0.09496589338479	0.752385657569822	148
0.046143796159531	0.583984480648196	2674
-0.0125318972728401	0.906887369691101	148
0.024126413957558	0.486297529129953	139
0.0232932211435261	0.487372497728726	1263
0.011634063593528	0.490696156903202	1263
0.04994577766228	0.581730930079566	338
0.06742055899984	0.679853194088937	549
0.070952359244948	0.676646519053922	148
0.092676088143472	0.75181855951543	148
-0.0272685011114999	0.413655990175607	148
-0.0266455653020099	0.411660707456765	148
0.019301826126752	0.489626676436646	525
0.042012096371034	1.01698238689333	525
-0.02126179208727	0.410975081816502	1287
-0.02905223994073	0.412177524206833	148
0.048925626216875	0.581990256936947	766
0.02213082265976	0.48751597999684	148
-0.0269975705455501	1.15152169100316	148
0.07499122575943	0.670844352847662	148
-0.02296597963264	0.410908197770573	148
-0.10698312098619	1.31085645475392	4529
0.0631630139649541	0.564898725931327	2674
-0.05251375076358	0.839425290892547	148
-0.0311435899907899	0.41466914140038	139
0.087625614714103	1.15695295705616	148
-0.0308800899146	0.413479379600555	148
0.074208169876688	0.673075292425596	169
0.046042408356414	0.584258121837317	529
-0.02081045464866	0.408933527207846	766
-0.0290088534612301	1.15704727176737	148
-0.0177419809880199	0.408465897919083	148
-0.02655133741802	0.413516459136083	1263
-0.0167559082206199	0.407972067925741	338
0.019563471132187	0.489615442131538	525
0.078417013672982	0.76710891056879	2674
-0.0463283808224699	0.834345727325647	169
0.022047743818713	0.486175826254412	529
0.027064560911424	1.28755691886579	766
0.030845354257755	1.56088284058887	766
-0.02204793512445	0.410502951592421	2321
-0.0930413022776	0.741070812797572	148
-0.0213339937447401	0.410034538747514	1263
-0.02303104447883	0.410996649608088	1263
0.078354475992368	1.1079119527091	549
0.054211116668713	1.07795287010519	549
0.018658717968524	0.489036202673862	148
0.0430172697849009	0.58577079046855	148
0.061541278949108	0.682392077803193	2674
0.05303617133165	0.57566754602637	2674
0.0272811528101971	0.484048387209294	148
0.069276155372203	0.677507352788745	169
0.025032944637482	0.485654316649321	139
0.025032944637482	0.485654316649321	148
-0.0984539211139701	1.05556414332679	549
0.033922156217947	0.477802751997579	549
-0.0227622512530099	0.410642108899905	549
0.025032944637482	0.485654316649321	549
-0.0956342726349	0.746020099092103	549
-0.0219800607115199	0.411274533949238	148
-0.0561057835095999	1.38770459112938	148
-0.02054390147798	0.410401139638387	766
0.049458508129321	0.579414238669438	766
0.093258496111483	0.755184548775958	148
-0.09073548436126	0.739964532356713	139
0.043095066523161	0.585934535298324	148
0.097635561443895	0.746501339572181	549
0.023219745533527	0.485729407307986	549
-0.10188258443892	1.06211710429363	148
0.066291697755233	0.681213975162001	148
0.02046807907243	0.488971745774085	525
-0.0366953222754201	2.14325350862934	2674
-0.00810417892223003	0.905474597546475	2674
0.01988508042586	0.489418532086656	882
0.018718315979064	0.48956308680362	882
-0.00723213020344993	0.904505710076435	766
-0.12002703999131	1.07894945629152	766
0.0420145134541	1.01982423818559	283
-0.0753275763489401	1.3483348125335	148
-0.0916621970815801	0.737514437441787	139
-0.0483076638001201	0.836762263127822	139
0.020146802493525	0.488893696013304	549
0.051396861230372	0.580465035444476	148
0.058150922206422	0.570567898638516	148
-0.0468569727534001	0.835457138466888	525
0.101551157074515	0.82864647740511	2674
0.027993686825495	0.949263372055064	2674
0.078228365116862	0.669055552119672	882
0.046042408356414	0.584258121837317	148
0.110732075323417	0.819583654439081	148
0.025939335704131	0.483894472955633	148
0.045460259310538	0.584680774888386	1075
-0.04725147099286	0.834009853999543	148
0.00786972307738598	0.877360013471702	148
0.097358776268646	0.746688913566256	148
0.050887377243427	0.580940901573	525
0.031267800240829	0.94711420771741	169
-0.06444823656369	1.11299093494792	169
0.080969345404776	0.664628134236811	169
0.018979883904056	0.490062948615881	882
-0.10620812247191	0.753746896518484	882
0.0409841400100081	0.586815754597546	148
0.018074542770612	0.489482847860143	525
0.014409992178878	0.491945039298103	525
0.052126398885587	0.577858320833396	525
0.0244546030278719	0.486210829047288	169
0.112828341997859	0.817193940407828	766
0.020207465749117	0.487853014850325	148
0.014731756800628	0.491631095324249	148
0.019301826126752	0.489626676436646	525
-0.0465255442738399	1.55459074272694	2674
-0.00666891336966002	0.903699767117834	169
-0.09887395139294	0.748376430830867	283
0.0533290170567851	0.576607881856941	148
0.118873379832383	0.808771270696962	148
0.043969735169426	1.01699778310818	148
0.101093204126776	0.74444678499081	1075
0.00865135460796995	0.977516536338462	148
0.070952359244948	0.676646519053922	148
-0.04666592381331	0.832084929567095	169
0.032974969558192	1.27862628765901	169
-0.0468569727534001	0.835457138466888	882
0.061541676482838	0.684142085633961	148
-0.0492314060921699	0.83704534343415	148
-0.00692211777151996	0.897752636426838	148
0.11312075178334	0.815538908972896	148
-0.03785867273425	0.821519132732989	549
-0.03891337535408	0.823252438462284	549
0.097745682199383	0.749055185774957	148
-0.0491504537298799	0.835010145377515	2674
0.099470540723686	0.745397259216458	169
-0.05654653880886	1.10297657633945	882
0.021461356473476	0.48604719450971	725
0.051216925571805	0.578983513041556	766
-0.10302275989308	1.06023911105248	148
0.052238425618642	0.577634620167254	148
-0.02126179208727	0.410975081816502	525
-0.000843704271010104	0.893074643185879	525
0.113610869126562	0.812319319292352	169
0.051124297291369	0.57395631191875	169
0.048364847705524	0.580893239161731	148
0.044471463975862	0.583158043101123	148
0.0160475503587531	1.23731390396243	148
0.044044491351933	1.01439029484362	766
-0.09350762365629	1.04815976147144	283
0.111570946431512	0.819360349115924	148
0.078361676385585	1.17150813164198	1075
0.065491991641784	0.681299972255719	525
0.099532816492938	0.746596640805049	148
0.0560552083935541	1.36314275980997	2674
-0.02160228096364	0.409501347707808	529
0.0247114467027531	0.485765853390852	882
-0.01982638852231	0.409294816847698	148
0.091032329485371	0.754537074409085	148
-0.0272685011114999	0.413655990175607	525
-0.1008810277968	1.0605132552227	525
0.117655991160852	0.884585116945207	525
0.081980546978873	1.48151653226558	169
-0.0664056864696501	1.33120421839219	148
-0.10553120163557	1.30798492739656	148
-0.0275337041419801	0.41314398527887	2849
-0.0321223702645701	0.414294926993374	2849
0.054740090754606	0.998778211962194	549
0.055794451752347	0.574590879003387	549
-0.02081045464866	0.408933527207846	549
0.044212408879249	0.583970126946329	525
0.091923196660488	0.755762744558485	148
0.026440908340482	0.954254136541557	148
0.046353548270943	1.01154410318	525
0.069676324104254	1.12313994291124	148
-0.10212522977079	1.30203055895862	148
-0.0238377480487499	0.408906599675122	2849
0.033652588867074	0.590527470780259	525
0.112513585010681	0.814804736865113	525
0.054827740091293	1.36332984471287	169
0.078802243876133	1.43075780216459	231
-0.00564785257225009	0.898996392903336	148
0.018658717968524	0.489036202673862	549
-0.02655133741802	0.413516459136083	525
-0.10446028666369	1.06322022250476	525
0.107917328458407	0.821257465860754	525
0.058679041326722	1.07147256701054	231
0.0223885826807479	0.487091304289586	169
-0.02126179208727	0.410975081816502	766
0.093703329186956	0.754480853978476	176
-0.01845805499361	0.408763534655611	2849
-0.00971408614456992	0.90509549988449	549
-0.05303804473065	0.837578694574569	525
0.096344054237335	0.747720983895777	525
-0.00943930428561002	0.904192248053357	525
0.05427027546622	0.57678923130708	169
0.051216925571805	0.578983513041556	169
-0.09104387182327	1.28049757402549	148
-0.0090431267667701	1.20500610447348	148
-0.0276250547772201	0.412152135341901	549
-0.0183988133216799	0.915000644340582	525
0.096065402851544	0.748047510157364	525
0.000901809967436051	0.891145298100946	148
0.074062414112245	0.671033184529442	766
-0.01702628305176	0.407896565848327	274
0.046553626280165	0.584006513426087	549
0.070463053659766	0.676283922324342	525
0.075109674645752	0.672651192821068	525
-0.0219800607115199	0.411274533949238	231
-0.02231647525331	0.410527599337308	283
0.039473266963721	1.02184256023941	274
-0.01884256586002	0.40780874728478	231
0.074782561960323	0.669356249234692	766
0.070498252986762	0.676482753100705	161
-0.0167559082206199	0.407972067925741	525
-0.10138421173787	0.750054826190905	525
-0.00571002806927989	0.899529566460029	525
0.00137943559267595	0.891338213101178	525
0.022658723618691	0.962574891157833	525
-0.0571034359092499	1.10410561525234	148
-0.01673081572155	1.21512431504608	176
-0.0954649279480799	0.743144794083816	525
-0.07266184847464	1.34566445539275	525
-0.104888281963	1.06373626573243	525
0.068124584136671	1.05060680465108	753
-0.00266019135590989	0.89811364170398	525
-0.0268162875415401	1.87774622614452	231
-0.02054390147798	0.410401139638387	1075
-0.0958701281869601	1.04876374253265	274
-0.0240837988842599	1.14448983050881	525
-0.02054390147798	0.410401139638387	231
0.048337090341895	1.37906453256275	148
0.050112760857161	0.575311051600833	1075
0.019300925068923	0.966768702503259	525
0.058693109897155	1.07067549118954	525
-0.0506008627741601	0.837514751573075	753
-0.02243081627196	0.409335013447221	766
-0.06256256565916	1.11157861907465	525
0.025937622719385	0.48352131368199	525
0.037987553346523	1.47824794924166	231
-0.02303104447883	0.410996649608088	231
0.04164168675995	0.587040348971874	148
-0.02655133741802	0.413516459136083	1075
-0.0321223702645701	0.414294926993374	1465
0.11446821522989	0.81497960930819	525
0.111990199708047	0.81888179584995	525
0.015313266708984	0.491302403590035	148
-0.06510558105177	1.77121205690298	148
-0.0423154415262199	1.37089398329308	176
-0.0278035674678201	1.15248761502922	1075
0.052826961843087	0.99993465391081	1075
0.078195740299786	1.10938863765724	1075
-0.02303104447883	0.410996649608088	274
0.115503629954853	0.814019548000507	525
-0.03526317567271	1.16447841827943	5169
-0.0235766755294	1.14601260783231	148
-0.02171241051411	0.409806924167185	148
-0.0520510339153599	0.838825499521919	176
0.0941752796541589	0.751995733393253	176
-0.05874554492316	1.1035107266033	1075
-0.0219800607115199	0.411274533949238	274
0.098686837006177	0.831257688450136	753
0.026523202592572	0.483366492541231	231
-0.03145690400596	1.1599425144301	148
0.014409992178878	0.491945039298103	148
0.09266966380687	1.20866518643057	148
0.019002094568294	1.23171544498552	148
-0.0973510323968101	1.5031302248767	176
0.0442195128527561	1.01729462888752	1075
0.056240164727035	1.07329479568537	525
0.01988508042586	0.489418532086656	753
-0.0567574828825099	1.10282955242506	176
-0.1167089255021	1.73565354164857	231
0.050194666437503	0.579508239942932	231
-0.02296597963264	0.410908197770573	148
0.106272263613008	1.18020326558053	176
0.0834269683511471	0.763113911098537	176
0.096924085519049	1.19828555778154	1075
0.065271995692912	1.05233188161275	5169
-0.02296597963264	0.410908197770573	148
-0.01845805499361	0.408763534655611	148
0.0964859297662341	1.20028938547307	140
-0.00560869882704007	0.896662213114401	176
-0.0626877775643799	1.11239415483294	1075
0.02099228069462	1.30114212502118	5169
0.069951039126082	1.05261060440575	231
-0.0965024004294099	0.745754612743106	148
-0.02655133741802	0.413516459136083	148
0.0326648961995411	1.2785034000872	148
-0.0275337041419801	0.41314398527887	148
0.092589065040163	0.752029279972254	176
-0.10011496215973	1.51019867602032	1075
-0.0946461692690701	0.745493654326501	520
0.041493380219654	0.586603980263233	525
-0.0324854055897501	1.1594832176859	161
0.02046807907243	0.488971745774085	753
-0.00316300291583005	1.19736311826914	176
-0.09560465538843	1.28736817480995	753
-0.02224709287202	0.410608941783725	176
0.08228468872822	1.10115691918957	148
-0.06148927793694	1.11031941177663	148
0.066448882851503	1.05676899799294	148
0.075064082327259	1.37906389948741	148
0.029610834728566	0.482297418223224	1075
0.080197138257656	1.10561235241516	5169
-0.0902412031006401	0.739444712132358	5169
0.023317144726676	0.958063992424106	176
-0.02511814143824	0.41200820059487	148
0.046553626280165	0.584006513426087	1075
0.06932870115028	0.677102341015061	1075
0.028154748830873	0.953893268723912	1075
-0.0602538150213501	1.10762240818568	161
0.124184211706612	0.877749605802043	161
0.112247766040956	0.816781561883453	5169
-0.0455317890354601	0.830441317336749	176
0.028188183388224	0.482636565734394	148
0.108075428368294	1.17797631764587	1609
0.099914445892245	1.19615389893923	176
0.051330033112829	0.578081124883658	1075
0.051172570889946	1.08036925814804	161
0.021050822262274	0.488251197847747	176
0.043675238799251	1.72407538332609	231
-0.0258345509801201	0.413043803481388	148
-0.0959213954584499	1.29008909458377	1075
-0.0454060473848501	0.832839549574119	161
0.10707886524666	0.82063215009426	176
0.083517389580467	1.86499978648077	231
-0.0311435899907899	0.41466914140038	148
-0.0468569727534001	0.835457138466888	148
0.08431960787466	1.09611954829006	148
0.02271214907369	0.487579497608867	140
0.0755382579271811	1.11143652224435	140
0.067400037520026	0.679813497175578	1075
0.025450538984823	1.21940496528238	1075
0.0198262997302	0.487032938206078	176
0.0750070756688001	0.670850747447366	176
0.053569588186608	1.00190754130788	176
0.075905297886365	0.671213119241181	176
-0.0272685011114999	0.413655990175607	140
0.092018054524587	1.14882836349332	1609
0.043664952382287	1.32130050384471	1609
0.028879562575695	1.28441107014474	1075
-0.0167559082206199	0.407972067925741	1075
0.060217220204008	0.569768138634902	655
0.0223885826807479	0.487091304289586	176
0.04198934404314	1.97743207505236	231
0.052117990136563	1.07959232810629	148
0.108993628066687	0.821746649999952	148
-0.0431756063017701	1.37275009218028	1075
0.019563471132187	0.489615442131538	1226
0.054740090754606	0.998778211962194	274
0.020207465749117	0.487853014850325	969
0.02463773590339	0.955289144897296	520
-0.0506008627741601	0.837514751573075	5169
0.051095467985648	1.00312552735268	176
0.121738397249937	0.795706150301135	176
-0.05371549501374	1.09524525967223	176
0.031858046760526	0.479592176505172	176
0.042821701799778	1.78130566218028	231
0.053478528277691	0.577319110178382	140
-0.02798604242193	0.413256750767976	140
0.04994577766228	0.581730930079566	148
-0.0257137890852499	1.41442891565355	148
-0.0748917898013	1.348677365534	148
0.07639458076465	1.0380645727268	176
0.075225912975778	1.10950521408611	274
0.095966150563616	0.751806459961886	161
-0.02374598899693	0.411135954461803	753
0.018718315979064	0.48956308680362	176
0.047930602539907	0.581938905785551	148
0.123382741664264	0.877862551278781	176
0.123808599266535	0.875957224985078	176
-0.00234924229347011	0.895496976415547	176
-0.00877200856390004	1.89263499730848	231
-0.0282514925208599	0.413283993547182	140
0.120945564395414	0.803793691272137	148
0.046130137190485	1.0143284568992	148
0.03905857688989	0.587667515909288	176
0.091101960883652	1.14967696471861	148
0.119032397227572	0.805908482479816	176
0.11408594226082	0.81576616472423	176
0.0223885826807479	0.487091304289586	655
0.109913228031815	0.818849223011184	176
0.046210198934688	1.38247560215766	1609
-0.0584148725107501	1.31455566475714	1075
-0.02126179208727	0.410975081816502	655
-0.06321632834477	1.59464451944662	176
0.068254130722447	1.33307926731153	148
-0.02053543179822	1.40135706823271	1609
-0.0916718942050301	0.739129017850734	176
0.066253923963418	1.33737329103838	1226
-0.00984981297467002	1.20873976172109	176
0.099577577285379	0.74592684122528	176
0.114770186488463	0.812496892087053	176
0.023541124291656	0.486623205126517	148
0.069595039903979	1.39302493302018	148
0.10504722825215	1.29931608225403	1226
0.078717919400296	0.667870587055351	161
-0.000535830636569923	0.893411550462192	161
0.080969789102201	1.1035396195243	176
-0.0963632602536999	1.05253332928877	176
0.124287382543948	0.94330467874293	176
-0.0987562292720801	1.2970387205044	176
0.0420145134541	1.01982423818559	176
0.017739122217181	0.968254226783385	176
0.045342765509109	1.320948773691	176
0.071816049042996	1.12001706477861	655
-0.01702628305176	0.407896565848327	148
0.111249283511716	1.16881197544864	148
0.074154414311001	1.11559156900073	148
0.048006237158267	0.582368210709497	1226
0.016216387190556	0.489528749497461	176
0.061262884381315	1.06578105545687	176
0.061008114557736	1.35311250594899	148
-0.02062042675795	0.40900976372954	176
0.042979035357927	1.32538464799732	176
0.00345051401157703	1.49389844305965	176
0.094963836061669	1.14218586202909	176
-0.1180170227505	1.65720152702051	176
-0.00859074094941992	0.903658932187242	140
-0.0462036113569599	0.831908676858292	140
-0.02374598899693	0.411135954461803	148
-0.0951401345906999	0.745894843709305	148
-0.0219800607115199	0.411274533949238	655
-0.10766195288456	1.71407374249901	176
0.120682210271692	1.20649833246705	176
0.023863274661684	0.486099627797188	176
-0.02269870771255	0.411303674855888	140
0.110533007357557	1.61910019705033	140
0.096112257335494	1.44582470035584	176
-0.00584203211879997	1.44894972524955	176
-0.0676608074552201	1.33296641039125	176
-0.0258775130806199	1.15109214376168	176
-0.10444323850504	1.30212273034581	176
0.020772947436046	0.486010297709829	148
0.101048538918821	1.19289342718584	148
0.043178908908347	1.01866990292149	148
0.109749481750203	1.34113372118192	176
-0.0969815041705999	1.0488274155746	176
-0.02681629356167	0.412672237731607	148
-0.03389595485908	1.16442621527421	148
0.062622111056804	1.40612426730426	176
-0.0172662915007999	1.63048640727026	176
-0.0147146342386899	0.911020237420779	176
0.024126413957558	0.486297529129953	176
-0.0634229855433599	2.2481983383325	176
-0.05761372763137	1.7505082526785	176
0.078390893349036	0.668968577245177	176
0.023541124291656	0.486623205126517	176
0.040094593729082	1.53533839806612	176
0.023541124291656	0.486623205126517	176
0.05229451806222	1.56841646681788	176
-0.0160408315278899	0.407403518042765	176
-0.00695701370877	1.44689902489282	176
0.012269555152486	1.47578765562162	176
0.068269864250497	0.679124856615776	176
-0.0982665619396701	1.05119242543796	176
-0.0506524672229101	0.838972572899722	148
-0.02296597963264	0.410908197770573	176
0.021040191453822	0.959030423205144	176
-0.0248530618398799	0.411542674464278	148
0.013080290245066	1.94951187640191	176
0.026201588560498	0.484339946364837	176
0.065969535428182	1.34126246347243	140
0.054897507576278	0.576398296971569	3747
-0.01845805499361	0.408763534655611	3747
0.096411233434052	0.751468777011457	176
0.118637409528799	1.32506203241771	176
0.021806919098716	0.487298612728869	176
0.01537381929037	1.94326009308803	176
0.0846337170800659	1.41506645485055	176
-0.0331646115566899	1.75649777907386	176
-0.0952510638745301	2.19895000785553	176
-0.0248530618398799	0.411542674464278	176
0.080063467514223	1.10509305194031	176
0.113802992823276	0.812566000025587	176
0.080475087787218	0.764997767823409	140
-0.0227622512530099	0.410642108899905	3747
0.119189777853707	0.883332610094923	3747
0.0391902204443561	1.33294511937453	176
-0.0426424396941401	1.61970028644418	176
0.045460259310538	0.584680774888386	176
0.000733972621818957	1.50231344893079	176
0.0440242192293811	1.01638743140599	176
0.111990199708047	0.81888179584995	176
0.0739892854959719	1.11392786102297	140
0.054440470907933	1.0773286983941	3747
0.118982579410641	0.807523846132742	3747
0.106603898173102	0.824686938946543	3747
-0.07163283287303	1.33882844943089	176
0.0649035452969931	1.06076851212409	176
-0.10133535729095	0.750054808327821	176
-0.01984218929084	1.13850615639272	176
-0.0950693784226899	0.741849432324033	176
0.105474637678185	0.823826406572252	176
-0.0424094885762001	0.819372441581558	140
-0.0763883639271601	1.34805308080032	3747
0.050625029625372	1.00694034403943	3747
0.0900870566976501	1.15305050838184	176
-0.00199577364282999	1.43655701319334	148
-0.0105248642145399	1.45731389282135	176
0.055440405788993	1.36398934294073	176
-0.0301650740028001	0.413168838752643	176
0.031261432212854	1.5607258753759	176
-0.03356516575946	1.16065277002125	140
0.054561155694301	1.36717013668072	140
0.048036343783471	1.63944040658082	140
0.087109843829446	0.759336910109384	3747
-0.0904289021867899	0.739562305388928	176
-0.11030207138637	1.31892386238248	148
-0.0617605789622	1.11081162216423	148
0.098273922665751	1.195704747372	176
-0.0552969315624099	1.09735258484673	176
0.122149874070399	0.879838204709822	176
-0.03257526143736	0.414692514464788	176
0.0257791291220431	0.957813585396321	176
0.123259227328312	1.20364694679696	176
-0.06904144674562	1.33425142547788	176
0.024050159032462	0.956705015308512	176
0.117987401537902	0.808673178740054	140
-0.09750804292964	1.05511824786628	3747
-0.0119683882491	0.906642731899517	176
-0.0462658419111901	0.832779459230108	176
0.111716584077055	0.817873419227499	176
-0.11104290463649	1.0711168132656	148
0.048232354740464	1.37925314500667	176
0.01988508042586	0.489418532086656	176
0.044038008673602	0.584773393056634	176
0.034123147826812	1.27274839456832	176
0.074638811426764	0.673688841918305	176
0.064462460201837	0.681824562229503	140
-0.09650921152461	1.05352432240843	140
0.122938606528769	0.801679745665207	140
0.116195390459891	0.810237707102665	140
-0.01982638852231	0.409294816847698	3747
0.025355212710095	0.484218430760984	3747
-0.0450758372003	1.37805291104122	176
-0.0969458933682801	0.746210989881604	176
-0.0239983327681299	1.41286766251236	140
-0.0741597341567899	1.34548127978435	3747
-0.0943544778665499	1.28766984066443	148
0.025570756185273	1.29414870827917	176
0.050907245606822	1.3081880379718	176
0.08823862230906	0.758732207383171	176
0.065303824099782	0.680542919095939	235
0.102478000550123	0.828654459541476	176
-0.00404714359698999	0.895816412987932	235
-0.04811562109168	0.834006550157865	3747
0.033216624962134	0.590628198496988	176
-0.1113712064174	1.07142075231542	176
-0.00128410175016991	1.1849774217935	176
-0.05771500304889	0.843095169922248	176
-0.03235574785116	1.16153004416435	176
-0.0258345509801201	0.413043803481388	176
0.042225551441497	1.01949653058317	176
0.077693099293843	1.10602383622407	176
-0.0425846091014499	0.830015628268642	235
-0.04250063876415	0.824836216341743	176
-0.00596214519286997	0.90155801477172	176
-0.1056021312831	1.06268725452794	235
-0.0206624725792299	1.39883531757015	140
0.049846333308467	1.00679956386762	176
0.048925626216875	0.581990256936947	176
0.043837354398639	1.01742767856522	148
-0.0892531586215899	0.737615174856728	176
-0.02766777841704	1.33277321533046	235
-0.08216125986375	2.14933022518521	140
0.052807560501857	1.00364007699582	176
0.10765252708646	0.822475057981172	1129
0.018310473937299	1.23305555123091	140
0.099532816492938	0.746596640805049	148
-0.1002014935111	1.50985792211854	176
-0.00309610097596003	0.898858393241256	176
0.041493380219654	0.586603980263233	176
0.046984613780248	0.583096671940291	176
0.095856316101086	0.75148335431577	176
0.00828586927573505	1.25321966548346	153
0.06267895727727	1.40984115707393	140
0.027540497875428	0.483333049189275	2756
0.000944624832832974	0.89207693097173	1129
0.05449775594732	0.576796655212425	1129
0.085131452441201	0.658196572145362	140
0.093238360472042	0.753268413420136	176
0.00884008258899804	1.47356011268322	176
0.00890352564381702	1.4835148569339	1854
0.080111978926794	0.66610232428726	1854
-0.0902412031006401	0.739444712132358	235
-0.0276250547772201	0.412152135341901	2756
0.027540497875428	0.483333049189275	2756
0.104822773876626	0.824451167290148	235
-0.02296597963264	0.410908197770573	235
0.101980829349639	0.743551586037631	140
0.0126468676646631	0.490669575447164	2756
0.060023326698776	1.6653888941602	1854
0.018979883904056	0.490062948615881	235
-0.02374598899693	0.411135954461803	235
0.096344054237335	0.747720983895777	2756
-0.0244048902648399	0.410464208205061	2756
0.067871821974537	0.678849066700979	148
-0.02896749861384	1.42383863634644	140
0.015635472514211	0.489856186901135	153
-0.03511371311541	0.816248626836534	699
0.0508189874713521	0.578867750869275	148
-0.01982638852231	0.409294816847698	2756
-0.0275337041419801	0.41314398527887	176
0.024448238004705	0.485979489293663	140
-0.01870431283686	1.40203740930329	176
-0.0985990073502201	1.05537277128307	176
-0.0311435899907899	0.41466914140038	235
0.04258447248443	0.586568109376667	153
0.022412998862423	0.957289935936672	153
-0.0241372766757999	0.410514033565441	140
-0.02681629356167	0.412672237731607	140
0.100639240540127	1.81666576749422	140
-0.02296597963264	0.410908197770573	176
-0.0439687512335301	0.832194077126855	1854
-0.01845805499361	0.408763534655611	140
-0.02655133741802	0.413516459136083	176
-0.01393770403739	0.405210698913732	176
-0.0932144978765499	0.743883074867875	148
-0.0163109608263099	0.406800295212078	1854
0.0232932211435261	0.487372497728726	235
0.0247114467027531	0.485765853390852	140
0.019242636889533	0.488316656329156	176
-0.02081045464866	0.408933527207846	176
-0.02152858466472	0.41003633195509	148
-0.0177419809880199	0.408465897919083	148
0.027863955920451	0.483928968898868	148
-0.0219800607115199	0.411274533949238	176
-0.0248530618398799	0.411542674464278	176
0.067892407182147	0.679441541768604	148
0.109072189624558	0.820538892097151	1460
-0.0535330760398001	1.81153739936667	140
-0.0539348357954601	0.839968103587068	148
0.072735157589679	0.674295303926489	148
-0.07676291331337	1.72297560142815	140
0.0896726460481469	1.15296623728058	148
0.111198633304869	1.34149339608311	176
-0.0438290128664001	0.827842450636524	176
0.049453013110876	1.00827861224061	176
0.104475395770449	0.824525295262139	148
0.00801089310203496	1.4823393008612	140
0.051474622093467	0.579508952525026	148
-0.0058860631997899	0.90039843889012	148
-0.01982638852231	0.409294816847698	1460
0.090695259498591	1.15191794696482	140
0.049398878557528	0.578704046797879	176
0.014991841711362	0.491309861338566	148
0.098301505241796	0.748839619253029	140
0.078302456129508	1.10927498754711	140
-0.0529436186822201	0.838728796495995	1854
0.039568575174491	0.587147713295557	176
0.028705998608865	0.482027330230746	176
0.067234928576872	0.679784536227598	176
-0.0052731743202501	0.898511036008642	148
0.014702940627808	0.489316420013331	1460
-0.0163109608263099	0.406800295212078	140
0.04713013317421	1.08730057480561	176
-0.0685974326775201	1.33745666728783	176
-0.0219800607115199	0.411274533949238	176
0.031581897975962	0.478014366569966	148
-0.02681629356167	0.412672237731607	148
-0.0965024004294099	0.745754612743106	148
0.076911549937084	0.668191011576898	148
0.041833387398587	1.02083124828603	176
0.021050822262274	0.488251197847747	176
-0.02224709287202	0.410608941783725	148
0.02046807907243	0.488971745774085	148
0.076687974290937	1.43260135306252	176
-0.02368524530921	0.41093826511309	148
0.024126413957558	0.486297529129953	140
-0.02303104447883	0.410996649608088	140
0.07231571264402	1.7954045983268	140
-0.02054390147798	0.410401139638387	235
-0.0132244601003699	0.40491562005861	235
-0.02303104447883	0.410996649608088	235
0.062920800832548	2.12658253805412	140
0.021050822262274	0.488251197847747	148
0.048837705584495	0.579562896948135	148
0.02271214907369	0.487579497608867	140
-0.02655133741802	0.413516459136083	406
-0.11378533687015	1.53557593533721	140
-0.10281944783493	0.751751903281367	176
-0.02681629356167	0.412672237731607	148
-0.0238062238138399	1.80194032528227	140
0.063074376326368	1.71287851094737	140
0.085095400511311	1.16106417312319	176
0.073348547925947	0.673181447993402	176
-0.0483880680464399	1.79734811320374	140
-0.0241372766757999	0.410514033565441	140
0.080309608455586	1.10101737728846	140
-0.02826511476383	1.15513670293201	140
-0.0276250547772201	0.412152135341901	176
-0.00500255102631009	2.08469247638288	176
-0.0258345509801201	0.413043803481388	235
-0.02296597963264	0.410908197770573	235
0.0180030573454401	1.67260743945558	2002
0.017490111099017	0.489691604438174	140
-0.0160408315278899	0.407403518042765	140
-0.0566745454667299	1.10081067320419	140
0.04914052219067	1.57757317817789	140
0.053535977000996	1.30363014713934	140
-0.0219800607115199	0.411274533949238	140
0.117349569224688	1.91256702597738	140
-0.1032574186801	1.70848663055737	140
0.014731756800628	0.491631095324249	235
-0.0273583360894001	0.411969988811906	235
0.019378026252064	0.965110469494281	140
-0.03300421391891	1.34855916328494	140
0.08875631424271	1.15512216953164	140
-0.10605915526636	1.99118851430767	140
0.0834501290324829	1.09628449773892	140
-0.0978326949258701	1.29604875057598	140
-0.0080252747963101	0.902764709058026	176
0.0459219795438161	1.01382820151931	176
0.090578299209038	0.756358000060329	176
0.067992921964134	1.6444754026029	235
0.049278266767212	1.00962458032916	235
-0.0524918370706999	2.1273475991177	2002
0.066778474391322	1.05562017919615	2002
0.022369773407166	0.486612908966987	140
-0.01107764760952	1.45954364805576	140
0.110992333537369	1.23087758516839	140
0.084233893936536	1.41657655675177	140
0.038301306801487	1.26753392974825	140
0.045060625756573	1.31940296420659	140
-0.09502362707333	0.742673691836324	176
0.055147383258959	1.07684360900738	176
0.0558812159057171	0.995823709056184	1337
0.048884651516964	1.57175035781908	140
-0.0649592929710101	1.59905326746863	140
0.111685458877079	1.28651791406649	140
-0.0157059122741301	1.39350201669453	140
0.0441786656088981	1.32257753350263	140
-0.0276250547772201	0.412152135341901	140
0.118649135713688	1.4292913698289	140
0.074504128918681	0.670394190351731	176
0.109596991979987	1.23061220886199	176
-0.0269007210205301	1.41559482148008	176
-0.0741516407663501	1.71486513563384	2002
0.045947871805922	1.01517250837172	140
0.122794694045042	1.31453494521139	140
0.110846878758221	1.28579126465619	140
0.067892407182147	0.679441541768604	140
-0.0692029921594599	1.33322028168345	176
-0.04304584551746	0.83102684917276	176
0.04331683070993	1.32641424729775	235
0.099088544958826	0.746933026949287	140
0.022109932100803	1.65999882915448	140
0.122692609152367	1.26064139480113	176
0.031121632150471	1.49712945770123	235
-0.000725676409689902	1.19193425738482	235
0.09172694841594	1.20667625174084	2884
-0.0260992604196	0.411639865603186	140
0.096920251637107	1.43913441253123	140
0.0405115000853979	1.0202690825807	176
0.063097938128254	1.3477120422145	2884
0.07034587931924	1.63681362231804	140
-0.0629005633828701	1.76426290307623	176
0.0310583927918821	1.49200686120929	2884
-0.10813899738623	0.754684943739842	2884
0.022248882427256	0.963215634194783	140
-0.0258345509801201	0.413043803481388	140
0.069705772549621	0.678684306621727	176
0.06990736314881	1.12208714012951	176
0.043007105156984	1.01628203529845	140
0.046553626280165	0.584006513426087	176
-0.10981152161424	1.9070219703053	176
0.073284622649668	1.38472393492057	2884
-0.0516721240020901	1.09389721840558	2884
0.038952938667015	1.33272871096967	2884
0.021104457116092	0.961476612942235	2884
0.099960610179523	1.19311222374488	2884
0.073559437518202	0.671846867388362	235
-0.10871046712556	1.99818450461517	140
0.096178428960464	1.55390283847854	440
-0.0369263096770101	0.820331529105633	176
0.00325018972964497	1.4262692188696	2884
0.021806919098716	0.487298612728869	176
0.064462460201837	0.681824562229503	235
-0.09969078080058	1.05263719882505	140
0.08323036260634	1.53342418084601	633
-0.05826393570623	1.1041624578149	633
0.097137084545037	1.44002191446497	140
-0.04790606472954	0.83400010150819	176
0.051437875682947	1.00394222781321	176
-0.10897244322543	1.06898914730853	633
-0.0974515643570799	1.05462424716507	633
0.03735735803718	1.86088697332203	140
0.027540497875428	0.483333049189275	140
-0.0177419809880199	0.408465897919083	440
-0.02126179208727	0.410975081816502	440
0.00828586927573505	1.25321966548346	176
-0.07995586622416	1.55344659997161	176
0.070463053659766	0.676283922324342	140
-0.0406643692739499	0.825875537334373	633
0.033511113704118	1.7556370021045	140
0.098858420857021	0.747695003683283	176
0.025296222724603	0.484980985533228	140
-0.000603306160160022	1.72141600076421	176
0.089436247359701	1.21262900360282	140
0.100978474884116	0.745203782696207	140
0.11108306069147	1.39392150115077	140
0.049284710749173	0.579955911466618	176
-0.02368524530921	0.41093826511309	140
0.00340319027187297	0.886055114729447	140
-0.0401655307059901	1.84352657594751	633
-0.0771336449303099	1.9693730718613	633
0.068221475560132	1.12398507907979	235
-0.02081045464866	0.408933527207846	140
0.085371655804576	1.09130893258228	176
-0.00697630566462992	0.901541374862829	176
-0.10755819555808	1.52123476029868	2884
0.00980148947052195	1.24696904910134	440
-0.00496958720386997	1.44498210080597	2884
-0.0157145343001399	0.91213488534021	140
-0.0415878092166799	0.826768210873675	140
-0.08259812459918	1.55763809195576	140
0.019301826126752	0.489626676436646	140
0.089346855168046	0.757464687527103	176
0.0412106015213261	0.585685318999899	633
0.046984613780248	0.583096671940291	633
0.0322525341719579	1.75599168203913	140
0.023874039063565	0.486927927519843	140
0.121286831063348	1.74000323088589	440
-0.0471904418184399	0.833947885235395	2884
-0.0160408315278899	0.407403518042765	2884
0.091032329485371	0.754537074409085	2884
0.023874039063565	0.486927927519843	2884
-0.0167559082206199	0.407972067925741	633
-0.01989133264931	0.408322516344122	140
0.025296222724603	0.484980985533228	140
-0.0258345509801201	0.413043803481388	176
-0.02081045464866	0.408933527207846	235
-0.0945277856025399	0.74264539755939	2884
0.040444322192698	1.02165128323931	140
-0.10158402629847	1.29968015322353	633
-0.10122615111596	1.05679536755548	140
0.0272811528101971	0.484048387209294	440
0.100551166934278	1.81815851953392	440
0.035271669021009	1.5522647471807	440
0.114049893380282	0.815217214506481	2884
-0.0677620621139301	1.12005635322889	2884
0.0363287527053749	1.99132276447896	140
0.0849131552386671	1.52614266533493	140
0.081686192209756	1.0983293905918	140
0.102626138068665	1.24937196964137	440
-0.10182988102938	0.750945116951384	440
0.023036490742703	0.486096154978228	160
0.023219745533527	0.485729407307986	176
-0.00657612757109005	1.20297242239846	176
0.120733662135683	1.31983997606407	235
-0.000583348805410111	2.13493503648807	140
0.024126413957558	0.486297529129953	140
0.10454544412166	0.826177208868904	176
-0.0273352686028701	1.65619893998417	235
-0.10940045681671	1.06933091022248	440
-0.0127491523399901	1.61190678826479	235
-0.00996830903102008	1.45225403844517	2884
0.079750874654315	1.17085661681106	235
0.04391889338064	1.52750008233595	440
0.09670529603103	1.55037998282729	2884
0.00234243759429198	1.2622535627399	2884
0.0814396589313759	0.664426288494278	140
0.00530863351732103	1.70360074826828	440
0.053760790958959	1.62615742847708	176
0.087041197558591	1.75525620555618	2884
0.061069136371849	0.683569511812704	440
0.045353006186878	1.58166025364466	2884
0.047692340868385	1.31485757463456	140
0.119138317212986	0.80697200380877	633
0.044283420025978	1.01196504389711	440
0.018713772455309	0.489267128736786	176
0.0818421100215601	1.09697252755598	140
0.112345590811515	0.813141687511268	2884
0.025296222724603	0.484980985533228	140
-0.02303104447883	0.410996649608088	140
-0.0260992604196	0.411639865603186	235
-0.0311435899907899	0.41466914140038	933
-0.02224709287202	0.410608941783725	933
-0.02231647525331	0.410527599337308	235
0.048516422787647	1.01014565471566	2884
-0.02126179208727	0.410975081816502	235
0.016216387190556	0.489528749497461	1364
-0.0275337041419801	0.41314398527887	140
-0.0311435899907899	0.41466914140038	933
-0.02628576158792	0.412152659857664	235
-0.0311435899907899	0.41466914140038	3593
0.043095066523161	0.585934535298324	140
0.090477261052195	1.96173733408083	1585
0.022955577507461	0.486743487685973	140
0.0164313451350649	0.969802737593118	1591
-0.01393770403739	0.405210698913732	2347
-0.0982665619396701	1.05119242543796	235
0.089130713820388	0.758079355147045	3593
0.078136952026449	1.10869969407806	5165
-0.00801647942346007	1.6641311232905	3183
-0.0094661124314801	0.903828568632995	933
0.094534552415245	1.50494117044577	1585
0.00829655114318495	2.10448426221319	1585
0.045690375151248	2.44379167029175	1585
-0.05402198206378	0.838942130375471	1591
-0.0321223702645701	0.414294926993374	235
-0.0074063531892099	0.899794942445191	616
0.051840888992308	0.576999825318034	5165
-0.0167559082206199	0.407972067925741	616
-0.0191745054275401	0.408793596683385	140
-0.04128122180757	0.825614245844215	140
-0.0195594609890499	0.408907543271993	1585
0.044192964495584	1.58533826090338	1585
-0.0226801045026399	1.92140819595046	440
-0.01602179432615	1.39357201596383	440
0.072857782278105	0.673802679269849	1591
-0.0667596047452801	1.33103361371226	2347
-0.0946461692690701	0.745493654326501	235
-0.0973632845905399	1.05514488364997	616
0.023874039063565	0.486927927519843	140
0.019301826126752	0.489626676436646	140
0.067468093155073	2.33954905091356	1585
-0.03976752121737	0.825591779726935	1591
0.053205241686921	1.73626371751028	1591
-0.0944731529637399	0.742342543600819	235
0.019037582423717	0.488172523893389	235
0.026523202592572	0.483366492541231	3593
-0.01404629675567	2.05151793391634	616
0.111277908664172	0.816848730226795	616
0.106357952498323	1.1816392280783	3183
-0.02054390147798	0.410401139638387	1585
0.103794843692361	1.80730228552295	1585
0.00379192737523004	1.9763841422437	1585
0.11656817890776	1.21890416910532	1591
-0.06284309504627	1.7608126989759	1591
0.093372438098743	0.754559769762271	235
0.00584512109903401	1.25738040275389	616
0.0633921550632101	1.0641163724563	616
0.050723952815695	0.578124474472061	616
0.052126398885587	0.577858320833396	3183
0.00867061549090298	0.493765694840203	1585
0.104842848954413	1.5812991656311	1585
-0.0492203558462201	0.833173191031585	1591
0.018396040612831	0.490271397263528	235
-0.0076680901978099	0.905132799641932	235
0.056650832952047	1.74060644293615	616
0.052269949048768	1.81294122135173	616
-0.0535308655101101	1.73856228430802	616
0.063967559934747	1.34551764273024	616
-0.05624770869442	0.842215233586625	616
0.073559437518202	0.671846867388362	616
-0.07407553459155	1.3414241164826	3183
-0.0177419809880199	0.408465897919083	1585
0.022969991702422	0.486647207067339	1591
0.093622131482717	0.75195381109291	1591
-0.0258345509801201	0.413043803481388	2347
-0.0712532740855301	1.95109389914905	3593
-0.00746291612267003	1.59989802725657	3183
0.048395154013647	2.47236298272085	3183
0.114663428430366	0.81497713206856	1585
-0.0720155983719	1.34074880536947	140
-0.09381229253725	2.20125882552994	3183
-0.0182597130176601	1.78566860515199	3183
0.010240632077948	1.40813689272975	1591
-0.0208001339919199	1.13928097013668	2347
-0.00458706227387995	2.08267638228695	235
0.095866129103698	2.40947695106956	3183
0.014731756800628	0.491631095324249	140
0.018134549786553	0.488943388738021	1591
-0.09785074722013	1.87527832328528	1585
0.03775950511596	1.74153627849918	235
-0.04018612639736	1.36831749736298	235
0.02473946719815	2.22488961308425	3183
0.013245527953803	0.492298919499597	2041
0.051615755559372	0.578220142953797	1591
-0.0251017345929301	1.14417399102946	235
0.08957655881371	0.757374385482489	235
-0.03923320401012	2.21787774258904	140
-0.10366797086341	1.5021355355448	2041
-0.0144502474513399	1.62367911082969	235
0.041169155150214	1.25995607882791	1902
-0.1188030629413	1.32820875644649	140
-0.02269870771255	0.411303674855888	140
0.060710139765395	1.60420944363794	140
-0.00874862398224008	1.20538591066545	1591
-0.0103025223628399	1.82816123205573	140
0.056932881348418	0.573620127968333	140
-0.0221813767942001	1.14442978803557	140
-0.12098485018297	1.85258978684018	1902
0.071914431412099	0.675604549569384	140
0.111277908664172	0.816848730226795	1591
0.113959503595581	1.81025206177253	1902
0.078136952026449	1.10869969407806	235
-0.04650320214782	1.7950665366127	140
0.065126982347377	1.34179148950225	140
-0.08459073037253	0.730727401541501	140
0.037679701785417	0.588778985874086	1694
-0.10453870071129	1.06547649047253	1591
0.054998787073631	1.30004135384881	1902
0.05070589095183	0.579346013754557	235
-0.0283384601138399	0.412461825619006	140
0.07189619152928	0.674841765932611	140
0.02137253989597	0.48720056173569	1902
0.108299081935794	1.17510003286808	235
-0.02303104447883	0.410996649608088	140
-0.0598036074331101	1.58388053291006	140
0.027863955920451	0.483928968898868	140
-0.0266505299247499	1.95790945397313	140
-0.0364877627292299	1.43605700580026	140
0.112973926129291	0.817171709347808	235
-0.01702628305176	0.407896565848327	140
0.118873379832383	0.808771270696962	1045
-0.0871718073102199	1.4760360796841	1902
0.019563471132187	0.489615442131538	1902
0.095283306715464	1.14175486044867	140
-0.0458206827382699	1.37723034304824	140
0.019133552701006	0.967300898831665	1591
-0.0177419809880199	0.408465897919083	1694
-0.0995527317740701	1.05105544295655	1694
-0.0517734049582099	1.56843830701695	140
-0.01807384129817	1.39283121422592	140
0.01988508042586	0.489418532086656	1694
0.050441876766662	1.30879872589487	235
-0.0164936206509301	1.39564228059436	140
0.110916006989637	1.88416120534589	140
0.00983152936510301	0.493104173001136	1694
0.021633310190995	0.486964715633517	140
0.065451216631511	0.680130519877896	1694
-0.0722830341902001	1.53207527478345	1902
-0.0979870487155401	0.746959754979035	1902
0.0966737612367	1.77126980785299	1902
0.051216925571805	0.578983513041556	235
0.020650133882622	1.72535288648631	1902
0.065396816776651	1.64945660670803	1902
0.0763189398761081	1.43742534739224	1902
0.055956575608992	0.996439095426479	1045
-0.10403241467846	1.06238333894858	1045
-0.0209943829552901	0.409776652047704	1694
-0.00453941785129008	1.19517909789343	1902
-0.02231647525331	0.410527599337308	235
-0.09899948388039	1.50379164887361	140
0.088820035284538	2.3934538661631	424
0.047064659101968	0.583528390275705	140
0.081075236061491	2.38594888097089	424
0.077135115997939	2.05715996713153	424
0.045460259310538	0.584680774888386	521
-0.0998787011631099	1.05788744661842	140
0.049796326412217	0.579793446877527	235
-0.01967699620176	1.79040689660858	140
0.106374772479199	0.734770377604186	140
0.106374266699848	1.24149446622512	140
-0.0448693540366401	0.828566902392533	140
0.118439751321814	2.00417407961398	424
0.081939922105128	2.21847408797734	140
0.123100428805566	1.36470442015368	235
-0.02243081627196	0.409335013447221	140
-0.02188406843987	1.22468184388266	140
0.047001180597857	1.77391452982112	424
0.072882494103797	1.0446423055596	1045
0.118737372911399	1.26611574079063	140
0.06358289180554	0.68044747733029	140
0.04598581721286	1.5234933050549	424
-0.0899366553593799	0.738892223924208	521
0.074579951412429	1.67909718683557	140
-0.10698312098619	1.31085645475392	140
0.02046807907243	0.488971745774085	140
0.121420688169241	0.800485397886648	235
0.053412407415017	1.30050385064902	140
-0.04470109865286	1.78809214837664	140
0.051404986332826	1.99863055539273	140
-0.0583988208666599	1.74828444549334	235
-0.0532744429055001	1.56833546802952	140
0.014731756800628	0.491631095324249	140
-0.10681097215805	0.752995741740841	140
-0.0336811816762601	0.413176883422396	140
0.122556353521178	0.880174507350434	140
-0.01247915872765	0.909045975071092	140
-0.02269870771255	0.411303674855888	140
0.022047743818713	0.486175826254412	235
0.000694777328648977	1.18861499315524	235
-0.05830655219713	1.10025190236625	235
0.024197704557829	0.48595166057885	140
-0.0510632282630299	0.838427490707537	140
0.1160496977824	1.27717284636267	140
0.0526368526753021	0.577297034494558	140
-0.0291952633011401	1.15362617184838	140
-0.02813134900852	1.33736193156629	235
-0.04257080204745	0.825773623000958	140
-0.0372744863847301	1.98954426175788	140
-0.0429814776090101	0.830495169681687	140
0.015894522042094	0.490668273213241	235
0.022085679054625	0.960480728858533	140
0.0649127306553921	1.59436075327395	140
0.019943827785938	1.52179761040065	140
-0.00664042010978005	1.67211897423108	140
0.019950310096864	0.963883149170255	140
0.024249642350445	1.22267877646399	140
0.020414640015103	1.45495468555285	140
0.078195740299786	1.10938863765724	140
0.037595013476534	0.935636635070998	140
0.111147386476653	2.2369262920237	1033
0.068269864250497	0.679124856615776	140
-0.06411609655451	1.3283645134083	140
0.010937478914909	0.974712021154359	140
0.056141922090081	0.996663907258486	140
0.052818099586337	0.999795670496134	140
-0.0983625419009999	1.05674117410291	140
-0.0306740197586299	1.15373664094762	140
0.02168376256277	0.961897840725181	140
0.060110500248904	1.54627004715101	140
0.053767699032614	1.92342072716483	140
-0.00775439652500998	1.88462749052153	140
0.048842895616409	1.99666436544286	140
-0.0989263178050599	0.748405526735507	140
-0.00260917973728003	0.893448942730984	140
0.108375028578103	1.46630676493186	140
-0.10503174493525	1.06359593762001	140
0.095487906202962	1.14209559460894	140
-0.02126179208727	0.410975081816502	140
0.019563471132187	0.489615442131538	140
0.091135426502972	0.755506888031914	140
0.04258447248443	0.586568109376667	140
0.037490240084296	1.02441236640891	140
0.080922983747858	1.66397491918865	140
0.052672564473943	1.62793810136724	140
-0.0219800607115199	0.411274533949238	140
0.094170005801592	1.14353448841031	140
0.100565254148492	1.5967824972842	140
0.048542132670322	1.69317745012875	140
0.113144481253364	0.815843337808682	140
0.033504044189125	1.27139709049999	140
0.040187962255347	0.586683030630939	140
0.116237979047114	1.15708180570497	140
0.0111642941539229	1.24913973223486	140
0.021050822262274	0.488251197847747	140
0.016216387190556	0.489528749497461	140
0.0245537340277699	0.955047642754367	2481
0.029028796684373	0.483077229419228	472
-0.02027673323395	0.409478238556457	472
-0.02126179208727	0.410975081816502	2481
-0.10138421173787	0.750054826190905	140
-0.0125115897446599	0.404353014672515	140
0.045969789751919	0.584316078302034	140
-0.0615777822942101	1.11117607769927	140
-0.09837862249536	0.747697416421832	140
0.04322567844329	1.59083667847903	140
-0.0134080541607	1.83895810144098	140
0.047421758695448	0.582895556425818	140
0.121899679177725	1.77902569989882	140
0.100083619766281	1.64216156251018	140
0.01845862199186	0.48819762268695	140
0.105896193248107	1.73338677091556	140
0.091133906135957	1.89681351215136	140
0.112068835504817	1.56407682347984	140
-0.0699601474907099	1.93752000579068	140
-0.0177419809880199	0.408465897919083	140
-0.12387417070221	2.2121326119314	140
0.081656137458468	1.76807128601402	140
0.118873379832383	0.808771270696962	140
0.024448238004705	0.485979489293663	140
-0.0255692233576701	0.412012891941837	1099
0.094706745316689	0.753206665326789	140
0.049854072495245	0.578577034319724	140
-0.02231647525331	0.410527599337308	140
-0.0369263096770101	0.820331529105633	1099
0.116478932338738	1.54798248438734	140
0.00995142640566204	1.75037196019338	140
0.018396040612831	0.490271397263528	1099
-0.02152858466472	0.41003633195509	1099
0.07354553168559	0.6695460244989	140
0.021806919098716	0.487298612728869	140
-0.03983400249458	0.825596561239522	140
0.037679701785417	0.588778985874086	140
-0.02062042675795	0.40900976372954	140
-0.0192280933857101	0.407571175255907	807
-0.00332220205490996	0.896938074334875	140
-0.0219800607115199	0.411274533949238	140
0.022969991702422	0.486647207067339	140
0.034724478744933	2.11331025877912	140
-0.02655133741802	0.413516459136083	1312
-0.0275337041419801	0.41314398527887	140
0.087528967251267	1.15670870507766	1312
0.074599538479053	1.73332862540908	1312
0.028941122710079	1.70587010105199	1312
0.00999189689829405	0.976815457916161	140
0.029028796684373	0.483077229419228	140
-0.12124984918799	2.0336819489098	140
0.032091192293936	1.27689088659276	140
-0.10002816747195	0.749312019796289	140
-0.0258345509801201	0.413043803481388	140
