x	y
0.184440892503477	0.136898993087566
0.624084565706751	0.759455376094731
0.332868826353512	0.346772041460244
0.116263438708923	0.0960979081945549
0.479036968489739	0.440785820535662
0.0558891802131387	0.044315545639239
0.098247797356879	0.0763074813944033
0.308050676727456	0.221949319391312
0.0495413059313494	0.0390510636219292
0.128806256048288	0.111999851471933
0.487869631905403	0.606626437646014
0.360594243157619	0.335653628729139
0.638422942608287	0.570559984204322
0.521386626723926	0.45045504056593
0.147755438806649	0.0570658689249526
0.340159216058787	0.18761251116581
0.654922305543088	0.695254417424499
0.174428328581649	0.118794447993892
0.267428790066156	0.213876414890653
0.623322295797958	0.582079371647851
0.177308714043861	0.13089969341997
0.733692417115565	0.60887596924807
0.358940854316744	0.323025198888748
0.617948665596349	0.668901011255558
0.174534434931864	0.12389827952294
0.162714758591379	0.0992453831763652
0.384389734673436	0.326740262759568
-0.508931401320378	0.468268099661
0.440061138323675	0.314985779105727
0.320791205345186	0.192890823149949
0.583701039832806	0.55927053558871
0.180355356505945	0.123228712248861
0.515729369505142	0.442980295093596
0.546984690793293	0.556571461952014
0.370205869714227	0.334942816919582
0.654007261493401	0.693721777040255
0.315631311532179	0.216684680978991
0.339020581920579	0.187555614300722
0.308306076155575	0.197750543777001
0.863328203653859	0.632098309201894
0.461784439153927	0.310685346284958
0.835408551228247	0.978904259471945
1.06996418155248	0.524640045916601
-2.27333604651083	1.16216010172965
-0.770013684048696	0.338356895893683
0.157022623028463	0.0539216680988902
2.35853943898821	1.20119104492624
0.152333554816668	0.0588163373718562
0.395809177717908	0.17930246077544
0.158106662910899	0.0610075848223268
-0.22040475323253	0.0720313901877078
0.156755264990959	0.0538881191673598
-0.400099571087405	0.167848128574609
0.153817267949624	0.0593482181298857
-0.0970637201732369	0.0386561842595737
-0.0972811927858861	0.0386704976100476
-0.142900251552044	0.0516611632062222
1.81858126562737	0.723163580138357
0.456792278156868	0.185293331138909
1.76883574312122	1.78940673531259
0.711784186442274	0.465706853283947
0.141666566748928	0.0678303518111175
0.339970424438657	0.188134428583359
0.285543436597727	0.223092970460506
0.0146383712590279	0.00798503309702643
-0.410260505269323	0.231719451804919
0.405402830737628	0.183683960943082
0.145648187043975	0.0698841312035911
0.173162967209779	0.0993000262787278
0.670235681517359	0.68754440346184
-0.220179672420549	0.166588215244053
0.429071494557778	0.324324995099914
-0.603900157980311	0.491622665372434
-0.135943082639593	0.0764355426912872
-0.224475097317196	0.170294160710584
1.02357083142936	0.958822234991202
0.652438854545409	0.589929291940496
0.516302042968229	0.444881011447985
0.651250389733575	0.458398292835874
0.284431720338205	0.212803915316316
0.105538585675567	0.0800851467109313
0.111302896941789	0.0818632987688787
-0.258901825450808	0.217846114250781
-0.404925423346457	0.406151616940122
0.719061788203264	0.808640119955614
-0.0939274463834325	0.0682043194254326
0.0511586301387911	0.031403026420739
0.0881529222472954	0.0620953310476927
-0.0524598710315657	0.03287829118677
-0.0245751069839739	0.0161008669456266
0.453609157125866	0.326921510102526
0.780009668195612	0.609221702010425
0.155692702555283	0.0821917262860638
0.734547307746797	0.607014128732066
1.2281297986831	1.33354727997168
-0.021539155693428	0.0141438785383851
-0.335040981398183	0.292778676373163
-0.0870325080584219	0.0704524617959496
0.645541318364008	0.68336954397901
-0.728718590989732	0.800538577717988
0.0870512160656727	0.0633962626677038
0.19569112552129	0.174559308641113
-0.00143340538602858	0.0008019494293668
-0.0172005236170613	0.0113177357122529
0.169638379995149	0.109912341410094
-0.118584822587801	0.0699463114636871
-0.209550877591654	0.176107518954746
0.504497427641901	0.317408633007878
0.651224426519872	0.459070448817658
-0.246015122762329	0.122929191728052
0.948627838661608	0.636718299701664
0.189642293032579	0.135652741783445
0.686956626412543	0.787245487611488
-0.0373863752256282	0.0281551605429284
0.0169139785532523	0.0117072825507733
-0.171332903466091	0.159205768834949
1.08331311262813	1.36443166972425
0.598194808295517	0.661668643523154
-2.23840213606208	3.3535255157442
0.297281324732628	0.233329825213601
0.47438186508889	0.435756388876696
0.184319770943504	0.141322950760158
0.312817143262185	0.214584288676783
1.23341358464515	1.1950809697302
0.467124828766916	0.315779577162716
0.182997144110723	0.16156966472215
-0.00555749138902058	0.00277037298073472
0.0627035169061666	0.038483366635047
0.746844444729896	0.620534697428606
0.568319531308943	0.450166845083585
0.183208097311565	0.140814347401881
-0.0525832961320436	0.0329148194519739
1.34634489630611	1.4128955600389
0.566314368130581	0.447763615821427
1.37395106965044	1.2592901788181
-0.562149770918822	0.510564879655474
0.378568750410794	0.320830000802117
0.111530032324929	0.0917741086197551
-0.111963252832548	0.0659385734855263
1.02228050512722	0.956487711388154
0.406951760273587	0.334974867118273
0.99334431635566	0.805074116386373
0.69392783840352	0.327256868185279
-0.217783773381529	0.0710710016312923
0.534616498293225	0.194497997065177
0.778980903624579	0.607761713343424
1.32809975659763	0.589445113951956
0.91892593030142	0.793484911412975
0.427545903496613	0.323260327735498
0.267517165860545	0.221839314416117
-0.116505476737745	0.0832892503108191
0.869314642334778	1.09915683966185
-0.702946354301434	0.615840981822869
0.196399722989309	0.170705709664135
0.0736492507297574	0.0476741754783402
0.803465057735564	0.866800568461999
0.0346153643880894	0.0201078453561881
0.883888584561061	0.890850273561743
-0.444358471468969	0.342622124430554
-0.473433731090384	0.400523818938856
-0.342091267098746	0.243462736626956
-0.222782266946301	0.143847224217814
0.302082250745262	0.206315087897238
0.41323112609002	0.417631856103934
0.166621366837129	0.101936304927906
0.787662590984319	0.468981790894217
-0.71841689794844	0.249777152570215
1.57955625735979	0.800243929979803
1.39321237985711	1.06796551743351
0.070023651612666	0.0471609297667063
0.341810889288856	0.189084260499607
0.512999218804956	0.439187669142408
-0.8594500045459	0.980045011459268
0.191152827373682	0.136860628097426
0.183750346836233	0.150393619330386
0.12864664009501	0.112388595759287
0.645197595779058	0.680860327470609
0.269930854974904	0.252064704826881
0.131793568657309	0.117883934698215
-0.0409118867800315	0.0309423886432822
0.359261328190384	0.322841417487262
-0.48627932451934	0.413588354014216
0.0985163666557017	0.0720328741514045
0.274929224772999	0.221694057667015
1.27994487372992	0.710849052620787
1.57701914839898	0.794374657056349
0.344593378270803	0.190274813123078
-0.0986320091688413	0.0392128935635027
1.24505873647115	0.856282887095497
1.33996865782144	0.594606119763922
0.365518517567619	0.183708166314592
1.60052606758067	2.48332953401866
0.585678744085742	0.562937031941411
0.430140605277216	0.325090586936885
0.176121515985512	0.134840920410499
-0.95988165146991	1.26476315169099
-0.491264501948417	0.445221999993719
-0.623071098551045	0.556413995906191
-0.195104378524227	0.130671514687676
1.38328405722532	1.85511734730002
-0.0605748288834531	0.038013944167504
0.199024882191307	0.163958752833354
0.0523536845502528	0.0321396515004019
-0.791319472162227	0.80181204215334
0.00186967009716061	0.00117779568363751
0.191086459360387	0.152379405582504
0.41172699982439	0.324530523790048
0.354580745853812	0.177791280186234
-0.211934960241486	0.069040790835719
-0.947873601114413	0.577858320833396
-0.641728465892975	0.158059513381177
-0.347881275810247	0.101704932899344
0.607100865736058	0.317218866795832
0.690522341160252	0.32496801717721
0.799767530191764	0.477294563744655
0.149977183799743	0.0791038026087955
0.176223781759962	0.11450147420234
0.0878357586100967	0.0595153847466368
-0.948323604132657	1.00114229853268
0.986802827212496	1.07365393829372
0.449614406953991	0.323662158661048
0.586844384491766	0.563002962514818
-0.340102882517114	0.322057461533601
0.0563295564393631	0.0456993396665771
-0.0792570241786531	0.0482673708152715
0.863609227436238	1.09168459237349
0.149609601841324	0.0850827199135453
-0.0887188207829155	0.064285858123838
0.361340371332927	0.326085107506881
0.414383581140348	0.327891734470929
0.042692888991525	0.0262070825491969
0.17701026443083	0.139913879141801
0.307401542761681	0.197000157453275
0.57408043313478	0.455071244500028
-0.263398222681821	0.196458022820601
0.164678708909529	0.100497741907348
0.612879388075565	0.320631136471724
0.826295617816291	0.352510762099459
2.75266401457334	1.71007896677769
0.82839895625885	0.353767602009201
-0.101310659887303	0.0402595504210943
0.144624243113007	0.0277697138706121
0.162606586631393	0.0489632049155684
0.541424183417375	0.31118414088869
0.78371780109337	0.611854467691376
-0.576598438568808	0.418306438669336
-0.929992087916381	0.677468988104035
-0.392499402952176	0.268908703474074
0.166014439460682	0.0567290684731921
1.04685144070489	0.402563769271555
0.452066149749284	0.183799113193962
0.176036154072715	0.1301378374272
0.266833153379032	0.235793955133799
0.483275977949425	0.535531666102663
0.493310575828806	0.439299380685134
0.451051289929474	0.514750567672511
0.871270799944624	1.25995192487776
0.335313274925388	0.324470940190901
-0.309541635929998	0.252651395356494
1.41460667522741	1.75380666054965
-0.94917397882651	1.00636655674773
0.706654895105444	0.707855999839125
0.456238436396193	0.44542422488696
-0.721894605776853	0.831449675891337
-0.224892217814929	0.170266199581733
-0.124770002594295	0.0869940412536778
-0.784336887706167	0.849524902306167
-0.593911521116079	0.617864605657779
-0.608611273954275	0.496999441893742
0.983413193059915	0.792090667151009
-0.104823771624879	0.0616017919228776
-1.98409244633125	1.38444795373806
2.35420749503573	1.1956116653527
-0.400160584094215	0.225219904084848
0.323306878938119	0.193518922196189
0.386474484401858	0.3292351918814
0.537151068021291	0.195568545631627
-0.352171048045609	0.102884554871845
1.81965712946419	0.72393570375632
-0.185939922594192	0.0992942269899868
-0.158412037885377	0.108318437391303
0.155701579868371	0.0671629349526261
0.603856093944493	0.31522925039099
-0.181974241095874	0.120672111921777
-0.185696294770393	0.142237320128439
0.471808770917753	0.319042482081656
-0.0571520024531259	0.0248827172020836
0.342273893659248	0.189214524019059
0.00282093618284881	0.00179926091928534
0.196297256853759	0.161924001108423
0.849520408023676	0.771064729217607
-0.0899083543427424	0.0652498076604378
-0.0816400672116995	0.0589524984335566
-1.00953923710973	0.906090405087986
0.676813822530039	0.768777326299989
0.516853456542887	0.445354846586839
0.163602859214362	0.105425730148816
-0.0412337014529814	0.0263264235374987
-0.0762483372578545	0.0464264390888885
0.959572199717405	1.17162661713622
-0.215996151775994	0.163045316654962
0.182345005068988	0.140146943212789
0.181259141793443	0.139225032837778
0.0715792065456348	0.0462570702170267
0.494275876742329	0.440750858017247
-0.246013097951079	0.182021281377831
0.292152990029975	0.219729358752817
0.0131993014791519	0.00722677122035448
0.555812663358041	0.54704191713072
-0.689774812387186	0.599498047999973
-1.22798959221694	0.921079433700798
0.320480310010859	0.191949861924985
1.07802028667147	0.528803639166012
-0.796931483642152	0.522451956738514
0.147380989838782	0.0773957306174113
1.0872093540049	0.668194289681844
0.374223489614207	0.328465536873817
0.155454991000138	0.0600038955313648
-1.14352115801698	0.352309794326609
1.82425955121577	0.726135704741858
1.53084000855108	1.30087301511028
0.532920813071289	0.194317875052133
-0.108016181726423	0.0632554311963611
0.300808673049755	0.20557777762298
-0.148063327739169	0.0834650471982895
2.02964384460992	1.89774341375659
0.75691435014841	0.740641582414353
0.309805699544048	0.211547287921025
0.301877939580406	0.227806820061191
0.471735097976548	0.432559049220524
-0.127542088113616	0.0889663864786085
0.181481494900983	0.129004400684535
0.175346266657212	0.113662818299982
0.670050791779853	0.687353283746331
0.374083352998098	0.327882825922865
0.667382035518347	0.686335673710651
-0.866582398644345	0.930912887519304
0.17741675354906	0.126302478671085
0.386347853988884	0.328843197495219
0.293473734561704	0.229945194132264
0.0794958728130721	0.0558264022630709
-0.86148216216885	0.988668009598074
-0.264765491790277	0.241106265591338
0.357227706516964	0.341606108956481
0.39699234141929	0.325765487259195
-0.3947710285758	0.271598242957916
0.258498980467931	0.226713074561172
0.15973797296021	0.0914589719027398
-0.0347060727988804	0.0223285299656241
-0.0484980965778114	0.0303746807305082
0.172683390142724	0.11198215871091
0.141413202122226	0.061018737698014
0.599982316199767	0.313044029800987
0.887898637440867	0.900443696098411
0.658572191817808	0.464679335972228
0.147706477160604	0.0507245816551031
-0.393766782987947	0.164943372968985
3.63214416087956	1.45298046940176
1.82041011870169	0.724546408240772
0.506245524024408	0.318122403349346
-0.467845196724225	0.311087672876585
0.542334900568686	0.312493044688528
0.310276754917812	0.212636374367781
0.334813571121248	0.18441176694472
0.663386676808904	0.773877422587535
0.56505180534076	0.558541357902746
0.681831746042985	0.589018733232303
0.349461169680992	0.322832887563745
-0.441616272761021	0.340780425417217
0.424778566554357	0.320760643812172
0.405791316980962	0.334496374916649
0.0620813112576851	0.0381291403785653
0.0413773985032724	0.0239753820611823
0.875951933241397	1.00491655949368
0.304649249814727	0.208345825743259
0.290363665795006	0.21811218727615
-0.533747986481014	0.443015007210613
0.180174114024267	0.133625852232728
-0.790947444195637	0.804713720467725
0.08663937042464	0.0610618160782251
-0.19611075365632	0.150875109478503
-0.217730333941452	0.164313033038864
-0.159713951930521	0.109483558785134
0.196351447342376	0.140887717543996
0.0741316054757042	0.0499846338624019
-0.43928112246923	0.337206182024283
-0.119657551516264	0.0856798358490543
0.401600309767849	0.330380954662556
-0.901970945676768	0.745298996846708
-0.256352437481226	0.190659100204951
0.833461336195871	0.870918529843205
0.360942746994135	0.181503112088237
0.540930771670957	0.447283195259895
-0.33810331159564	0.240138823216742
0.292534244448893	0.20880818503521
-0.502801345340862	0.46122647043918
1.08594774805986	0.666486534513091
-0.144722336172665	0.052228208814284
0.164642263465142	0.0495275308334802
0.144624243113007	0.0277697138706121
0.163169995607563	0.0413572276497282
1.28112852846568	0.71415185971748
-0.0031479038250931	0.00160486610821612
-0.145719307633456	0.0526071631077758
1.09013456851825	0.812244485565728
0.616243845232041	0.322469878516104
0.609187571391593	0.318991725796134
0.337681240189473	0.186840757540272
0.359223593117145	0.179993425844843
0.114563208094934	0.0897730636098626
0.314275506458783	0.202408070683018
0.791068838276285	0.742905488660229
0.15654627815092	0.0823206627256143
0.397790582298606	0.327119285829104
0.186038180708073	0.126988904065537
-0.0694324477821694	0.0509618071931522
0.912977346516958	0.787587942495332
1.04220263680966	1.43697657538425
-0.904994078360215	0.749072884286486
-0.0254739414169911	0.0167023222989497
-0.305360269783629	0.269835496474074
0.88144030809535	1.01248056854055
1.07873472900571	0.66017522257714
0.892613185795318	0.907299630113046
0.167627303603941	0.108152667263984
0.109016392454168	0.0800634288876338
0.266843740079702	0.228894652608984
-1.05874554492316	1.1035107266033
0.166194551125021	0.101210031353472
0.609416181689578	0.566743876608723
0.70988485218965	0.4621117966261
-0.332934693691187	0.235305324032401
-0.00194587006328787	0.0010095412322675
0.444226021264768	0.414636524568244
0.731813446799392	0.604711878584211
0.17218505006791	0.105336203970111
-0.484226038397881	0.410935011236276
0.955148564657456	0.936651920030052
-0.870325946080095	0.8695345955704
-0.13588515947831	0.0951488690941538
-0.855716172166879	0.912400344503663
1.44688566760851	1.63164870088594
0.696300917237308	0.328373352408546
-0.100790158167278	0.0590617803985306
-0.459114381027896	0.303874008581544
0.568571437862824	0.450760742044103
0.149975860929304	0.0579241892206102
1.03780816129706	0.399548214209553
-0.51396531615413	0.196814734006425
-0.641728465892975	0.158059513381177
1.07402219955754	0.526541861698728
0.699214521695696	0.453231348368286
1.28112852846568	0.71415185971748
0.705135391560348	0.332021941872508
0.181185777209986	0.117777179552111
0.791803828150024	0.472711201053007
0.450250312571145	0.182923552644081
0.0873596983939174	0.0636500286963338
0.471297204206226	0.431261525830567
-0.229139750542471	0.148898457082669
-0.983326658608073	0.968388714023629
-0.785340847530626	0.669464716410979
0.79479163560168	0.473807388375584
-0.194964450888682	0.130378151863735
-0.65191372257384	0.385242980468721
-0.0471300960127222	0.0302967388391756
-1.438977422624	1.52416931146776
0.730317245634275	0.604995489704106
-1.13163678621685	1.24091678784563
-0.694998889769692	0.606630544873282
-1.71696879450879	1.41407110814179
-0.139562293662858	0.0786243107124513
0.312292363211766	0.186704525432251
0.0832062124597927	0.0562411994119007
0.30165560278257	0.20627379462956
-0.950520127886843	1.00905891579595
-0.711551207928643	0.680641961731083
-0.154912877373597	0.105709519263319
0.303192866153446	0.20753115612288
0.976604018372909	1.05916747609113
0.174365324096948	0.112940848534447
0.32006633661687	0.192133581837277
0.430973639744116	0.326226162583999
0.786986732401602	0.46959337657109
0.159387054164447	0.0841384471125778
0.797990734092945	0.750896251674876
0.17723818773502	0.108568478638345
-0.635029966408206	0.611660765333928
-0.0238111335271351	0.0156032272415705
0.648871136998678	0.584128283432371
0.610825724593456	0.319890081674783
0.143649633224688	0.0753654830218824
1.35074127279107	1.22654339598927
0.143094107131675	0.0685641959395898
-0.792927293253136	0.520676147486687
-0.095062848663096	0.0378756435568373
-1.67450165667541	0.956050045600831
-1.48715991650416	0.760648448535067
2.12626381129251	1.48482556475871
0.956564563080715	0.645360511216242
0.147168767139499	0.0568586827414826
0.403628938718973	0.182811518185001
0.542414519728227	0.312684883447288
-0.0585154321318082	0.0255100525563554
0.158681518590011	0.0907099860424848
0.549184419408382	0.316702488728711
0.617651349901163	0.576638819171564
2.15487179420144	2.84169502141829
-0.339093930648206	0.240947175807274
0.352930975129982	0.17670372074592
0.155377646606879	0.0672055412534232
0.506722156328879	0.318842753666218
0.0745301800924088	0.0481457880559028
1.12402828265888	1.00377968410466
0.174176282676805	0.118547928142488
0.672514707519804	0.693572903724686
0.157559085511954	0.0899718695076379
-2.7767296738742	1.87160901665167
0.298247829492767	0.203620818610136
-0.237226107518732	0.154427752893591
-0.395443958223746	0.272658288034534
0.453122632755916	0.325679093365762
0.733401479882307	0.606398586947132
-1.26072262554482	1.17308659434638
-0.951227095166639	0.579894184023409
0.644656662404124	0.453248856205254
-1.1619604835848	0.652449440273683
-0.0122510055182389	0.00600693632650934
-0.0539749324748425	0.0235963914608786
0.842248475823107	0.757783404174163
0.396702542158763	0.179290416391278
0.599089536993305	0.312418599128068
0.169435877455348	0.103528354674369
-0.276893222333638	0.173736107360431
0.0198214272199787	0.0107281750578111
-0.225840325255187	0.17112201913106
1.09656220369288	0.824528480097946
0.451259868904597	0.324303019137551
0.152135838249477	0.0800342186273366
-0.110553647395245	0.0650997606420388
3.52990778957222	3.64835317691386
1.95373899190972	0.460332693481441
-0.240473225585342	0.119675268418362
1.07311908937101	0.525676834317642
0.454257246607656	0.184850448579938
-0.791497279622589	0.604807942398616
0.445254943515106	0.180826712699052
-0.315967047184144	0.14524628396808
-0.791534407870294	0.43195992185773
0.454594871922057	0.184978882106625
-0.00885303625039846	0.00436114039688956
1.08684531027536	0.667793628471386
-0.650790155431197	0.383148219523086
-1.02556922335767	0.412012891941837
-0.135708009812583	0.0489671359380479
-0.0292584894742917	0.0137936466374432
0.159437577768447	0.0614447720303482
0.149667302500565	0.064667457069557
-0.333958225960235	0.199471039051098
-0.243966932602299	0.121896649713798
-0.193905434658268	0.103919118897312
0.692142709489786	0.325964793476357
0.366445590071474	0.184332787430071
0.60566173497832	0.316451429482637
0.539159296936068	0.30988474353771
0.981590567991205	1.06868249424273
0.185117694128306	0.14728366205578
0.389137078757338	0.332021064196806
-0.0376349969139318	0.0241381303590138
-0.502345847765398	0.377796796983753
0.475208616626819	0.321556157167849
-0.332315020593403	0.19893596449583
0.912769397153664	0.784063101225164
0.786815087610922	0.616018438477392
1.23806715902951	1.2000505034639
0.646094394128272	0.454471198770482
0.955353555537226	0.935304085092692
0.176692534081522	0.135356185620082
0.151406343237023	0.079669646924762
0.31378223641631	0.21537038412025
-0.102406791459553	0.0601272946549111
0.481051297773	0.326513154629921
0.32203140691368	0.193696332561009
0.154843626744562	0.0597045824409547
0.64958877931456	0.458149836560462
0.798928049360828	0.624571193843929
0.907048092212948	0.776509401367519
0.183465600335717	0.125293620306296
1.39504081543271	1.0715804284133
0.711784186442274	0.465706853283947
0.0291024430012624	0.0156332306930643
1.05174011840242	1.10470728062399
0.354375687404613	0.177669815840091
0.151981014561171	0.0657267334483004
-0.130893801275299	0.0913739466180384
-0.0251070598390935	0.0164680706638846
0.186318738721701	0.133093838496448
-0.190464114002734	0.102054117076289
0.280596023935034	0.218677445998236
0.992854557049826	0.804495343367774
1.95373899190972	0.460332693481441
0.154764184380087	0.0740790413251317
0.451440938272563	0.183586025165848
0.959805549093736	0.648258049282621
-0.0939513242499082	0.0373820643222157
-1.67126474474304	0.949987606559403
0.309739749503618	0.198810550191676
0.36452339234272	0.183444243076885
0.151108463610909	0.0652627059664072
-0.799128092130836	0.526195288960069
-0.72264604583748	0.251322189623296
0.728800218832699	0.60010320703369
-0.948272229580064	0.578420898950815
0.654652869140428	0.46227817535363
0.146711440431129	0.0634410284055987
-0.763539532749999	0.335438759631778
1.61423217236384	1.12578067660435
0.360527338485851	0.181431433865948
0.152915055582506	0.0732643683441254
0.149536936283679	0.0647633654938517
0.168207125949962	0.0887785854250282
0.155359256217682	0.0821275753606256
1.46256741382288	0.917501253811163
0.146273761586385	0.0564897105536409
2.11152848929689	0.958026733565074
0.645443906775492	0.45436083271784
0.707965512289445	0.893089339576191
0.916301487816509	0.788616101684363
-0.052559789150895	0.0229942718441422
-0.487468634640202	0.255029213537371
-0.186755709966131	0.099681665400381
0.362954721345173	0.182664384774221
0.848979333474933	0.769669232231583
1.10655282883582	0.975057230758742
1.02288568331659	0.958646402542828
0.707114989040706	0.46188104118152
0.0793631365372768	0.0535425388384933
-0.583913497318834	0.426086188091092
1.11700801870775	0.841123926602409
0.16218986705476	0.092545381694115
-0.194527204590907	0.104017942555817
-0.0580351158164697	0.0363983763300899
-0.146847468217908	0.0827650829712293
1.12305434364069	1.00171317660604
0.490885050289347	0.306312076043878
0.83213403191212	0.868342072144034
-0.111868257330987	0.0656869973624926
0.849792448375062	0.619073005845879
0.709835897286022	0.463133960046912
0.567859249188093	0.449675911375953
-0.190093753059318	0.101451002182991
-0.670929853545332	0.464788767147299
-0.0278908579342332	0.0131891231504887
0.785370132159047	0.467084477885469
0.429589135924455	0.324598662908023
0.79727833950777	0.750816534578606
0.161452326218217	0.0923316512096524
0.175043557458004	0.119168438792263
-0.16062088133786	0.124731651534266
0.1611533196865	0.0847701045287704
0.712672027488902	0.465705583415671
2.7486062124648	0.786021619850662
0.152357249211263	0.065871529702356
0.64806165025041	0.455337542640431
0.698496407756354	0.330246463159199
-0.395835518436449	0.166165092035165
1.08866415661758	0.669797995054759
1.03983213015104	0.400302023323061
0.306529346510706	0.196925597073583
0.831216267921091	0.355437715318776
0.447653050663311	0.321909882084555
0.392238547726349	0.177238831517046
-0.146492700336621	0.082806262318354
-0.111313157223705	0.065591496627537
-0.212305652390839	0.0694460252040557
-0.0601559651477019	0.0261985463885081
-1.15318426859278	0.997021759266218
1.04204927283613	0.400028703678037
0.155816413428406	0.0535628127143977
0.150763745232046	0.0725439188581271
0.609554700464912	0.31948996421209
0.538125722278874	0.195922946060527
0.151438453850196	0.0520921659930463
0.688455889546228	0.324289938658053
-0.0605421636590245	0.0263589738390532
0.661014028065539	0.212332873799895
0.334493229492381	0.184759686780206
-2.0314992125717	2.1172516138083
-1.81637684396232	0.751651715408043
0.146581833070908	0.0566119657562545
0.846282721776021	0.764607667462655
-0.382204200099182	0.29944181087654
-0.869061250594407	0.935180856899719
0.172046428921413	0.105448269370606
0.163500618347116	0.0934420488456171
0.786353371741942	0.615820684715688
-1.46324744763024	1.00359456196321
-0.0605153651657541	0.0379457064455294
1.07802028667147	0.528803639166012
0.336777148759429	0.186369840418301
0.779957404730262	0.609124198021782
0.444560335802016	0.318141015931294
-0.201085468747338	0.134729970064221
0.148643031620369	0.0711747247933852
0.523575421206037	0.426986301922499
0.593824848940224	0.472696397572626
-0.104706279953516	0.0743935187327854
0.439334319123592	0.33322141588736
-0.0287911155274981	0.0135751476271762
0.308835891559869	0.198194301618671
-0.506300509531116	0.381716570355748
-0.181827921244928	0.120727637040815
0.177532874296755	0.126246346986353
-1.00666891336966	0.903699767117834
-1.34804624000643	1.33725957748631
-0.110208205389402	0.0785846749018787
0.32057448494089	0.192699518334386
0.51335768682921	0.3233167955945
-0.690769857313756	0.547960291651439
0.0187117811867508	0.0100949371288118
0.152615989763732	0.0733789378615056
0.706558068044264	0.459539536102999
0.328736702544429	0.180840407211373
1.61477125643225	1.12411172245653
-0.636990001200621	0.156817984288667
0.144022294714881	0.0689863812457418
0.689346451286098	0.324840596495388
1.27109094746915	0.703995960312811
1.06752731610826	0.522572479332128
-1.47110550823595	1.0191869890738
0.321726372332902	0.193635752285685
0.829346227820373	0.354574714510443
0.150870676306444	0.0582824810304815
0.827465419165181	0.353580301177974
-1.22944347278553	0.918987966960131
0.400613915068442	0.181626516118323
0.15333233148057	0.0390971321912012
0.340945157189136	0.18868150103024
-0.0316522787248734	0.0148854347919461
0.826295617816291	0.352510762099459
0.826531590934318	0.35315888780187
0.697806901050031	0.451855609858358
-0.348220543213602	0.101642486260234
-0.306597796794792	0.140759029028169
-1.15793416330564	0.998538473724539
-0.391853018895284	0.164211548410465
-0.656014675113438	0.386487577778464
0.16776100467299	0.0959591216269203
1.33340728777399	0.59245625933366
0.398379158874168	0.180160829188768
0.617144980993652	0.323150539295151
0.14822542859902	0.0640062284896405
0.6945116005276	0.327849998261566
0.30514400498381	0.196190870159604
0.465070179972582	0.312334958130415
-0.271765181154136	0.24838121409669
-1.0370113525512	1.16399032789286
-0.281271327273136	0.17619543538116
-0.553993062799367	0.350207052556159
-0.38977783456394	0.163362303429155
-0.404772398531115	0.228565377836472
0.322498617258543	0.194111992667435
1.25922081118768	0.865569283774498
-0.980436528867813	0.489615442131538
0.574120145847451	0.455334644441296
-0.280906651143104	0.176074916370949
1.08585292981456	0.665623196374098
0.148958283782422	0.0574966554204482
-0.295437474952798	0.215267025361305
-0.456363746286106	0.300812661602521
1.08675140740684	0.665922486342209
-0.307990922790343	0.141708236036251
-1.15413389262846	0.642701436121446
0.150069116114406	0.0649994481708726
-1.0921046233195	0.739640829444505
-0.0632990365005817	0.0275622284651316
0.322699777527911	0.194168214165452
0.300269773619937	0.216109874773784
0.0813721849196863	0.0570697983440063
0.315709659728906	0.203199668254211
0.279081361812946	0.217129451066152
0.710814903994214	0.463427621787012
0.147499812674114	0.0708112286076327
0.497047865716502	0.311944341053586
1.22499051679008	1.46787780027124
1.57955625735979	0.800243929979803
1.2414478785877	0.853218523235913
0.152665702869156	0.0732460062180533
0.385995813298406	0.17388397060915
-0.94499291362917	0.576236141885541
-0.249305557199392	0.12434479400887
1.34068855477734	0.59651233156247
0.144765939190236	0.0625621516146272
-2.62888285691894	1.61940383599447
-0.492979152804144	0.258347238008783
0.533895130806427	0.194581489771343
-0.194139613706454	0.103906047349582
1.07835823830561	0.528165310374035
-4.57621299558072	2.53373644803829
-0.772537929483362	0.338711737346635
0.147988559509057	0.0709867407024467
-1.14935298949268	0.989604674262195
-0.0254970283006112	0.0120985248019426
-0.144430934366853	0.0520628013112706
0.444972633429835	0.180621127746924
-0.394665207840982	0.165287147471021
-1.26965711158767	0.579970689675105
-1.82013283681335	0.753499529716958
-0.492508864315031	0.256952189349699
-0.784946219529639	0.426646176787655
-0.0942864984574503	0.0374898102943186
0.940922493736804	0.250741724034319
0.706772131242471	0.3327113553723
1.04256665160238	0.400711187611403
0.398050108753252	0.179721222378659
0.404059677601239	0.33280647450028
-0.00484831275145445	0.0032173047819138
0.25364313818099	0.245559309846299
0.312843443917475	0.201989433580334
0.543756887694595	0.313696040668376
-0.386663820005423	0.161717228538264
0.446502278429375	0.181108730956228
1.072148450527	0.525212148369327
0.450189604084826	0.182589516307903
0.832174148970792	0.353911294782904
0.67023417962338	0.214944722788871
0.357946313269466	0.179387656978686
0.159576214720181	0.0547910896912197
-0.143227535286128	0.0517130131549928
-0.402020808237846	0.226016963125158
0.156261648386733	0.0536137820527029
-0.147561985315398	0.0532091055412496
-0.0946209058220237	0.0375373146250015
0.156040866513106	0.060267234897955
-0.070078713687464	0.0303949562672892
0.455166237015822	0.185165220753012
0.830281395788375	0.355150943185541
2.10849074553741	0.956627828456427
0.532198432599625	0.194009998264973
-0.247114236847402	0.182775872566832
0.154767341052622	0.081482640578212
0.365037876208391	0.183698589996
0.821210492165555	0.350333919962237
1.7917598251903	1.01461265987116
0.909063821776344	0.492344814186113
-0.51396531615413	0.196814734006425
-0.980698173873248	0.489626676436646
1.27932232889148	0.711560659298537
1.093436609605	0.67276722900878
-0.298412730800259	0.136658440166648
0.533642805684197	0.194234863625944
0.151450859722014	0.0799093316489693
0.155520410174332	0.0395661334713537
0.156283938746697	0.0675608677972743
0.144624243113007	0.0277697138706121
0.154426155420695	0.0394015396377603
1.4452850207351	0.485057538595493
0.166146787789411	0.0498769580072986
-0.357561857283125	0.103917445694499
-0.718143294445899	0.249734234417734
-4.21887824718907	2.01656079289797
0.665301548139678	0.214168982585133
-0.721156709968222	0.250838938542479
-0.765029412622472	0.335961690168067
-0.632707054239441	0.155821219725077
-0.761624695720139	0.333651099884571
-0.517195310680798	0.1976432330412
0.336222702074457	0.185465621126079
-0.406140861754893	0.229212242844059
0.160924829276813	0.0918869835235676
-1.65160660782445	1.69066137646826
-0.143259299625985	0.0807841099480369
-1.51833170548507	0.550474500519343
0.663780082904929	0.212878960831006
0.391350090845568	0.176852229199589
0.151745169358508	0.058587168086963
1.0865080540374	0.666793830173373
0.774280179900939	0.601181720981106
0.272821476613346	0.261262748405531
-0.167969348292434	0.14683053758857
0.102201588328369	0.0773205566663773
0.29814643851354	0.335732211283272
-0.0517402497886277	0.0433304882025833
-0.387055754180843	0.394526764363959
-0.302276822900946	0.138726503938083
1.82856289051599	0.72661307330956
2.36124703110132	1.19958173674757
2.11476331684021	0.962649218894054
-0.217062344939073	0.0708765351682746
-4.00372890763927	1.76738115230511
1.82041011870169	0.724546408240772
0.163169995607563	0.0413572276497282
0.164377165872218	0.0495293176899797
0.940366139413571	0.250549017337595
1.81965712946419	0.72393570375632
1.45261356648711	0.488099477529611
0.141371543201342	0.027282216107575
0.667130392787493	0.214334835345571
-3.46409750383962	1.2590838657058
-0.640656975678056	0.157776356363176
-0.638059916511872	0.157099877961465
0.533173376017961	0.194273902958868
0.154312196248935	0.0667943680936473
-0.466010039686218	0.310004418192814
1.82256446107734	0.723448323404729
1.0385642363423	0.399078648892044
1.04582937512548	0.401624027519618
-0.636438389477554	0.156998062672413
-1.48128922588876	0.755607155160683
0.667130392787493	0.214334835345571
0.826558974409073	0.352989133818377
1.95373899190972	0.460332693481441
0.161853403912824	0.0486615594212472
0.148958283782422	0.0574966554204482
0.163169995607563	0.0413572276497282
0.144624243113007	0.0277697138706121
0.162070178892022	0.0411144637566376
1.33619399827848	0.595395987953639
1.07339792195029	0.527321292719669
1.95373899190972	0.460332693481441
-0.514908806238071	0.197238634697011
3.25711819118569	1.12516204396806
-0.762917044259969	0.335226279565195
1.95733767915288	0.46077898524688
-1.80103877399874	0.401412128456168
0.664860493439773	0.213529366716842
-0.242330012577889	0.120671610718856
0.522567357694556	0.52159021912185
0.414568479261042	0.326518707576806
-0.388792171863237	0.369582231752539
-0.343614950418389	0.100353977595961
1.03907598780005	0.399013432660369
0.688455889546228	0.324289938658053
0.939853714804409	0.251002284675557
0.665301548139678	0.214168982585133
0.665301548139678	0.214168982585133
1.03354280177294	0.396866204815453
2.11501415724733	0.962307404604812
0.395584329713684	0.179159454278939
-0.0390210033051717	0.0299356215045165
0.0285939885535125	0.0292819720976098
-0.377163078384671	0.558197434344056
-0.637475956974027	0.156989773793674
-3.46832274453516	1.25603494238804
0.159421595053514	0.0405224643025682
-0.636959492719679	0.156887069567616
0.939853714804409	0.251002284675557
1.44707333879815	0.486882965382531
-0.516058693284976	0.197346402094942
2.75257155834301	0.787872112571947
0.939298703364537	0.250809511779044
1.03705168717883	0.398261057696949
0.159825702589389	0.0405961444844569
1.58279078087289	0.797138992409725
2.75356411778207	0.788200953807627
-0.636959492719679	0.156887069567616
-1.51610823049621	0.548551675553127
0.940922493736804	0.250741724034319
0.158729294236089	0.04043260950787
0.789880343935747	0.470266461163492
0.399725684178655	0.18119345596336
1.03957617416576	0.399643236692894
3.64116538459265	1.45183288542129
0.145952781975537	0.027957432098957
0.144624243113007	0.0277697138706121
-1.51942044620827	0.551189226731038
0.144983099103736	0.027824125638065
0.157350237927289	0.0473981260583164
0.666049960969073	0.214022945375077
-1.8009224274669	0.401413641514774
1.03354280177294	0.396866204815453
1.95373899190972	0.460332693481441
0.148508541635756	0.0283091884660306
0.939853714804409	0.251002284675557
0.938786187734731	0.250272333462114
-0.632707054239441	0.155821219725077
-0.637509639132058	0.157280902410938
0.943541575109422	0.251560831713342
-1.8009224274669	0.401413641514774
-1.15174076397451	0.353721534917221
-0.641728465892975	0.158059513381177
0.665301548139678	0.214168982585133
-0.947363147324698	0.577297034494558
0.362668636317357	0.182424191753031
0.0355076645782291	0.031262375448997
0.0567939126768642	0.0449238778644102
-1.08208543249166	1.90462958292679
-0.110598610127221	0.0894546796675597
0.158870112724068	0.0403250933632853
0.533173376017961	0.194273902958868
-1.8009224274669	0.401413641514774
-1.51332145233629	0.547881190959341
0.939298703364537	0.250809511779044
2.74958998501656	0.787920507210083
3.25711819118569	1.12516204396806
-0.0903513468363515	0.0734703377002057
0.043649499962321	0.0378578054118206
0.450250312571145	0.182923552644081
-0.217866879591594	0.0711304956018471
1.4497197553516	0.486935149927457
-0.636438389477554	0.156998062672413
-0.608612688068238	0.292324880362364
1.44637717898614	0.486482829772734
-0.5186089527835	0.198694863421629
-0.762917044259969	0.335226279565195
0.152108068416228	0.0523180707573953
1.03705635707568	0.398367450189889
0.699386914285027	0.330724088267117
-1.51719900420769	0.549264213163276
1.82148708414178	0.724579036933352
0.157022623028463	0.0539216680988902
0.290167929542546	0.217107114379845
0.339020581920579	0.187555614300722
0.152333554816668	0.0588163373718562
0.151508178967841	0.0655546264156102
0.664969953013349	0.213264891085546
0.942469249206212	0.251285156498659
1.06906023413505	0.52399481001835
0.158036719368933	0.0402017101522864
0.148958283782422	0.0574966554204482
-0.220662150695417	0.0721303089573529
-0.219686057817939	0.071808363943125
0.831885955734065	0.355824635219245
-0.240206831035544	0.119602220894167
-1.52295784924345	0.552861579278889
2.74958998501656	0.787920507210083
0.824247872245881	0.350993005170983
1.06963382087997	0.523918319674887
0.69790906599664	0.330043247012599
0.820279000684581	0.349677769176251
1.44707333879815	0.486882965382531
-1.28121180177176	0.584322987944732
-1.52801043708842	0.553669292297474
0.830017418371817	0.35496212946458
-1.2769545824372	0.582913354723689
0.157772450057789	0.0400836004593127
-0.247671879315364	0.123630275375207
1.78151484019161	1.00834810420434
-0.218505586107644	0.0711773233047317
0.145592290548819	0.0279027526196651
1.06878451319165	0.52227277850506
-0.141065904193988	0.0509641882307141
0.897908143955893	0.484748256358018
0.298686932008592	0.214527371595394
-0.329713757793728	0.232270925314212
-1.06327544528429	1.11418979687619
-0.342474851311356	0.274417008237441
0.151854009934363	0.0655712316592993
-1.8009224274669	0.401413641514774
-0.635886909613779	0.156604724964807
-0.389147116574959	0.162650995065843
1.03328569894233	0.396661373515875
0.533173376017961	0.194273902958868
0.153837644582369	0.0464855600138019
0.939298703364537	0.250809511779044
0.838615181302951	0.985429174742406
0.508918681518447	0.540941776641689
-0.901768744791402	0.744727534837133
1.25341630630439	0.86354792309031
1.26561489146481	0.698380686907746
0.694215873988063	0.327424576825269
0.504030775639942	0.316890249449135
-1.09744073960632	0.74719824613095
-1.22435072441647	0.915219630626735
0.385995813298406	0.17388397060915
0.148175149783934	0.0638125334985814
-0.038947041426131	0.0182262358701143
-0.499686011220606	0.261903983372357
0.847972764088407	0.768851278055638
0.548775585435792	0.456270050642424
1.07485514725473	0.654520834661402
0.608117522807983	0.318502976762962
0.548597365479525	0.315751222828422
2.57128223188129	1.45069146098475
0.502609847052593	0.31577624446898
1.07216778076904	0.524300314866753
-0.484416639000392	0.253024859329898
1.33064087158855	0.589894980839096
0.449279588973865	0.182210000129949
0.350804721832688	0.175458437074055
-0.409030558198644	0.230805718744887
0.69392783840352	0.327256868185279
0.344220061113091	0.190655752425114
0.697625879939322	0.328980875617999
1.95373899190972	0.460332693481441
-0.764411580618734	0.335465336980967
-0.0967262598556494	0.0385159371578034
-2.11711934969373	1.61307714709222
-0.220662150695417	0.0721303089573529
-0.329306887135267	0.196722494460088
1.0385642363423	0.399078648892044
0.44993261268141	0.182659347852875
-1.51684905918208	0.549966932484854
-1.81516436695885	0.749447146538188
0.905957748818587	0.490866840920093
-0.774663331764808	0.340063365561879
0.907399177816273	0.490889366366602
0.390791558319365	0.176271567652486
0.440906286646248	0.314161583663502
0.306844297635579	0.221465619291641
0.304241316966223	0.195225847787239
0.168245582385914	0.102945675919455
-0.784070702824939	0.426227421569885
1.52807456433363	1.2929899023924
0.666381294485655	0.214481042382208
-1.82013283681335	0.753499529716958
0.159120665328247	0.048062202194274
-1.14173074601379	0.351630194981725
0.14806360850737	0.0571942588723571
-0.215362013913717	0.07044095074977
-1.2799876141396	0.583067451775322
0.16539472162627	0.0497470234457683
0.391020428718766	0.176738874014979
-0.0414492404278602	0.0266436662849671
0.678502494193859	0.585290677313203
0.0697955667978089	0.0428186182727583
1.3563124509325	1.23698755914343
0.0223580236394704	0.0120490392279127
-0.328794127528412	0.196322882019257
0.604758769355008	0.315907972175834
0.142238692964447	0.0680956106425629
-0.986172112341912	0.492274249557995
0.453971605986436	0.184766637057688
0.157284355314823	0.0831228240949076
0.706168225786918	0.460828381936174
0.492826507022426	0.307822927419867
0.0451084901802479	0.0260546558681018
0.00102596767744553	0.000408179804699782
0.148768433972093	0.0571917919819374
0.73738816879546	0.610908492217696
0.411292685761715	0.324898549339824
0.479610680913724	0.325398117835545
0.166594134937905	0.0953786910047309
0.144521262630378	0.0692333176457738
0.017142868516271	0.00931850116777492
-0.232431252052778	0.151083202628783
0.78895626467616	0.469872868533835
0.154471644339259	0.066812212750981
1.24365183837039	0.853676207162452
0.150502237232393	0.0517694433165819
-0.0477544660881425	0.0209253831286506
-0.00940010200924689	0.00463010002093287
0.172899852971306	0.117619808211055
0.503087476846433	0.316008735473109
0.158432487426697	0.0835888525736214
0.144983099103736	0.027824125638065
0.828138202534691	0.353193354605651
1.1185692111544	0.998967505432039
-0.392440529557039	0.164344094694467
0.4517425053863	0.183423930317688
-0.0998609074557554	0.0397194014457479
0.152348851936178	0.0588465452810224
-0.38844442543575	0.162514558269721
-0.0416153483081535	0.0194103319636304
-1.47832929367836	1.02799533706952
-0.0105412706015762	0.00516531256388177
-0.722656757230261	0.251937110505122
-1.14781664720768	0.353699707342604
-0.793392770761737	0.432117019340602
1.33365346781733	0.593790400301544
-0.770013684048696	0.338356895893683
3.63104293019025	1.45185522619522
0.665301548139678	0.214168982585133
1.82073340465931	0.723968171977521
-0.279948728461782	0.175730738420961
0.148596738057561	0.0641934669348287
0.142583520219028	0.0550010591923168
-1.67358957255357	0.952517689754208
0.0197277951127288	0.0106882803837685
1.07835823830561	0.528165310374035
-0.783009902203932	0.425899463734921
2.40682926375159	2.0370051478854
0.149838258955292	0.0720750734216391
-0.793290650347131	0.806201047374147
1.10309924812845	0.830599729691296
-0.499851011256608	0.261696995295382
-0.0942864984574503	0.0374898102943186
0.798332332236184	0.476206608071885
-3.24324115104805	2.98921658081044
-0.652113780066166	0.384396923147828
0.616243845232041	0.322469878516104
0.954207352105722	0.933381731008854
0.5460807452763	0.315103462337683
2.56777679884083	1.45128432558929
0.660474727101613	0.467200700180879
0.338559195338213	0.187211903004928
0.829118044792073	0.353566084871737
0.610822716376178	0.460476103265332
0.149320343377613	0.0645050968959678
0.0269924602924022	0.0145094436972897
0.321258865081334	0.193306056041039
-0.030211967356599	0.0142302196708562
1.02012855373658	0.954602663158204
0.708521171602359	0.462965654331039
0.15438083667318	0.0815434397433436
-0.406626206575466	0.229551273036955
0.0307909142529904	0.0178933567089018
0.615356603411981	0.463469086869994
-1.49024521281023	0.762163263594681
0.783112315924255	0.465980063631632
0.150202268163998	0.0648573533397257
-0.0928371335689325	0.0368675906575118
1.27804062481737	0.710102896118558
0.986787839523431	0.794537370239987
0.153229734449109	0.0591533991199782
-0.185935393475015	0.099277061548556
0.158417153836128	0.0610616004550277
-0.132646693669163	0.0478826811546858
0.698496407756354	0.330246463159199
1.23303421382266	1.34779390475455
0.496306058047256	0.311166388264679
0.335360377648483	0.18564895171202
-0.400099571087405	0.167848128574609
-0.13882628712175	0.0501127548631779
0.704790235098459	0.458916242838094
1.04058787371703	0.399831169158897
2.11749992941985	0.964162427156984
-0.616837448066274	0.29619209630324
0.158104109918261	0.0476970098800851
0.161184676470248	0.0553470097303974
0.151745169358508	0.058587168086963
-1.22483289307346	0.915945725286258
-2.0699351803891	0.958967476788261
-0.727179123195026	0.25354055255114
0.787394271841508	0.470287084764648
1.45151622307992	0.488502446881907
-0.386374130679002	0.161877087924867
0.364625204505148	0.183381439722993
-0.770013684048696	0.338356895893683
-1.81740649233114	0.752549709047675
0.453329782952601	0.183751637262971
-0.0567659984943519	0.0247795591061522
0.153538548176328	0.0592272382906352
0.0898591994553758	0.0655280194382367
1.58270575278865	1.70134859560442
-0.510812137271587	0.385757753474453
0.153405388703481	0.066400669654385
0.968053329114973	0.650573162036347
-1.16606423067486	0.653077629604477
1.07024136781334	0.524551025659175
-0.402723157187436	0.227026419495422
2.11302394251325	0.960139316615714
0.165833024403837	0.0417580936341313
-1.22895727787333	0.922873470954488
-0.244031910878842	0.12183443726006
0.449623635043644	0.182709849138681
0.265728683767527	0.240939393634735
0.601871223543827	0.450446492212096
-0.0945087687933719	0.0376036536917361
1.0853096072548	0.666800137847118
-0.110553647395245	0.0650997606420388
0.149326766047445	0.0512074770377923
-1.84343084936087	1.16613315017608
0.00258621140006637	0.0011768887562344
-0.385748704472304	0.30241130970611
0.710348216459636	0.464146838691907
0.15341867575611	0.0663799864432788
-0.191139507732188	0.102189657447185
0.54283525209626	0.313076585564289
0.654392343670097	0.4629176292011
-1.32268916622964	0.826166043456925
0.399725684178655	0.18119345596336
0.681817840986171	0.590457488613254
-0.00843416909114542	0.00558670564398444
-0.974946431488613	0.953998743971819
0.0493592078384727	0.0303105659906103
0.574409970554628	0.455150145079627
0.150336929189547	0.0723083022294253
1.9546069313489	0.460412245381477
0.399167960449983	0.18078587064709
0.540928569054861	0.196926465061172
2.11927682222776	0.965901658271386
-0.953856203840469	0.583984480648196
0.534990586328699	0.194669034502889
0.147168767139499	0.0568586827414826
-1.27099398512007	0.58063946719774
0.909620840221861	0.493034113695683
0.905398556734975	0.490687363140464
-0.462424665283103	0.307433207220684
-0.242399179986945	0.120715215052534
-0.142603029870794	0.0515255055439621
-1.67184557340068	0.951341679263611
1.53547276804742	1.30551875944072
-0.0948442081054409	0.0377295149269852
-0.793392770761737	0.432117019340602
-0.396421062608657	0.166418251931146
-0.515579268988547	0.197497779631055
0.155872663061889	0.0469561103081932
-0.217524435386888	0.0709909714876795
2.1095036163854	0.957823395650007
0.95647788713924	0.644168341738675
1.45041930837423	0.487336762252141
0.821210492165555	0.350333919962237
-0.0521355150099975	0.0388514136035451
-0.346299115149365	0.305382656816262
-0.299853595437319	0.137144770657831
0.160143020262516	0.0482319015045651
-1.01747136044355	0.408269330515601
4.1775923387764	2.04634419206818
1.3339002399907	0.591927981716306
0.164377165872218	0.0495293176899797
-0.975551761995295	0.485979489293663
0.14966059050299	0.0576042797932871
1.06906023413505	0.52399481001835
-0.0917187611314774	0.0365165674531815
0.155864682985526	0.0535446683405654
0.469394207688606	0.316518621487679
1.96913258442455	1.24204456391787
1.24636877797108	0.857184170762426
0.403073343729651	0.182521004414791
1.04159933206917	0.399425668548248
0.452028529543326	0.183522985152338
1.78652728580861	1.0120976036543
0.718710147138846	0.470092537056555
0.159873979297135	0.0482815097019209
0.836981441472686	0.356364621553882
0.531124427990143	0.193496952060357
-0.801791649816864	0.527815845621428
-1.48283389884717	0.75904802450482
-1.27079133119985	0.57936096462064
-0.396706850288183	0.166365080981218
4.17401590480271	2.0408301336477
-2.06894518817756	0.957909133523848
-0.0911490113525155	0.0363421310861702
-0.786325828361772	0.42886214755177
-1.14352115801698	0.352309794326609
0.395483738802146	0.178837343918571
2.13717292163067	2.17440239718005
0.550477104036332	0.559554120381677
-0.175473733693123	0.115812031098596
0.302068878591763	0.227126911927146
1.22565248730705	1.18204230338354
0.469228698693785	0.315977081275686
1.08295117998558	0.663090354804175
2.7486062124648	0.786021619850662
1.78241326077832	1.00872593608659
0.824247872245881	0.350993005170983
-0.090929796907427	0.0362166152873234
0.159132199857942	0.0403652499117015
1.03907598780005	0.399013432660369
-1.80103877399874	0.401412128456168
-0.141978824969554	0.0513095739208992
-1.80103877399874	0.401412128456168
0.943541575109422	0.251560831713342
0.53668704389391	0.195702410097146
-0.603605548726452	0.289172984086379
0.158729294236089	0.04043260950787
-0.901970945676768	0.745298996846708
-0.793554953698288	0.519950049821979
-0.300867687352712	0.138061582932551
0.0382714739480185	0.0221992025158197
2.27125746345245	1.75094731869866
0.82705384171003	0.352261312676776
0.706464164637721	0.333193277832301
-0.516447718221762	0.197760621289895
0.158729294236089	0.04043260950787
0.161906078576276	0.04874952925091
0.159132199857942	0.0403652499117015
1.04230743707962	0.401611574259419
-0.0356588580935043	0.0229470152550274
0.0901409539358709	0.0656669536851281
-0.605860843633037	0.49318517644491
0.952810272886872	0.640235800587933
0.604758769355008	0.315907972175834
1.64378654980453	1.51735165876502
0.539159296936068	0.30988474353771
-2.7767296738742	1.87160901665167
0.956564563080715	0.645360511216242
1.45664714037602	0.912224648129222
0.863806656669778	0.633286837579013
0.342358610036343	0.189349658038187
0.526515382544166	0.191099640425118
1.64397318902898	2.3796269357559
0.39492247659388	0.178762333936207
-0.101868265568243	0.040453370761292
0.532451233543806	0.193598482908107
-0.760664609071099	0.333015011154806
-0.198162342818719	0.106136961224172
-0.211324638578633	0.0690407324292403
-0.94459336610482	0.576037715189495
-0.241900420042212	0.120479216153593
-0.216543534622435	0.0706689190848181
-0.215102781729368	0.0703679315225032
-0.979853197506475	0.488893696013304
0.30777500419539	0.19810641451446
-1.82088168004202	0.754160517946843
1.10305917923317	0.831101352797771
-0.39036423870232	0.163650413054301
-0.9509728786466	0.58062138966221
0.339562924137701	0.187911067280029
0.339020581920579	0.187555614300722
-1.98316661708335	1.37890752504275
0.291112549111696	0.218121241826648
0.474716962792559	0.435581882959861
-0.20706062848581	0.172915086255924
0.300650110929624	0.205422396770469
-0.0770793303712138	0.0468936345069813
-0.000662063071390944	0.00048000291319087
-0.532060634933685	0.442028634121503
0.717832124193294	0.469260021694428
-0.0945087687933719	0.0376036536917361
0.163624541637998	0.04930959903967
-0.492298113586874	0.257909016433514
-0.141978824969554	0.0513095739208992
-1.09859416961432	0.748461013434939
1.4519121380375	0.487696442951866
-0.653326403145967	0.385439118296349
-1.51684905918208	0.549966932484854
-0.30548665166129	0.140453330720735
0.900621690885698	0.769068923558554
-0.232554506394675	0.151165261351037
0.150951770729678	0.0796638392741206
0.162097232616566	0.0856282746398656
-0.100974879439173	0.040127995064392
0.828138202534691	0.353193354605651
0.153817267949624	0.0593482181298857
1.44598024938091	0.485455548198704
0.155872663061889	0.0469561103081932
-1.83880143555192	1.16104224209836
0.450532391701879	0.183205964517695
-0.641728465892975	0.158059513381177
0.873035328104318	0.639644002723069
-0.925968139877157	0.671231161262418
0.053461130802771	0.0328244015368524
0.291934133654877	0.228606962877533
0.465871793219104	0.313889954754125
2.7541867083032	1.71155026036586
2.35781275320046	1.20024532590207
1.07773741136724	0.528948010192096
0.303689968819544	0.19468056294215
0.0181962418730112	0.00987553421835297
1.06933690227919	0.52417571767679
1.5266102712267	1.28960262592373
-0.393028301007924	0.164306942258321
1.09795675176082	0.826385650446508
0.152139658523775	0.0801933718642538
-0.671715945834335	0.46720406255409
-0.240544757887224	0.119784647471919
-0.385740201529226	0.16129703490359
-0.307131500217365	0.140957333079293
-1.22847761920703	0.920576942644377
0.710291255156768	0.463602596639998
-0.611827078149116	0.294337080765376
-0.394454859219729	0.271949899534477
1.05910984550933	0.515832159557413
0.44931180259087	0.182667658684816
-0.147463509945318	0.0833700678415408
-0.493658783474857	0.258353578111926
0.857880249967726	0.627051935880883
-0.0763769602460554	0.0464899449331749
-0.546617159162427	0.454515630453622
0.16079003348652	0.0772396313928175
-0.18865109460228	0.100876849050249
-0.0914856348568854	0.0364543695011356
-0.132646693669163	0.0478826811546858
1.33996865782144	0.594606119763922
0.40595718110712	0.183854552956733
0.703078894809755	0.332210790348258
-0.53996813857271	0.338870480931193
-1.16050726652835	0.650191977967804
-0.149074022216404	0.0537217230515229
1.03983213015104	0.400302023323061
1.0385642363423	0.399078648892044
1.24924625399657	0.859110380628775
-0.0942864984574503	0.0374898102943186
-0.515117986301378	0.197241312249829
0.148596738057561	0.0641934669348287
2.74958998501656	0.787920507210083
0.154703016161459	0.0668125837202353
-0.0924845720313198	0.0368073771962988
-4.22101966782845	2.01580644261758
-0.21438297968887	0.070119295219489
0.160516143169782	0.0550975946447159
0.949380065796336	0.639257849133039
-0.0519551966131772	0.0227099663711314
-0.151914456871281	0.0547376712442449
1.07096393445901	0.52444261287245
0.957474565238286	0.645831799222365
-0.399526668760615	0.275252488002066
0.786856215145614	0.735322937017736
0.405963273438724	0.334471345086902
0.181978965312612	0.118394254041032
0.150568053896364	0.0721578114165971
0.601482890622671	0.451297506082105
-0.912762868596828	0.759120448328194
0.141022651727805	0.0674865501811875
0.471514789438922	0.319367299929832
-0.145351886754262	0.0818166624530968
-0.237195417347268	0.118166026468097
0.148673116304383	0.0713250135513426
0.609019974615804	0.319130134428792
-0.519276339586016	0.199029682930515
0.147988559509057	0.0709867407024467
-1.00040713436469	0.892953759835923
1.24892486356358	0.861339550256325
0.906896748726573	0.490862326985111
-0.236237170661595	0.15374838103003
0.331713296570035	0.183151162167414
-0.453551998210685	0.298956324803977
0.607126169714347	0.454858993242942
-0.78315401581033	0.732479631795568
-0.401070455232008	0.276799310109481
-0.0581780045263077	0.0253427353921314
0.0606936219870713	0.0372286183479379
0.730477909155605	0.603531627960541
0.694517638716414	0.327772801209336
-0.656314714967892	0.388063845232923
-0.795756376066703	0.434116482929752
-0.951112937508594	0.579066392358594
-0.0908116219887108	0.0361884083167592
-1.0241372766758	0.410514033565441
0.99255923013866	0.802197234056567
2.40311424268991	2.03808875772222
0.1548630007545	0.0818646122072001
2.11505214578591	0.96111669527156
-0.633819675881249	0.156036191470775
1.04306281920514	0.401137401202673
-0.0993042704777846	0.0394836667830403
-1.02583455098012	0.413043803481388
-0.142603029870794	0.0515255055439621
-0.640656975678056	0.157776356363176
0.9052657909637	0.488848621724038
-0.144102508835248	0.0519955989315975
0.607100865736058	0.317218866795832
1.04407793800765	0.401530572798881
0.67065498417138	0.215487616922184
0.0727571752896097	0.0610454319945214
0.405017769056542	0.418478296259231
0.33489695335106	0.185257147296694
1.32906700078086	0.589900984861052
1.04230743707962	0.401611574259419
1.04230743707962	0.401611574259419
-0.147873446228401	0.0533861392609676
0.669903363513283	0.215634804708644
0.661336234174573	0.212381115853655
-1.01955946098905	0.408907543271993
-0.729701678342157	0.253580140468091
-0.517941904306001	0.198111769037771
-1.27060640130826	0.579256545559091
-1.18068347271728	0.660580458450123
0.446784672204274	0.181491655393646
0.159122325410511	0.0480117921042768
1.33910839248839	0.595740331254466
-0.71841689794844	0.249777152570215
0.15511272358923	0.0745115041119286
0.53668704389391	0.195702410097146
1.03455764314919	0.397057034101838
-1.14283325733795	0.352132388893513
-0.146917853126969	0.0529623902201666
0.826531590934318	0.35315888780187
-0.203525622856583	0.17455195686897
0.282274700132183	0.228374851368898
0.194954957836022	0.181762976604045
2.74958998501656	0.787920507210083
0.402517515024369	0.182113611018176
-0.0310616864625166	0.0146571354182889
0.152633350829298	0.0389395951664406
0.144983099103736	0.027824125638065
2.11476331684021	0.962649218894054
0.935072365625058	0.249598704803732
0.164642263465142	0.0495275308334802
-1.80103877399874	0.401412128456168
0.145952781975537	0.027957432098957
0.154853640575486	0.0467605063072903
0.145952781975537	0.027957432098957
0.901169307054895	0.48682385106215
0.642262134695984	0.450471185992967
-0.347476635066155	0.101259316294087
0.666381294485655	0.214481042382208
0.158036719368933	0.0402017101522864
1.45081573296225	0.488099054152683
-0.723678625838308	0.25185170240566
1.03882026472922	0.400114292850008
-1.8009224274669	0.401413641514774
0.144983099103736	0.027824125638065
3.26574785919213	1.12499058506004
0.580493371155721	0.72437302325208
-0.180634376987883	0.137667650308678
-0.385969868587329	0.264005608450453
-1.81413520755592	0.748554279976997
0.531946232023591	0.193886067853674
2.74487801315329	1.70138505583625
0.151191438466223	0.0727143367917457
1.78652728580861	1.0120976036543
0.66957124715326	0.214831928354538
-0.0607635556657976	0.02649319207991
0.160518930457975	0.0406859460362184
0.162765853660276	0.0412041418868207
-1.02126179208727	0.410975081816502
-1.14420932638858	0.351785528543761
0.154819554186086	0.039408070567956
-0.510193603406986	0.194934000466999
0.939853714804409	0.251002284675557
-0.14662958422798	0.0529534159724381
2.36302726672777	1.2055519679103
0.163624541637998	0.04930959903967
0.16137422717943	0.0408817023262115
0.831621928970045	0.355145445447902
2.35781275320046	1.20024532590207
-1.51610823049621	0.548551675553127
-2.47795038253555	1.39256931431667
-0.632322823221197	0.565602110486332
0.559399124582014	0.571143038299652
-0.249865567592943	0.209124324113721
0.730475198250478	0.825246819175769
0.731451409118831	0.604721899213936
0.3966958610729	0.179734062954689
1.44816685557941	0.487186600500996
1.34094170351393	0.595096817487302
0.531223226643993	0.193578240394512
2.7446093752094	1.70144628561711
1.57490494567969	0.79522669798621
0.826531590934318	0.35315888780187
1.9664848962572	1.23973077389814
0.0925403540432959	0.0653510300310183
0.165536768744967	0.101027578363608
0.548265066046468	0.316084801790317
-0.280150064505956	0.175755153119176
0.018105995524185	0.00980692020840919
0.144983099103736	0.027824125638065
0.535619203962128	0.194767988702562
-0.638059916511872	0.157099877961465
-2.58107011718166	0.682882000334415
-0.636438389477554	0.156998062672413
0.69790906599664	0.330043247012599
0.661014028065539	0.212332873799895
0.158729294236089	0.04043260950787
3.92758157346939	1.75250654263634
1.44816685557941	0.487186600500996
1.7818376026515	1.00654504300515
1.4519121380375	0.487696442951866
-0.684643976359213	0.539478011567729
0.319995578791151	0.191513316987754
0.158098146078809	0.0542318936331157
1.4519121380375	0.487696442951866
1.04008777856227	0.398610127040573
0.145952781975537	0.027957432098957
-0.637509639132058	0.157280902410938
0.159825702589389	0.0405961444844569
0.6645527926843	0.213454144615325
0.144983099103736	0.027824125638065
0.161455783966325	0.0553265391153341
1.33340728777399	0.59245625933366
1.23424123243092	1.84187146926322
-0.309534853835524	0.142241955376967
-0.61071960408079	0.293581001485316
0.355304073975485	0.178249558782822
-0.0653549837636597	0.0284422885894503
0.905398556734975	0.490687363140464
1.32737623934168	0.58900658769522
1.27741734965163	0.709782422099763
0.53668704389391	0.195702410097146
-3.08605931477026	0.975090216684496
-0.390092049604046	0.163335404835178
-0.143811185198742	0.0519843113185563
-0.0947254410431225	0.037748651984201
0.82679228746987	0.353192581099221
-4.0044745943347	1.7671800240546
4.17196783865944	2.03991405074105
0.160136994586442	0.0483380929433701
-0.976458875708344	0.486623205126517
0.61380515738731	0.321759708638614
-0.0614421108403125	0.0267220762883892
1.57513779972863	0.796335217996603
-0.637509639132058	0.157280902410938
-1.3283584733707	0.833288890400322
0.159383452529446	0.0480372790434797
0.142479159729638	0.0614854559126402
0.928967703802396	1.22936531612144
-0.303097201425266	0.245762076837167
0.322484292792768	0.348926967757411
0.0693950191002173	0.044873811846941
0.569734502198287	0.451293931412698
0.710348216459636	0.464146838691907
0.163359376675397	0.0491825169151302
2.12029460662934	0.965946921202229
1.05848644031357	0.515464210656395
1.57818566351476	0.793551733669443
0.604758769355008	0.315907972175834
0.445254943515106	0.180826712699052
4.38196239986314	2.32092455826215
1.53364407598066	1.30369009769806
0.294716241020129	0.200633902370485
0.270872977798862	0.240153568996931
1.14522601865052	1.40256994420872
-0.698342548137176	0.609868963764216
0.548120304491033	0.454787691996559
-0.652220028367065	0.383873083740671
0.145952781975537	0.027957432098957
-1.80103877399874	0.401412128456168
-0.149388944222097	0.0537767739711639
-0.216082437585751	0.0706900588053257
0.159873979297135	0.0482815097019209
0.158366958173935	0.0477619066778733
0.442113541307132	0.178867787424453
2.11400416457401	0.961849520633849
0.421371043134776	0.317289111496156
1.67760675374181	1.92784088634018
0.902053553340603	0.487619411741115
-0.721635104470276	0.250959824058763
-0.395835518436449	0.166165092035165
0.157211833210386	0.060690302635875
-1.02198006071152	0.411274533949238
1.79051521852211	1.01324668119366
0.66209183440345	0.212643534404712
0.770144017147223	1.02264703615483
1.41917922307665	1.75985392817814
-0.782211799962877	0.508349756922999
0.546845522271133	0.315244968605839
0.152622293345004	0.0588730715633661
0.153817267949624	0.0593482181298857
-0.141354920327139	0.0510651509736396
-0.0596419343152403	0.0259820600861762
0.151689655577849	0.0729802147664001
-0.783009902203932	0.425899463734921
0.697485556446043	0.45022021673188
-0.607159726923454	0.292089164164453
0.450532391701879	0.183205964517695
-1.52848116029889	0.55061642940329
1.28112852846568	0.71415185971748
-0.0559326090351956	0.0244445320452892
0.446161594444449	0.18120488602564
0.693625748437534	0.327219531188027
-0.215102781729368	0.0703679315225032
0.67065498417138	0.215487616922184
0.151172602395058	0.051995377151868
0.648617073538124	0.457218678382784
-1.34562730899228	1.100862087375
-0.253229397227949	0.242729659893292
-0.87409256832186	0.874596007004591
-0.252043530963451	0.187104709316123
-0.252525071298961	0.211866135706013
-0.24446447030601	0.122105405817565
-0.0676853672014827	0.0424606772346928
1.4726396186016	1.46093639262946
-0.064232492036837	0.0279678825605393
-0.453214449092124	0.298335300509829
1.23402672460372	1.1940644068887
-0.601253510834328	0.288501903193898
0.497354267331685	0.310641218231735
0.325410649590836	0.209949292563389
0.603489121827284	0.31419655720204
0.900688054142822	0.486604223493561
0.449623635043644	0.182709849138681
0.163674195226776	0.0491371997006836
0.362441420779108	0.182366551815682
0.0805532309364659	0.0564436065263082
0.175133210074567	0.113741757065377
0.369632437880648	0.334303575036644
-0.311694661091222	0.143348917078561
0.450761265203773	0.324186963263101
0.150232366263558	0.0790645355651846
-1.48500273978502	0.758302386104218
0.144983099103736	0.027824125638065
0.394594779116674	0.178268649492407
-0.0583046868091208	0.0254267442196577
-1.48746364145455	0.762850768189531
-0.137622313529336	0.049786449357193
-0.215362013913717	0.07044095074977
1.03957617416576	0.399643236692894
0.159873979297135	0.0482815097019209
0.530247760780079	0.192857360219512
-0.237626358538063	0.118345000826933
-0.487041705539299	0.254498237198029
0.1555950782341	0.0534656175944203
0.360636110541453	0.180851234559079
0.669151397214654	0.214915118766865
-0.147873446228401	0.0533861392609676
-0.523937564968149	0.200510104202262
-0.7597630059276	0.333038039824014
-2.46552860828601	1.38756742863939
1.34068855477734	0.59651233156247
0.449969183994438	0.182148355666161
0.884359787124716	0.894645220876035
-0.0577915965985682	0.0252199456152219
0.546579654136961	0.315469342632616
0.151450859722014	0.0799093316489693
-0.295260717631745	0.21490553696453
0.00647590890064974	0.00304582815921413
-0.310673589889918	0.142748149163149
-0.00869824769499074	0.00425841455329428
-0.19414379663825	0.103930519662649
-0.329068178507421	0.196311021442308
-0.410749954178356	0.283611936263175
0.953818382359317	0.642562865837105
1.24596930262473	0.857446530403276
0.175585942368597	0.107637335260608
-0.00513727881018196	0.00254267874976797
-0.953856203840469	0.583984480648196
-1.67541387374797	0.954388872946215
-0.00213536212274327	0.00111459753829551
-1.59818726924127	1.21267451473753
-0.0250900961085221	0.0118929868293383
-1.63972274128394	1.66417533640339
-0.294424507825701	0.213360124843433
0.475208616626819	0.321556157167849
-0.608056729319647	0.291967094027826
0.543762270021313	0.451170035907712
0.988217055118507	0.799117729354379
-0.800571137505276	0.527299311816017
0.90181761858024	0.771805236193654
-0.0353254891373509	0.0165833774337484
-0.605500847419868	0.493579755751914
0.152025928057117	0.0586399664165268
0.332862787599519	0.200319104869401
0.820279000684581	0.349677769176251
0.65005693561568	0.458255189900991
1.23575763606178	1.02917844000707
-0.0150796485897996	0.0073672989534992
-0.480968537220153	0.407673571745271
0.665618647197154	0.213793073260368
-1.02198006071152	0.411274533949238
-2.58550852264163	0.684811136427957
0.53668704389391	0.195702410097146
-0.547294935911687	0.573462823686373
0.504030775639942	0.316890249449135
0.154261862198153	0.0741366185199426
0.178731711899332	0.109709215070394
0.145147775720276	0.0696199990312884
0.389902586988485	0.175802880548688
-0.194619025931632	0.104210643234151
0.151491668846245	0.0726356837688022
4.17299198867898	2.04098582853405
0.939853714804409	0.251002284675557
0.147660719122875	0.0776435503255092
-0.00339323224267569	0.00169808232842815
0.792320389312483	0.473514324337565
0.456696361266914	0.185624611385864
1.08776610249438	0.669083604196972
-0.390678779122636	0.163707540792753
0.159610674313697	0.048048445892231
0.540080766366113	0.310557890932496
0.939853714804409	0.251002284675557
-0.0593189098868255	0.0258510792900574
-0.982445091558731	0.489618442115324
-2.91345929257152	2.1481873201742
-1.60687175994753	1.22926627081488
-0.246075560145205	0.122744095307105
0.939298703364537	0.250809511779044
-0.186610528794463	0.12444568778469
0.656122741492938	0.464367624226034
1.08810785888711	0.668737663581879
-0.797959572593424	0.750171844187663
-0.158141627251049	0.0893714923750555
0.173265794119347	0.105963875623713
0.0178112616858787	0.00962509585700524
0.501776461013133	0.314489565601472
-0.502969947282273	0.376081494297504
0.326041652230482	0.179177619603032
-0.00404279511253172	0.00203554992318179
-1.72485102966927	1.43888331679751
-0.796924076179117	0.52283172106303
0.451259868904597	0.324303019137551
-0.937910364787768	1.06581589193759
0.0633983735093455	0.0389564385088566
-0.0564270792910714	0.0353267224078263
-0.546879380774543	0.34404702602846
1.3271322305254	0.588565404794414
1.35574153769799	1.23224143848359
0.168144846717798	0.102969053382676
-1.33271050353359	0.836458145602786
-0.0283044844018884	0.0133522048229276
-1.25724423259058	1.17059061317099
0.309295684035551	0.199337497619825
-0.319427024264497	0.146593057211228
0.702930313771857	0.455650498287439
0.612370235180162	0.320847899570939
0.407382584365382	0.321075360071523
0.860110058673068	0.629996830992852
-0.0905934418821428	0.036121792375747
0.148761005422826	0.0642290000475288
0.857578821155107	0.62828921456646
0.453947313806393	0.18432102548982
0.923214363251171	0.79756417073056
0.153338447359588	0.0736292956596413
0.602431548458452	0.314824148406257
-0.2993094979257	0.136702355665137
-0.154396457489997	0.10551266915116
0.498373071511918	0.525893747203276
0.621828630332055	0.580929277241476
0.983454596838398	1.06839415734506
1.04312853103607	1.43748559208751
0.28735362713337	0.224330399553673
0.657770824364449	0.465057358176579
0.827465419165181	0.353580301177974
0.168950820446266	0.0967619407178599
0.697321459402158	0.329525637027289
0.144983099103736	0.027824125638065
0.148336424409607	0.0780228330034872
0.448595827238647	0.181813314167064
0.698496407756354	0.330246463159199
0.696586979825317	0.328042982731379
-2.63258544353442	1.62675055303803
-0.0904893793509398	0.0360132840606378
0.0227368838118412	0.0122783265808227
-0.0553246763684024	0.0241645367742121
0.707083852478607	0.461504821223039
0.393353893356509	0.17781278837139
-0.242540241337843	0.121219271310486
1.78066495281274	1.00705476553092
0.399167960449983	0.18078587064709
-0.306547851694833	0.141091468517231
1.62217997819827	1.13332586522505
-0.0510247151061102	0.0223255708997673
0.944102727079701	0.251755733219961
0.901408992042281	0.485276138992288
1.12397764522192	1.0031037147527
0.155185700367323	0.0746059322887215
1.07402219955754	0.526541861698728
0.791913819582654	0.473267614678129
1.27965259044001	0.712792932913603
0.735719590924512	0.611098901803341
1.64796629635504	1.52625411088222
0.536815256114149	0.307768351269683
-0.676064133302383	0.472231500758923
0.606208471506363	0.317433329493624
0.392921179786765	0.177438803212315
-0.779721778149313	0.787269863933734
0.354516061320367	0.328284760365737
0.0145407839708157	0.0100651281249757
-0.301053725179979	0.219782305529742
0.693903778452083	0.327224092788357
1.46029257331249	0.912851473372619
0.907165506557419	0.491859853112975
-1.09899280247447	0.746846865943586
0.698476047987222	0.329618996451351
-0.788476260152117	0.673917094395133
-1.09738848466172	0.745316337815843
0.151438453850196	0.0520921659930463
0.710780767956429	0.464185109214571
0.496784409437791	0.31146172280011
-0.406336278176887	0.228045582340132
-0.651225039102655	0.383083416086592
-1.47290930651151	1.02001712477191
-0.102424381254166	0.0406238742075902
-0.0646509228710535	0.0281373735429023
0.70243978915198	0.456226510038798
-0.666912847769022	0.393349182447794
0.455166237015822	0.185165220753012
0.370902022147234	0.311607723372236
-0.105236811064445	0.0617891685851368
0.152879213638325	0.0806418678258981
-0.88553178477011	0.81497960930819
0.151742513166609	0.0797387464634362
-0.115111731507153	0.0676405951803721
0.179920248253772	0.128251875717289
0.956504730389184	0.935111983597643
-0.131176330268104	0.0916773674437571
0.156113801567814	0.0890580411485679
0.452774301609267	0.325643797245743
-0.109445506058175	0.0644452825465559
0.917272411827924	1.02065089301592
0.633653116303147	0.665698476338113
0.736261137454431	0.71078885123849
0.164341938998119	0.0942695395380633
0.180197948767617	0.128222524780728
0.169092574549544	0.0968371877610093
0.15071284061993	0.0794337546887941
0.909620840221861	0.493034113695683
0.700277243017744	0.330994902880954
1.47166588975635	0.918068330615115
1.33619399827848	0.595395987953639
-0.786854869965055	0.429187836405264
2.26734526723364	1.74766751511859
0.447690361235438	0.181757190662039
0.535932090821665	0.306738820638872
0.325063972159293	0.195412101522287
-0.64892423361563	0.38143213273594
0.703002874143455	0.456261977954762
0.663474154624287	0.212698372638009
-0.346051722995957	0.100990327474769
-1.02099438295529	0.409776652047704
-0.139530743297622	0.0503126066645641
0.156755264990959	0.0538881191673598
1.27626515987078	0.709189250950167
0.158729294236089	0.04043260950787
0.438913518814199	0.313357686564159
0.713592910444617	0.465744678245012
1.24743707019121	1.21092851426295
0.345169625908491	0.191191011066325
1.09497362666726	0.672454362207209
1.09009809437237	0.670340623298305
-0.1116557959335	0.065512404581513
-0.461611966478054	0.306163463582481
1.06906023413505	0.52399481001835
1.24066172092933	1.03579080531556
0.454257246607656	0.184850448579938
0.151191438466223	0.0727143367917457
0.902292243911105	0.48633281098936
0.0438138497424449	0.0268613766125975
0.0533150794900175	0.0327171730544969
0.0180486663587255	0.00974852118744487
-0.0588816757525968	0.0368767655347362
0.15985959848327	0.0844333466671486
0.860150705954128	0.629370180327968
0.159577212176396	0.0844046514228365
-0.796286907230843	0.43455234128038
-0.561100328780609	0.509294699260736
-0.484609554869791	0.411318967430024
-0.64613280843242	0.380156496771077
-0.803079900568566	0.529278559158478
-1.83470227225688	1.15658569751637
-0.307886178070373	0.141040656127103
1.24892486356358	0.861339550256325
0.149161905752438	0.0646063741901696
0.444972633429835	0.180621127746924
-1.98935522023353	1.38921971101634
1.97104013167523	1.24637750152476
-0.409775319213443	0.231322641637579
0.154835135999898	0.059702238785168
1.06906023413505	0.52399481001835
0.448356171081876	0.435113178428602
-1.57279135259072	1.5123081940029
0.830017418371817	0.35496212946458
0.694215873988063	0.327424576825269
-0.519508254567076	0.198366874628176
0.384998559254694	0.327694884815064
0.315445104742482	0.18912277295665
0.373499374916132	0.315013613919327
-0.15372343310832	0.104599957263872
0.124446793903299	0.103215776604315
-0.161371505512748	0.110652565868625
0.160813102338867	0.0917025905647991
0.955358434960183	0.937954823668925
-1.25399592151049	1.1680444095308
0.368981170660137	0.322808126668669
0.27557055267166	0.237147261824252
-0.306300137010145	0.249681151060574
-0.466446906814592	0.4346812603949
-0.333958225960235	0.199471039051098
0.505207461514952	0.318230222646142
0.426966619897406	0.322359316516213
2.74958998501656	0.787920507210083
0.946546912753776	0.635274652337832
0.155730891195915	0.0601356355216201
-0.396106076052578	0.16623181269382
-0.513295933018928	0.19643545895166
0.158729294236089	0.04043260950787
-0.392755281131111	0.164302249761056
0.608652653454104	0.318862720273431
-0.769096652976814	0.338609468695455
0.660259121595295	0.212070761377066
0.303316660363479	0.194141935541013
1.07096393445901	0.52444261287245
-0.758546046376601	0.332445631941611
0.336777148759429	0.186369840418301
0.158685428503525	0.0907019628403377
0.153819808261052	0.0809266492223132
2.12205511758877	1.47616561812775
0.143989147435421	0.0622231728257938
0.448595827238647	0.181813314167064
-0.974458819881832	0.483482035557528
0.525919921889418	0.19117501920487
1.40653317442309	1.08189510472075
0.901730895209253	0.487005811832231
-0.392167445689703	0.164086710868324
0.527613487096402	0.192164364642399
0.685370382578141	0.593131642872429
0.824959158222763	0.351803860248769
0.538657557410927	0.309519913014966
0.714537223282183	0.466997880707195
0.830951835410689	0.355538325180902
0.404184300167606	0.182982862808348
0.164377165872218	0.0495293176899797
1.07367770331022	0.527375896233494
0.441492945504518	0.178796778357484
0.537662684606419	0.195757705274551
0.163359376675397	0.0491825169151302
-0.194967720681178	0.149926264135078
-1.59957178558562	2.42283353338999
-0.373517600572785	0.351360154003335
0.183619633501328	0.12529679478994
-0.461885830086026	0.30691103689361
-0.788429859295102	0.739962183873198
0.316623828404233	0.189708709799055
0.15433459922411	0.0465544527222368
1.07124311928781	0.524347347208053
-0.927399634968323	0.670994099964462
0.659936638860136	0.211580245845419
-0.140442729242083	0.0507204684508811
0.162070178892022	0.0411144637566376
2.36205785403792	1.2049765555766
0.454257246607656	0.184850448579938
0.531223226643993	0.193578240394512
-0.722656757230261	0.251937110505122
-0.345110153737869	0.100567839937822
0.666381294485655	0.214481042382208
1.27134305710847	0.704083321837807
-2.58550852264163	0.684811136427957
0.664222224803941	0.213409026485109
0.620487678463669	0.672323954983211
0.512388925786768	0.322881265680737
0.423300359250249	0.319252570402279
0.304520663439364	0.195328699183633
0.184113907491145	0.136790534343552
0.0385840135605073	0.0223550374545847
-0.119134551502898	0.0702441233069124
0.728366386579091	0.601474037410049
-0.281170831403868	0.251928018427316
-0.135563314612943	0.0759550277252062
1.82393551449113	0.726315315015904
0.830017418371817	0.35496212946458
0.66746146314869	0.214381150055683
0.513019253610522	0.441302918070616
0.129711619074077	0.11806408359011
1.04230743707962	0.401611574259419
0.541590231435624	0.448780085514449
0.299234190373465	0.214875710537425
-0.371818760032428	0.383530361218093
-1.00375701566513	0.898169454380053
0.989465620610272	0.802162124880287
0.330495643496452	0.199006228360606
0.361041388785453	0.181613830685889
0.165849889396749	0.101047832966759
0.570454937198534	0.452329418319069
-0.0904893793509398	0.0360132840606378
-0.00885303625039846	0.00436114039688956
0.145592290548819	0.0279027526196651
0.452066149749284	0.183799113193962
0.821210492165555	0.350333919962237
-0.14443056977508	0.0521818046496702
-2.58178332536446	0.682930522892635
0.163169995607563	0.0413572276497282
1.03252767803863	0.396301899722819
0.150077997456474	0.0453496116307848
-0.520217181433706	0.199453993404994
0.159421595053514	0.0405224643025682
1.44816685557941	0.487186600500996
0.826271750411342	0.352114542073385
0.324095219416801	0.194732219238107
0.184341082738389	0.137019307008838
1.02888516551269	0.967566026287227
0.308835891559869	0.198194301618671
1.03705168717883	0.398261057696949
0.666049960969073	0.214022945375077
-1.02198006071152	0.411274533949238
-0.637509639132058	0.157280902410938
0.157772450057789	0.0400836004593127
-2.46472569001774	1.38749014093308
0.145592290548819	0.0279027526196651
0.454594871922057	0.184978882106625
-4.00298359640819	1.7665522786842
0.156941675224984	0.0398954425925589
1.82352406082909	0.723030431098272
0.163600720392901	0.0997986052329999
0.363080802516986	0.182632322834209
0.788727993835891	0.47078815053426
0.146850196733294	0.0705293502278957
0.36839975703354	0.185445215653388
0.153779156651059	0.0665421583235274
0.530151821487384	0.192827665875907
1.08055703137789	0.528795329883184
-0.0911490113525155	0.0363421310861702
0.449623635043644	0.182709849138681
0.151454081670746	0.0726836336383945
0.138768136734641	0.0662935229143819
0.940922493736804	0.250741724034319
-0.327865661163239	0.195608136928948
0.383827436047682	0.326403011593939
-1.03654701670429	1.16421320339646
-0.0214994732565662	0.0141077860940221
0.0160278794280067	0.00874035032986658
-2.28389472415964	1.16803009129697
-0.787224679290232	0.794975963289338
-1.97935231530238	1.37555455745456
0.39403575914468	0.1780121846798
-0.48595079362501	0.254032512276028
0.494881163626394	0.309907137659385
-4.0044745943347	1.7671800240546
-0.726427642398715	0.252868210726988
0.664222224803941	0.213409026485109
-0.975288553297247	0.485765853390852
0.144146410642126	0.0689504983062774
-0.0559326090351956	0.0244445320452892
-0.347136350857903	0.101509886664517
-0.346051722995957	0.100990327474769
-0.135072367244292	0.0486437553247429
0.447068025243979	0.181470820686563
-0.493918245204717	0.259041735382512
1.24813676068314	0.861154221060787
0.157426877687479	0.054095802255857
1.77988143343785	1.0036729484779
0.294712869845658	0.211541632259127
0.303073103435607	0.207318410498883
0.43027589636677	0.325185500664093
0.570565265120019	0.450672503674161
0.561404296667862	0.442091155094392
1.01920139918422	0.950183718026825
-0.105852749510322	0.0621554840715071
1.14898632497572	1.29630857075499
0.454257246607656	0.184850448579938
-0.0259828431642861	0.0123169843334593
0.28893261510419	0.242706846941816
-0.242052298368978	0.221499754265042
0.299923344655351	0.226300525581524
0.697587806294046	0.329263069222229
0.165737194623839	0.101381817455477
-0.248238809480162	0.123847768795583
0.151917634200392	0.0798042906978845
-0.288283796381289	0.208917967469343
-1.01302150363969	0.908104236683844
0.795923867430851	0.751337282865051
0.45557679756695	0.327959523924126
-0.679416920753661	0.475038437011014
-1.03676007976489	1.16498857471234
0.793461554250197	0.746358522198148
0.142166351691189	0.0681155648802882
0.0840676649403653	0.0569997754450102
0.290072274596162	0.21733802536363
0.158729294236089	0.04043260950787
1.9546069313489	0.460412245381477
0.457080958406359	0.185319617500116
0.599451918464161	0.310967961060741
2.36220803332601	1.19965168683141
0.16411177443756	0.0493132983349349
0.159709792765369	0.0614434757859557
-0.143516882394247	0.0518303322908422
0.606198013866531	0.316810449538264
-0.521554466431692	0.199589665218961
-2.28212623762291	1.17106435761246
0.45081542313859	0.183214483609203
0.160136994586442	0.0483380929433701
0.30773453390788	0.210459465226463
-0.24210720891557	0.120975831359982
-0.802890338851542	0.614911969629975
0.742865467033471	0.617000683032434
0.6524541581566	0.461245974284218
0.172893105332059	0.105401168098422
0.155185700367323	0.0746059322887215
1.04230743707962	0.401611574259419
0.692142709489786	0.325964793476357
0.159122325410511	0.0480117921042768
-1.51867963642989	0.551199515777305
0.362954721345173	0.182664384774221
0.451440938272563	0.183586025165848
0.152777340099983	0.0524682996095803
-0.953015386219752	0.583096671940291
-0.515305102872372	0.197213035707925
0.835381168401762	0.356836995772204
2.1265765275484	1.49016951967732
-0.049196217610263	0.021528588150533
2.27760063997583	1.76269205010644
0.159991722339291	0.091350435230916
0.144769502164595	0.0760334766776788
0.457080958406359	0.185319617500116
0.399725684178655	0.18119345596336
-0.0962955273188297	0.0382766722020201
0.826295617816291	0.352510762099459
0.340049304506864	0.188378984592807
0.154877283826213	0.0531649045194279
1.09253929615557	0.672225717389431
0.156971905156412	0.0897886435860509
-0.462926279491179	0.307617477617797
-0.801541619598574	0.927130918601942
-0.0029229085189159	0.0014822497041693
-0.0338640498778607	0.0159152620670689
1.35871430947926	1.24180462986626
0.162959319568487	0.0993116412902621
0.176949178375802	0.11490693721642
-1.66670891516094	0.945485136316005
-1.16068277339694	0.650273274268608
-0.392120453501998	0.164585641771912
-2.11753218441433	1.61963343303566
1.06991391949741	0.524553584232754
-0.786393733909004	0.42793836880696
0.399953189478384	0.181114977812527
1.3339002399907	0.591927981716306
0.148968937245827	0.0643157156779555
1.35769479056352	1.23718005080042
0.150259005972845	0.0579535958632467
0.148968937245827	0.0643157156779555
1.28966006829296	0.717163420088773
-1.16512788064317	0.654515958017152
1.57581363557876	0.794966455252864
0.0182875353316327	0.00992760505403378
0.497730800777822	0.312148795064871
0.187876068556934	0.139674040603821
1.06878451319165	0.52227277850506
1.24312219656349	1.49604933242072
0.707604186810779	0.461968432434717
-0.0610565894553378	0.0265757390658971
0.499349314098404	0.313383792578011
0.163884306047714	0.0939705871949982
0.780472261454873	0.609942976167131
0.504030775639942	0.316890249449135
0.311809304694385	0.200765677286299
0.499994787444698	0.314525293230735
0.704790235098459	0.458916242838094
0.648642565900005	0.455388684717431
0.0770633371830726	0.0498251744628747
0.644070354728404	0.679970985297611
0.18425301235498	0.131465918807096
-0.505677499732517	0.462552368185329
0.664860493439773	0.213529366716842
0.665301548139678	0.214168982585133
1.57792903230899	0.797255129336588
1.33268267370684	0.593331252982876
0.537151068021291	0.195568545631627
0.697625879939322	0.328980875617999
0.14476349274364	0.0759871641731012
-0.994429536768174	0.880122591400062
0.781204187784009	0.611098789779948
-0.0593311244378017	0.0371591530528928
-1.09397776808374	1.04718402073892
0.503252565448949	0.316859425553791
-0.107931784171808	0.0633205309649568
1.5238568192859	1.29028293435791
1.77100556890657	1.78612627796599
-0.28614710399603	0.179560054604542
0.388658217721985	0.175027636393357
-0.723407361182732	0.252081836804318
0.444027095358916	0.179969774879335
-0.520885654160255	0.199641734514241
0.830951835410689	0.355538325180902
-2.27752140043486	1.16650892624748
0.149412182987702	0.0718023587057304
-0.519276339586016	0.199029682930515
3.92542412598605	1.74592277812407
-1.52370471834718	0.553131982412369
-1.1037086147692	0.750296020634772
0.153762707087432	0.0738860778183168
0.354271609623377	0.17754417105737
-0.0662892998789079	0.0288258520917789
-0.766265957379176	0.336344010691763
0.532668848987461	0.193804150978287
-0.782479808833709	0.425497759383064
-1.83270944740751	1.15178077019851
-1.80103877399874	0.401412128456168
-0.144142117823968	0.0520179795440079
0.145592290548819	0.0279027526196651
-0.213024008685103	0.069553537621224
-0.515579268988547	0.197497779631055
0.697321459402158	0.329525637027289
0.162606586631393	0.0489632049155684
0.53668704389391	0.195702410097146
0.532198432599625	0.194009998264973
0.156941675224984	0.0398954425925589
0.715909850194651	0.467500819117444
0.156921781405718	0.067671456254569
-0.310827574518351	0.143030375329262
0.530499832462958	0.192903879235124
-1.14283325733795	0.352132388893513
0.163359376675397	0.0491825169151302
0.528334378223905	0.192181471899543
0.444630821994217	0.180260892534952
0.149320732268583	0.045138597964669
0.159825702589389	0.0405961444844569
1.8188969887676	0.722727252980005
2.75356411778207	0.788200953807627
0.939298703364537	0.250809511779044
0.163866602100675	0.0414467921764721
2.75257155834301	0.787872112571947
0.454257246607656	0.184850448579938
1.81965712946419	0.72393570375632
0.153579839740872	0.0463985633570496
-4.22101966782845	2.01580644261758
-0.288828426292791	0.316775967263527
0.281676991363006	0.228116078078109
-0.143755342980321	0.135608347871996
-0.188472577166328	0.163550749299236
-0.306955258834157	0.250046558716346
0.489068942627683	0.432695417119514
0.610400566738919	0.318493718297868
-1.51793915586182	0.550681864442582
-2.46870609851613	1.39328601696668
-0.394935911720347	0.165820121050295
0.162606586631393	0.0489632049155684
0.939853714804409	0.251002284675557
0.155520410174332	0.0395661334713537
-0.21438297968887	0.070119295219489
1.03882026472922	0.400114292850008
0.158104109918261	0.0476970098800851
0.159421595053514	0.0405224643025682
-0.636990001200621	0.156817984288667
-3.09073773131398	0.977080546046746
0.531946232023591	0.193886067853674
1.95373899190972	0.460332693481441
-1.14283325733795	0.352132388893513
-4.00596709553662	1.7620830515475
0.148768433972093	0.0571917919819374
0.371959850528337	0.325167913130828
0.514161295961738	0.547054570784736
-0.362330703730814	0.437812514214736
0.64563773930274	0.681534257078058
-1.93972782144534	1.89147674799544
-0.197959560660844	0.183965293415213
0.703089260993297	0.813250263024295
1.46778915803033	0.918563909066213
0.145592290548819	0.0279027526196651
1.82041011870169	0.724546408240772
0.986115873370974	0.796575150613653
0.014718935548878	0.0101878147429589
0.190414416875433	0.136029443496118
0.521838810011983	0.449812315675064
0.495354762471751	0.537677551233202
-0.279266970609463	0.303730126946642
-0.00636018211365701	0.00431864850861911
-0.0183621000443634	0.0141684919676574
0.00743503582515424	0.00483896521810055
1.38410017975445	1.85303436572001
0.522397680977866	0.54233713888529
0.0245991285980993	0.0176629372127382
0.0599862293182859	0.0498557751413539
0.317474215358142	0.356721653175038
-0.312272775272306	0.143613165880035
1.7772608881962	1.37917047957999
0.788179867048188	0.469045005322561
0.473768265818249	0.320704347087065
0.161025357573926	0.0851068641906135
-1.09222030329498	1.28252723002691
-0.644536087028407	0.624395711214984
-0.195929902229058	0.167297359361479
1.44816685557941	0.487186600500996
1.9546069313489	0.460412245381477
0.167233311085895	0.0420824369080308
0.942469249206212	0.251285156498659
0.939298703364537	0.250809511779044
0.159132199857942	0.0403652499117015
-2.58178332536446	0.682930522892635
0.664222224803941	0.213409026485109
0.158729294236089	0.04043260950787
1.95733767915288	0.46077898524688
0.159610674313697	0.048048445892231
-1.13907413243892	0.350415838742694
-0.763835775071784	0.335755273843228
0.161103074305392	0.0979089713493092
-0.780372502797295	0.842303949141097
0.187463904365445	0.166080886536821
-0.444014677086452	0.443570769192453
1.27685672182814	0.709735633620896
3.63664142756648	1.45554969527548
0.665631852900648	0.213765325882499
1.82256446107734	0.723448323404729
0.940366139413571	0.250549017337595
3.26141769425846	1.12732988282303
-1.80103877399874	0.401412128456168
3.25711819118569	1.12516204396806
0.153579839740872	0.0463985633570496
1.45081573296225	0.488099054152683
1.03780816129706	0.399548214209553
0.528334378223905	0.192181471899543
0.942469249206212	0.251285156498659
-0.0506049804180817	0.0221572267416145
0.162250434754953	0.062239813770337
-0.489001121326161	0.256241998376587
0.666711334578513	0.213667593723057
1.45081573296225	0.488099054152683
1.03531563070088	0.397416666916399
-3.08605931477026	0.975090216684496
0.943029051172106	0.251479485037243
1.95733767915288	0.46077898524688
1.81933356547965	0.723773070508788
0.145952781975537	0.027957432098957
0.529305127913445	0.192443828592845
0.939853714804409	0.251002284675557
2.11274293487726	0.958796242868276
-0.346391761922432	0.101125986544327
1.9546069313489	0.460412245381477
1.9546069313489	0.460412245381477
0.939321446025007	0.250350778540833
-1.09600786380468	0.744769994301151
-0.166887926317029	0.143010084752747
0.374729996010361	0.339856615289235
-0.00830320755663348	0.00644550603484756
-0.624092212772516	0.553949902829317
0.650722512104814	0.586455469664012
-0.67661475561948	0.471879813114449
0.158729294236089	0.04043260950787
0.162473111348855	0.041123724112904
0.154426155420695	0.0394015396377603
-0.95835831324005	0.587040348971874
1.44707333879815	0.486882965382531
0.935072365625058	0.249598704803732
-1.52370471834718	0.553131982412369
1.81965712946419	0.72393570375632
1.95373899190972	0.460332693481441
0.144624243113007	0.0277697138706121
-3.45920905368023	1.25640999767694
-0.338983881750999	0.09876937194583
0.943029051172106	0.251479485037243
1.82148708414178	0.724579036933352
0.144983099103736	0.027824125638065
1.3346239887035	0.593831354304034
3.63553631715371	1.45516543033256
-0.280638330592	0.175793905802055
-0.462146137714749	0.430248385679424
0.320646567854428	0.339203370448077
0.709787448793711	0.711654929389839
0.153837734904853	0.0738507928463661
-0.079766912439789	0.0658093175099675
0.0159394920374472	0.0114750810595094
-0.265167377327862	0.198113097686266
0.751839921923695	0.734721004195145
0.0314606982265235	0.0226624267162486
1.40744326465051	1.08320828262828
0.939853714804409	0.251002284675557
0.666049960969073	0.214022945375077
0.535619203962128	0.194767988702562
1.12577252897509	1.00286834592258
0.940922493736804	0.250741724034319
-3.08660653838605	0.975157312690119
-1.52261793291458	0.552416088281882
0.599615262354944	0.312855645406021
-0.103190151500387	0.0733654795720343
1.07837402469533	0.659557483746073
-0.296574421094991	0.286428669037712
0.00637995776489753	0.00508744321826084
-0.0717562120983778	0.0528814318087143
-0.242330012577889	0.120671610718856
-1.72943922790778	1.44518158472093
-0.876537229545706	1.30981098639868
0.56616195031786	0.560281182534423
0.271407373947572	0.225933085324694
0.32516028220631	0.329576740231235
0.591421786330854	0.568836854663856
-0.0938167676621962	0.0546816363200408
0.0548457382033189	0.0336729629847205
0.29715109843734	0.202405552259157
0.650987673624506	0.458722367660653
1.07773741136724	0.528948010192096
0.711269661605608	0.716015085866336
-0.00530216568224183	0.00459727856656779
-0.143283227427101	0.135207122526855
-0.754475001895036	0.329668651033873
0.315586789578692	0.188716323277125
0.150848243830615	0.0582155963212491
0.148629318798242	0.0643703013221288
0.400994875322143	0.31429667206736
-0.0783204129669076	0.0476710976988258
0.735875773602736	0.914110477997086
1.44816685557941	0.487186600500996
1.9546069313489	0.460412245381477
0.163866602100675	0.0414467921764721
0.669163918318719	0.214223140441018
-1.8009224274669	0.401413641514774
-0.346051722995957	0.100990327474769
-0.35108905718488	0.102362211478167
-1.80103877399874	0.401412128456168
1.45081573296225	0.488099054152683
-2.58587528855637	0.684874790734986
2.75356411778207	0.788200953807627
-2.27781283370872	1.16734388663456
-2.355284391866	2.12736129456648
-0.0939771207986168	0.068293696709031
-0.490631373925664	0.489374171072984
1.05506216169769	1.11137777057481
1.08179084562059	1.36185183741333
0.157521902035835	0.0608139560500287
-0.635886909613779	0.156604724964807
-1.27183364624937	0.579789745439092
-1.8009224274669	0.401413641514774
-1.51833170548507	0.550474500519343
-1.27032538013449	0.58045220816518
1.9546069313489	0.460412245381477
0.144624243113007	0.0277697138706121
0.162520718038001	0.0556867678446794
2.56402797758103	1.44608388479496
0.152137322963614	0.080195999809832
-0.949112622756573	0.580940901573
-0.482569060781375	0.251491332187584
1.24342041636169	1.03955482004317
-0.909711258619944	0.753836646420745
0.649471486921866	0.456607933405698
1.58238220147454	0.797964248618497
0.33383539881692	0.183865753116973
0.606145482986246	0.316283837294884
0.154686858037972	0.0743552610538433
1.10354985221871	0.831705247619648
2.27706357013799	1.75626411527379
0.494755715549931	0.309389139359541
0.453971605986436	0.184766637057688
0.605295451242082	0.316267020943986
-0.0287717813712785	0.0135659370806764
0.0400011713715309	0.0231428604794105
0.476003368786705	0.322568528431563
3.63664142756648	1.45554969527548
-0.51833577991471	0.198217107395505
0.168778820835287	0.10905209592886
-0.0264510520811124	0.0125370165570672
0.164377165872218	0.0495293176899797
0.569550255536429	0.451693356900507
0.155064479547892	0.0884296089863914
-0.328665100981312	0.196058378279924
0.546845522271133	0.315244968605839
-0.114183175459509	0.0670428361062374
-0.0567659984943519	0.0247795591061522
0.313373953230327	0.201937674826437
-0.184166110442592	0.0982096861791059
-0.649299385403106	0.381296328817011
-0.283710395194378	0.178067880738422
0.0212979741499111	0.0115171750767496
0.986811019478897	0.793382510850587
-0.607372860314525	0.292288849707055
0.708401526373926	0.461249384810291
0.430636626671574	0.32563652318231
-0.308470940111496	0.141736890446516
1.23431640852762	1.0289385020088
-0.894051352517833	0.824129467368251
-0.400565566558473	0.224904843844682
-0.391265768818464	0.163995996745211
-0.241900420042212	0.120479216153593
0.792371815568972	0.621673726657105
-0.787309707596619	0.428364918737237
0.156763807018891	0.067759613248126
0.498929048351009	0.311986785406397
0.449223534164812	0.322524674739949
0.421483365130254	0.317773861613769
-1.10342430180502	0.751831170823407
0.627212156235884	0.586521097703761
1.62182424382474	1.13607550847594
1.35920199592967	1.2443106056637
0.826531590934318	0.35315888780187
-0.273513192404465	0.170397870514405
-0.239710893248809	0.119301063557685
0.828186951506785	0.352590584369547
0.302633123592132	0.217572560227965
-0.533943514106497	0.528051038158611
-0.00701630291704424	0.00465258135491999
-0.341991905047157	0.204597534994049
0.142309794504355	0.0746380318456686
0.149975860929304	0.0579241892206102
1.05896023889776	1.21960076469285
0.35565831454286	0.31952038172332
-0.0226454930421793	0.0174917105920525
-0.0809325474730588	0.0493119323172487
1.27626515987078	0.709189250950167
-0.0917048126224021	0.0365475266335609
-0.397642642768216	0.223353638477283
0.181609180886585	0.123815035199453
-0.761003837130839	0.333618902533493
-0.358318715506293	0.10413238667114
0.938786187734731	0.250272333462114
0.158729294236089	0.04043260950787
1.45598541563742	0.488399771900037
0.163359376675397	0.0491825169151302
-1.02224709287202	0.410608941783725
3.25819512813541	1.12540871646052
0.861796531610444	0.632185487458098
-0.24375694891152	0.121345834256379
-0.682596949458244	0.537790214325825
-1.2772289988959	1.38178648355719
0.179821969144787	0.116858257492323
0.0357267105152876	0.0207400371193027
0.298861245201334	0.214836194085949
0.297505429190437	0.202417894713015
0.610079861901839	0.31897879687733
-0.919869400240193	0.666647610840959
0.153795400763134	0.0665159299682564
-0.401884513747297	0.226868914244496
-0.090929796907427	0.0362166152873234
0.793001673068448	0.47346312035216
-4.56282369037549	2.53114575562217
0.356711387811075	0.179051560352988
-0.486973170420074	0.254210017255901
0.621376947898321	0.324768571154724
0.154843626744562	0.0597045824409547
-0.384890510711624	0.161097082975423
-0.402479733532332	0.226165093771704
-0.000878782171505386	0.000510310282182445
0.543835408862521	0.313588189157105
0.16089014359948	0.0485574624883246
0.822141685307495	0.350753098387779
-0.388877039243228	0.162870942102531
0.943029051172106	0.251479485037243
0.160136994586442	0.0483380929433701
0.147477269600241	0.0569474987210093
0.451783977538765	0.183363070775372
-0.0347200428040649	0.0163123379583385
1.33340728777399	0.59245625933366
1.0872093540049	0.668194289681844
0.397591993248658	0.179582304998472
0.16079003348652	0.0772396313928175
0.647177379968713	0.455635007474337
0.706031178892709	0.457477303820615
-0.244326648037767	0.121515055445409
-0.48819983688179	0.255048597848072
-1.45171014299303	1.2853926708017
0.152038681284049	0.0587362093462159
0.794683917566897	0.474619770476362
1.23602447567308	1.03095963332697
0.444972633429835	0.180621127746924
0.15126209936992	0.0727771576670532
0.798612647256516	0.476930700597585
0.336222702074457	0.185465621126079
-0.646280959919001	0.380486784605247
-1.49334098692416	0.765261578783683
-0.0939513242499082	0.0373820643222157
-0.768179820713939	0.338079744104205
0.501654101482966	0.314860114621408
0.795160025038904	0.475001254340059
-1.60835397415967	1.22858677898478
0.5013095730052	0.314294852418198
-0.665922450154061	0.392428418707028
-0.00698455607226322	0.00345480167417894
0.689346451286098	0.324840596495388
0.612903400161451	0.321207167405034
-1.04639567043776	0.834546013745644
-0.78194991990539	0.424930142494456
-0.0651654928390194	0.0283611716221835
-0.648434205010579	0.381081342788381
-0.245083227914798	0.122350275174725
-0.0945087687933719	0.0376036536917361
-0.597544311937603	0.286643195496125
1.52847354295612	1.29594012850423
-1.35320310557795	1.11017218309091
-0.493350016993174	0.257475244715914
-0.923088450062916	0.668191011576898
0.154609068613903	0.0465958660556028
0.359083885538431	0.180666040495287
-0.794452008860581	0.43323043358706
1.76642895961224	1.37020770909395
-0.401581907947816	0.168388199858379
1.78336767156261	1.01050612851749
0.333921192149217	0.184631343315205
0.607750888947621	0.318054204847347
1.78906080699521	1.00989809793224
1.47143331247205	0.916890616577858
-0.337373197273527	0.201951261601336
0.0160777178462935	0.00873995425838484
0.784975718496513	0.615007015585687
-0.18961857723155	0.101190316902895
-0.554965490742771	0.350337800596196
1.11003294201183	0.835072066162413
0.158729294236089	0.04043260950787
0.787699080161179	0.736833355604244
-0.163973231175328	0.11251705047842
-0.797327375308118	0.8685598901629
0.327124769798235	0.179759370216418
-0.2098903203841	0.0686010473884186
-0.793891679469734	0.52269296987374
1.47108728351765	1.46503069622949
-0.348495430367253	0.247830916508756
-0.759464560325363	0.333463084710515
-1.81562925100544	0.751335139968759
-0.514635039335923	0.197073437131208
2.11577314290531	0.963107092671546
-1.52370471834718	0.553131982412369
0.66957124715326	0.214831928354538
-0.210607289339738	0.0688473290252904
0.144983099103736	0.027824125638065
1.57074734642616	0.791590665888046
0.537406575730244	0.196009920523317
1.95373899190972	0.460332693481441
0.140400083006098	0.0271488262218611
0.370821574415201	0.324888027230528
-1.72442361358212	1.43455389000226
-0.212384629749836	0.0692767682348191
1.52755097427772	1.82696922859529
0.288499968885806	0.225343713599739
0.15190298259254	0.0865229964441361
0.146352172681155	0.0702816807951065
0.691551458171265	0.324953925668654
0.159328460119034	0.0908304816288542
-0.490642904364511	0.256341132632403
-0.637509639132058	0.157280902410938
0.144624243113007	0.0277697138706121
1.23603573381206	1.1989668203152
1.27965259044001	0.712792932913603
-0.243827221479891	0.121377178699863
-0.783485766449426	0.425898606307403
-0.983202952295325	0.488898266466747
-2.06228632978157	0.950939019470671
0.144896280914455	0.0626596294935733
0.164642263465142	0.0495275308334802
-0.991650907839314	0.493034894730891
-0.38695836629556	0.162163500198277
1.76038325854366	1.36109984134708
-0.212568324340494	0.0694726774908008
0.15143721778861	0.0584446890424094
0.163359376675397	0.0491825169151302
-0.346807895138624	0.101074285145883
-0.0962955273188297	0.0382766722020201
0.72407339031695	0.595742841154002
0.549104681302545	0.316817712556498
0.715524053823204	0.468393641806638
0.297396264198148	0.202543872067493
-0.0764714660254251	0.0464770215599379
-0.0676966189174087	0.0293885138542332
0.144361728014979	0.0624240103865054
-0.235273931265978	0.116912326889418
0.449597240574579	0.182834116917075
1.12011711644914	0.997892682582801
-0.138535181662081	0.0501089737478327
0.149339408956512	0.0718095416667512
-0.24866988145243	0.124097080558991
0.543500530972207	0.312374998066717
-0.924520824181069	0.670441921506615
0.697321459402158	0.329525637027289
-0.952504482074031	0.582845325381987
-1.26965711158767	0.579970689675105
-0.863758350551555	0.928386283873207
0.331713296570035	0.183151162167414
-0.539937199585351	0.449711861661896
-0.432735007232716	0.331502189176758
0.698496407756354	0.330246463159199
0.379308470870577	0.321731554514748
0.958476474186125	0.646309817586797
-1.35238888135421	1.3467905568406
-0.489427537992001	0.25664341486965
0.715939499696236	0.468441438223294
1.34369573658651	1.41128653856098
0.527478165050501	0.191447258465582
0.157826961315139	0.0681692550045904
-0.228709652389989	0.14862202991279
-0.61093003610866	0.293666072522947
0.407855289625465	0.184456478859613
0.702188639204418	0.331853922277242
0.148254985144565	0.0641765306323083
0.177461195855982	0.115123923529963
0.154928167439297	0.0532400543451358
-0.783394969248081	0.425264477560176
0.703078894809755	0.332210790348258
0.650278158768161	0.458966591476256
0.307034915372801	0.197551729976188
0.709489389394017	0.711663215954325
0.599321833026122	0.448071577130409
0.600151513325803	0.313072911417596
0.288050904072796	0.205685646166141
-0.107515424570729	0.0632015395640489
0.507198987700357	0.319379059587303
0.949650144118748	0.637097071264783
0.00541439942750115	0.00351193852880867
0.0486728308788085	0.0298229049141476
-0.0793361052894332	0.0572825713341082
0.394619367030887	0.324014379601191
-0.0184535289783904	0.00888326839076919
-0.00678601525623638	0.00332664122223471
0.831732972088189	1.16177033226328
0.293372443419189	0.209580087681172
0.392171774427283	0.321379423205116
0.155730891195915	0.0601356355216201
1.81781976514298	0.720896344651989
-0.311739505321106	0.143391278291556
0.354375687404613	0.177669815840091
0.67065498417138	0.215487616922184
-0.245314526667834	0.122455137567946
0.541645483726267	0.196837888937945
0.403073343729651	0.182521004414791
3.93578320589483	1.7539529825166
0.943029051172106	0.251479485037243
-0.51396531615413	0.196814734006425
0.938786187734731	0.250272333462114
0.698213155936331	0.330003570818779
0.957812272237682	0.941415827422157
0.787328801612724	0.617117166804219
-0.0300898756010004	0.0141966184095546
0.16586136625778	0.0951153222469215
-0.191299345953791	0.146499132750169
1.30203840023518	1.78840432748992
1.33779223092532	1.40153193297137
0.165334438241399	0.0946334134202281
-0.287303226232737	0.18042585348943
0.157633323445896	0.0401249768572365
1.9546069313489	0.460412245381477
-0.096508744195952	0.0384424509230555
-1.26965711158767	0.579970689675105
-0.0998609074557554	0.0397194014457479
-0.181794579141763	0.0968957600079479
-0.757606825717428	0.331612302146802
0.157138593113679	0.0679261826409741
-0.54628503172197	0.345047271361267
0.160332957825737	0.0617853531712644
-1.51867963642989	0.551199515777305
0.457701392410892	0.185947828452328
-0.332470571968963	0.198295937780633
0.33576213378254	0.185090456790372
-0.194247218748609	0.12995486318234
1.62035596892007	1.13146147814274
0.532814768867822	0.193864204311051
0.533642805684197	0.194234863625944
0.157961656278045	0.0541365833526948
-0.226427449873442	0.146723837784243
-0.0288096132974451	0.0135602545449516
1.27535864426043	0.708386322237487
0.0315472572420471	0.0183481308053215
-0.922260337314831	0.669278488586703
1.28320018957317	0.713213302310666
0.609554700464912	0.31948996421209
0.152641938101793	0.0589243022830194
1.40110225706957	1.07910989170917
0.99456153869487	0.808643835921587
1.46312731116123	0.915661388961565
-0.403744644226561	0.226885224857658
1.08477755467452	0.664595028591794
-1.17011941096544	1.01440998308143
-1.10331449111284	0.751667511887504
0.389902586988485	0.175802880548688
-0.192367259962471	0.103026559642533
-0.335212421490698	0.267136818090328
-0.531256014903349	0.441017973925587
-0.500212234525503	0.37590415534077
-0.030106296045744	0.0142210847791421
-0.237195417347268	0.118166026468097
-1.83095441612352	1.65287370237139
0.153938621408257	0.0666234968472352
-1.47577140426416	1.02643660961203
-0.00281024200192741	0.00143231762995746
1.10498195455271	0.832175119000186
-0.195386779602157	0.104628105677198
-0.0347200428040649	0.0163123379583385
-0.514908806238071	0.197238634697011
0.356232906532068	0.178756120410395
0.693318180766968	0.327454103578734
0.306903481082082	0.196708018221465
-1.17068133545217	0.657843294254402
-1.6702841984141	0.949094005979184
0.906840728834785	0.491577714340793
-0.335049202239056	0.200914025095751
0.172176309700746	0.0987295052099734
-0.796453519652512	0.521230966005293
-0.140153187769079	0.0505552442875205
0.0681652438983163	0.0440572904418102
-0.0612766905687833	0.0267282662857739
0.491992482427263	0.438300273756181
0.0352860230688233	0.0204432398248099
0.336856841395608	0.335741257158704
-0.0226127241929361	0.0107639372624357
-0.346807895138624	0.101074285145883
-0.191582203004197	0.102478161134928
-0.235101808647127	0.153126188370125
-0.977418338442203	0.961717112500373
-0.793855175152574	0.605699451519065
-0.600911519686007	0.288240547866383
-1.52221131494962	0.551599382638492
0.451814005510907	0.183074401175355
1.4420767310292	0.484387465743625
2.11302394251325	0.960139316615714
-0.72264604583748	0.251322189623296
-1.13907413243892	0.350415838742694
0.944102727079701	0.251755733219961
0.665631852900648	0.213765325882499
1.04092234965347	1.08942204850283
1.34140806303024	0.595630219758559
0.150768496086518	0.0517947656461138
0.144983099103736	0.027824125638065
1.95733767915288	0.46077898524688
0.473308521239045	0.320371179051191
-0.727179123195026	0.25354055255114
-0.0956170879648099	0.0381091865393533
0.451409653936048	0.183237550076472
0.162831996663767	0.070176172101889
-0.064232492036837	0.0279678825605393
-0.975288553297247	0.485765853390852
-0.550923680109051	0.347953706031956
1.46746861960014	0.916581200355958
-2.11711934969373	1.61307714709222
-1.67333756583943	0.955698409549507
0.82331197688746	0.349871139711576
0.355304073975485	0.178249558782822
0.530151821487384	0.192827665875907
-0.0936153822407014	0.037234297410612
-0.347136350857903	0.101509886664517
0.142361547759538	0.0487852438290043
0.156083307671789	0.0536388626462904
0.648977158125952	0.455931041887143
-0.0327905408419315	0.015423157864431
0.83890142101989	0.751928046883161
-0.216082437585751	0.0706900588053257
0.140504189611975	0.0606431730969867
0.550310630816176	0.317221320935011
0.144013735265409	0.0622118058321614
-0.246946584424869	0.123430557965825
0.451123183314161	0.183433906627989
0.690236839566846	0.325231295045011
-0.242759572905647	0.121073625896202
-0.553147387229159	0.349143294298507
0.290967335992193	0.196692472045068
-1.45335483510535	1.290836852643
-0.80259503959006	0.529323873792537
-0.0838936664051482	0.0333603673957265
-0.795757364402532	0.607660796445754
0.471238527086304	0.318806177803621
-0.778718290567539	0.421983217691614
1.09652212447881	0.822591667755285
0.902376967423749	0.48751279559689
-0.00652774794211058	0.00323788103015902
0.400056695131092	0.181218684794906
0.513833104540281	0.32370143020823
-0.307990922790343	0.141708236036251
-0.930009179834745	0.677048883094531
0.957888738836016	0.645881438625294
-0.973626024576377	0.483776495964029
-0.794855525474487	0.523828146194644
-0.220662150695417	0.0721303089573529
0.716958022795438	0.469119838385604
-0.721635104470276	0.250959824058763
-0.21158767729877	0.0692522593193464
-0.970647638276469	0.482194393877049
0.395715291463461	0.178734308689649
-0.034369368461814	0.0161426859274002
-1.22516760579645	0.916270136211916
-0.0951788795736729	0.0378143027128206
0.323594945991625	0.194089440563595
0.565461647540508	0.447478861356057
0.609305371698408	0.458274914263205
0.882769286069981	0.890640586039305
0.491439235215599	0.437440852858765
-0.210870083038772	0.0690051452148311
0.085672508300537	0.057889167965886
1.17267711338481	1.87610466247268
0.334594778444027	0.184390987308325
-1.02485306183988	0.411542674464278
-0.187573045624511	0.10024242686046
-0.564173215289957	0.51135479540307
-0.860624316201777	0.923591051373335
-1.26284920918884	1.17414521022575
-1.81811777909537	0.751424160112118
2.75057603691244	0.786424841779512
0.450876685574105	0.182868541134948
0.160626900474085	0.0484137065522702
-0.383236098989224	0.160106898390476
-0.762879461533401	0.334634976236243
0.665301548139678	0.214168982585133
-0.346051722995957	0.100990327474769
2.7486062124648	0.786021619850662
0.532920813071289	0.194317875052133
0.938786187734731	0.250272333462114
0.145952781975537	0.027957432098957
-0.390048934740149	0.163373352279334
0.69141153316247	0.325357648290526
-0.303861477799499	0.139039088060966
-0.658158588756335	0.388930742629767
0.330176596055185	0.181964327408761
-0.137622313529336	0.049786449357193
-1.0980373330324	0.743266869369259
0.665301548139678	0.214168982585133
-0.0591280981604864	0.0257564285494872
-0.519276339586016	0.199029682930515
-0.139778556264901	0.050510440696469
0.359598447793694	0.180964014187806
-0.0346295368639625	0.016211178075635
0.151438453850196	0.0520921659930463
1.33547122315643	0.593485432342235
0.150039122185617	0.0648502450161375
0.864562541263561	0.634573445979131
-0.0131858505314579	0.00646011385810657
0.693318180766968	0.327454103578734
1.28907695879506	0.716622378595279
-0.189948074514278	0.126452851451259
0.69817057583264	0.329029507203537
1.0872093540049	0.668194289681844
0.905074748281096	0.489868134909344
-0.0943872624015641	0.0375579141573569
0.540928569054861	0.196926465061172
-0.0103351722711186	0.0050845205415206
-1.16214104577659	0.649782359675678
-0.399467864240862	0.276001188252756
-2.20674906796287	2.57326125638822
0.152348851936178	0.0588465452810224
-0.660087543559523	0.390136747260276
0.168635124035093	0.0964897747274548
-0.246946584424869	0.123430557965825
0.550016562309006	0.317288651925014
-0.108813491150214	0.0639321089084309
-0.805408299925179	0.52882155122303
0.953448132817459	0.641414215936094
-1.31657841581855	0.818321064137044
0.905957748818587	0.490866840920093
-0.0961715583055109	0.0383226667889411
0.457031613175772	0.185686620353555
-0.929501747013238	0.676482753100705
-1.15866245468964	1.00493596791511
-0.385473899825453	0.161465497409722
-0.400997846694247	0.168192240364448
-0.308902784013595	0.141905936117444
-1.74110126728292	1.89522560862655
0.531475663884314	0.193334490534739
1.77691435812792	1.00271393844755
0.606313468520226	0.316510938563868
0.902614638554908	0.487800853081471
1.23696061930458	1.03219730899348
0.727921656620628	0.60061571364827
0.176460218780292	0.108068330846383
0.621372429789683	0.468833000978595
1.46112776705756	0.916117138420401
0.352414010044861	0.176297095442368
0.16067493369296	0.0847934254634562
0.393890475112343	0.323102410085451
0.917162096163727	0.495308907248155
2.11501415724733	0.962307404604812
-0.348220543213602	0.101642486260234
0.795675330914257	0.475806097377803
-0.0637182386608087	0.0277444197112858
1.27567332789137	0.706942124101732
-0.21158767729877	0.0692522593193464
0.830951835410689	0.355538325180902
0.834714189009558	0.356451830627343
0.144983099103736	0.027824125638065
0.139189086451385	0.0535218233282667
-0.352922420805713	0.102954332052563
-0.490934518649369	0.256414619899957
-0.948603138769628	0.580465035444476
-1.45698068186415	1.29769079713268
-0.39036423870232	0.163650413054301
0.147689640377863	0.063755418646655
0.448690692037347	0.182381129521223
-0.145046650834678	0.0818597527480218
-0.51086025853727	0.195073122629858
1.06586030772037	0.520354888875661
0.826558974409073	0.352989133818377
0.693625748437534	0.327219531188027
0.896464153505887	0.48284892551112
1.08774313731508	0.668692685311295
0.16089014359948	0.0485574624883246
-0.401118178349242	0.225688422727985
-1.48838565727803	0.761700246788856
0.164377165872218	0.0495293176899797
-0.395250233581368	0.165817207352519
-0.0271440158732742	0.0174641865975045
-0.033882301472433	0.0159259849100061
-0.464409981489216	0.308689935259862
0.356956597378275	0.178991541846451
0.151965027179809	0.0657173503426741
1.07114561222476	0.524621491672943
-0.980383709986584	0.487846557035176
0.448996652727867	0.182338661350822
-0.971229600039481	0.482516920035912
-2.03059903771239	2.11607659288725
-0.225980737566007	0.0736878678331904
-1.13907413243892	0.350415838742694
-0.976458875708344	0.486623205126517
0.526515382544166	0.191099640425118
-3.46478958027201	1.25928131143948
-1.55108357815843	1.48147159372635
-2.27914761208306	1.16758855700596
0.446784672204274	0.181491655393646
0.826531590934318	0.35315888780187
1.06906023413505	0.52399481001835
1.02109959428367	0.956580680454086
0.9107261251831	0.782054188390026
0.319038329105385	0.191207934298118
-0.38019862128324	0.330474734154999
-0.683555355507531	0.477826107744188
-0.678436760853385	0.473654197547435
-0.237966718723793	0.154757339543564
-0.471261554389023	0.313662180404671
0.0260958201343323	0.0140233112691994
0.841809957880313	0.75735503528318
2.35781275320046	1.20024532590207
1.33547122315643	0.593485432342235
-0.303570016919347	0.139127668621195
1.10774937625177	0.836075868851319
0.539493589521119	0.19594200928133
2.12281247852273	0.965310170814929
-0.391853018895284	0.164211548410465
-0.765378636922633	0.335723053498464
-0.143516882394247	0.0518303322908422
-1.14283325733795	0.352132388893513
-1.66785069154994	0.947927491421678
-0.514238684137278	0.196858589089476
-0.348220543213602	0.101642486260234
0.823763733393036	0.351069197066921
0.404848247509645	0.183393564798113
-0.307886178070373	0.141040656127103
-0.339698178639039	0.203661177728135
0.902852960007563	0.485306544638775
0.499155391656389	0.312826219819267
1.45151622307992	0.488502446881907
4.17656272277587	2.04584984320935
0.665618647197154	0.213793073260368
-1.15174076397451	0.353721534917221
-0.343259987353609	0.0997966152970868
-0.0113688807701685	0.00556079352481778
0.0493685909132295	0.0302751791885412
-0.715419571350884	0.684251016175345
-1.00465273390556	0.90010584973994
-0.159047083028359	0.108876051417677
0.455788330014537	0.185537184077034
-0.352171048045609	0.102884554871845
-1.51793915586182	0.550681864442582
-2.06538713025603	0.955693446391778
0.530247760780079	0.192857360219512
-0.721906540285296	0.25157399652224
-0.216172722976397	0.0706904380630048
0.144983099103736	0.027824125638065
-2.58142672375403	0.684312616488773
-1.28026782015807	0.585048846712041
3.26033581954854	1.12492242320153
1.33788749462767	0.595246998169513
0.140400083006098	0.0271488262218611
-0.0709106823937297	0.0305890645815469
0.0456739535668683	0.0280276292285085
-0.410745855672704	0.232018038067938
0.171694810729152	0.121757666775645
0.208970008924199	0.20129658349948
0.176762767697838	0.135244404338045
0.656590093191809	0.464686253936573
0.838245724965383	0.754729551205887
0.11777863421495	0.116141464653242
0.606849430899691	0.650608214167532
0.196347599381395	0.170697578070279
0.188497746506923	0.154666163182951
0.0162989955815434	0.0117710402644774
0.391861475499824	0.412308815039539
0.15372623772021	0.039243442264908
-0.347136350857903	0.101509886664517
0.144983099103736	0.027824125638065
0.156941675224984	0.0398954425925589
-1.48407666103806	0.759438031046279
-0.655632503656984	0.387158823298164
-0.980436528867813	0.489615442131538
0.419058793891677	0.332313524640011
1.04230743707962	0.401611574259419
1.072148450527	0.525212148369327
1.44651862707379	0.485997879309324
1.44746976337709	0.486785860941538
0.159120665328247	0.048062202194274
1.06558235609236	0.521564264741471
0.502594093534889	0.547609396210022
1.00743888837271	0.81753553932164
0.189432012822135	0.135560479651517
-0.445306461654429	0.343664481284461
0.664969953013349	0.213264891085546
-0.391221006087443	0.164172689294787
-0.511415259704656	0.195471759731759
-1.66762057591264	0.948985781212687
0.160626900474085	0.0484137065522702
1.06468052402213	0.521190538628543
1.9546069313489	0.460412245381477
-1.51793915586182	0.550681864442582
0.673775421395746	0.215711600754686
-0.0554194880842625	0.0242288232428228
0.325194198292521	0.178400678339949
0.904386781012714	0.774482218260518
0.327885815997174	0.197201311217233
0.861186351671981	1.18562020940781
0.987178884979999	1.0769233714638
0.679542027401047	0.953804822987017
0.446792799760602	0.433740454845901
1.0626209047729	1.5628794676124
-0.352922420805713	0.102954332052563
0.144624243113007	0.0277697138706121
-0.509527285836048	0.194677535004504
-0.520217181433706	0.199453993404994
1.03806395636365	0.39882502542582
-1.31943595660633	0.822779556033557
0.159120665328247	0.048062202194274
0.0593832190382525	0.0382488092867905
0.076111702274572	0.0491833892184775
2.74958998501656	0.787920507210083
0.144983099103736	0.027824125638065
-2.58142672375403	0.684312616488773
2.74958998501656	0.787920507210083
1.95373899190972	0.460332693481441
1.95373899190972	0.460332693481441
0.665301548139678	0.214168982585133
0.324444217475315	0.195493519674664
-1.34866042653354	1.10817099418239
0.160399718081772	0.0482300098666194
-0.348647465724826	0.101723259540307
-0.351420017354976	0.10254393356513
-0.352171048045609	0.102884554871845
2.75257155834301	0.787872112571947
-2.58107011718166	0.682882000334415
-1.8009224274669	0.401413641514774
0.480083525333806	0.42295814719742
0.504964901858094	0.317652600816048
0.385802284485303	0.402833349393759
0.61015379263351	0.568222120528404
0.382462541492053	0.337145188191651
0.429589135924455	0.324598662908023
0.466321397008172	0.314840563264953
0.533148654949344	0.439338228228471
-1.80497515009983	0.40204480448646
0.159825702589389	0.0405961444844569
0.144983099103736	0.027824125638065
0.144983099103736	0.027824125638065
0.144983099103736	0.027824125638065
-0.721635104470276	0.250959824058763
0.355609158841042	0.178380110907298
1.0005914444802	1.18609320829441
0.147073700611219	0.070594298539303
0.938786187734731	0.250272333462114
1.04332248971287	0.402005344928024
2.5659193365195	1.44613485132804
-1.8113799781808	0.747754907607329
1.4497197553516	0.486935149927457
1.33195766626685	0.591426123433272
0.157772450057789	0.0400836004593127
-1.14310865877862	0.351285302005725
0.158857588582489	0.0479158038261938
0.649257677368924	0.585803158823807
0.607204025182247	0.456439954425556
-0.14639018182942	0.0824667022238051
-0.977888057573579	0.485234656923495
1.82317998866194	0.72570154697374
-0.0841058147036876	0.0334715907535355
1.44598024938091	0.485455548198704
1.44707333879815	0.486882965382531
0.145952781975537	0.027957432098957
0.450521460933264	0.500168258678469
0.185154665635361	0.147263408777255
1.44746976337709	0.486785860941538
1.34166096481196	0.597003916862013
-0.212568324340494	0.0694726774908008
-0.612003566091713	0.49716359326854
-0.104823771624879	0.0616017919228776
0.620553431143263	0.579939623787038
-2.58142672375403	0.684312616488773
-1.13769004302713	0.349325823144218
0.145952781975537	0.027957432098957
1.81933356547965	0.723773070508788
1.44637717898614	0.486482829772734
0.163169995607563	0.0413572276497282
0.66746146314869	0.214381150055683
0.158870112724068	0.0403250933632853
-0.351870650503092	0.102316886952805
0.666381294485655	0.214481042382208
-0.407100062683278	0.229785037873014
1.32737623934168	0.58900658769522
-1.14104219214391	0.350714860686515
1.576743593749	0.795718778360275
-0.0449112277915323	0.0196789960610851
-1.02224709287202	0.410608941783725
0.145592290548819	0.0279027526196651
-0.726161254656457	0.252560499450293
0.634975138555696	0.832333985717312
0.565997989372629	0.632487825684065
0.549247622030535	0.456591039322066
0.287033812630119	0.224642388279712
0.29555287302639	0.222419359498572
0.648807513509629	0.58318543618671
0.448406404831086	0.181534539264758
0.158921743859633	0.0838963023975421
0.395128805794117	0.323860353511701
-0.21688918582617	0.0709123691608258
0.66746146314869	0.214381150055683
0.66957124715326	0.214831928354538
0.145952781975537	0.027957432098957
1.44637717898614	0.486482829772734
0.66746146314869	0.214381150055683
-1.51867963642989	0.551199515777305
-2.58178332536446	0.682930522892635
1.81965712946419	0.72393570375632
0.157426877687479	0.054095802255857
0.145952781975537	0.027957432098957
0.158366958173935	0.0477619066778733
0.152777340099983	0.0524682996095803
-0.489427537992001	0.25664341486965
-1.02583455098012	0.413043803481388
-3.45989362965761	1.25724083459984
1.03780816129706	0.399548214209553
1.57836727672071	0.795578509193013
0.144983099103736	0.027824125638065
0.939853714804409	0.251002284675557
1.8142953907822	0.720202227075537
0.387470216978396	0.330248973700674
0.150560591340052	0.0581713067257616
0.159421595053514	0.0405224643025682
0.533642805684197	0.194234863625944
0.669151397214654	0.214915118766865
0.665618647197154	0.213793073260368
-1.26682211368405	0.577178479347997
0.664969953013349	0.213264891085546
-0.637509639132058	0.157280902410938
0.401727651230253	0.182090164619813
0.148508541635756	0.0283091884660306
-0.220662150695417	0.0721303089573529
-0.637509639132058	0.157280902410938
0.531946232023591	0.193886067853674
-0.347562155000387	0.101412477187396
1.78707662335376	1.01202482076114
-3.75605424325041	1.51534982337763
-1.14352115801698	0.352309794326609
1.95373899190972	0.460332693481441
0.507683968928839	0.319198816318605
-0.18865109460228	0.100876849050249
-0.0564459193517199	0.0246515207764823
-0.214123379998796	0.0699227235538962
1.33706159798945	0.593100125557583
1.03882026472922	0.400114292850008
0.159421595053514	0.0405224643025682
1.03882026472922	0.400114292850008
-0.347136350857903	0.101509886664517
-0.726161254656457	0.252560499450293
-1.14173074601379	0.351630194981725
0.158036719368933	0.0402017101522864
0.144624243113007	0.0277697138706121
0.540928569054861	0.196926465061172
0.666049960969073	0.214022945375077
-0.637509639132058	0.157280902410938
1.45598541563742	0.488399771900037
-0.641217763381128	0.157896990579203
1.44707333879815	0.486882965382531
-1.81562925100544	0.751335139968759
0.156941675224984	0.0398954425925589
-2.58142672375403	0.684312616488773
1.03957617416576	0.399643236692894
-1.02126179208727	0.410975081816502
3.25711819118569	1.12516204396806
0.155520410174332	0.0395661334713537
-1.14173074601379	0.351630194981725
2.57221290263107	1.45239443539007
0.32057448494089	0.192699518334386
1.27564831091553	0.708538912799159
-0.332624622843697	0.199316288703792
0.6945116005276	0.327849998261566
-1.16367309360939	0.652735113629601
-1.0272685011115	0.413655990175607
0.667130392787493	0.214334835345571
0.140400083006098	0.0271488262218611
1.0865080540374	0.666793830173373
-0.638059916511872	0.157099877961465
2.75356411778207	0.788200953807627
0.159825702589389	0.0405961444844569
0.939298703364537	0.250809511779044
-0.632707054239441	0.155821219725077
0.663474154624287	0.212698372638009
1.82073340465931	0.723968171977521
-0.723672302673316	0.251728336614369
0.163866602100675	0.0414467921764721
-0.722178250971348	0.25075614733526
-1.52295784924345	0.552861579278889
-0.520446455297036	0.199056207758102
1.82393551449113	0.726315315015904
2.74958998501656	0.787920507210083
1.95373899190972	0.460332693481441
0.450532391701879	0.183205964517695
-0.148678450375822	0.0839440077968702
-0.240903434423294	0.119884975347309
0.152633350829298	0.0389395951664406
-0.636990001200621	0.156817984288667
0.145592290548819	0.0279027526196651
0.155143712679243	0.0533136788534507
0.144624243113007	0.0277697138706121
-1.14671720971639	0.353197314225222
0.158036719368933	0.0402017101522864
0.145592290548819	0.0279027526196651
0.158729294236089	0.04043260950787
0.155520410174332	0.0395661334713537
0.158036719368933	0.0402017101522864
-0.346391761922432	0.101125986544327
0.158324698427983	0.0402149964785429
0.162606586631393	0.0489632049155684
-0.348964786734811	0.101837107016821
0.158729294236089	0.04043260950787
0.167140429175049	0.0501406321488788
-0.0357732277225188	0.0167743731518874
0.287758710819127	0.205504121214232
0.450250312571145	0.182923552644081
-0.0282852395857205	0.0133328900996901
0.450250312571145	0.182923552644081
0.665301548139678	0.214168982585133
1.4452850207351	0.485057538595493
0.829332199734926	0.353520231037369
-1.02556922335767	0.412012891941837
-1.14241956815201	0.351807769829277
0.940922493736804	0.250741724034319
-1.8009224274669	0.401413641514774
-3.45920905368023	1.25640999767694
0.939298703364537	0.250809511779044
-2.58178332536446	0.682930522892635
0.154819554186086	0.039408070567956
-0.231827110786918	0.150811870991858
0.397491207197731	0.179774092061848
0.150069116114406	0.0649994481708726
0.943029051172106	0.251479485037243
1.81965712946419	0.72393570375632
3.25819512813541	1.12540871646052
-1.8009224274669	0.401413641514774
-1.80497515009983	0.40204480448646
-1.51833170548507	0.550474500519343
0.939298703364537	0.250809511779044
-0.636438389477554	0.156998062672413
1.44926079886845	0.486462370267577
-1.80103877399874	0.401412128456168
-0.642287903988749	0.158179920711655
0.158036719368933	0.0402017101522864
-0.347136350857903	0.101509886664517
1.52847354295612	1.29594012850423
1.09762882497567	0.82313746476969
-0.0561368223377581	0.0245196006104206
-0.190469977731953	0.101980621891197
-0.720885051656636	0.250598309067814
0.940922493736804	0.250741724034319
2.75057603691244	0.786424841779512
2.74958998501656	0.787920507210083
0.939853714804409	0.251002284675557
-0.636959492719679	0.156887069567616
1.44707333879815	0.486882965382531
0.145952781975537	0.027957432098957
-0.937512625935433	0.683315365071461
-0.0925980068176476	0.0368806029120303
-0.000878782171505386	0.000510310282182445
3.25819512813541	1.12540871646052
1.45598541563742	0.488399771900037
-0.35108905718488	0.102362211478167
-1.80103877399874	0.401412128456168
1.45151622307992	0.488502446881907
-0.636438389477554	0.156998062672413
-2.58107011718166	0.682882000334415
1.33437745347812	0.592914189800261
-0.95835831324005	0.587040348971874
0.901169307054895	0.48682385106215
-0.0536393865369196	0.033584924365075
0.153405388703481	0.066400669654385
-0.0712436019601124	0.0308262651010904
-0.219686057817939	0.071808363943125
1.03354280177294	0.396866204815453
0.938786187734731	0.250272333462114
1.33292908935071	0.591884606497793
-0.721906540285296	0.25157399652224
0.666049960969073	0.214022945375077
-0.726161254656457	0.252560499450293
1.45488464570977	0.487942320885071
-0.731694225513689	0.254377788318113
0.157022623028463	0.0539216680988902
1.27227089072115	0.704955266212706
-1.27562101606895	0.583695327776066
0.956782724407446	0.645630714500154
0.151145060903721	0.0583778906974097
-0.509527285836048	0.194677535004504
-1.66933915211112	0.950027334354309
-0.636438389477554	0.156998062672413
0.160897720983043	0.0483862279239328
1.04230743707962	0.401611574259419
0.145952781975537	0.027957432098957
-1.8009224274669	0.401413641514774
2.35757068329137	1.20029488810686
0.453947313806393	0.18432102548982
-3.45920905368023	1.25640999767694
0.451440938272563	0.183586025165848
-0.976458875708344	0.486623205126517
0.151729269826885	0.0585153704114295
0.60566173497832	0.316451429482637
0.151172602395058	0.051995377151868
0.713649552957873	0.465996266513128
0.145592290548819	0.0279027526196651
3.25819512813541	1.12540871646052
0.938786187734731	0.250272333462114
0.145592290548819	0.0279027526196651
0.578203785385435	0.459731262239912
0.837552063423488	0.355841959404176
-0.274265261696556	0.171498842202993
1.57513779972863	0.796335217996603
2.75257155834301	0.787872112571947
0.939853714804409	0.251002284675557
0.160516143169782	0.0550975946447159
0.858898621816223	0.629905376969204
0.715969964423016	0.467965039074162
