x	y
-0.347136350857903	0.101509886664517
0.145952781975537	0.027957432098957
-1.8009224274669	0.401413641514774
0.145592290548819	0.0279027526196651
-1.80103877399874	0.401412128456168
1.9546069313489	0.460412245381477
-1.8009224274669	0.401413641514774
-1.14851210229951	0.353384284502155
0.159421595053514	0.0405224643025682
-0.635886909613779	0.156604724964807
-0.49519783192992	0.259576133277492
-0.485014921601791	0.253345398933276
0.145592290548819	0.0279027526196651
0.162070178892022	0.0411144637566376
0.6645527926843	0.213454144615325
0.159576214720181	0.0547910896912197
0.159873979297135	0.0482815097019209
0.938786187734731	0.250272333462114
-0.638059916511872	0.157099877961465
2.75257155834301	0.787872112571947
1.04685144070489	0.402563769271555
0.940922493736804	0.250741724034319
-1.51759021741262	0.550484114851072
2.35587370300618	1.19766789241683
0.163866602100675	0.0414467921764721
0.133723298962321	0.0512852805285777
-0.0568644161075437	0.0248403449950877
-0.216082437585751	0.0706900588053257
-3.76101710724737	1.51893369847701
-1.02198006071152	0.411274533949238
-4.0081000526726	1.77106539749408
1.07092808077171	0.523475634703237
-0.727179123195026	0.25354055255114
0.675285468234335	0.216285450940634
-0.636438389477554	0.156998062672413
1.78579520024804	1.00833206191592
-1.14310865877862	0.351285302005725
-3.09129418995865	0.975610822572426
0.534869182588835	0.194578913470447
1.58141791457346	0.800800960739081
-0.214842941901008	0.070116645288276
-0.763835775071784	0.335755273843228
-1.09458142957203	0.740980101927546
-1.17088397503592	0.657078316762695
-0.141065904193988	0.0509641882307141
0.159132199857942	0.0403652499117015
-0.214842941901008	0.070116645288276
1.9546069313489	0.460412245381477
0.938786187734731	0.250272333462114
0.160518930457975	0.0406859460362184
0.156941675224984	0.0398954425925589
1.33691638207705	0.594514622461538
-0.636438389477554	0.156998062672413
-1.14104219214391	0.350714860686515
0.660259121595295	0.212070761377066
1.44746976337709	0.486785860941538
1.9546069313489	0.460412245381477
-1.8009224274669	0.401413641514774
0.534990586328699	0.194669034502889
-0.906092082745559	0.747861081272967
-0.769717752575689	0.338699512066309
-1.14851210229951	0.353384284502155
-1.10461166880087	1.06254305936051
-0.785937881244457	0.427720394467029
0.691127052473739	0.325441118327524
-0.537589572624758	0.447976836519234
0.161641242696519	0.0926269468718874
-0.354066664782435	0.312855770153849
-0.601467287066214	0.288528213478627
0.157772450057789	0.0400836004593127
-0.346797330227773	0.101185095553384
1.95373899190972	0.460332693481441
0.159120665328247	0.048062202194274
0.16539472162627	0.0497470234457683
-1.81562925100544	0.751335139968759
-1.02655133741802	0.413516459136083
0.164642263465142	0.0495275308334802
0.825597474038335	0.352498147547611
-0.633819675881249	0.156036191470775
0.601957211491468	0.314293567708947
0.372884983544668	0.314124031706703
-1.48962506835334	0.762431636633961
-0.722385544152519	0.251104758974595
0.145592290548819	0.0279027526196651
1.82425955121577	0.726135704741858
0.947302192663454	0.251880296760776
1.03780816129706	0.399548214209553
-1.83290735276733	1.1561472364467
1.82425955121577	0.726135704741858
-0.40525733028023	0.228732768533982
0.145952781975537	0.027957432098957
-0.607159726923454	0.292089164164453
1.06839078833273	0.523090363047584
-0.536318642532592	0.445867245937874
-1.03447921120947	1.16427024764595
-0.683150397702022	0.475724894635624
0.15985959848327	0.0844333466671486
-0.303329106700292	0.246578708349974
0.664222224803941	0.213409026485109
0.144624243113007	0.0277697138706121
1.95373899190972	0.460332693481441
0.148874773794293	0.0283648154803441
-0.636438389477554	0.156998062672413
0.159120665328247	0.048062202194274
-0.719916676812819	0.25028316194156
-1.51793915586182	0.550681864442582
0.155816413428406	0.0535628127143977
-2.06823085425124	0.956878021317762
-0.229248778571251	0.113531497252192
0.514308363640439	0.32393127775937
-1.48808247216032	0.763411251497296
0.664969953013349	0.213264891085546
0.939298703364537	0.250809511779044
-1.8009224274669	0.401413641514774
1.81965712946419	0.72393570375632
0.939853714804409	0.251002284675557
-1.00592502195775	0.900721179684162
0.319781838074007	0.192345522491744
-2.58107011718166	0.682882000334415
-1.9860743061095	1.38293652609931
0.156755264990959	0.0538881191673598
0.608117522807983	0.318502976762962
-1.15822476224593	1.0014510876606
0.182590083292164	0.130489295010828
0.423024316775658	0.335307958002739
0.307447968938743	0.210359106247941
-0.191760069528289	0.102473573330147
-0.513177401045243	0.386645245246206
-1.1589656242328	0.647335654749726
0.66746146314869	0.214381150055683
-0.640656975678056	0.157776356363176
-0.637509639132058	0.157280902410938
0.140400083006098	0.0271488262218611
2.75257155834301	0.787872112571947
-0.635886909613779	0.156604724964807
-0.638059916511872	0.157099877961465
1.45081573296225	0.488099054152683
1.81965712946419	0.72393570375632
1.81933356547965	0.723773070508788
-0.636438389477554	0.156998062672413
-1.14310865877862	0.351285302005725
-1.52295784924345	0.552861579278889
-0.030106296045744	0.0142210847791421
0.689021989957694	0.324336218368935
0.154928167439297	0.0532400543451358
-1.8009224274669	0.401413641514774
1.95373899190972	0.460332693481441
0.901730895209253	0.487005811832231
0.159120665328247	0.048062202194274
0.159120665328247	0.048062202194274
-3.08660653838605	0.975157312690119
-1.03185923747868	0.414980836560012
-0.515305102872372	0.197213035707925
-1.14283325733795	0.352132388893513
-2.0699351803891	0.958967476788261
1.44746976337709	0.486785860941538
-0.220662150695417	0.0721303089573529
0.6645527926843	0.213454144615325
0.158729294236089	0.04043260950787
0.148874773794293	0.0283648154803441
1.03984708563945	0.398850796192404
1.81965712946419	0.72393570375632
-0.306975394050471	0.140867364592611
0.673775421395746	0.215711600754686
-0.723407361182732	0.252081836804318
0.82679228746987	0.353192581099221
0.158104109918261	0.0476970098800851
-3.75826609616582	1.51609845599333
0.145592290548819	0.0279027526196651
1.45151622307992	0.488502446881907
0.666381294485655	0.214481042382208
0.145592290548819	0.0279027526196651
-1.14241956815201	0.351807769829277
-1.80497515009983	0.40204480448646
-3.45989362965761	1.25724083459984
0.531378357585119	0.193286631867885
1.82256446107734	0.723448323404729
1.9546069313489	0.460412245381477
0.938232517255131	0.250080666640462
-1.02368524530921	0.41093826511309
0.144983099103736	0.027824125638065
0.940366139413571	0.250549017337595
0.934005942223238	0.248873278369857
0.145592290548819	0.0279027526196651
0.144624243113007	0.0277697138706121
-2.58142672375403	0.684312616488773
0.151705174546684	0.0520762650731795
0.665631852900648	0.213765325882499
0.161906078576276	0.04874952925091
-0.344362382759712	0.100549162971635
-0.215362013913717	0.07044095074977
1.82393551449113	0.726315315015904
-1.8009224274669	0.401413641514774
0.145592290548819	0.0279027526196651
-1.80103877399874	0.401412128456168
-1.80103877399874	0.401412128456168
0.940366139413571	0.250549017337595
-1.14420932638858	0.351785528543761
0.536431293429806	0.195654703291124
-0.984686733291016	0.491302403590035
0.145592290548819	0.0279027526196651
-2.58142672375403	0.684312616488773
0.144983099103736	0.027824125638065
3.25711819118569	1.12516204396806
-0.516447718221762	0.197760621289895
1.33365346781733	0.593790400301544
-1.14352115801698	0.352309794326609
-0.722656757230261	0.251937110505122
2.75356411778207	0.788200953807627
0.144983099103736	0.027824125638065
-0.638059916511872	0.157099877961465
0.942469249206212	0.251285156498659
1.9546069313489	0.460412245381477
-1.8009224274669	0.401413641514774
-0.222358457614273	0.0725370670442538
0.825891346122841	0.352089609767383
0.940922493736804	0.250741724034319
0.938232517255131	0.250080666640462
1.95373899190972	0.460332693481441
-1.02099438295529	0.409776652047704
0.689934528881309	0.325192341766654
-0.34327511670262	0.100238459904739
1.32809975659763	0.589445113951956
-0.723397899169428	0.25158201265049
1.82256446107734	0.723448323404729
-1.8009224274669	0.401413641514774
-0.216803244618851	0.0708846083253087
0.942469249206212	0.251285156498659
-1.14352115801698	0.352309794326609
2.74958998501656	0.787920507210083
-2.58142672375403	0.684312616488773
-0.635886909613779	0.156604724964807
2.36302726672777	1.2055519679103
0.943541575109422	0.251560831713342
-2.58550852264163	0.684811136427957
0.939853714804409	0.251002284675557
-1.8009224274669	0.401413641514774
-0.145050251406849	0.0523218390746506
0.398837441219052	0.180650680271888
-0.49193981044575	0.256556751605628
-0.215102781729368	0.0703679315225032
0.163169995607563	0.0413572276497282
-0.347543274432262	0.101202259443342
0.939298703364537	0.250809511779044
0.665301548139678	0.214168982585133
-0.517195310680798	0.1976432330412
1.9546069313489	0.460412245381477
0.152633350829298	0.0389395951664406
-3.45989362965761	1.25724083459984
-2.58178332536446	0.682930522892635
0.940366139413571	0.250549017337595
0.675285468234335	0.216285450940634
0.943541575109422	0.251560831713342
1.58398375763736	0.801446534352579
0.152038681284049	0.0587362093462159
0.152374380215692	0.0523737819250446
0.144624243113007	0.0277697138706121
0.386883295086309	0.174350397118612
-0.494171611892078	0.258883975588938
-0.347136350857903	0.101509886664517
1.95373899190972	0.460332693481441
3.63664142756648	1.45554969527548
1.44707333879815	0.486882965382531
-0.347881275810247	0.101704932899344
-0.348220543213602	0.101642486260234
0.145269564101328	0.0628285892375078
-3.45989362965761	1.25724083459984
1.44707333879815	0.486882965382531
0.832842982642917	0.355029332095832
-3.0855122183307	0.972756963025588
-0.143518895199953	0.0518583858402703
-0.348964786734811	0.101837107016821
-0.345306452425536	0.100608479618864
0.380007449019356	0.334243251448143
1.4497197553516	0.486935149927457
1.03957617416576	0.399643236692894
0.145592290548819	0.0279027526196651
0.158036719368933	0.0402017101522864
0.145592290548819	0.0279027526196651
0.938232517255131	0.250080666640462
0.159576214720181	0.0547910896912197
-0.348316759950918	0.101484921632793
-0.348220543213602	0.101642486260234
-0.640656975678056	0.157776356363176
0.151842624058427	0.0521461596866492
-0.788374358506122	0.42869449473132
-0.39800683918601	0.223350863293829
-2.06538713025603	0.955693446391778
0.683546563806042	0.592017985305167
-0.519944065018575	0.199217167564696
1.57142042382148	0.792092744955046
0.665631852900648	0.213765325882499
-1.14283325733795	0.352132388893513
-0.348220543213602	0.101642486260234
1.07367770331022	0.527375896233494
-3.76176040838625	1.51993807033519
-0.520217181433706	0.199453993404994
-2.27685490925588	1.16611776797245
0.609388175767989	0.31901241697677
0.0182875353316327	0.00992760505403378
3.25819512813541	1.12540871646052
0.938232517255131	0.250080666640462
0.942469249206212	0.251285156498659
-0.347476635066155	0.101259316294087
0.447136981194751	0.321076552104969
-0.785091866703427	0.425678315916756
0.158729294236089	0.04043260950787
0.943029051172106	0.251479485037243
-1.81815462985932	0.752329885228272
0.665301548139678	0.214168982585133
4.38196239986314	2.32092455826215
0.144983099103736	0.027824125638065
-0.345110153737869	0.100567839937822
-0.71841689794844	0.249777152570215
0.666381294485655	0.214481042382208
1.9546069313489	0.460412245381477
2.75057603691244	0.786424841779512
-1.80103877399874	0.401412128456168
1.82501577065802	0.726750208134044
0.829346227820373	0.354574714510443
0.534734954570662	0.194672048613434
0.158729294236089	0.04043260950787
0.666381294485655	0.214481042382208
-0.722385544152519	0.251104758974595
-1.8009224274669	0.401413641514774
-0.346051722995957	0.100990327474769
-1.80103877399874	0.401412128456168
-2.58178332536446	0.682930522892635
0.158036719368933	0.0402017101522864
0.158366958173935	0.0477619066778733
0.537406575730244	0.196009920523317
-3.46478958027201	1.25928131143948
0.15333233148057	0.0390971321912012
-0.146050154808727	0.0526254078407853
0.164865038513377	0.0869994616900319
-1.02062042675795	0.40900976372954
0.159132199857942	0.0403652499117015
-3.08605931477026	0.975090216684496
0.939853714804409	0.251002284675557
0.938232517255131	0.250080666640462
0.67065498417138	0.215487616922184
0.939298703364537	0.250809511779044
0.159825702589389	0.0405961444844569
0.159873979297135	0.0482815097019209
-0.347881275810247	0.101704932899344
-1.13976658402628	0.349898349308083
-0.343614950418389	0.100353977595961
-2.58142672375403	0.684312616488773
3.26250083711191	1.1257992465865
-0.722656757230261	0.251937110505122
-0.346051722995957	0.100990327474769
-0.346051722995957	0.100990327474769
-1.27004348394699	0.578549734222855
0.673443817042971	0.216058152817662
0.161642899961838	0.0486892383673852
0.154835135999898	0.059702238785168
-0.521158302962644	0.199454738124414
-0.216341300405611	0.0706275337190599
-0.0587414233859123	0.0255937791832482
0.939853714804409	0.251002284675557
0.392466449136974	0.177426488436985
-1.14671720971639	0.353197314225222
1.44637717898614	0.486482829772734
0.144624243113007	0.0277697138706121
0.16539472162627	0.0497470234457683
2.74958998501656	0.787920507210083
-1.80103877399874	0.401412128456168
-2.58587528855637	0.684874790734986
0.158729294236089	0.04043260950787
-0.727179123195026	0.25354055255114
0.144624243113007	0.0277697138706121
0.665301548139678	0.214168982585133
0.154928167439297	0.0532400543451358
0.145592290548819	0.0279027526196651
-1.8009224274669	0.401413641514774
-0.348626537089827	0.10172068619406
4.38097876932546	2.32034003644269
-0.34327511670262	0.100238459904739
1.44707333879815	0.486882965382531
0.938232517255131	0.250080666640462
-3.08660653838605	0.975157312690119
-1.14241956815201	0.351807769829277
1.95373899190972	0.460332693481441
-2.58107011718166	0.682882000334415
-1.14352115801698	0.352309794326609
1.04711738732017	0.401205403026436
3.25711819118569	1.12516204396806
0.6645527926843	0.213454144615325
-0.346797330227773	0.101185095553384
-1.8009224274669	0.401413641514774
-1.51759021741262	0.550484114851072
-1.80103877399874	0.401412128456168
-1.80497515009983	0.40204480448646
-0.637509639132058	0.157280902410938
-1.14283325733795	0.352132388893513
-1.8009224274669	0.401413641514774
-3.45920905368023	1.25640999767694
-0.636990001200621	0.156817984288667
-1.8009224274669	0.401413641514774
0.940922493736804	0.250741724034319
1.95733767915288	0.46077898524688
-1.81488203899203	0.750473718254322
-2.58142672375403	0.684312616488773
-1.51867963642989	0.551199515777305
1.95373899190972	0.460332693481441
1.4420767310292	0.484387465743625
0.156627732158763	0.047230275219086
0.158856086796509	0.0478216925261301
0.144624243113007	0.0277697138706121
3.93113012959665	1.75546371298809
-1.8009224274669	0.401413641514774
0.144983099103736	0.027824125638065
0.939298703364537	0.250809511779044
1.95373899190972	0.460332693481441
-3.45852473952099	1.25330010570648
-0.510471133847125	0.195363258012676
-0.723407361182732	0.252081836804318
-0.339734523359	0.0989645737139586
-2.58550852264163	0.684811136427957
-0.727179123195026	0.25354055255114
-0.760383273948645	0.333407415026847
-0.347136350857903	0.101509886664517
-2.07037497236635	0.957996453734884
-1.51406510425906	0.548397333153719
-0.137001806541775	0.0495446265793543
-0.642286148536788	0.157725807982813
-2.06894518817756	0.957909133523848
3.63774697142823	1.45307523670395
0.145592290548819	0.0279027526196651
-0.636959492719679	0.156887069567616
-3.09018140585655	0.975319743554836
-0.635886909613779	0.156604724964807
0.145592290548819	0.0279027526196651
-1.14173074601379	0.351630194981725
0.148874773794293	0.0283648154803441
-1.15174076397451	0.353721534917221
-1.15283708537682	0.354221264198155
0.935072365625058	0.249598704803732
-0.347136350857903	0.101509886664517
0.939298703364537	0.250809511779044
-1.14406617240291	0.35148923313409
-2.58107011718166	0.682882000334415
0.148508541635756	0.0283091884660306
0.144983099103736	0.027824125638065
4.17196783865944	2.03991405074105
0.451440938272563	0.183586025165848
-0.381173450018482	0.159026304288057
-0.652334220165333	0.384477601837328
0.158906591061253	0.0544742610766247
-0.348220543213602	0.101642486260234
-0.514908806238071	0.197238634697011
-0.348626537089827	0.10172068619406
-1.14352115801698	0.352309794326609
-1.8009224274669	0.401413641514774
-0.514635039335923	0.197073437131208
-0.636959492719679	0.156887069567616
-0.972459502124572	0.483333049189275
0.144624243113007	0.0277697138706121
-0.216803244618851	0.0708846083253087
-1.8009224274669	0.401413641514774
-3.46126356790247	1.25408085753242
0.159120665328247	0.048062202194274
-0.212568324340494	0.0694726774908008
-0.344362382759712	0.100549162971635
0.145592290548819	0.0279027526196651
-1.81740649233114	0.752549709047675
-2.58550852264163	0.684811136427957
0.144983099103736	0.027824125638065
-1.81712481822928	0.751432729760429
0.157633323445896	0.0401249768572365
0.154819554186086	0.039408070567956
-0.637475956974027	0.156989773793674
0.940366139413571	0.250549017337595
-0.636990001200621	0.156817984288667
0.669903363513283	0.215634804708644
-1.80497515009983	0.40204480448646
-1.0260992604196	0.411639865603186
1.57769338856191	0.79694733357431
-0.142891948035302	0.0516141016686805
-0.216082437585751	0.0706900588053257
-0.140070529647515	0.0505699186920027
-0.347136350857903	0.101509886664517
0.144624243113007	0.0277697138706121
-0.343614950418389	0.100353977595961
0.939298703364537	0.250809511779044
-1.14420932638858	0.351785528543761
-0.34327511670262	0.100238459904739
-1.80103877399874	0.401412128456168
0.938786187734731	0.250272333462114
-1.80103877399874	0.401412128456168
0.158324698427983	0.0402149964785429
-1.14283325733795	0.352132388893513
1.9546069313489	0.460412245381477
-1.82716639507918	0.755702715168363
-3.76751314520419	1.51583485231377
0.158729294236089	0.04043260950787
0.943029051172106	0.251479485037243
0.944102727079701	0.251755733219961
0.669903363513283	0.215634804708644
0.141371543201342	0.027282216107575
2.7486062124648	0.786021619850662
0.6645527926843	0.213454144615325
-1.8009224274669	0.401413641514774
-1.51833170548507	0.550474500519343
-0.734223543590627	0.254842031356864
0.145592290548819	0.0279027526196651
-0.642287903988749	0.158179920711655
-1.80103877399874	0.401412128456168
0.939853714804409	0.251002284675557
1.95733767915288	0.46077898524688
0.160626900474085	0.0484137065522702
0.159421595053514	0.0405224643025682
-1.14352115801698	0.352309794326609
-0.636438389477554	0.156998062672413
-2.58142672375403	0.684312616488773
0.144624243113007	0.0277697138706121
2.75057603691244	0.786424841779512
-3.08605931477026	0.975090216684496
0.158036719368933	0.0402017101522864
1.81965712946419	0.72393570375632
-0.719166594127654	0.250138114551495
-0.721906540285296	0.25157399652224
-1.51867963642989	0.551199515777305
-0.641728465892975	0.158059513381177
2.75057603691244	0.786424841779512
0.145592290548819	0.0279027526196651
1.95733767915288	0.46077898524688
-1.14173074601379	0.351630194981725
-1.27261442293622	0.579780704461
0.158036719368933	0.0402017101522864
0.145592290548819	0.0279027526196651
0.159132199857942	0.0403652499117015
-0.645468225391831	0.158511996656751
3.25604250889092	1.1220922045732
0.145592290548819	0.0279027526196651
0.157670078800506	0.0681784229863639
0.145952781975537	0.027957432098957
-2.58107011718166	0.682882000334415
1.44856277304921	0.48606242352576
-0.347543274432262	0.101202259443342
-0.641728465892975	0.158059513381177
0.668069038483228	0.21426135235768
-3.08660653838605	0.975157312690119
0.162871524871276	0.0490067440484624
-0.719166594127654	0.250138114551495
2.74958998501656	0.787920507210083
0.144983099103736	0.027824125638065
-1.14420932638858	0.351785528543761
-1.80497515009983	0.40204480448646
-0.636438389477554	0.156998062672413
2.75257155834301	0.787872112571947
0.160518930457975	0.0406859460362184
0.144624243113007	0.0277697138706121
0.939298703364537	0.250809511779044
0.145952781975537	0.027957432098957
-1.8009224274669	0.401413641514774
-3.45989362965761	1.25724083459984
2.11825875465965	0.964963255219529
-1.02583455098012	0.413043803481388
-3.75679120459628	1.51679930864271
-1.27060640130826	0.579256545559091
-1.02825149252086	0.413283993547182
0.15372623772021	0.039243442264908
-0.348964786734811	0.101837107016821
-1.14352115801698	0.352309794326609
0.939298703364537	0.250809511779044
1.9546069313489	0.460412245381477
0.144624243113007	0.0277697138706121
-0.348220543213602	0.101642486260234
0.53169463083491	0.193084780315984
0.144624243113007	0.0277697138706121
0.158036719368933	0.0402017101522864
-3.08660653838605	0.975157312690119
1.03806395636365	0.39882502542582
0.159825702589389	0.0405961444844569
0.155520410174332	0.0395661334713537
3.25711819118569	1.12516204396806
-1.80103877399874	0.401412128456168
-0.633263297544021	0.156213540903658
-1.8009224274669	0.401413641514774
-0.637509639132058	0.157280902410938
1.95373899190972	0.460332693481441
0.148874773794293	0.0283648154803441
0.938786187734731	0.250272333462114
0.939298703364537	0.250809511779044
-1.81212667282209	0.748612465537256
2.11602390301364	0.96204401566477
-1.14173074601379	0.351630194981725
0.531378357585119	0.193286631867885
0.144983099103736	0.027824125638065
2.74958998501656	0.787920507210083
0.145592290548819	0.0279027526196651
2.74958998501656	0.787920507210083
-0.646538594837146	0.158794690467649
-0.216803244618851	0.0708846083253087
-0.347543274432262	0.101202259443342
0.532920813071289	0.194317875052133
1.46977932567282	0.91875023640613
-0.636959492719679	0.156887069567616
-0.520885654160255	0.199641734514241
0.144983099103736	0.027824125638065
-0.723678625838308	0.25185170240566
0.145592290548819	0.0279027526196651
0.145952781975537	0.027957432098957
-1.52370471834718	0.553131982412369
0.938786187734731	0.250272333462114
0.145952781975537	0.027957432098957
-1.14241956815201	0.351807769829277
0.145592290548819	0.0279027526196651
0.158729294236089	0.04043260950787
1.95373899190972	0.460332693481441
2.7486062124648	0.786021619850662
-0.638059916511872	0.157099877961465
0.158036719368933	0.0402017101522864
-1.52261793291458	0.552416088281882
0.943541575109422	0.251560831713342
-1.14283325733795	0.352132388893513
0.160518930457975	0.0406859460362184
0.159873979297135	0.0482815097019209
2.11476331684021	0.962649218894054
-4.00884698113819	1.77139758973877
0.939853714804409	0.251002284675557
0.144983099103736	0.027824125638065
1.9546069313489	0.460412245381477
-2.58107011718166	0.682882000334415
-2.58178332536446	0.682930522892635
0.939853714804409	0.251002284675557
0.164377165872218	0.0495293176899797
3.25819512813541	1.12540871646052
-2.58142672375403	0.684312616488773
0.664969953013349	0.213264891085546
-0.636959492719679	0.156887069567616
0.144624243113007	0.0277697138706121
0.141371543201342	0.027282216107575
-0.722928245021615	0.251489262306972
-0.143227535286128	0.0517130131549928
-0.354003293293564	0.103084269523368
-0.0587414233859123	0.0255937791832482
-4.00959428667914	1.77042248642704
0.454880077555229	0.185222631284087
0.144624243113007	0.0277697138706121
-0.345110153737869	0.100567839937822
-0.512353455112074	0.195630108886462
-0.390048934740149	0.163373352279334
-0.638059916511872	0.157099877961465
-1.14283325733795	0.352132388893513
-0.722385544152519	0.251104758974595
-2.58142672375403	0.684312616488773
1.9546069313489	0.460412245381477
-1.14712146603742	0.35296389743942
0.831216267921091	0.355437715318776
-1.14671720971639	0.353197314225222
-0.641217763381128	0.157896990579203
0.82679228746987	0.353192581099221
1.82148708414178	0.724579036933352
-1.02276225125301	0.410642108899905
1.9546069313489	0.460412245381477
0.160626900474085	0.0484137065522702
-0.347881275810247	0.101704932899344
1.81965712946419	0.72393570375632
-1.51793915586182	0.550681864442582
0.158036719368933	0.0402017101522864
0.65918242528061	0.211319089723116
1.03328569894233	0.396661373515875
-1.8009224274669	0.401413641514774
1.81965712946419	0.72393570375632
1.9546069313489	0.460412245381477
1.95733767915288	0.46077898524688
0.145592290548819	0.0279027526196651
-0.722656757230261	0.251937110505122
0.396140212323834	0.179517366103042
-0.346391761922432	0.101125986544327
0.158036719368933	0.0402017101522864
-0.636438389477554	0.156998062672413
0.144983099103736	0.027824125638065
0.140400083006098	0.0271488262218611
1.95373899190972	0.460332693481441
-1.81712481822928	0.751432729760429
0.163624541637998	0.04930959903967
3.63774697142823	1.45307523670395
1.45576863263159	0.911050022951776
0.158729294236089	0.04043260950787
-1.27166292684413	0.580493155786958
3.63104293019025	1.45185522619522
2.35130989098324	1.19283185131543
0.837552063423488	0.355841959404176
-0.519508254567076	0.198366874628176
-1.27032538013449	0.58045220816518
-0.636959492719679	0.156887069567616
-1.48900521658917	0.762259539823454
-0.761324946462941	0.333370562621005
-1.03114358999079	0.41466914140038
-1.80103877399874	0.401412128456168
1.44816685557941	0.487186600500996
-1.80497515009983	0.40204480448646
1.33437745347812	0.592914189800261
-3.0855122183307	0.972756963025588
2.74958998501656	0.787920507210083
-2.58550852264163	0.684811136427957
1.9546069313489	0.460412245381477
-0.633263297544021	0.156213540903658
1.81965712946419	0.72393570375632
1.04058787371703	0.399831169158897
-0.642287903988749	0.158179920711655
0.665301548139678	0.214168982585133
0.159825702589389	0.0405961444844569
-0.637509639132058	0.157280902410938
-2.58178332536446	0.682930522892635
0.158729294236089	0.04043260950787
0.148874773794293	0.0283648154803441
0.939298703364537	0.250809511779044
2.74958998501656	0.787920507210083
1.95373899190972	0.460332693481441
-0.348626537089827	0.10172068619406
-1.02198006071152	0.411274533949238
-0.722385544152519	0.251104758974595
0.157633323445896	0.0401249768572365
-1.80103877399874	0.401412128456168
-0.641728465892975	0.158059513381177
0.158165836302949	0.0401659252594738
-0.638059916511872	0.157099877961465
0.940922493736804	0.250741724034319
-1.80103877399874	0.401412128456168
2.75257155834301	0.787872112571947
1.4452850207351	0.485057538595493
1.44746976337709	0.486785860941538
0.144983099103736	0.027824125638065
1.06843221769041	0.52353032295169
0.160245495668551	0.0550404979204778
-0.346797330227773	0.101185095553384
0.153837644582369	0.0464855600138019
3.63324582360405	1.45248485170375
0.81401575319659	0.344745063288463
-0.0991983668200938	0.0394201728574204
-1.01747136044355	0.408269330515601
-1.52261793291458	0.552416088281882
-0.347881275810247	0.101704932899344
0.155608726416379	0.0470349393301069
-1.14352115801698	0.352309794326609
0.695537544355725	0.327746772460378
1.81965712946419	0.72393570375632
-2.58107011718166	0.682882000334415
-0.347881275810247	0.101704932899344
-1.14310865877862	0.351285302005725
1.95373899190972	0.460332693481441
1.03882026472922	0.400114292850008
2.75057603691244	0.786424841779512
2.11577314290531	0.963107092671546
-2.58107011718166	0.682882000334415
-1.8009224274669	0.401413641514774
-1.14241956815201	0.351807769829277
0.669151397214654	0.214915118766865
-1.14352115801698	0.352309794326609
0.533895130806427	0.194581489771343
0.155608726416379	0.0470349393301069
0.148874773794293	0.0283648154803441
-0.724158352522838	0.251876501595264
0.939853714804409	0.251002284675557
1.04862867286524	0.402022405160467
-2.58142672375403	0.684312616488773
1.81750581386737	0.721108485050186
-3.08605931477026	0.975090216684496
0.144983099103736	0.027824125638065
0.943541575109422	0.251560831713342
0.66957124715326	0.214831928354538
0.939853714804409	0.251002284675557
-0.636959492719679	0.156887069567616
1.45151622307992	0.488502446881907
-1.14352115801698	0.352309794326609
-0.636438389477554	0.156998062672413
1.95373899190972	0.460332693481441
0.939853714804409	0.251002284675557
-1.48438048959655	0.758273432029444
0.157633323445896	0.0401249768572365
0.163866602100675	0.0414467921764721
1.03705168717883	0.398261057696949
-1.27099398512007	0.58063946719774
0.666711334578513	0.213667593723057
-0.347881275810247	0.101704932899344
0.154426155420695	0.0394015396377603
1.9546069313489	0.460412245381477
-1.81665873624948	0.752232883970363
-1.01982638852231	0.409294816847698
-0.636990001200621	0.156817984288667
-0.352171048045609	0.102884554871845
-1.81712481822928	0.751432729760429
-0.347476635066155	0.101259316294087
1.56956349283329	0.788782760735597
-0.720885051656636	0.250598309067814
-0.721906540285296	0.25157399652224
-1.80103877399874	0.401412128456168
0.159825702589389	0.0405961444844569
0.144624243113007	0.0277697138706121
-1.80103877399874	0.401412128456168
1.44746976337709	0.486785860941538
-1.8009224274669	0.401413641514774
1.44637717898614	0.486482829772734
3.25711819118569	1.12516204396806
0.940922493736804	0.250741724034319
-1.8009224274669	0.401413641514774
0.667130392787493	0.214334835345571
0.157633323445896	0.0401249768572365
0.156318055976099	0.0602487066108992
0.162765853660276	0.0412041418868207
2.74958998501656	0.787920507210083
-2.58142672375403	0.684312616488773
0.145952781975537	0.027957432098957
2.75257155834301	0.787872112571947
0.156941675224984	0.0398954425925589
0.158729294236089	0.04043260950787
0.144983099103736	0.027824125638065
0.938786187734731	0.250272333462114
0.940922493736804	0.250741724034319
-0.637509639132058	0.157280902410938
1.9546069313489	0.460412245381477
0.157633323445896	0.0401249768572365
0.663474154624287	0.212698372638009
0.145952781975537	0.027957432098957
0.144983099103736	0.027824125638065
0.140400083006098	0.0271488262218611
-0.348964786734811	0.101837107016821
-0.637509639132058	0.157280902410938
0.150768496086518	0.0517947656461138
0.399395432916392	0.180941848521465
-0.726161254656457	0.252560499450293
0.149161905752438	0.0646063741901696
-0.387225614971304	0.16209765051047
-1.14104219214391	0.350714860686515
0.453971605986436	0.184766637057688
0.157426877687479	0.054095802255857
-1.51942044620827	0.551189226731038
1.81965712946419	0.72393570375632
1.33522197879349	0.59377655841739
1.34519532935534	0.59676247166295
0.163866602100675	0.0414467921764721
-2.27618875006974	1.16518605546208
-1.01818718855491	0.408299416064853
-1.80497515009983	0.40204480448646
0.162070178892022	0.0411144637566376
0.144983099103736	0.027824125638065
-0.637509639132058	0.157280902410938
0.148508541635756	0.0283091884660306
-0.641728465892975	0.158059513381177
0.938232517255131	0.250080666640462
0.145592290548819	0.0279027526196651
0.665301548139678	0.214168982585133
-1.80497515009983	0.40204480448646
0.939853714804409	0.251002284675557
-1.14241956815201	0.351807769829277
-0.352922420805713	0.102954332052563
0.158729294236089	0.04043260950787
0.144983099103736	0.027824125638065
-0.210607289339738	0.0688473290252904
2.11927682222776	0.965901658271386
0.158870112724068	0.0403250933632853
-1.14173074601379	0.351630194981725
0.66209183440345	0.212643534404712
-1.8009224274669	0.401413641514774
-1.8009224274669	0.401413641514774
0.938248859313576	0.250075465138056
0.144624243113007	0.0277697138706121
1.82501577065802	0.726750208134044
0.66746146314869	0.214381150055683
-0.217062344939073	0.0708765351682746
0.160518930457975	0.0406859460362184
-0.636990001200621	0.156817984288667
0.144983099103736	0.027824125638065
0.145952781975537	0.027957432098957
2.74958998501656	0.787920507210083
0.15372623772021	0.039243442264908
3.26141769425846	1.12732988282303
1.95733767915288	0.46077898524688
-1.51833170548507	0.550474500519343
1.44746976337709	0.486785860941538
0.145592290548819	0.0279027526196651
-1.14241956815201	0.351807769829277
-1.27742959465009	0.581879879551057
0.159873979297135	0.0482815097019209
0.154261862198153	0.0741366185199426
-0.388877039243228	0.162870942102531
-0.302644349136709	0.138317718239436
1.44816685557941	0.487186600500996
-0.216627972311491	0.0706291783151164
-0.514635039335923	0.197073437131208
-0.718143294445899	0.249734234417734
-1.27127540471835	0.579737208933733
-0.637509639132058	0.157280902410938
2.75057603691244	0.786424841779512
0.934005942223238	0.248873278369857
0.151745169358508	0.058587168086963
-0.514635039335923	0.197073437131208
-0.980698173873248	0.489626676436646
-0.725180549290759	0.251792447855791
-0.717393763247237	0.249373645181193
-0.981020116095944	0.490062948615881
-0.347136350857903	0.101509886664517
-1.0308800899146	0.413479379600555
-0.636438389477554	0.156998062672413
1.82041011870169	0.724546408240772
1.44746976337709	0.486785860941538
3.25819512813541	1.12540871646052
3.25819512813541	1.12540871646052
0.159120665328247	0.048062202194274
0.145592290548819	0.0279027526196651
-3.08715388924473	0.973054341045401
1.9546069313489	0.460412245381477
1.44707333879815	0.486882965382531
0.938786187734731	0.250272333462114
1.03957617416576	0.399643236692894
-0.139156719720498	0.0503235750897403
-0.346391761922432	0.101125986544327
-0.641728465892975	0.158059513381177
0.145592290548819	0.0279027526196651
-2.58178332536446	0.682930522892635
0.144624243113007	0.0277697138706121
0.141371543201342	0.027282216107575
-0.636959492719679	0.156887069567616
0.155347225808938	0.0469152262497133
-1.28026782015807	0.585048846712041
0.940922493736804	0.250741724034319
1.44707333879815	0.486882965382531
-3.08605931477026	0.975090216684496
-1.8009224274669	0.401413641514774
1.95373899190972	0.460332693481441
2.7486062124648	0.786021619850662
1.9546069313489	0.460412245381477
0.144624243113007	0.0277697138706121
0.144983099103736	0.027824125638065
1.95373899190972	0.460332693481441
-0.722385544152519	0.251104758974595
0.163359376675397	0.0491825169151302
0.145952781975537	0.027957432098957
0.158036719368933	0.0402017101522864
-1.13838195218038	0.350237547909829
1.4605668797368	0.913116981713811
-1.02655133741802	0.413516459136083
0.67065498417138	0.215487616922184
-1.6682036874702	0.949953325058717
-0.208061988888876	0.0679286622422791
1.82393551449113	0.726315315015904
-0.0984123930303247	0.0391352360800113
-2.46900999935507	1.39208488429023
-1.81665873624948	0.752232883970363
-0.143227535286128	0.0517130131549928
0.667130392787493	0.214334835345571
-1.14781664720768	0.353699707342604
0.163624541637998	0.04930959903967
0.159877043029677	0.0481664355066161
1.44637717898614	0.486482829772734
0.453971605986436	0.184766637057688
-0.215102781729368	0.0703679315225032
1.81933356547965	0.723773070508788
-0.217149785560933	0.0709085508975022
-1.01845805499361	0.408763534655611
-1.14671720971639	0.353197314225222
0.162473111348855	0.041123724112904
-0.636990001200621	0.156817984288667
-1.02231647525331	0.410527599337308
-0.351841120455994	0.102432906020839
0.160143020262516	0.0482319015045651
-1.82190756498679	0.755058428004035
0.159383452529446	0.0480372790434797
1.04230743707962	0.401611574259419
0.942469249206212	0.251285156498659
-1.80103877399874	0.401412128456168
-1.51480908828857	0.548389809404095
1.82501577065802	0.726750208134044
-2.58142672375403	0.684312616488773
0.159421595053514	0.0405224643025682
0.158036719368933	0.0402017101522864
3.26250083711191	1.1257992465865
0.938786187734731	0.250272333462114
1.95373899190972	0.460332693481441
1.04407793800765	0.401530572798881
-1.14671720971639	0.353197314225222
0.148508541635756	0.0283091884660306
0.157633323445896	0.0401249768572365
-1.14173074601379	0.351630194981725
-0.722385544152519	0.251104758974595
0.939853714804409	0.251002284675557
1.44816685557941	0.487186600500996
-1.14104219214391	0.350714860686515
1.9546069313489	0.460412245381477
-1.80103877399874	0.401412128456168
1.95373899190972	0.460332693481441
-0.635886909613779	0.156604724964807
0.944102727079701	0.251755733219961
-0.632707054239441	0.155821219725077
-0.637509639132058	0.157280902410938
0.145952781975537	0.027957432098957
-0.207080614725352	0.0676249337263236
-0.344023573934902	0.100257861428101
0.666381294485655	0.214481042382208
-0.727930992330886	0.25380129172308
-0.23485524073815	0.116763352179683
-1.52261793291458	0.552416088281882
-2.63038754032946	1.62013794158014
-1.67880573371247	0.955788893647465
-1.48746364145455	0.762850768189531
-0.608471913105499	0.292595784142398
0.16212356874288	0.0555755222809407
0.156083307671789	0.0536388626462904
3.26033581954854	1.12492242320153
0.148508541635756	0.0283091884660306
0.702773181150063	0.332055176748536
0.665631852900648	0.213765325882499
0.158324698427983	0.0402149964785429
0.163169995607563	0.0413572276497282
-0.216803244618851	0.0708846083253087
-0.39700686630063	0.16657720775807
-0.147873446228401	0.0533861392609676
-0.760383273948645	0.333407415026847
-0.14816258989354	0.0534921286364973
-1.52295784924345	0.552861579278889
0.155816413428406	0.0535628127143977
0.164377165872218	0.0495293176899797
-0.347893899096518	0.101384686373808
0.152633350829298	0.0389395951664406
-1.51793915586182	0.550681864442582
-1.14173074601379	0.351630194981725
-1.51942044620827	0.551189226731038
-1.524451922565	0.552456091331436
-0.519944065018575	0.199217167564696
-1.14352115801698	0.352309794326609
1.45151622307992	0.488502446881907
3.92650264431118	1.75064459118765
0.16089014359948	0.0485574624883246
-3.08660653838605	0.975157312690119
0.904279458341124	0.488489800132552
1.82148708414178	0.724579036933352
2.36205785403792	1.2049765555766
1.44707333879815	0.486882965382531
-1.51833170548507	0.550474500519343
0.159132199857942	0.0403652499117015
0.448690692037347	0.182381129521223
-0.721635104470276	0.250959824058763
-1.80497515009983	0.40204480448646
-1.14420932638858	0.351785528543761
-0.141689378848865	0.0511796456978854
1.28451070906094	0.715566170830406
-0.637509639132058	0.157280902410938
-3.08605931477026	0.975090216684496
-2.58178332536446	0.682930522892635
1.44761288956207	0.485599146607164
2.74958998501656	0.787920507210083
0.144624243113007	0.0277697138706121
2.75356411778207	0.788200953807627
-1.14352115801698	0.352309794326609
-1.14266687553996	0.351067215845013
0.141371543201342	0.027282216107575
1.9546069313489	0.460412245381477
1.95733767915288	0.46077898524688
0.943541575109422	0.251560831713342
0.938232517255131	0.250080666640462
0.905133623203981	0.489997867598985
1.04609558583464	0.401272374614787
0.44990614258087	0.18283441542229
0.606198013866531	0.316810449538264
-0.311739505321106	0.143391278291556
-0.142900251552044	0.0516611632062222
-0.390048934740149	0.163373352279334
0.822141685307495	0.350753098387779
0.609019974615804	0.319130134428792
1.07773741136724	0.528948010192096
1.45866896680463	0.911778641539487
-0.641728465892975	0.158059513381177
1.44707333879815	0.486882965382531
1.82501577065802	0.726750208134044
-0.510471133847125	0.195363258012676
-1.14712146603742	0.35296389743942
-0.513691081166878	0.19626521346256
0.829082707116246	0.353891357733884
-1.14283325733795	0.352132388893513
1.06839078833273	0.523090363047584
-0.763242325402893	0.334229690517346
-1.52370471834718	0.553131982412369
-1.02556922335767	0.412012891941837
-0.212568324340494	0.0694726774908008
0.148958283782422	0.0574966554204482
-0.722656757230261	0.251937110505122
-3.08605931477026	0.975090216684496
-1.82040993178462	0.752616947712307
0.943541575109422	0.251560831713342
1.04358675612492	0.400439867421486
-2.58142672375403	0.684312616488773
-0.636990001200621	0.156817984288667
-0.637475956974027	0.156989773793674
-0.354003293293564	0.103084269523368
0.144624243113007	0.0277697138706121
-0.34327511670262	0.100238459904739
0.144624243113007	0.0277697138706121
-0.35108905718488	0.102362211478167
0.531475663884314	0.193334490534739
-0.216172722976397	0.0706904380630048
0.15372623772021	0.039243442264908
-0.346797330227773	0.101185095553384
0.145952781975537	0.027957432098957
-0.342867856400314	0.0999728525992471
-1.80497515009983	0.40204480448646
-0.636438389477554	0.156998062672413
1.03806395636365	0.39882502542582
0.666381294485655	0.214481042382208
-2.58142672375403	0.684312616488773
-0.34327511670262	0.100238459904739
-0.637509639132058	0.157280902410938
1.9546069313489	0.460412245381477
-1.80103877399874	0.401412128456168
-2.58178332536446	0.682930522892635
1.45081573296225	0.488099054152683
1.95733767915288	0.46077898524688
1.03354280177294	0.396866204815453
1.95373899190972	0.460332693481441
1.95373899190972	0.460332693481441
0.944102727079701	0.251755733219961
-2.58142672375403	0.684312616488773
1.9546069313489	0.460412245381477
0.145592290548819	0.0279027526196651
-0.636438389477554	0.156998062672413
3.26141769425846	1.12732988282303
-1.80103877399874	0.401412128456168
-1.8009224274669	0.401413641514774
1.04008777856227	0.398610127040573
-3.76250403815349	1.51948581581053
-1.51942044620827	0.551189226731038
-0.0897012534849223	0.0357634833940291
0.159421595053514	0.0405224643025682
0.45081542313859	0.183214483609203
-1.82716639507918	0.755702715168363
0.533895130806427	0.194581489771343
0.666381294485655	0.214481042382208
1.8188969887676	0.722727252980005
-0.217062344939073	0.0708765351682746
-1.80497515009983	0.40204480448646
-0.143227535286128	0.0517130131549928
-1.81516436695885	0.749447146538188
0.389334761485533	0.175675972673192
-2.06538713025603	0.955693446391778
2.11703339893921	0.960446782414759
1.04507350314646	0.400337528186446
0.938232517255131	0.250080666640462
0.665301548139678	0.214168982585133
0.145994636392797	0.0563018778294499
0.16089014359948	0.0485574624883246
3.25711819118569	1.12516204396806
-0.51396531615413	0.196814734006425
0.666711334578513	0.213667593723057
0.145592290548819	0.0279027526196651
0.162765853660276	0.0412041418868207
-3.46409750383962	1.2590838657058
0.159873979297135	0.0482815097019209
3.25819512813541	1.12540871646052
0.939298703364537	0.250809511779044
-1.80103877399874	0.401412128456168
-1.14241956815201	0.351807769829277
0.159421595053514	0.0405224643025682
0.943029051172106	0.251479485037243
0.940366139413571	0.250549017337595
0.163169995607563	0.0413572276497282
-3.46057846766198	1.25673296266012
0.66882031530722	0.214977617538568
0.144624243113007	0.0277697138706121
0.144983099103736	0.027824125638065
0.532198432599625	0.194009998264973
0.940366139413571	0.250549017337595
-0.347881275810247	0.101704932899344
0.530247760780079	0.192857360219512
0.144983099103736	0.027824125638065
1.45041930837423	0.487336762252141
-0.346797330227773	0.101185095553384
0.141371543201342	0.027282216107575
1.9546069313489	0.460412245381477
-1.80103877399874	0.401412128456168
1.95373899190972	0.460332693481441
-1.03283864853932	0.414606391010606
-0.727665050071283	0.2526903198642
-0.636959492719679	0.156887069567616
-1.8009224274669	0.401413641514774
1.95733767915288	0.46077898524688
-2.58107011718166	0.682882000334415
-1.80103877399874	0.401412128456168
1.9546069313489	0.460412245381477
1.06873286888394	0.523403440158063
0.152777340099983	0.0524682996095803
0.158729294236089	0.04043260950787
-0.142603029870794	0.0515255055439621
0.451158336600182	0.183419403196117
0.15145480900655	0.0585297563438858
-0.521554466431692	0.199589665218961
-0.923203235709147	0.669889391893917
-0.144809244238648	0.052195168136125
-0.241900420042212	0.120479216153593
1.33547122315643	0.593485432342235
-1.52370471834718	0.553131982412369
0.828138202534691	0.353193354605651
0.15973797296021	0.0914589719027398
0.157633323445896	0.0401249768572365
-0.242540241337843	0.121219271310486
-0.14816258989354	0.0534921286364973
-0.637509639132058	0.157280902410938
0.828410766514383	0.353504643753856
-0.222358457614273	0.0725370670442538
-0.225262930340032	0.0733857016515987
-1.14352115801698	0.352309794326609
2.56241960970659	1.44281702091686
0.153229734449109	0.0591533991199782
-0.765647538128022	0.336254034875293
-0.344773959543798	0.100206818497147
-1.26720245749258	0.576637775977831
0.158324698427983	0.0402149964785429
-3.08660653838605	0.975157312690119
0.940922493736804	0.250741724034319
0.160518930457975	0.0406859460362184
0.831885955734065	0.355824635219245
-1.80103877399874	0.401412128456168
2.11953581520765	0.965145716833258
0.943029051172106	0.251479485037243
0.163866602100675	0.0414467921764721
-4.0081000526726	1.77106539749408
1.03780816129706	0.399548214209553
-0.346051722995957	0.100990327474769
0.532668848987461	0.193804150978287
-0.216803244618851	0.0708846083253087
0.944102727079701	0.251755733219961
-1.14310865877862	0.351285302005725
1.95373899190972	0.460332693481441
-0.725180549290759	0.251792447855791
1.95373899190972	0.460332693481441
0.144983099103736	0.027824125638065
0.154426155420695	0.0394015396377603
-0.719916676812819	0.25028316194156
0.159873979297135	0.0482815097019209
-0.636959492719679	0.156887069567616
0.144624243113007	0.0277697138706121
-0.637509639132058	0.157280902410938
0.938786187734731	0.250272333462114
0.666049960969073	0.214022945375077
0.823072577608599	0.350940450101536
2.75356411778207	0.788200953807627
-3.08605931477026	0.975090216684496
0.145592290548819	0.0279027526196651
-1.80103877399874	0.401412128456168
0.145592290548819	0.0279027526196651
1.9546069313489	0.460412245381477
0.145592290548819	0.0279027526196651
-1.80497515009983	0.40204480448646
0.939853714804409	0.251002284675557
0.155143712679243	0.0533136788534507
0.666700173480009	0.213823752041035
0.155454991000138	0.0600038955313648
-0.719916676812819	0.25028316194156
-1.02825149252086	0.413283993547182
0.1564887689413	0.0537706581930758
-1.47537551575612	1.02281573336371
0.45081542313859	0.183214483609203
-4.0044745943347	1.7671800240546
0.444972633429835	0.180621127746924
-0.346051722995957	0.100990327474769
-0.390955189992308	0.163988961341986
0.692733693329814	0.326479597718437
1.82041011870169	0.724546408240772
-0.511138195182615	0.195620508789569
-0.351420017354976	0.10254393356513
-1.51684905918208	0.549966932484854
-1.48839699347453	0.7605521945031
-1.14173074601379	0.351630194981725
-1.02027673323395	0.409478238556457
1.03531563070088	0.397416666916399
0.162871524871276	0.0490067440484624
-0.346051722995957	0.100990327474769
-0.346391761922432	0.101125986544327
-0.343614950418389	0.100353977595961
0.144624243113007	0.0277697138706121
2.11927682222776	0.965901658271386
3.25819512813541	1.12540871646052
0.161184676470248	0.0553470097303974
2.11859172938307	0.961006235152382
-0.354003293293564	0.103084269523368
0.160914434221123	0.0552474007488785
0.144624243113007	0.0277697138706121
2.74958998501656	0.787920507210083
-0.636438389477554	0.156998062672413
0.145952781975537	0.027957432098957
-3.09073773131398	0.977080546046746
3.6299421323806	1.44791106405995
-0.641217763381128	0.157896990579203
0.16089014359948	0.0485574624883246
-0.394036461091162	0.16532634810801
2.75257155834301	0.787872112571947
-0.147540071935549	0.0532574291277169
0.668069038483228	0.21426135235768
-0.636438389477554	0.156998062672413
0.144983099103736	0.027824125638065
0.156941675224984	0.0398954425925589
-0.221381474348764	0.0723536757666175
0.145592290548819	0.0279027526196651
-1.02171241051411	0.409806924167185
0.144624243113007	0.0277697138706121
2.75356411778207	0.788200953807627
-0.635886909613779	0.156604724964807
0.665301548139678	0.214168982585133
0.148508541635756	0.0283091884660306
0.533895130806427	0.194581489771343
-1.26765865071966	0.575702155841993
0.454880077555229	0.185222631284087
0.451158336600182	0.183419403196117
-0.138535181662081	0.0501089737478327
1.07359287056383	0.654010877514642
-1.83006977360081	1.15083825499841
1.82317998866194	0.72570154697374
1.06752731610826	0.522572479332128
-1.51867963642989	0.551199515777305
-0.138535181662081	0.0501089737478327
-0.220662150695417	0.0721303089573529
-1.8009224274669	0.401413641514774
0.535967126388868	0.195023784147857
-1.14781664720768	0.353699707342604
1.82856289051599	0.72661307330956
-0.395835518436449	0.166165092035165
-0.598098212626683	0.286929632787139
1.27990709716744	0.710766526885626
0.829346227820373	0.354574714510443
0.53169463083491	0.193084780315984
-0.357561857283125	0.103917445694499
-0.72819722029734	0.253451346382283
-0.347136350857903	0.101509886664517
-3.09018140585655	0.975319743554836
1.9546069313489	0.460412245381477
-1.02224709287202	0.410608941783725
-0.215362013913717	0.07044095074977
0.664222224803941	0.213409026485109
1.04159933206917	0.399425668548248
3.25927332254934	1.12307323546949
0.145592290548819	0.0279027526196651
-0.218584354232094	0.0712541622194908
0.456410121981587	0.185748725968651
-0.636990001200621	0.156817984288667
0.156941675224984	0.0398954425925589
-0.347136350857903	0.101509886664517
-0.21438297968887	0.070119295219489
-1.80103877399874	0.401412128456168
0.159825702589389	0.0405961444844569
0.158729294236089	0.04043260950787
0.829610609779693	0.354025605321639
-0.515305102872372	0.197213035707925
1.44746976337709	0.486785860941538
-0.637509639132058	0.157280902410938
-0.638059916511872	0.157099877961465
-0.636959492719679	0.156887069567616
0.144624243113007	0.0277697138706121
0.144983099103736	0.027824125638065
0.144983099103736	0.027824125638065
0.145952781975537	0.027957432098957
-0.636990001200621	0.156817984288667
1.04155165654524	0.400318358872731
0.148508541635756	0.0283091884660306
-2.58107011718166	0.682882000334415
-0.635886909613779	0.156604724964807
0.16137422717943	0.0408817023262115
-0.484928030311263	0.253453685044182
0.155454991000138	0.0600038955313648
1.78652728580861	1.0120976036543
-0.347881275810247	0.101704932899344
0.141166601311671	0.06747317477572
-0.48634427255434	0.254227556483518
-0.214641973229397	0.070099467632347
1.82780411798811	0.725998201102508
0.526892208860491	0.191602968161571
0.664537539501677	0.213141860355242
0.452973749955339	0.184064823292599
1.44598024938091	0.485455548198704
-0.636959492719679	0.156887069567616
0.160136994586442	0.0483380929433701
-0.0874559670126083	0.0348463584648228
1.45418073968338	0.487538814841084
1.03780816129706	0.399548214209553
-1.48221295782614	0.758349119765208
-0.635886909613779	0.156604724964807
0.145952781975537	0.027957432098957
1.81825742519256	0.721714939545741
0.157772450057789	0.0400836004593127
0.669151397214654	0.214915118766865
-1.27723576102661	0.58293567232368
0.158636001116008	0.0544030473834649
-1.52295784924345	0.552861579278889
-0.348964786734811	0.101837107016821
0.148874773794293	0.0283648154803441
1.07149414358966	0.524244054871479
0.160136994586442	0.0483380929433701
0.67065498417138	0.215487616922184
0.531946232023591	0.193886067853674
1.04358675612492	0.400439867421486
0.148508541635756	0.0283091884660306
-2.58587528855637	0.684874790734986
-3.08660653838605	0.975157312690119
-2.58178332536446	0.682930522892635
0.536431293429806	0.195654703291124
0.145952781975537	0.027957432098957
-0.513419689001391	0.19578629414643
-4.01034196965143	1.76699059569543
-0.726427642398715	0.252868210726988
0.153837644582369	0.0464855600138019
0.395715291463461	0.178734308689649
0.159825702589389	0.0405961444844569
-2.06682111022016	0.955322196217004
-2.58142672375403	0.684312616488773
0.148508541635756	0.0283091884660306
-0.722928245021615	0.251489262306972
-1.13838195218038	0.350237547909829
-1.14104219214391	0.350714860686515
0.939298703364537	0.250809511779044
3.92866091273962	1.7529122678796
2.75257155834301	0.787872112571947
-1.80103877399874	0.401412128456168
-1.8009224274669	0.401413641514774
-1.80103877399874	0.401412128456168
3.25711819118569	1.12516204396806
-1.14671720971639	0.353197314225222
0.145592290548819	0.0279027526196651
2.36655716807477	1.20539590076972
-0.521554466431692	0.199589665218961
-0.14816258989354	0.0534921286364973
-0.385473899825453	0.161465497409722
0.943541575109422	0.251560831713342
0.82518348314435	0.351651318769727
-0.515117986301378	0.197241312249829
-0.216082437585751	0.0706900588053257
0.15660689857724	0.0676402455477112
0.151438453850196	0.0520921659930463
-1.52295784924345	0.552861579278889
0.610089213869397	0.319618448333729
0.157633323445896	0.0401249768572365
-0.388403702165206	0.162465136549524
0.155520410174332	0.0395661334713537
-2.58142672375403	0.684312616488773
0.938786187734731	0.250272333462114
-0.215102781729368	0.0703679315225032
0.159873979297135	0.0482815097019209
-0.767559750032338	0.33778568629591
0.158729294236089	0.04043260950787
0.827465419165181	0.353580301177974
0.158729294236089	0.04043260950787
0.144624243113007	0.0277697138706121
0.537406575730244	0.196009920523317
0.456124834919805	0.185373171183353
0.536431293429806	0.195654703291124
-0.722385544152519	0.251104758974595
0.939298703364537	0.250809511779044
0.939853714804409	0.251002284675557
0.159383452529446	0.0480372790434797
-1.80103877399874	0.401412128456168
-1.14283325733795	0.352132388893513
-3.09129418995865	0.975610822572426
-0.726161254656457	0.252560499450293
1.33996865782144	0.594606119763922
0.944102727079701	0.251755733219961
-0.342526998757891	0.100043172269755
3.26250083711191	1.1257992465865
-2.58587528855637	0.684874790734986
0.140400083006098	0.0271488262218611
0.145592290548819	0.0279027526196651
-2.58142672375403	0.684312616488773
-1.80103877399874	0.401412128456168
-0.637509639132058	0.157280902410938
0.6645527926843	0.213454144615325
-0.632707054239441	0.155821219725077
1.95373899190972	0.460332693481441
1.03705635707568	0.398367450189889
0.141371543201342	0.027282216107575
0.938786187734731	0.250272333462114
-1.8009224274669	0.401413641514774
0.141371543201342	0.027282216107575
-1.80103877399874	0.401412128456168
-0.724158352522838	0.251876501595264
3.63324582360405	1.45248485170375
-0.142603029870794	0.0515255055439621
-0.411556594355757	0.232372321302583
0.908932364847402	0.491634635143667
0.938786187734731	0.250272333462114
0.154928167439297	0.0532400543451358
-1.47678986815738	1.02609045528492
-0.353714109989078	0.102842056939499
0.527864222695785	0.191865893856924
-0.763835775071784	0.335755273843228
-0.219943209277965	0.071802836068315
0.155608726416379	0.0470349393301069
0.148874773794293	0.0283648154803441
1.96130300083341	1.23526802570839
0.821210492165555	0.350333919962237
0.16539472162627	0.0497470234457683
0.455166237015822	0.185165220753012
1.45081573296225	0.488099054152683
-0.347136350857903	0.101509886664517
1.07051950315918	0.522987563502554
1.44856277304921	0.48606242352576
0.164958177884503	0.0563955443072127
1.44637717898614	0.486482829772734
-0.345306452425536	0.100608479618864
1.82393551449113	0.726315315015904
0.153711764128809	0.0527491208213691
-1.8009224274669	0.401413641514774
-0.637509639132058	0.157280902410938
0.666700173480009	0.213823752041035
-0.348220543213602	0.101642486260234
-0.636990001200621	0.156817984288667
-2.58550852264163	0.684811136427957
-1.14336638515137	0.351799503810815
1.4420767310292	0.484387465743625
0.66957124715326	0.214831928354538
-0.636959492719679	0.156887069567616
-1.8009224274669	0.401413641514774
-1.14241956815201	0.351807769829277
-0.638059916511872	0.157099877961465
0.158729294236089	0.04043260950787
-0.21438297968887	0.070119295219489
-0.641217763381128	0.157896990579203
-0.636990001200621	0.156817984288667
-0.348220543213602	0.101642486260234
0.159383452529446	0.0480372790434797
-0.342526998757891	0.100043172269755
0.148302839959414	0.0378752998519464
-0.636990001200621	0.156817984288667
0.664969953013349	0.213264891085546
0.144624243113007	0.0277697138706121
0.145592290548819	0.0279027526196651
0.145952781975537	0.027957432098957
0.939853714804409	0.251002284675557
-1.81591136124749	0.751370102486519
0.159825702589389	0.0405961444844569
0.940366139413571	0.250549017337595
0.144624243113007	0.0277697138706121
-1.8009224274669	0.401413641514774
2.75057603691244	0.786424841779512
0.160914434221123	0.0552474007488785
1.39179527763054	1.06542833079773
-0.382335453913374	0.159521052734744
0.526641831692418	0.191735599167788
1.03755206316161	0.397862674763024
1.78399600629809	1.00855806662754
0.831216267921091	0.355437715318776
0.450532391701879	0.183205964517695
0.156231916499506	0.0675075868069099
-0.516523767661567	0.197503227221547
-0.720885051656636	0.250598309067814
0.449279588973865	0.182210000129949
-3.09073773131398	0.977080546046746
0.663474154624287	0.212698372638009
0.548765174988617	0.3157518862844
-1.81591136124749	0.751370102486519
3.25819512813541	1.12540871646052
0.158104109918261	0.0476970098800851
-0.217783773381529	0.0710710016312923
-2.07664660177907	0.958557656149849
-1.02368524530921	0.41093826511309
-0.347136350857903	0.101509886664517
3.92974066139507	1.75190264009216
-0.215102781729368	0.0703679315225032
0.159421595053514	0.0405224643025682
-0.345110153737869	0.100567839937822
1.33522197879349	0.59377655841739
0.145952781975537	0.027957432098957
-2.58142672375403	0.684312616488773
-3.08605931477026	0.975090216684496
-0.635886909613779	0.156604724964807
-0.215102781729368	0.0703679315225032
-1.14352115801698	0.352309794326609
0.939853714804409	0.251002284675557
-0.719916676812819	0.25028316194156
-0.347881275810247	0.101704932899344
-1.14283325733795	0.352132388893513
3.25711819118569	1.12516204396806
-1.8009224274669	0.401413641514774
-0.511805594681335	0.195759647669945
-1.14671720971639	0.353197314225222
0.163866602100675	0.0414467921764721
0.158729294236089	0.04043260950787
0.396702542158763	0.179290416391278
0.159421595053514	0.0405224643025682
-1.81562925100544	0.751335139968759
-0.733202595238818	0.254930551822461
0.829384055569366	0.353105465495724
-3.08660653838605	0.975157312690119
-0.636990001200621	0.156817984288667
1.44637717898614	0.486482829772734
-2.58142672375403	0.684312616488773
-1.8009224274669	0.401413641514774
1.9546069313489	0.460412245381477
-2.58107011718166	0.682882000334415
-0.217062344939073	0.0708765351682746
1.95373899190972	0.460332693481441
1.33268267370684	0.593331252982876
0.145592290548819	0.0279027526196651
0.144624243113007	0.0277697138706121
-2.58142672375403	0.684312616488773
0.145592290548819	0.0279027526196651
-1.8009224274669	0.401413641514774
0.158857588582489	0.0479158038261938
1.57955625735979	0.800243929979803
-0.135708009812583	0.0489671359380479
-1.27166292684413	0.580493155786958
-2.46193353037029	1.38400255871419
-0.220662150695417	0.0721303089573529
0.157426877687479	0.054095802255857
2.36558681988916	1.20427084660494
2.56845154914939	1.45234672043287
-0.5186089527835	0.198694863421629
2.11501415724733	0.962307404604812
0.66882031530722	0.214977617538568
-0.342526998757891	0.100043172269755
-1.27467389932892	0.581595777089794
-0.722928245021615	0.251489262306972
0.152641938101793	0.0589243022830194
1.57862497316069	0.79913564273052
-1.51867963642989	0.551199515777305
4.17553283486982	2.04376997320494
-0.397288097755451	0.166559985092832
-0.216082437585751	0.0706900588053257
0.669151397214654	0.214915118766865
0.148768433972093	0.0571917919819374
0.532920813071289	0.194317875052133
0.158729294236089	0.04043260950787
0.453947313806393	0.18432102548982
-1.02126179208727	0.410975081816502
2.35757068329137	1.20029488810686
-1.01393770403739	0.405210698913732
0.67065498417138	0.215487616922184
0.939298703364537	0.250809511779044
-3.08605931477026	0.975090216684496
0.939853714804409	0.251002284675557
-0.769717752575689	0.338699512066309
-0.218967744087285	0.0714817642031414
-2.58178332536446	0.682930522892635
-2.58587528855637	0.684874790734986
0.159825702589389	0.0405961444844569
-1.80103877399874	0.401412128456168
-0.341779219786228	0.0996625955420077
-1.02753370414198	0.41314398527887
-1.51406510425906	0.548397333153719
-0.636990001200621	0.156817984288667
0.145952781975537	0.027957432098957
-2.06582634158933	0.954264857895796
0.665301548139678	0.214168982585133
-0.347136350857903	0.101509886664517
-1.51480908828857	0.548389809404095
1.9546069313489	0.460412245381477
-1.80103877399874	0.401412128456168
0.145952781975537	0.027957432098957
1.9546069313489	0.460412245381477
2.74958998501656	0.787920507210083
-3.08605931477026	0.975090216684496
1.95373899190972	0.460332693481441
-0.636438389477554	0.156998062672413
-0.632707054239441	0.155821219725077
0.140400083006098	0.0271488262218611
-1.13907413243892	0.350415838742694
0.934005942223238	0.248873278369857
3.63104293019025	1.45185522619522
0.149990506614946	0.0718864778338146
-1.524451922565	0.552456091331436
-0.31044780109088	0.142793930717819
1.81965712946419	0.72393570375632
-0.142937228286126	0.0515006847831069
-0.520885654160255	0.199641734514241
-1.02556922335767	0.412012891941837
-1.01393770403739	0.405210698913732
0.156040866513106	0.060267234897955
-1.14781664720768	0.353699707342604
-0.726161254656457	0.252560499450293
-0.347881275810247	0.101704932899344
-0.390678779122636	0.163707540792753
-1.26993773463048	0.578438416169099
0.164377165872218	0.0495293176899797
-1.02825149252086	0.413283993547182
-0.141354920327139	0.0510651509736396
-4.00959428667914	1.77042248642704
0.161153094780194	0.048530513531666
0.158366958173935	0.0477619066778733
0.150411831346825	0.0649758653945405
0.160897720983043	0.0483862279239328
0.149565732856636	0.0513767427904462
-0.347476635066155	0.101259316294087
1.82856289051599	0.72661307330956
0.532668848987461	0.193804150978287
-0.524874987781082	0.200933052994701
-1.27099398512007	0.58063946719774
-0.141065904193988	0.0509641882307141
-0.215102781729368	0.0703679315225032
0.666049960969073	0.214022945375077
-0.638059916511872	0.157099877961465
1.03907598780005	0.399013432660369
0.151438453850196	0.0520921659930463
1.03983213015104	0.400302023323061
0.159132199857942	0.0403652499117015
-0.764785400544251	0.335133130826453
0.145592290548819	0.0279027526196651
-0.635886909613779	0.156604724964807
-0.637509639132058	0.157280902410938
3.25604250889092	1.1220922045732
0.938232517255131	0.250080666640462
-0.718893212011047	0.2498793364648
-2.58178332536446	0.682930522892635
-0.220662150695417	0.0721303089573529
0.141371543201342	0.027282216107575
-1.01917450542754	0.408793596683385
0.145952781975537	0.027957432098957
-1.2723322056067	0.579667431665503
-0.246809385754752	0.123226622408367
1.9546069313489	0.460412245381477
-1.8009224274669	0.401413641514774
-3.09129418995865	0.975610822572426
0.145952781975537	0.027957432098957
-0.637509639132058	0.157280902410938
0.144624243113007	0.0277697138706121
-0.349709365939262	0.101852718844327
-3.0855122183307	0.972756963025588
0.158729294236089	0.04043260950787
2.56591566015057	1.4453703447344
-1.03042831861484	0.413737551949063
-1.80103877399874	0.401412128456168
0.144624243113007	0.0277697138706121
0.140400083006098	0.0271488262218611
3.25711819118569	1.12516204396806
-1.80103877399874	0.401412128456168
-1.14283325733795	0.352132388893513
-0.636959492719679	0.156887069567616
1.95733767915288	0.46077898524688
0.665301548139678	0.214168982585133
-2.58178332536446	0.682930522892635
0.148874773794293	0.0283648154803441
-0.637509639132058	0.157280902410938
-2.58550852264163	0.684811136427957
0.159873979297135	0.0482815097019209
-0.210870083038772	0.0690051452148311
0.160518930457975	0.0406859460362184
1.03983213015104	0.400302023323061
1.62146937533846	1.13518045357693
0.522287664002786	0.189504273234301
0.821882024147526	0.350146289827548
0.405402830737628	0.183683960943082
0.693287988991238	0.326024966911054
-1.26965711158767	0.579970689675105
-0.948272229580064	0.578420898950815
-0.234841640113169	0.116575118870005
-0.0936153822407014	0.037234297410612
-0.352922420805713	0.102954332052563
0.145952781975537	0.027957432098957
-0.971294001391135	0.482027330230746
-0.214641973229397	0.070099467632347
-4.00372890763927	1.76738115230511
1.25634505742737	0.867912743019113
1.44746976337709	0.486785860941538
-0.102087078790122	0.0405418821751417
1.45151622307992	0.488502446881907
-0.633819675881249	0.156036191470775
-0.975873586042442	0.486297529129953
3.25819512813541	1.12540871646052
-0.722656757230261	0.251937110505122
-0.298412730800259	0.136658440166648
0.15635159742891	0.060321656388433
0.159873979297135	0.0482815097019209
-1.14310865877862	0.351285302005725
-0.772512531436469	0.339056920025265
0.673443817042971	0.216058152817662
0.155736999256109	0.0600435080713213
-0.769706582348306	0.336943335982555
-0.302842261422488	0.139016928518585
-0.604352983834939	0.290284574150108
1.33741569727502	0.594436428684969
0.151438453850196	0.0520921659930463
-1.27194474516084	0.579924971604282
0.543030692981535	0.19646361929705
0.158857588582489	0.0479158038261938
-0.721635104470276	0.250959824058763
0.160136994586442	0.0483380929433701
3.25819512813541	1.12540871646052
0.939298703364537	0.250809511779044
0.162765853660276	0.0412041418868207
-2.58142672375403	0.684312616488773
1.03882026472922	0.400114292850008
3.25927332254934	1.12307323546949
3.63214416087956	1.45298046940176
1.33195766626685	0.591426123433272
0.155608726416379	0.0470349393301069
-0.215822966582871	0.0705622923402569
0.659936638860136	0.211580245845419
0.156755264990959	0.0538881191673598
-0.642287903988749	0.158179920711655
-0.211324638578633	0.0690407324292403
0.159120665328247	0.048062202194274
0.155155684092677	0.059796518327779
-1.51719900420769	0.549264213163276
1.33838751544801	0.593835422281496
-0.641217763381128	0.157896990579203
0.156941675224984	0.0398954425925589
-1.80103877399874	0.401412128456168
1.95733767915288	0.46077898524688
-1.48252995664619	0.756663056048577
-0.722656757230261	0.251937110505122
-1.14420932638858	0.351785528543761
1.07610810242914	0.52754155639377
-0.212568324340494	0.0694726774908008
-1.14352115801698	0.352309794326609
0.156363426242974	0.047190420192791
0.145952781975537	0.027957432098957
0.145592290548819	0.0279027526196651
-1.8009224274669	0.401413641514774
0.942469249206212	0.251285156498659
-0.636959492719679	0.156887069567616
-0.724424172815078	0.251988281234418
0.668069038483228	0.21426135235768
0.144983099103736	0.027824125638065
-0.635886909613779	0.156604724964807
0.940922493736804	0.250741724034319
0.145952781975537	0.027957432098957
-2.0699351803891	0.958967476788261
1.04084375463613	0.399893662664495
-1.02054390147798	0.410401139638387
0.339508278199733	0.187870180347209
0.69141153316247	0.325357648290526
0.533642805684197	0.194234863625944
0.701910219411522	0.330671138810099
-0.636438389477554	0.156998062672413
0.160516143169782	0.0550975946447159
1.62515844814033	1.13864011171874
-1.27127540471835	0.579737208933733
-0.786325828361772	0.42886214755177
3.92866091273962	1.7529122678796
-0.353252610180752	0.103014720617828
2.11648743253231	0.961700591011935
-0.49052178548857	0.256316059995221
0.159306028837782	0.054651981271926
0.938232517255131	0.250080666640462
0.526641831692418	0.191735599167788
-0.642287903988749	0.158179920711655
-0.352171048045609	0.102884554871845
1.03780816129706	0.399548214209553
-0.633263297544021	0.156213540903658
0.938786187734731	0.250272333462114
0.163359376675397	0.0491825169151302
0.16089014359948	0.0485574624883246
1.81965712946419	0.72393570375632
0.157633323445896	0.0401249768572365
-0.213286924508017	0.0696664262975339
0.157633323445896	0.0401249768572365
-1.48500273978502	0.758302386104218
0.163624541637998	0.04930959903967
3.26033581954854	1.12492242320153
-0.347136350857903	0.101509886664517
-0.727930992330886	0.25380129172308
1.45151622307992	0.488502446881907
1.82073340465931	0.723968171977521
1.82148708414178	0.724579036933352
0.163624541637998	0.04930959903967
0.157772450057789	0.0400836004593127
0.942469249206212	0.251285156498659
0.144983099103736	0.027824125638065
1.9546069313489	0.460412245381477
1.95373899190972	0.460332693481441
-1.14781664720768	0.353699707342604
-1.14283325733795	0.352132388893513
-0.637509639132058	0.157280902410938
0.529555973461744	0.192427203738171
-1.80103877399874	0.401412128456168
-1.81637684396232	0.751651715408043
-1.51833170548507	0.550474500519343
0.158324698427983	0.0402149964785429
0.144624243113007	0.0277697138706121
-0.641217763381128	0.157896990579203
2.74958998501656	0.787920507210083
0.944102727079701	0.251755733219961
0.162473111348855	0.041123724112904
-2.06538713025603	0.955693446391778
0.145952781975537	0.027957432098957
-0.636959492719679	0.156887069567616
0.145952781975537	0.027957432098957
-1.80103877399874	0.401412128456168
0.697321459402158	0.329525637027289
0.144624243113007	0.0277697138706121
2.75057603691244	0.786424841779512
2.7486062124648	0.786021619850662
-1.5155534047255	0.547544421448577
1.9546069313489	0.460412245381477
0.148508541635756	0.0283091884660306
0.145592290548819	0.0279027526196651
2.74958998501656	0.787920507210083
0.660259121595295	0.212070761377066
0.942469249206212	0.251285156498659
0.67023417962338	0.214944722788871
2.7486062124648	0.786021619850662
0.159132199857942	0.0403652499117015
0.162606586631393	0.0489632049155684
0.148874773794293	0.0283648154803441
0.160518930457975	0.0406859460362184
-0.347881275810247	0.101704932899344
-1.8009224274669	0.401413641514774
-1.14851210229951	0.353384284502155
-2.06510978050906	0.954740583732293
-0.508297757761774	0.193650694001093
-0.0644202184455646	0.0280422366372584
0.137714638348823	0.0529526615740289
-0.722385544152519	0.251104758974595
-1.67483111610461	0.954428445336181
0.161906078576276	0.04874952925091
0.160687738671952	0.0549592963890096
0.535967126388868	0.195023784147857
-0.212568324340494	0.0694726774908008
-0.975551761995295	0.485979489293663
-0.51396531615413	0.196814734006425
1.44637717898614	0.486482829772734
-0.212042368470104	0.0691486359727225
-2.06894518817756	0.957909133523848
0.364110595702729	0.183232083150519
1.57767325373724	0.796043070558657
1.58465266233914	0.800061936238113
-0.773155383601617	0.338477575306712
-1.02027673323395	0.409478238556457
-0.343614950418389	0.100353977595961
-0.351420017354976	0.10254393356513
0.156755264990959	0.0538881191673598
-3.09073773131398	0.977080546046746
-0.718143294445899	0.249734234417734
2.11501415724733	0.962307404604812
1.4452850207351	0.485057538595493
0.161906078576276	0.04874952925091
0.158104109918261	0.0476970098800851
-1.80497515009983	0.40204480448646
-0.515305102872372	0.197213035707925
-0.348220543213602	0.101642486260234
0.824922848092663	0.35211027185909
0.159749871678074	0.0615219725742758
-0.353252610180752	0.103014720617828
2.11749992941985	0.964162427156984
0.161906078576276	0.04874952925091
-0.144102508835248	0.0519955989315975
-1.01955946098905	0.408907543271993
-0.217524435386888	0.0709909714876795
1.95373899190972	0.460332693481441
-1.14352115801698	0.352309794326609
-1.8009224274669	0.401413641514774
2.7486062124648	0.786021619850662
0.536431293429806	0.195654703291124
-0.141978824969554	0.0513095739208992
-0.637509639132058	0.157280902410938
-0.726161254656457	0.252560499450293
-0.637509639132058	0.157280902410938
0.451440938272563	0.183586025165848
1.82425955121577	0.726135704741858
0.154203840513637	0.0529163171624384
0.155872663061889	0.0469561103081932
2.74958998501656	0.787920507210083
-0.383236098989224	0.160106898390476
0.661014028065539	0.212332873799895
-0.636959492719679	0.156887069567616
-1.14420932638858	0.351785528543761
0.140400083006098	0.0271488262218611
-3.46057846766198	1.25673296266012
-0.724158352522838	0.251876501595264
1.03957617416576	0.399643236692894
0.535711132992892	0.195347083049004
0.667130392787493	0.214334835345571
0.145592290548819	0.0279027526196651
-1.8009224274669	0.401413641514774
-3.45989362965761	1.25724083459984
1.44598024938091	0.485455548198704
1.04434257719901	0.401730000883782
-0.636438389477554	0.156998062672413
2.74958998501656	0.787920507210083
2.75356411778207	0.788200953807627
-0.636438389477554	0.156998062672413
1.8188969887676	0.722727252980005
1.33268267370684	0.593331252982876
2.35853943898821	1.20119104492624
-1.80103877399874	0.401412128456168
-1.02341773345268	0.410826590483551
0.450532391701879	0.183205964517695
1.07249407198733	0.52645293485323
1.03882026472922	0.400114292850008
-0.00357576108764932	0.00181083411524147
-0.387706181142355	0.161957289087827
-0.0959603271575975	0.0381579035224532
-0.137622313529336	0.049786449357193
0.532920813071289	0.194317875052133
-0.488318809675893	0.254881322964452
1.81965712946419	0.72393570375632
0.148874773794293	0.0283648154803441
0.158729294236089	0.04043260950787
-1.8113799781808	0.747754907607329
0.830017418371817	0.35496212946458
0.655944009314787	0.210021473587491
0.14864968543755	0.0574012460397016
-0.519549047944463	0.199118520659248
-1.81938437581974	0.751723210527727
1.28201492367634	0.714590315750798
-1.81562925100544	0.751335139968759
-0.211850105553722	0.0692255268891727
0.144624243113007	0.0277697138706121
-0.0620860263343399	0.0269784739599803
-0.721906540285296	0.25157399652224
2.5661383858767	1.44695172975005
0.825857711677719	0.352770911116929
0.164377165872218	0.0495293176899797
0.944102727079701	0.251755733219961
-0.347476635066155	0.101259316294087
-0.721906540285296	0.25157399652224
0.40058574629818	0.181104111737883
1.44707333879815	0.486882965382531
0.363183753363464	0.182678711121724
1.82073340465931	0.723968171977521
-1.14283325733795	0.352132388893513
2.74958998501656	0.787920507210083
-1.51759021741262	0.550484114851072
-1.27562101606895	0.583695327776066
-2.58142672375403	0.684312616488773
1.95373899190972	0.460332693481441
-3.0855122183307	0.972756963025588
0.67065498417138	0.215487616922184
0.159873979297135	0.0482815097019209
-0.636959492719679	0.156887069567616
1.03430080604135	0.397225968697929
-0.34327511670262	0.100238459904739
-1.14283325733795	0.352132388893513
-1.02054390147798	0.410401139638387
0.666049960969073	0.214022945375077
-1.8009224274669	0.401413641514774
-3.08660653838605	0.975157312690119
2.11476331684021	0.962649218894054
1.09253929615557	0.672225717389431
-0.347136350857903	0.101509886664517
-1.81740649233114	0.752549709047675
-2.58178332536446	0.682930522892635
-1.8009224274669	0.401413641514774
-0.636990001200621	0.156817984288667
-0.219686057817939	0.071808363943125
1.06996418155248	0.524640045916601
0.451440938272563	0.183586025165848
0.150870676306444	0.0582824810304815
-0.733469151133174	0.254858051975894
0.162765853660276	0.0412041418868207
-1.8009224274669	0.401413641514774
-2.58142672375403	0.684312616488773
-0.635886909613779	0.156604724964807
-2.58142672375403	0.684312616488773
0.144624243113007	0.0277697138706121
1.95373899190972	0.460332693481441
3.26033581954854	1.12492242320153
0.535455742826827	0.194979136420454
1.95373899190972	0.460332693481441
1.44816685557941	0.487186600500996
-1.80103877399874	0.401412128456168
0.145592290548819	0.0279027526196651
0.934005942223238	0.248873278369857
1.9546069313489	0.460412245381477
1.95373899190972	0.460332693481441
0.159421595053514	0.0405224643025682
-1.14671720971639	0.353197314225222
-1.8009224274669	0.401413641514774
-1.14602109676128	0.352462565358244
-0.212568324340494	0.0694726774908008
0.147168767139499	0.0568586827414826
0.150039122185617	0.0648502450161375
1.4519121380375	0.487696442951866
-0.637509639132058	0.157280902410938
0.603869020518488	0.316121256627672
2.36036308237653	1.20258012966126
0.157022623028463	0.0539216680988902
1.57049308556314	0.791343775156705
0.943029051172106	0.251479485037243
1.0798100518201	0.659791198278993
-0.633263297544021	0.156213540903658
-3.08605931477026	0.975090216684496
0.159302248589599	0.054592027037212
0.531946232023591	0.193886067853674
0.531475663884314	0.193334490534739
-0.640656975678056	0.157776356363176
-0.514908806238071	0.197238634697011
1.44816685557941	0.487186600500996
-0.726427642398715	0.252868210726988
1.95373899190972	0.460332693481441
4.17196783865944	2.03991405074105
-2.06823085425124	0.956878021317762
0.446161594444449	0.18120488602564
-0.216082437585751	0.0706900588053257
1.45151622307992	0.488502446881907
-0.351841120455994	0.102432906020839
0.148874773794293	0.0283648154803441
0.938786187734731	0.250272333462114
1.44637717898614	0.486482829772734
0.939298703364537	0.250809511779044
0.454257246607656	0.184850448579938
0.689346451286098	0.324840596495388
1.45081573296225	0.488099054152683
-1.8009224274669	0.401413641514774
-3.46057846766198	1.25673296266012
-1.14283325733795	0.352132388893513
-1.82340672915378	0.753996843739028
0.151351254680369	0.0456089796382342
-0.212305652390839	0.0694460252040557
-1.81712481822928	0.751432729760429
0.144624243113007	0.0277697138706121
-0.352502268480792	0.102674771115327
3.63664142756648	1.45554969527548
1.95373899190972	0.460332693481441
1.03957617416576	0.399643236692894
0.158729294236089	0.04043260950787
0.159421595053514	0.0405224643025682
-1.14173074601379	0.351630194981725
3.25819512813541	1.12540871646052
1.03780816129706	0.399548214209553
-1.8009224274669	0.401413641514774
0.154819554186086	0.039408070567956
0.159132199857942	0.0403652499117015
0.163624541637998	0.04930959903967
3.26141769425846	1.12732988282303
-3.08660653838605	0.975157312690119
0.144624243113007	0.0277697138706121
0.144624243113007	0.0277697138706121
0.145952781975537	0.027957432098957
-1.80103877399874	0.401412128456168
3.92866091273962	1.7529122678796
-1.80103877399874	0.401412128456168
0.141371543201342	0.027282216107575
0.158870112724068	0.0403250933632853
0.158729294236089	0.04043260950787
0.144624243113007	0.0277697138706121
3.25711819118569	1.12516204396806
-1.8009224274669	0.401413641514774
0.144983099103736	0.027824125638065
0.145592290548819	0.0279027526196651
0.944102727079701	0.251755733219961
0.145592290548819	0.0279027526196651
0.158729294236089	0.04043260950787
-0.346797330227773	0.101185095553384
-0.763835775071784	0.335755273843228
-1.66762057591264	0.948985781212687
-1.02027673323395	0.409478238556457
-1.48345513317086	0.759410563089855
0.53668704389391	0.195702410097146
3.63214416087956	1.45298046940176
0.402811015205556	0.182058099919752
-0.51396531615413	0.196814734006425
0.943541575109422	0.251560831713342
0.149361337226457	0.0575160600173455
1.03882026472922	0.400114292850008
-0.342526998757891	0.100043172269755
0.693035356054243	0.32670390801441
0.145592290548819	0.0279027526196651
0.529432153744825	0.192266746460986
-1.8009224274669	0.401413641514774
0.537151068021291	0.195568545631627
1.03354280177294	0.396866204815453
-0.223078791885577	0.0726600358718125
0.159421595053514	0.0405224643025682
-0.636438389477554	0.156998062672413
0.400283172936224	0.181484775537511
-0.516447718221762	0.197760621289895
-0.343614950418389	0.100353977595961
-1.52187037799917	0.552145600192979
-0.353252610180752	0.103014720617828
-0.216341300405611	0.0706275337190599
0.152333554816668	0.0588163373718562
0.661336234174573	0.212381115853655
-4.0124872149158	1.76839621226215
1.03983213015104	0.400302023323061
-0.0980761470135824	0.03899887086718
-1.27004348394699	0.578549734222855
-0.349709365939262	0.101852718844327
-0.636959492719679	0.156887069567616
0.158632124131594	0.054385203255368
-0.352171048045609	0.102884554871845
0.935072365625058	0.249598704803732
1.06933690227919	0.52417571767679
-0.0956170879648099	0.0381091865393533
-0.723678625838308	0.25185170240566
-1.27495473558411	0.58335694060492
0.665301548139678	0.214168982585133
0.159120665328247	0.048062202194274
0.145952781975537	0.027957432098957
0.164377165872218	0.0495293176899797
0.406289741191711	0.183835533444145
-0.723678625838308	0.25185170240566
0.158906591061253	0.0544742610766247
-1.48400802964695	0.758811048932772
1.44637717898614	0.486482829772734
3.25819512813541	1.12540871646052
-1.14420932638858	0.351785528543761
0.162765853660276	0.0412041418868207
-1.80103877399874	0.401412128456168
-2.58178332536446	0.682930522892635
0.144983099103736	0.027824125638065
-1.80103877399874	0.401412128456168
0.144983099103736	0.027824125638065
1.95373899190972	0.460332693481441
-2.58142672375403	0.684312616488773
-0.636438389477554	0.156998062672413
0.938232517255131	0.250080666640462
-0.349709365939262	0.101852718844327
0.938786187734731	0.250272333462114
-1.14283325733795	0.352132388893513
-1.80103877399874	0.401412128456168
2.75356411778207	0.788200953807627
-0.640656975678056	0.157776356363176
0.144624243113007	0.0277697138706121
0.159873979297135	0.0482815097019209
0.943541575109422	0.251560831713342
0.145952781975537	0.027957432098957
0.674530619158694	0.216431168789075
1.44746976337709	0.486785860941538
-1.80497515009983	0.40204480448646
-0.347881275810247	0.101704932899344
0.145592290548819	0.0279027526196651
1.03781437910079	0.398727726172423
-0.763539532749999	0.335438759631778
-0.986172112341912	0.492274249557995
-0.757927236874105	0.332077461758512
-0.493658783474857	0.258353578111926
0.159873979297135	0.0482815097019209
-0.396706850288183	0.166365080981218
0.52952374190729	0.192186269820491
0.168166724727626	0.050431279929063
0.162871524871276	0.0490067440484624
1.04230743707962	0.401611574259419
-0.137292999992855	0.0495706582975502
-2.58107011718166	0.682882000334415
0.829346227820373	0.354574714510443
0.533895130806427	0.194581489771343
1.34140806303024	0.595630219758559
0.152641938101793	0.0589243022830194
0.666381294485655	0.214481042382208
0.158729294236089	0.04043260950787
0.604930048958844	0.31571977026116
-3.46409750383962	1.2590838657058
-1.16602980320965	0.653528558133648
-0.514908806238071	0.197238634697011
-0.641728465892975	0.158059513381177
0.145952781975537	0.027957432098957
0.660259121595295	0.212070761377066
0.158856086796509	0.0478216925261301
2.75057603691244	0.786424841779512
-0.142891948035302	0.0516141016686805
0.532920813071289	0.194317875052133
-1.51833170548507	0.550474500519343
0.158729294236089	0.04043260950787
-0.645468225391831	0.158511996656751
0.145952781975537	0.027957432098957
-1.48407666103806	0.759438031046279
-1.27656840239241	0.58297122228144
-3.09129418995865	0.975610822572426
0.159383452529446	0.0480372790434797
-1.52187037799917	0.552145600192979
2.11749992941985	0.964162427156984
-0.395520864335434	0.166072991543779
-1.51684905918208	0.549966932484854
-1.02798604242193	0.413256750767976
-2.27752140043486	1.16650892624748
1.03806395636365	0.39882502542582
0.53668704389391	0.195702410097146
-0.723678625838308	0.25185170240566
-3.08660653838605	0.975157312690119
-0.770013684048696	0.338356895893683
-0.149697575718724	0.0539203326828831
-1.98146680102126	1.37734965807776
1.9546069313489	0.460412245381477
-1.80103877399874	0.401412128456168
-2.58142672375403	0.684312616488773
0.145952781975537	0.027957432098957
0.155520410174332	0.0395661334713537
-1.8009224274669	0.401413641514774
-2.58142672375403	0.684312616488773
-1.14283325733795	0.352132388893513
0.163169995607563	0.0413572276497282
-1.80497515009983	0.40204480448646
0.938232517255131	0.250080666640462
-3.09073773131398	0.977080546046746
0.939853714804409	0.251002284675557
-1.80103877399874	0.401412128456168
0.16137422717943	0.0408817023262115
0.144983099103736	0.027824125638065
2.56309858736155	1.44387836830507
0.160518930457975	0.0406859460362184
-0.633263297544021	0.156213540903658
1.9546069313489	0.460412245381477
-0.636990001200621	0.156817984288667
1.95373899190972	0.460332693481441
-0.633263297544021	0.156213540903658
1.45151622307992	0.488502446881907
0.167140429175049	0.0501406321488788
0.537406575730244	0.196009920523317
-1.80103877399874	0.401412128456168
0.144624243113007	0.0277697138706121
0.148508541635756	0.0283091884660306
0.667130392787493	0.214334835345571
0.527363353825197	0.191753502011621
-1.83678940703583	1.16149486711607
-3.45920905368023	1.25640999767694
0.939298703364537	0.250809511779044
0.527613487096402	0.192164364642399
0.943029051172106	0.251479485037243
1.9546069313489	0.460412245381477
0.158729294236089	0.04043260950787
-0.512353455112074	0.195630108886462
1.9546069313489	0.460412245381477
0.939853714804409	0.251002284675557
0.940922493736804	0.250741724034319
2.74958998501656	0.787920507210083
-0.215362013913717	0.07044095074977
1.07621204164216	0.527747469375619
1.82393551449113	0.726315315015904
1.81965712946419	0.72393570375632
-0.636990001200621	0.156817984288667
1.03705168717883	0.398261057696949
-0.215362013913717	0.07044095074977
0.157633323445896	0.0401249768572365
-2.06922022566155	0.957934577158216
1.44098670162231	0.482970681290409
0.938786187734731	0.250272333462114
0.531946232023591	0.193886067853674
0.160518930457975	0.0406859460362184
-2.58142672375403	0.684312616488773
0.16089014359948	0.0485574624883246
0.158729294236089	0.04043260950787
1.32931171418606	0.589505543885977
1.44707333879815	0.486882965382531
-3.09018140585655	0.975319743554836
0.159610674313697	0.048048445892231
-0.348626537089827	0.10172068619406
1.33813720779684	0.59634854680219
-1.80103877399874	0.401412128456168
0.532096755483554	0.193850118427115
-0.357239818178673	0.104004338129011
0.827205121241707	0.352773078406787
0.144624243113007	0.0277697138706121
0.66746146314869	0.214381150055683
-1.81665873624948	0.752232883970363
-0.544436827589003	0.342414050189209
-0.515782684048713	0.197574022242274
0.525919921889418	0.19117501920487
-0.217062344939073	0.0708765351682746
-1.14420932638858	0.351785528543761
-1.81637684396232	0.751651715408043
-2.58107011718166	0.682882000334415
0.145952781975537	0.027957432098957
3.25927332254934	1.12307323546949
-0.347543274432262	0.101202259443342
0.158729294236089	0.04043260950787
2.75257155834301	0.787872112571947
-1.14214562413243	0.351215554477081
0.940366139413571	0.250549017337595
-0.347136350857903	0.101509886664517
0.159421595053514	0.0405224643025682
0.145592290548819	0.0279027526196651
-0.98309457724324	0.489629484686196
-1.8009224274669	0.401413641514774
0.147168767139499	0.0568586827414826
-1.52187037799917	0.552145600192979
-3.45920905368023	1.25640999767694
-1.27656840239241	0.58297122228144
-1.51907352369701	0.549621946077532
0.939853714804409	0.251002284675557
-3.46057846766198	1.25673296266012
2.7486062124648	0.786021619850662
0.158367221778382	0.0477356609277319
-1.14352115801698	0.352309794326609
-0.307990922790343	0.141708236036251
0.696604281276515	0.327698197929459
1.04609558583464	0.401272374614787
0.157426877687479	0.054095802255857
0.450532391701879	0.183205964517695
-0.76445898984795	0.335968098647039
1.03531563070088	0.397416666916399
-0.523937564968149	0.200510104202262
1.82073340465931	0.723968171977521
0.158729294236089	0.04043260950787
0.67065498417138	0.215487616922184
-1.52692562574729	0.552956033505307
-1.8009224274669	0.401413641514774
0.160136994586442	0.0483380929433701
3.25711819118569	1.12516204396806
-1.14173074601379	0.351630194981725
-0.515852566204875	0.197244185536905
0.152633350829298	0.0389395951664406
-0.637509639132058	0.157280902410938
0.939298703364537	0.250809511779044
1.27833464404385	0.709110956245364
2.74958998501656	0.787920507210083
0.665301548139678	0.214168982585133
0.158729294236089	0.04043260950787
0.157426877687479	0.054095802255857
1.95733767915288	0.46077898524688
0.159877043029677	0.0481664355066161
0.69510717262521	0.327977453773444
1.9546069313489	0.460412245381477
-0.150716084376833	0.0541909663714199
0.158729294236089	0.04043260950787
-0.348964786734811	0.101837107016821
-0.226954141099268	0.0738682896842324
0.160518930457975	0.0406859460362184
0.164377165872218	0.0495293176899797
0.90149222883647	0.486933094007087
0.665631852900648	0.213765325882499
2.11400416457401	0.961849520633849
0.906896748726573	0.490862326985111
0.831216267921091	0.355437715318776
-0.138535181662081	0.0501089737478327
0.943541575109422	0.251560831713342
0.830281395788375	0.355150943185541
1.32834411864937	0.58946272635446
-0.140442729242083	0.0507204684508811
-1.02753370414198	0.41314398527887
-0.720885051656636	0.250598309067814
0.156083307671789	0.0536388626462904
0.163359376675397	0.0491825169151302
-1.8009224274669	0.401413641514774
-1.02198006071152	0.411274533949238
-0.348626537089827	0.10172068619406
2.75257155834301	0.787872112571947
0.145952781975537	0.027957432098957
1.95733767915288	0.46077898524688
1.95373899190972	0.460332693481441
0.158036719368933	0.0402017101522864
0.144983099103736	0.027824125638065
1.44637717898614	0.486482829772734
0.145592290548819	0.0279027526196651
0.145592290548819	0.0279027526196651
-0.351420017354976	0.10254393356513
0.159120665328247	0.048062202194274
0.665301548139678	0.214168982585133
1.44816685557941	0.487186600500996
-0.348964786734811	0.101837107016821
-0.338233581447231	0.0983924035169244
-0.721906540285296	0.25157399652224
2.74958998501656	0.787920507210083
1.44816685557941	0.487186600500996
0.939853714804409	0.251002284675557
0.159825702589389	0.0405961444844569
0.664222224803941	0.213409026485109
-0.729701678342157	0.253580140468091
0.158729294236089	0.04043260950787
-0.981865532923887	0.489594120900239
3.6299421323806	1.44791106405995
0.702740424913648	0.330638773187523
0.158729294236089	0.04043260950787
0.602781282531727	0.313647080374034
0.391578995776495	0.176956792507077
2.7486062124648	0.786021619850662
-0.346051722995957	0.100990327474769
0.614174837841314	0.32175165544901
-1.52617193332842	0.551946229427137
-0.185935393475015	0.099277061548556
1.08262038732249	0.662947654565852
-0.718143294445899	0.249734234417734
-0.50980441036982	0.194986448896893
1.07086790911806	0.525014858045994
0.664860493439773	0.213529366716842
-1.14283325733795	0.352132388893513
0.66746146314869	0.214381150055683
0.668069038483228	0.21426135235768
-0.216803244618851	0.0708846083253087
-0.635886909613779	0.156604724964807
-3.09129418995865	0.975610822572426
-0.637475956974027	0.156989773793674
0.144983099103736	0.027824125638065
0.669151397214654	0.214915118766865
-0.515579268988547	0.197497779631055
-0.306902945069793	0.140707044797165
0.666381294485655	0.214481042382208
0.158729294236089	0.04043260950787
-0.721906540285296	0.25157399652224
-3.45852473952099	1.25330010570648
-0.636438389477554	0.156998062672413
0.144983099103736	0.027824125638065
0.938786187734731	0.250272333462114
-0.348647465724826	0.101723259540307
-1.80103877399874	0.401412128456168
-2.58550852264163	0.684811136427957
1.32809975659763	0.589445113951956
-1.51867963642989	0.551199515777305
3.63664142756648	1.45554969527548
0.156941675224984	0.0398954425925589
1.81965712946419	0.72393570375632
-0.76475469664406	0.335510040816294
1.27863099571195	0.710648376730035
1.04058787371703	0.399831169158897
-0.212305652390839	0.0694460252040557
0.822141685307495	0.350753098387779
1.44598024938091	0.485455548198704
1.07277333902931	0.526857200434305
0.825891346122841	0.352089609767383
0.532920813071289	0.194317875052133
0.53668704389391	0.195702410097146
0.938232517255131	0.250080666640462
1.07024136781334	0.524551025659175
-1.02198006071152	0.411274533949238
0.152633350829298	0.0389395951664406
-0.637509639132058	0.157280902410938
-1.80103877399874	0.401412128456168
-0.636959492719679	0.156887069567616
0.938786187734731	0.250272333462114
2.75656983410044	0.786824865410408
-0.638059916511872	0.157099877961465
-0.353252610180752	0.103014720617828
-0.635886909613779	0.156604724964807
0.665631852900648	0.213765325882499
1.95373899190972	0.460332693481441
-0.636438389477554	0.156998062672413
0.935072365625058	0.249598704803732
0.669903363513283	0.215634804708644
1.44637717898614	0.486482829772734
2.75057603691244	0.786424841779512
0.454880077555229	0.185222631284087
-0.787813615622566	0.599474770460005
-0.193664469973312	0.103661653054967
0.337681240189473	0.186840757540272
-0.233736746599608	0.151595517476693
0.608484226785811	0.318528081020153
0.150562796332926	0.0856351915735416
-0.146949374359874	0.0831253240955162
0.149296370998493	0.0644190919635319
0.325879898843787	0.195955753484981
0.665301548139678	0.214168982585133
4.73898844815459	2.91603812112593
-1.34499184732322	1.10247508863857
-0.6066044979255	0.291574679111263
0.395715291463461	0.178734308689649
-0.60634430541831	0.493989882765177
0.390791558319365	0.176271567652486
-1.02224709287202	0.410608941783725
-0.0566598486597283	0.0355350573963177
-1.02446130916612	0.410741903929385
0.150768496086518	0.0517947656461138
-0.146945714776554	0.0529279643311499
-0.0618754493133485	0.0387941576281063
0.334872661253557	0.185289270892437
-0.505058382250165	0.380273353943958
0.548104448241974	0.315710586316873
0.480068769595521	0.325731024043508
-1.08787415936394	0.735178994880073
1.34166096481196	0.597003916862013
-0.353252610180752	0.103014720617828
1.32737623934168	0.58900658769522
-0.636438389477554	0.156998062672413
0.159132199857942	0.0403652499117015
0.144983099103736	0.027824125638065
0.140400083006098	0.0271488262218611
3.26574785919213	1.12499058506004
0.665618647197154	0.213793073260368
-0.636959492719679	0.156887069567616
-3.08660653838605	0.975157312690119
-0.506968648349492	0.193256821424707
-0.311360441751823	0.143252134715442
1.39845660301485	1.07541603254309
-0.766002875152517	0.335755619804841
0.164377165872218	0.0495293176899797
0.158729294236089	0.04043260950787
0.158729294236089	0.04043260950787
2.74958998501656	0.787920507210083
-0.633263297544021	0.156213540903658
-1.8009224274669	0.401413641514774
0.940366139413571	0.250549017337595
-0.641728465892975	0.158059513381177
-0.34327511670262	0.100238459904739
2.75257155834301	0.787872112571947
0.158729294236089	0.04043260950787
0.144983099103736	0.027824125638065
0.940922493736804	0.250741724034319
3.26033581954854	1.12492242320153
-0.764131054067611	0.335138115484785
0.531946232023591	0.193886067853674
-0.727179123195026	0.25354055255114
0.829754300408287	0.353504349791504
0.669903363513283	0.215634804708644
1.03957617416576	0.399643236692894
0.646094394128272	0.454471198770482
1.57699892040377	0.79741520978116
-1.98514802018645	1.38587590054325
-0.141354920327139	0.0510651509736396
-0.34327511670262	0.100238459904739
-0.14816258989354	0.0534921286364973
0.157426877687479	0.054095802255857
0.666381294485655	0.214481042382208
-0.21688918582617	0.0709123691608258
0.144624243113007	0.0277697138706121
-0.641728465892975	0.158059513381177
-1.26965711158767	0.579970689675105
-0.520885654160255	0.199641734514241
3.63104293019025	1.45185522619522
-1.02198006071152	0.411274533949238
-0.635886909613779	0.156604724964807
0.161906078576276	0.04874952925091
0.67023417962338	0.214944722788871
0.819606366656095	0.348783463924373
-1.14781664720768	0.353699707342604
-0.348626537089827	0.10172068619406
-1.51793915586182	0.550681864442582
-2.58178332536446	0.682930522892635
0.140400083006098	0.0271488262218611
0.939298703364537	0.250809511779044
-0.520885654160255	0.199641734514241
-2.63794013328704	1.62971531119741
0.153338447359588	0.0736292956596413
0.149424665622174	0.071662579412615
-0.790693505658747	0.430219294977677
-0.108572973299881	0.0638559148198047
-0.954030210248081	0.584316078302034
0.96327423006904	0.649821088097173
0.53668704389391	0.195702410097146
1.03781437910079	0.398727726172423
0.939853714804409	0.251002284675557
0.161583030692245	0.0553811342318149
-0.642304168663701	0.376507125688461
0.716427349407995	0.468746501679104
0.316419008446587	0.189877453647956
0.653128160818658	0.460748883540977
0.501776461013133	0.314489565601472
1.07649484928629	0.526842873975153
0.178001480523643	0.11520596904929
-0.0605289508644666	0.0263392613346368
0.152855529117224	0.0925769603158447
-0.396390015988625	0.166147326157686
-0.337475935309934	0.202550188192623
0.950061425691826	0.63786536813154
0.151927135541519	0.0801924836907017
-1.459903680849	1.30253497771757
0.286797958867586	0.204624118539143
-0.799123985631241	0.526517201621746
0.39859212523904	0.180412378495209
-2.28374677525788	1.17237737513055
0.159873979297135	0.0482815097019209
-0.0962955273188297	0.0382766722020201
0.158165836302949	0.0401659252594738
0.155608726416379	0.0470349393301069
0.144292720137753	0.0276888229156664
-1.8009224274669	0.401413641514774
0.144624243113007	0.0277697138706121
1.82041011870169	0.724546408240772
-0.72744557418559	0.252780736704773
-0.638059916511872	0.157099877961465
-0.719166594127654	0.250138114551495
-0.302310494522008	0.13881925142612
0.782374896308675	0.61114547135045
0.0207195018644259	0.0112076919363195
1.27567423216485	0.706228581898481
-0.352171048045609	0.102884554871845
0.158036719368933	0.0402017101522864
0.158729294236089	0.04043260950787
0.158729294236089	0.04043260950787
-3.45920905368023	1.25640999767694
0.15333233148057	0.0390971321912012
-1.8009224274669	0.401413641514774
0.144983099103736	0.027824125638065
1.95373899190972	0.460332693481441
4.17656272277587	2.04584984320935
2.12745211374656	1.49139285504731
-0.906741503888517	0.755184548775958
0.537662684606419	0.195757705274551
-0.210957838283869	0.068738298296467
-0.637509639132058	0.157280902410938
1.45151622307992	0.488502446881907
0.943541575109422	0.251560831713342
1.82148708414178	0.724579036933352
-0.34327511670262	0.100238459904739
0.938786187734731	0.250272333462114
0.155143712679243	0.0533136788534507
0.940366139413571	0.250549017337595
1.07582773491699	0.527232393665873
0.144983099103736	0.027824125638065
-0.636959492719679	0.156887069567616
0.159383452529446	0.0480372790434797
0.159421595053514	0.0405224643025682
0.157382415241022	0.0473854081319416
1.33292908935071	0.591884606497793
0.162070178892022	0.0411144637566376
0.144624243113007	0.0277697138706121
-0.351420017354976	0.10254393356513
0.675285468234335	0.216285450940634
0.160518930457975	0.0406859460362184
-0.784937973415014	0.73523354369958
0.655187576880222	0.462868365258576
-0.466137141697297	0.309583530934901
-0.280085840605281	0.175631789386499
1.10215506186172	0.830946602264797
-0.402231187161892	0.276628729820825
0.17460557682673	0.100041454813177
0.157959691651784	0.0833843196812801
1.9664848962572	1.23973077389814
1.10354985221871	0.831705247619648
0.137714638348823	0.0529526615740289
0.532198432599625	0.194009998264973
0.6645527926843	0.213454144615325
0.664191075900213	0.680662066001839
0.366959335214856	0.184678329931306
0.162439019871134	0.0930070765959019
-0.196524483698776	0.105165915749185
-0.0296205546640525	0.0139943053975959
-0.520885654160255	0.199641734514241
0.864278193038191	0.633429234128071
-0.347893899096518	0.101384686373808
-0.308324887864941	0.251601679286546
0.707665635028394	0.459426984640581
-0.335464716900653	0.20034589626785
-0.804365666399426	0.616159255477914
0.168165769226623	0.102527841821552
-0.643787202922542	0.377881168914001
-0.178304836020434	0.135615672225917
0.606741717745638	0.317181138350121
1.78246699001818	1.00986563498498
0.16137422717943	0.0408817023262115
-1.80103877399874	0.401412128456168
0.144983099103736	0.027824125638065
-0.641217763381128	0.157896990579203
-0.637509639132058	0.157280902410938
-1.14283325733795	0.352132388893513
-1.8009224274669	0.401413641514774
-0.638059916511872	0.157099877961465
0.145952781975537	0.027957432098957
-2.58998866267518	0.684472676699341
-1.8009224274669	0.401413641514774
-1.14283325733795	0.352132388893513
-3.09073773131398	0.977080546046746
1.06228900556372	1.2270426687886
-0.612431179026226	0.499946073818215
0.158036719368933	0.0402017101522864
2.11953581520765	0.965145716833258
0.158870112724068	0.0403250933632853
1.44707333879815	0.486882965382531
0.144983099103736	0.027824125638065
0.939853714804409	0.251002284675557
0.144624243113007	0.0277697138706121
-0.635886909613779	0.156604724964807
0.16089014359948	0.0485574624883246
0.599249097496511	0.312230147266288
1.9546069313489	0.460412245381477
0.161853403912824	0.0486615594212472
0.695998303933016	0.328368689331616
0.357946313269466	0.179387656978686
1.82747931843685	0.725113764977104
0.162070178892022	0.0411144637566376
0.821882024147526	0.350146289827548
0.16089014359948	0.0485574624883246
-0.144430934366853	0.0520628013112706
-0.981286227544691	0.489267128736786
-0.216341300405611	0.0706275337190599
1.07154807786812	0.524761013102316
0.163169995607563	0.0413572276497282
-0.721906540285296	0.25157399652224
-2.06894518817756	0.957909133523848
1.3359449931463	0.592902039192104
-0.385740201529226	0.16129703490359
0.163624541637998	0.04930959903967
-0.514908806238071	0.197238634697011
0.144983099103736	0.027824125638065
0.159120665328247	0.048062202194274
-0.637509639132058	0.157280902410938
-1.51793915586182	0.550681864442582
-1.15103698931463	0.353478679518203
-0.718143294445899	0.249734234417734
0.144624243113007	0.0277697138706121
0.532198432599625	0.194009998264973
-0.347562155000387	0.101412477187396
-3.46478958027201	1.25928131143948
2.35757068329137	1.20029488810686
1.33691638207705	0.594514622461538
0.158729294236089	0.04043260950787
-2.58107011718166	0.682882000334415
1.33437745347812	0.592914189800261
-0.673261655667086	0.46883589339058
-0.0961715583055109	0.0383226667889411
3.93221277578082	1.75680245378688
-0.00699530089164379	0.00346474601620247
0.148874773794293	0.0283648154803441
-0.71841689794844	0.249777152570215
-1.13907413243892	0.350415838742694
0.940922493736804	0.250741724034319
1.95733767915288	0.46077898524688
1.53039609217305	1.29373376536915
0.322659340550394	0.193760892405456
0.168950820446266	0.0967619407178599
0.449342079718425	0.182201278864657
1.78500012324316	1.01250629381909
0.397582525209766	0.180058245543911
0.152108068416228	0.0523180707573953
1.03882026472922	0.400114292850008
-0.632707054239441	0.155821219725077
-0.348220543213602	0.101642486260234
-1.8009224274669	0.401413641514774
0.160518930457975	0.0406859460362184
-0.344362382759712	0.100549162971635
1.03755206316161	0.397862674763024
3.63104293019025	1.45185522619522
0.532920813071289	0.194317875052133
0.6645527926843	0.213454144615325
0.153661280365597	0.0592110803100596
0.665301548139678	0.214168982585133
1.44637717898614	0.486482829772734
0.824922848092663	0.35211027185909
3.25711819118569	1.12516204396806
-1.51406510425906	0.548397333153719
0.526892208860491	0.191602968161571
0.940922493736804	0.250741724034319
-0.149408524272464	0.0538302533501678
0.145592290548819	0.0279027526196651
0.163624541637998	0.04930959903967
-0.348964786734811	0.101837107016821
-1.03647113929269	0.415792999867536
-0.720885051656636	0.250598309067814
0.455166237015822	0.185165220753012
0.158036719368933	0.0402017101522864
1.9546069313489	0.460412245381477
-2.58142672375403	0.684312616488773
1.03807287226657	0.398760841319323
0.665301548139678	0.214168982585133
0.666381294485655	0.214481042382208
0.144624243113007	0.0277697138706121
-0.638059916511872	0.157099877961465
0.144624243113007	0.0277697138706121
0.158729294236089	0.04043260950787
0.159825702589389	0.0405961444844569
1.45598541563742	0.488399771900037
3.25711819118569	1.12516204396806
-0.721906540285296	0.25157399652224
-2.58178332536446	0.682930522892635
-0.347881275810247	0.101704932899344
0.159421595053514	0.0405224643025682
1.27965259044001	0.712792932913603
0.144983099103736	0.027824125638065
3.63104293019025	1.45185522619522
-0.51550579739168	0.197070762097224
0.151705174546684	0.0520762650731795
3.26574785919213	1.12499058506004
1.06748833929897	0.522574834648194
-0.723397899169428	0.25158201265049
0.939298703364537	0.250809511779044
2.75057603691244	0.786424841779512
1.95733767915288	0.46077898524688
-1.80103877399874	0.401412128456168
-4.005220656849	1.76581444626909
-0.790617993123266	0.431533736915007
1.39453257906745	1.06777667391161
0.164377165872218	0.0495293176899797
2.13133953887847	1.49061341047567
0.155608726416379	0.0470349393301069
-2.58178332536446	0.682930522892635
-1.14741359740666	0.352883231159087
1.44637717898614	0.486482829772734
0.158364705061637	0.0543781718203855
-0.142603029870794	0.0515255055439621
2.74958998501656	0.787920507210083
-0.217783773381529	0.0710710016312923
-1.48462419632085	0.759367033073816
0.824922848092663	0.35211027185909
1.33365346781733	0.593790400301544
-0.641217763381128	0.157896990579203
0.145592290548819	0.0279027526196651
-0.763539532749999	0.335438759631778
0.147721991478246	0.0639406169439748
-1.0272685011115	0.413655990175607
0.144624243113007	0.0277697138706121
0.157633323445896	0.0401249768572365
0.15372623772021	0.039243442264908
-0.636438389477554	0.156998062672413
0.159387933528776	0.0479558274793603
0.827205121241707	0.352773078406787
-0.637509639132058	0.157280902410938
2.74958998501656	0.787920507210083
0.667130392787493	0.214334835345571
-2.58178332536446	0.682930522892635
1.9546069313489	0.460412245381477
0.159825702589389	0.0405961444844569
-1.80103877399874	0.401412128456168
0.144983099103736	0.027824125638065
1.95373899190972	0.460332693481441
-0.21438297968887	0.070119295219489
1.9546069313489	0.460412245381477
2.75057603691244	0.786424841779512
3.63324582360405	1.45248485170375
-0.642287903988749	0.158179920711655
0.943541575109422	0.251560831713342
-1.80497515009983	0.40204480448646
-1.51480908828857	0.548389809404095
1.9546069313489	0.460412245381477
1.95373899190972	0.460332693481441
0.689044564874805	0.324641738430295
0.943029051172106	0.251479485037243
-0.636438389477554	0.156998062672413
0.529305127913445	0.192443828592845
-1.47999088253675	0.755377623377746
2.75356411778207	0.788200953807627
0.144983099103736	0.027824125638065
-0.346391761922432	0.101125986544327
0.942469249206212	0.251285156498659
-1.80103877399874	0.401412128456168
1.44707333879815	0.486882965382531
1.45696658084936	0.910669469606007
-0.143185474858029	0.0807681958523482
0.53668704389391	0.195702410097146
0.957480770019316	0.64574184894417
1.33268267370684	0.593331252982876
0.661014028065539	0.212332873799895
1.78516835020796	1.01027629711823
-0.728949254888783	0.253711766914117
-0.726427642398715	0.252868210726988
0.666049960969073	0.214022945375077
-0.2098903203841	0.0686010473884186
2.7486062124648	0.786021619850662
-0.222467913282998	0.0724627297340102
-0.34327511670262	0.100238459904739
0.446502278429375	0.181108730956228
-1.81488203899203	0.750473718254322
-1.27261442293622	0.579780704461
0.150560591340052	0.0581713067257616
-0.216543534622435	0.0706689190848181
0.157772450057789	0.0400836004593127
0.664222224803941	0.213409026485109
2.75356411778207	0.788200953807627
1.03983213015104	0.400302023323061
-1.51867963642989	0.551199515777305
-0.516250072697604	0.197637497642431
-0.347136350857903	0.101509886664517
0.152641938101793	0.0589243022830194
-1.02126179208727	0.410975081816502
0.145592290548819	0.0279027526196651
0.531223226643993	0.193578240394512
0.446784672204274	0.181491655393646
-0.637509639132058	0.157280902410938
1.44746976337709	0.486785860941538
-1.80103877399874	0.401412128456168
1.81965712946419	0.72393570375632
-1.8009224274669	0.401413641514774
0.665301548139678	0.214168982585133
1.95373899190972	0.460332693481441
-0.636959492719679	0.156887069567616
1.9546069313489	0.460412245381477
0.144624243113007	0.0277697138706121
-1.51480908828857	0.548389809404095
0.664860493439773	0.213529366716842
-1.80497515009983	0.40204480448646
0.145592290548819	0.0279027526196651
-0.347136350857903	0.101509886664517
0.15333233148057	0.0390971321912012
-1.51867963642989	0.551199515777305
0.145952781975537	0.027957432098957
-1.8009224274669	0.401413641514774
-0.217783773381529	0.0710710016312923
-2.58142672375403	0.684312616488773
-0.347881275810247	0.101704932899344
-0.720135385332208	0.249867926495899
1.03983213015104	0.400302023323061
1.95373899190972	0.460332693481441
1.44707333879815	0.486882965382531
1.44637717898614	0.486482829772734
0.159825702589389	0.0405961444844569
-0.636990001200621	0.156817984288667
0.688718306518938	0.323787195444084
-0.601467287066214	0.288528213478627
-1.48375853349033	0.757911091286895
-0.302310494522008	0.13881925142612
0.451158336600182	0.183419403196117
-0.148178542929352	0.0534239028447727
0.612903400161451	0.321207167405034
0.959720747872919	0.64716950101999
-0.3878593428986	0.162300202543048
-0.0905934418821428	0.036121792375747
0.155143712679243	0.0533136788534507
-1.02368524530921	0.41093826511309
-0.515579268988547	0.197497779631055
1.61756631183535	1.13182916910689
0.158036719368933	0.0402017101522864
-1.13838195218038	0.350237547909829
0.145952781975537	0.027957432098957
-0.519549047944463	0.199118520659248
0.943029051172106	0.251479485037243
-2.27914761208306	1.16758855700596
0.148629318798242	0.0643703013221288
0.665301548139678	0.214168982585133
1.81858126562737	0.723163580138357
-0.140442729242083	0.0507204684508811
-0.24866988145243	0.124097080558991
-0.151914456871281	0.0547376712442449
-0.352171048045609	0.102884554871845
-0.348964786734811	0.101837107016821
-1.51833170548507	0.550474500519343
-1.51684905918208	0.549966932484854
-0.779028972822098	0.341878523917637
1.03882026472922	0.400114292850008
0.162651800833246	0.0488485521307266
-0.357239818178673	0.104004338129011
0.144983099103736	0.027824125638065
0.145952781975537	0.027957432098957
0.141371543201342	0.027282216107575
-0.636438389477554	0.156998062672413
-1.14283325733795	0.352132388893513
-1.8009224274669	0.401413641514774
0.148874773794293	0.0283648154803441
-1.8009224274669	0.401413641514774
0.157069116687721	0.0399247221824271
1.03882026472922	0.400114292850008
-0.347881275810247	0.101704932899344
0.145592290548819	0.0279027526196651
0.670986836259098	0.215663188176636
-3.08660653838605	0.975157312690119
2.36108815741373	1.2035255309015
-0.720885051656636	0.250598309067814
0.944102727079701	0.251755733219961
-0.0961715583055109	0.0383226667889411
0.158729294236089	0.04043260950787
0.530871103590739	0.192843715049781
-1.8009224274669	0.401413641514774
0.144624243113007	0.0277697138706121
-1.80103877399874	0.401412128456168
-1.84544305332278	1.16080582628654
0.607581279719406	0.317975773517433
0.397251276136309	0.179711748208519
-0.236698549982219	0.117849793036302
-1.0438290128664	0.827842450636524
0.390776487223512	0.176494271731716
-0.721635104470276	0.250959824058763
0.151438453850196	0.0520921659930463
-0.142891948035302	0.0516141016686805
0.664222224803941	0.213409026485109
0.158036719368933	0.0402017101522864
0.157633323445896	0.0401249768572365
-0.953856203840469	0.583984480648196
0.160143020262516	0.0482319015045651
0.158729294236089	0.04043260950787
0.145952781975537	0.027957432098957
-0.38754286036109	0.162377826217245
-1.14104219214391	0.350714860686515
0.1564887689413	0.0537706581930758
-1.02440489026484	0.410464208205061
0.938786187734731	0.250272333462114
0.157633323445896	0.0401249768572365
1.96339410738908	1.23799903461336
1.08441674785004	0.664904056974736
2.90854387292426	1.98165789867094
-0.141978824969554	0.0513095739208992
-0.348220543213602	0.101642486260234
0.453686919121105	0.184282387612812
-1.14283325733795	0.352132388893513
0.159873979297135	0.0482815097019209
-0.217062344939073	0.0708765351682746
0.451783977538765	0.183363070775372
2.7486062124648	0.786021619850662
0.145592290548819	0.0279027526196651
-1.13907413243892	0.350415838742694
-0.636438389477554	0.156998062672413
-1.8009224274669	0.401413641514774
0.148508541635756	0.0283091884660306
1.95373899190972	0.460332693481441
1.95373899190972	0.460332693481441
-1.8009224274669	0.401413641514774
-0.347136350857903	0.101509886664517
-3.0855122183307	0.972756963025588
-0.718893212011047	0.2498793364648
0.158729294236089	0.04043260950787
0.161153094780194	0.048530513531666
0.663780082904929	0.212878960831006
-0.223078791885577	0.0726600358718125
-1.52187037799917	0.552145600192979
0.158366958173935	0.0477619066778733
0.149975860929304	0.0579241892206102
3.26033581954854	1.12492242320153
-0.352171048045609	0.102884554871845
-2.58550852264163	0.684811136427957
0.144983099103736	0.027824125638065
-1.8009224274669	0.401413641514774
0.148874773794293	0.0283648154803441
2.02542019268788	1.89565203969079
0.457413152705226	0.185663592395749
0.141371543201342	0.027282216107575
0.156038034761794	0.0749089274842951
-0.612042537743071	0.29376568888427
1.33619399827848	0.595395987953639
1.23889490882946	0.84719243492623
1.57675841249846	0.795782461736869
-0.352502268480792	0.102674771115327
0.141371543201342	0.027282216107575
3.25604250889092	1.1220922045732
0.159306028837782	0.054651981271926
-0.215195931048969	0.0702838847643204
0.164377165872218	0.0495293176899797
0.66882031530722	0.214977617538568
-3.09018140585655	0.975319743554836
-0.723678625838308	0.25185170240566
0.160626900474085	0.0484137065522702
-0.601809544147604	0.288906996366902
-0.722656757230261	0.251937110505122
-0.351420017354976	0.10254393356513
3.93221277578082	1.75680245378688
0.157069116687721	0.0399247221824271
-3.08660653838605	0.975157312690119
-1.80103877399874	0.401412128456168
3.25711819118569	1.12516204396806
-0.510471133847125	0.195363258012676
0.939298703364537	0.250809511779044
-0.347543274432262	0.101202259443342
0.144983099103736	0.027824125638065
1.95373899190972	0.460332693481441
-3.08605931477026	0.975090216684496
1.9546069313489	0.460412245381477
3.92866091273962	1.7529122678796
0.940366139413571	0.250549017337595
1.44746976337709	0.486785860941538
-3.08660653838605	0.975157312690119
-1.8009224274669	0.401413641514774
-0.637509639132058	0.157280902410938
-0.638059916511872	0.157099877961465
-0.352171048045609	0.102884554871845
-0.637509639132058	0.157280902410938
0.159132199857942	0.0403652499117015
1.9546069313489	0.460412245381477
-0.636959492719679	0.156887069567616
-1.14214562413243	0.351215554477081
1.95373899190972	0.460332693481441
0.141371543201342	0.027282216107575
-3.75679120459628	1.51679930864271
0.153405388703481	0.066400669654385
1.82856289051599	0.72661307330956
1.78590091839396	1.01406146274082
0.360120863666238	0.18040729050988
-0.722385544152519	0.251104758974595
0.158367221778382	0.0477356609277319
-1.51759021741262	0.550484114851072
-0.636990001200621	0.156817984288667
-0.216803244618851	0.0708846083253087
0.657019155634219	0.210330292493104
-0.0899184363410144	0.0357886278382222
0.692428866313259	0.326770368044481
0.527613487096402	0.192164364642399
0.696586979825317	0.328042982731379
-0.609168877126429	0.292546883217229
0.163889412913727	0.0492247348281917
-0.724158352522838	0.251876501595264
1.28053976780742	0.713605120995001
-0.210870083038772	0.0690051452148311
0.157633323445896	0.0401249768572365
-0.216803244618851	0.0708846083253087
0.144624243113007	0.0277697138706121
0.666381294485655	0.214481042382208
0.159383452529446	0.0480372790434797
1.81933356547965	0.723773070508788
-0.347543274432262	0.101202259443342
0.535967126388868	0.195023784147857
1.03957617416576	0.399643236692894
1.44707333879815	0.486882965382531
-1.51759021741262	0.550484114851072
-2.27885537993306	1.16555927109916
0.939853714804409	0.251002284675557
0.161853403912824	0.0486615594212472
0.148508541635756	0.0283091884660306
-1.13838195218038	0.350237547909829
-0.346391761922432	0.101125986544327
1.03957617416576	0.399643236692894
0.531946232023591	0.193886067853674
0.148508541635756	0.0283091884660306
-1.14352115801698	0.352309794326609
0.665301548139678	0.214168982585133
-1.14173074601379	0.351630194981725
-3.0855122183307	0.972756963025588
1.95733767915288	0.46077898524688
0.537406575730244	0.196009920523317
3.93221277578082	1.75680245378688
0.939298703364537	0.250809511779044
0.158729294236089	0.04043260950787
-0.638059916511872	0.157099877961465
-0.638059916511872	0.157099877961465
-1.14241956815201	0.351807769829277
-1.51867963642989	0.551199515777305
2.75356411778207	0.788200953807627
0.148874773794293	0.0283648154803441
0.66957124715326	0.214831928354538
0.144983099103736	0.027824125638065
-0.722656757230261	0.251937110505122
1.33003396040117	0.589943144771572
-1.51332145233629	0.547881190959341
-0.22669892624927	0.0738388034710055
0.145592290548819	0.0279027526196651
-1.26720245749258	0.576637775977831
0.535711132992892	0.195347083049004
2.75057603691244	0.786424841779512
-1.01774198098802	0.408465897919083
1.53177747211486	1.30177662614362
-0.390950902807037	0.163865741327239
-0.0655831525335855	0.0285154609343212
0.539159296936068	0.30988474353771
-2.27848005646221	1.16773570281342
0.939853714804409	0.251002284675557
-0.334751586674465	0.236224773208922
0.159877043029677	0.0481664355066161
-1.10342430180502	0.751831170823407
1.06468052402213	0.521190538628543
-1.34413248476542	1.09830203194894
0.00554712803462655	0.00259530432311735
-0.766024810296448	0.33604031154591
-0.654757922018274	0.386717342531992
-0.650354384742137	0.382771636332045
0.154819554186086	0.039408070567956
1.58048723866495	0.800795987972636
0.668211247777032	0.21423636425458
0.936140043418633	0.249341310754104
0.532920813071289	0.194317875052133
0.162871524871276	0.0490067440484624
-0.717393763247237	0.249373645181193
0.154819554186086	0.039408070567956
-1.81665873624948	0.752232883970363
0.334295353973716	0.184151538293075
0.697004775030687	0.328912634803636
-2.27781283370872	1.16734388663456
1.82425955121577	0.726135704741858
0.156627732158763	0.047230275219086
1.58814804457407	0.799450073453897
0.152633350829298	0.0389395951664406
1.44816685557941	0.487186600500996
0.940366139413571	0.250549017337595
-0.348964786734811	0.101837107016821
2.75057603691244	0.786424841779512
-0.721906540285296	0.25157399652224
2.74958998501656	0.787920507210083
-1.27676803648149	0.581766483346834
0.531946232023591	0.193886067853674
0.144624243113007	0.0277697138706121
0.152932126304545	0.0590527335598744
1.04407793800765	0.401530572798881
-0.762917044259969	0.335226279565195
0.532920813071289	0.194317875052133
-0.514635039335923	0.197073437131208
0.160136994586442	0.0483380929433701
0.654869273295801	0.209278464262039
1.95373899190972	0.460332693481441
0.158870112724068	0.0403250933632853
-3.08715388924473	0.973054341045401
-0.215911761928773	0.0705052027501515
0.159383452529446	0.0480372790434797
0.16089014359948	0.0485574624883246
0.826271750411342	0.352114542073385
0.160136994586442	0.0483380929433701
-0.343614950418389	0.100353977595961
0.940922493736804	0.250741724034319
-0.221381474348764	0.0723536757666175
-0.0922710967476843	0.0367476834036293
-1.02126179208727	0.410975081816502
-1.13907413243892	0.350415838742694
0.159387933528776	0.0479558274793603
-1.28559222840957	0.585939068936265
-2.58142672375403	0.684312616488773
2.74832020176292	1.70813603868003
0.158729294236089	0.04043260950787
0.905723118232228	0.490708837002594
0.526641831692418	0.191735599167788
-2.27981550086299	1.16678430249304
0.159576214720181	0.0547910896912197
1.96335879368071	1.23695086439422
-1.67424861171895	0.954035506619628
0.904839126636664	0.489997989894102
1.96677711048322	1.24374289196154
-1.6467911023985	1.67826529622486
0.150693041852459	0.0724116402217353
-1.52336582358888	0.551742344860982
-0.800646156095848	0.436180726888334
0.159825702589389	0.0405961444844569
0.159873979297135	0.0482815097019209
1.07673015588531	0.526763997256778
2.11274293487726	0.958796242868276
0.534734954570662	0.194672048613434
0.152633350829298	0.0389395951664406
-0.637509639132058	0.157280902410938
-1.80103877399874	0.401412128456168
1.45151622307992	0.488502446881907
0.16137422717943	0.0408817023262115
-0.633263297544021	0.156213540903658
0.665301548139678	0.214168982585133
1.33340728777399	0.59245625933366
-1.51793915586182	0.550681864442582
-0.636990001200621	0.156817984288667
-0.636438389477554	0.156998062672413
2.7486062124648	0.786021619850662
-0.347893899096518	0.101384686373808
-0.514908806238071	0.197238634697011
2.11927682222776	0.965901658271386
0.1564887689413	0.0537706581930758
-1.14173074601379	0.351630194981725
0.145952781975537	0.027957432098957
0.669151397214654	0.214915118766865
-0.348626537089827	0.10172068619406
-2.06894518817756	0.957909133523848
-1.14781664720768	0.353699707342604
0.140400083006098	0.0271488262218611
0.940922493736804	0.250741724034319
-0.51888125338665	0.198534098484653
0.938786187734731	0.250272333462114
1.44707333879815	0.486882965382531
1.95373899190972	0.460332693481441
0.536431293429806	0.195654703291124
1.34969051599323	0.595968754288091
0.450532391701879	0.183205964517695
-0.344362382759712	0.100549162971635
0.546262809325551	0.314613852199165
-1.51684905918208	0.549966932484854
-0.524874987781082	0.200933052994701
0.144983099103736	0.027824125638065
-2.58107011718166	0.682882000334415
-0.527676804385494	0.200823730422502
0.828853000366777	0.352398916494217
-0.290937637775127	0.131972490193328
0.163359376675397	0.0491825169151302
-1.51984106779859	0.54965404061661
-3.08660653838605	0.975157312690119
0.940366139413571	0.250549017337595
-1.14283325733795	0.352132388893513
-3.46057846766198	1.25673296266012
0.691168388889775	0.600195944534907
0.612370235180162	0.320847899570939
-0.975551761995295	0.485979489293663
-0.799128092130836	0.526195288960069
0.542334900568686	0.312493044688528
0.151156520422439	0.0583248346544552
1.57888352599307	0.797653283006555
-0.300336735413601	0.137758241966233
0.156040866513106	0.060267234897955
0.144983099103736	0.027824125638065
-1.66842935243303	0.949278453990603
0.668069038483228	0.21426135235768
0.157772450057789	0.0400836004593127
1.9546069313489	0.460412245381477
1.57888352599307	0.797653283006555
2.75257155834301	0.787872112571947
-1.14712146603742	0.35296389743942
1.95373899190972	0.460332693481441
2.75257155834301	0.787872112571947
-0.636438389477554	0.156998062672413
-2.58550852264163	0.684811136427957
1.95733767915288	0.46077898524688
0.939298703364537	0.250809511779044
-0.636438389477554	0.156998062672413
0.148508541635756	0.0283091884660306
0.537406575730244	0.196009920523317
0.943029051172106	0.251479485037243
-1.14671720971639	0.353197314225222
-1.52370471834718	0.553131982412369
-0.636438389477554	0.156998062672413
0.152633350829298	0.0389395951664406
0.144983099103736	0.027824125638065
-3.08605931477026	0.975090216684496
-0.632707054239441	0.155821219725077
-1.80103877399874	0.401412128456168
-0.208061988888876	0.0679286622422791
-0.71841689794844	0.249777152570215
-0.727930992330886	0.25380129172308
-0.636438389477554	0.156998062672413
0.158729294236089	0.04043260950787
-0.637509639132058	0.157280902410938
0.396603250930295	0.179302861353901
0.573103185766603	0.454281660863104
-1.47096482816067	1.02204949492412
0.707604186810779	0.461968432434717
-0.401761197259564	0.226302717490638
-0.216172722976397	0.0706904380630048
1.04787322499924	0.402494294997108
0.450532391701879	0.183205964517695
1.82317998866194	0.72570154697374
-0.139448258990136	0.0503552670494229
0.396372696300784	0.17930892079227
-1.83895422721968	1.16012241679957
-1.02126179208727	0.410975081816502
0.159421595053514	0.0405224643025682
1.04256665160238	0.400711187611403
-1.80103877399874	0.401412128456168
0.145592290548819	0.0279027526196651
0.141371543201342	0.027282216107575
1.95373899190972	0.460332693481441
1.95733767915288	0.46077898524688
0.144624243113007	0.0277697138706121
-1.14104219214391	0.350714860686515
-0.641217763381128	0.157896990579203
-0.347136350857903	0.101509886664517
0.145592290548819	0.0279027526196651
-1.80103877399874	0.401412128456168
-0.636438389477554	0.156998062672413
3.26250083711191	1.1257992465865
0.155608726416379	0.0470349393301069
1.81858126562737	0.723163580138357
-1.80103877399874	0.401412128456168
-1.82791797230395	0.754864889966537
-0.636438389477554	0.156998062672413
-0.348964786734811	0.101837107016821
-3.46478958027201	1.25928131143948
-0.638059916511872	0.157099877961465
-3.45920905368023	1.25640999767694
0.160518930457975	0.0406859460362184
-0.633263297544021	0.156213540903658
-1.14352115801698	0.352309794326609
0.144624243113007	0.0277697138706121
0.144983099103736	0.027824125638065
-1.14283325733795	0.352132388893513
-0.391537827081547	0.163998203339572
0.852394089474502	0.621298150743345
-0.488592012260944	0.255179371896603
0.795267945126029	0.475429954574961
1.76825625804046	1.37397834016167
0.148254985144565	0.0641765306323083
3.63104293019025	1.45185522619522
1.03430080604135	0.397225968697929
-0.48819983688179	0.255048597848072
0.540080766366113	0.310557890932496
1.82041011870169	0.724546408240772
-0.636438389477554	0.156998062672413
1.82148708414178	0.724579036933352
1.33171160901013	0.592443644170249
0.445596889213535	0.18061730877116
0.369801048100923	0.185785657244738
0.831885955734065	0.355824635219245
0.162473111348855	0.041123724112904
-1.8009224274669	0.401413641514774
-1.80103877399874	0.401412128456168
0.158104109918261	0.0476970098800851
0.940366139413571	0.250549017337595
0.940922493736804	0.250741724034319
0.145952781975537	0.027957432098957
0.144624243113007	0.0277697138706121
-0.636959492719679	0.156887069567616
0.141371543201342	0.027282216107575
1.9546069313489	0.460412245381477
-1.8009224274669	0.401413641514774
3.25927332254934	1.12307323546949
1.9546069313489	0.460412245381477
0.154426155420695	0.0394015396377603
-0.383554597260228	0.160100075105466
1.34140806303024	0.595630219758559
-0.351841120455994	0.102432906020839
1.9546069313489	0.460412245381477
-1.80103877399874	0.401412128456168
0.158729294236089	0.04043260950787
2.7486062124648	0.786021619850662
0.939853714804409	0.251002284675557
-0.729701678342157	0.253580140468091
-0.390992556989641	0.163426770071789
-0.40525733028023	0.228732768533982
-0.215102781729368	0.0703679315225032
0.149504135229395	0.0645989408600278
0.314730841544708	0.203258432782233
0.150976615635835	0.0653557203467313
1.39251679977282	1.070293434554
1.09253929615557	0.672225717389431
-1.03185923747868	0.414980836560012
0.161852867988486	0.0555536777785083
0.821470561221444	0.349856755101541
0.158729294236089	0.04043260950787
0.16089014359948	0.0485574624883246
-0.50630459729825	0.192884461487896
0.665301548139678	0.214168982585133
0.158324698427983	0.0402149964785429
0.144624243113007	0.0277697138706121
0.815873905449098	0.346496829129374
1.57606850871826	0.79709034488913
0.332428513473381	0.182437993281656
0.665631852900648	0.213765325882499
0.156941675224984	0.0398954425925589
2.75257155834301	0.787872112571947
0.156941675224984	0.0398954425925589
0.660259121595295	0.212070761377066
0.158729294236089	0.04043260950787
0.145952781975537	0.027957432098957
0.159421595053514	0.0405224643025682
2.35034345141335	1.18953116642354
0.145952781975537	0.027957432098957
0.158324698427983	0.0402149964785429
-1.8009224274669	0.401413641514774
0.938786187734731	0.250272333462114
0.144983099103736	0.027824125638065
0.943541575109422	0.251560831713342
-0.214123379998796	0.0699227235538962
-0.353252610180752	0.103014720617828
-0.637509639132058	0.157280902410938
-0.641217763381128	0.157896990579203
-0.633263297544021	0.156213540903658
2.12205365319579	0.964511094233725
-0.726161254656457	0.252560499450293
0.156941675224984	0.0398954425925589
0.445878762239819	0.181113668030301
-1.80103877399874	0.401412128456168
0.693036527954027	0.326667937038122
-0.141065904193988	0.0509641882307141
1.03957617416576	0.399643236692894
-0.356160499008692	0.103481776923157
-0.243534510267352	0.121684358465095
-0.346797330227773	0.101185095553384
-0.637509639132058	0.157280902410938
0.157521902035835	0.0608139560500287
0.158906113967602	0.0837206619435332
1.08053333650052	0.661592437154496
0.152659782771539	0.0588488725894068
0.363183753363464	0.182678711121724
0.459229674353528	0.186708341659701
0.535711132992892	0.195347083049004
1.44425804733379	0.483972343914854
0.151172602395058	0.051995377151868
-0.212568324340494	0.0694726774908008
0.162606586631393	0.0489632049155684
-0.636438389477554	0.156998062672413
0.664537539501677	0.213141860355242
0.156941675224984	0.0398954425925589
0.673775421395746	0.215711600754686
1.95373899190972	0.460332693481441
0.939298703364537	0.250809511779044
-0.39180342897453	0.164330889789873
0.530499832462958	0.192903879235124
1.81965712946419	0.72393570375632
0.940922493736804	0.250741724034319
0.666381294485655	0.214481042382208
0.158036719368933	0.0402017101522864
-2.58142672375403	0.684312616488773
-0.641217763381128	0.157896990579203
-0.636959492719679	0.156887069567616
0.145592290548819	0.0279027526196651
0.145592290548819	0.0279027526196651
0.157633323445896	0.0401249768572365
-1.51907352369701	0.549621946077532
-1.8009224274669	0.401413641514774
0.140400083006098	0.0271488262218611
0.154426155420695	0.0394015396377603
0.938786187734731	0.250272333462114
2.11749992941985	0.964162427156984
-0.640656975678056	0.157776356363176
0.940366139413571	0.250549017337595
-2.58587528855637	0.684874790734986
0.942469249206212	0.251285156498659
0.144624243113007	0.0277697138706121
0.661336234174573	0.212381115853655
-0.218710230536797	0.0713607252338727
-1.8009224274669	0.401413641514774
-1.8009224274669	0.401413641514774
0.148508541635756	0.0283091884660306
1.33644359895306	0.59421767565385
0.146352172681155	0.0702816807951065
-0.781707355269451	0.424052852228859
-1.52370471834718	0.553131982412369
-2.58142672375403	0.684312616488773
0.665301548139678	0.214168982585133
-0.981603959387169	0.490271397263528
-0.243327973459351	0.121184027315214
-0.0305922034081004	0.0144428604793472
0.536431293429806	0.195654703291124
-0.0934912031556728	0.0371678091052094
0.891110516322629	0.478223006215706
1.82041011870169	0.724546408240772
-1.26870808245147	0.577883497327535
0.151705174546684	0.0520762650731795
0.159847267773209	0.0547803692268331
0.831621928970045	0.355145445447902
-1.27099398512007	0.58063946719774
1.33971586138168	0.59505177277686
-1.80103877399874	0.401412128456168
0.15126209936992	0.0727771576670532
0.82679228746987	0.353192581099221
-0.348220543213602	0.101642486260234
0.940366139413571	0.250549017337595
0.831885955734065	0.355824635219245
-1.02655133741802	0.413516459136083
-0.348220543213602	0.101642486260234
1.96042139757865	1.23318505924457
1.33899532956063	0.593153568399733
0.158729294236089	0.04043260950787
0.151108463610909	0.0652627059664072
0.164377165872218	0.0495293176899797
-0.637509639132058	0.157280902410938
2.74958998501656	0.787920507210083
0.940366139413571	0.250549017337595
-1.80103877399874	0.401412128456168
-0.636959492719679	0.156887069567616
1.9546069313489	0.460412245381477
-0.638059916511872	0.157099877961465
0.145592290548819	0.0279027526196651
2.75057603691244	0.786424841779512
0.144983099103736	0.027824125638065
0.144624243113007	0.0277697138706121
0.157633323445896	0.0401249768572365
0.144983099103736	0.027824125638065
0.145952781975537	0.027957432098957
-1.14741359740666	0.352883231159087
-0.348626537089827	0.10172068619406
-0.636959492719679	0.156887069567616
0.145592290548819	0.0279027526196651
-1.8009224274669	0.401413641514774
-0.219943209277965	0.071802836068315
-0.636959492719679	0.156887069567616
-0.642286148536788	0.157725807982813
-0.142313153461298	0.0513669055242584
-2.58550852264163	0.684811136427957
-1.26870808245147	0.577883497327535
-1.45124970340686	1.28411753997347
0.548178390112395	0.315134104871821
-0.141978824969554	0.0513095739208992
0.146550290835623	0.0564547430006204
0.163169995607563	0.0413572276497282
0.530971390293767	0.193164551984235
0.152374380215692	0.0523737819250446
0.939298703364537	0.250809511779044
1.27624427641515	0.708824053821528
-1.14241956815201	0.351807769829277
-0.724158352522838	0.251876501595264
0.158036719368933	0.0402017101522864
-3.45920905368023	1.25640999767694
0.144624243113007	0.0277697138706121
0.144624243113007	0.0277697138706121
-1.51759021741262	0.550484114851072
-0.215822966582871	0.0705622923402569
0.536431293429806	0.195654703291124
4.17196783865944	2.03991405074105
0.939298703364537	0.250809511779044
-0.144142117823968	0.0520179795440079
-0.149074022216404	0.0537217230515229
-0.2098903203841	0.0686010473884186
-0.636959492719679	0.156887069567616
1.95373899190972	0.460332693481441
0.158636001116008	0.0544030473834649
0.536431293429806	0.195654703291124
0.66882031530722	0.214977617538568
2.75356411778207	0.788200953807627
1.95733767915288	0.46077898524688
0.145952781975537	0.027957432098957
2.7486062124648	0.786021619850662
0.946736216714011	0.251684249918529
2.75057603691244	0.786424841779512
1.9546069313489	0.460412245381477
2.75257155834301	0.787872112571947
0.942469249206212	0.251285156498659
1.44746976337709	0.486785860941538
0.141371543201342	0.027282216107575
2.7486062124648	0.786021619850662
-0.347543274432262	0.101202259443342
0.160136994586442	0.0483380929433701
-1.80103877399874	0.401412128456168
-0.347881275810247	0.101704932899344
0.144624243113007	0.0277697138706121
-0.0883484178812006	0.0351897869904275
-0.215102781729368	0.0703679315225032
0.448976574041172	0.182264952288431
-0.764113361263225	0.3360227357955
-0.524602909006563	0.200773062617646
-0.636990001200621	0.156817984288667
-0.217149785560933	0.0709085508975022
-0.494260684837984	0.259185288220802
1.06374938331479	0.519288045914452
0.150039122185617	0.0648502450161375
0.784147797247394	0.465640938120537
0.162765853660276	0.0412041418868207
1.81933356547965	0.723773070508788
-1.14781664720768	0.353699707342604
1.04509800845742	0.401257594746164
1.79051521852211	1.01324668119366
-1.02556922335767	0.412012891941837
-0.344016799713709	0.100132071145847
0.140400083006098	0.0271488262218611
0.939853714804409	0.251002284675557
1.9546069313489	0.460412245381477
0.664222224803941	0.213409026485109
0.944102727079701	0.251755733219961
-0.514635039335923	0.197073437131208
2.7486062124648	0.786021619850662
1.82780411798811	0.725998201102508
0.938786187734731	0.250272333462114
-1.14741359740666	0.352883231159087
-3.08605931477026	0.975090216684496
1.95733767915288	0.46077898524688
0.669903363513283	0.215634804708644
0.144624243113007	0.0277697138706121
0.940366139413571	0.250549017337595
1.95373899190972	0.460332693481441
-1.02171241051411	0.409806924167185
-0.213663560088835	0.0697787673490411
-0.216082437585751	0.0706900588053257
1.81933356547965	0.723773070508788
0.159421595053514	0.0405224643025682
-0.655195660299514	0.387169841341161
1.82210083961786	0.723859670275787
0.701603834422439	0.331337092316178
0.152641938101793	0.0589243022830194
-0.76445898984795	0.335968098647039
1.04332248971287	0.402005344928024
-1.16977937141431	0.657069110109831
-0.764131054067611	0.335138115484785
-1.14336638515137	0.351799503810815
0.476462434196884	0.323033818955762
0.538657557410927	0.309519913014966
-0.302842261422488	0.139016928518585
1.33619399827848	0.595395987953639
-0.727179123195026	0.25354055255114
2.11577314290531	0.963107092671546
0.938232517255131	0.250080666640462
-0.523000435132252	0.199697149825792
-0.519944065018575	0.199217167564696
-0.734223543590627	0.254842031356864
0.533642805684197	0.194234863625944
0.162765853660276	0.0412041418868207
0.940366139413571	0.250549017337595
-2.58142672375403	0.684312616488773
2.75356411778207	0.788200953807627
-0.642287903988749	0.158179920711655
0.158364705061637	0.0543781718203855
0.15333233148057	0.0390971321912012
0.159877043029677	0.0481664355066161
-0.517195310680798	0.1976432330412
0.537406575730244	0.196009920523317
1.95373899190972	0.460332693481441
0.938786187734731	0.250272333462114
-1.80103877399874	0.401412128456168
2.75057603691244	0.786424841779512
3.25711819118569	1.12516204396806
-0.733202595238818	0.254930551822461
-0.139156719720498	0.0503235750897403
0.620847750229411	0.324411849746988
-0.0651654928390194	0.0283611716221835
0.694207312472594	0.327930132781043
0.607269931541504	0.316629108625436
-0.515181706001003	0.196864636828337
-0.221493832533703	0.0722470430982882
-1.8340140407471	1.15656927390934
0.385995813298406	0.17388397060915
-0.980958630148249	0.487177739224328
-0.05950326713287	0.0259677766205363
-0.727665050071283	0.2526903198642
-1.09921753302292	1.05717668030717
0.393808912204817	0.178187866130017
0.160136994586442	0.0483380929433701
-0.353252610180752	0.103014720617828
0.938786187734731	0.250272333462114
3.25604250889092	1.1220922045732
1.81965712946419	0.72393570375632
0.160518930457975	0.0406859460362184
0.159825702589389	0.0405961444844569
1.9546069313489	0.460412245381477
0.144983099103736	0.027824125638065
-3.08605931477026	0.975090216684496
2.75257155834301	0.787872112571947
-0.636959492719679	0.156887069567616
-3.08605931477026	0.975090216684496
0.837947949057733	0.356498339361454
-0.139156719720498	0.0503235750897403
0.535711132992892	0.195347083049004
3.25711819118569	1.12516204396806
0.666049960969073	0.214022945375077
0.946736216714011	0.251684249918529
-1.8009224274669	0.401413641514774
0.159421595053514	0.0405224643025682
0.145592290548819	0.0279027526196651
0.826295617816291	0.352510762099459
0.67023417962338	0.214944722788871
0.162070178892022	0.0411144637566376
0.665301548139678	0.214168982585133
0.533173376017961	0.194273902958868
1.44707333879815	0.486882965382531
-4.00223866028777	1.76453387339064
-1.66729144703089	0.946446481200051
-0.100790158167278	0.0590617803985306
0.710915364121719	0.463401410680843
-0.185901242432588	0.123817303034556
-0.896744292518206	0.740491461892406
-0.28074529355502	0.175962748386155
2.11501415724733	0.962307404604812
0.305197381940293	0.209048720005808
1.57955625735979	0.800243929979803
-1.55912894514122	1.49575014734363
-1.65150238811069	1.6952378980902
-0.350467753376899	0.309807848714206
-0.731734250367575	0.753300019161196
1.76978992346663	1.7904953268393
0.0932181860379322	0.0678575933457215
0.152614374846176	0.0587691870825461
1.9546069313489	0.460412245381477
0.163169995607563	0.0413572276497282
0.156040866513106	0.060267234897955
-0.0124926758413944	0.00608276226405223
0.162473111348855	0.041123724112904
0.144983099103736	0.027824125638065
0.942469249206212	0.251285156498659
-1.8009224274669	0.401413641514774
-3.08605931477026	0.975090216684496
1.9546069313489	0.460412245381477
1.78996072073065	1.01259619096451
-1.02655133741802	0.413516459136083
-0.135991695372411	0.0489588474667118
0.66746146314869	0.214381150055683
0.667130392787493	0.214334835345571
-1.47392724553606	1.02125353041721
1.82317998866194	0.72570154697374
-0.23790472039165	0.154677095660462
0.359358483557216	0.180292466634022
-0.0805273138670128	0.0490852307680035
-2.08024714093148	0.957333698754899
-2.4641053453724	1.38735193008579
-1.66937067132854	0.950734634291517
-0.489001121326161	0.256241998376587
-0.604906789670228	0.290505394199811
0.0753954135063473	0.0507440473425136
-0.0347200428040649	0.0163123379583385
-0.238123536931539	0.118661866366604
0.39702738532051	0.179841890747651
-1.25857797700622	1.17107584694593
0.45081542313859	0.183214483609203
0.450532391701879	0.183205964517695
1.82501577065802	0.726750208134044
-1.52261793291458	0.552416088281882
1.95373899190972	0.460332693481441
-0.485014921601791	0.253345398933276
0.365037876208391	0.183698589996
0.144983099103736	0.027824125638065
-0.637509639132058	0.157280902410938
-0.721906540285296	0.25157399652224
0.140400083006098	0.0271488262218611
0.153043243304895	0.0525994638842455
0.16089014359948	0.0485574624883246
-0.279053129988059	0.175183867509367
0.443919577244317	0.317721119750744
-0.336309200409015	0.2379743914546
1.7718022903291	1.37393445152706
-3.75752848880672	1.51704168071265
0.789991298634606	0.470368423940636
0.788318821429897	0.470969551917387
0.70803213253195	0.462174726993193
0.292044929298869	0.208794943640814
0.395813086603222	0.178903236455684
-0.797890173170545	0.612307147669517
-0.492061999939856	0.256739752835332
-1.73547024156034	1.44945329019923
0.157832724937022	0.0608330937906591
0.0228318722153527	0.0123389118605315
-0.215102781729368	0.0703679315225032
-0.646538594837146	0.158794690467649
0.158729294236089	0.04043260950787
3.26141769425846	1.12732988282303
0.939321446025007	0.250350778540833
1.03882026472922	0.400114292850008
0.144624243113007	0.0277697138706121
0.145952781975537	0.027957432098957
-0.216803244618851	0.0708846083253087
0.444630821994217	0.180260892534952
1.81965712946419	0.72393570375632
1.9546069313489	0.460412245381477
-1.80497515009983	0.40204480448646
0.144983099103736	0.027824125638065
0.684756170973623	0.321618444116674
-2.58142672375403	0.684312616488773
-1.8009224274669	0.401413641514774
-0.7684758491305	0.338314891656376
-0.334330161112522	0.266359950297535
0.261049847711052	0.26578920096666
-1.81392839810936	2.47163879336863
0.536917916854606	0.540400734141509
-1.24853439542103	1.15787749791165
0.160136994586442	0.0483380929433701
-0.165898420631105	0.113903870465676
0.154248339360632	0.0594734751614272
-0.639586827810072	0.37363885911481
0.83361279349459	0.867677381596033
-0.355859122339259	0.340550419729574
0.185983567258923	0.152475237761402
0.182830796085713	0.135499120519995
-0.903105498367554	0.747373585346091
-0.708809549244348	0.674243763303838
-2.58178332536446	0.682930522892635
-0.345110153737869	0.100567839937822
0.144983099103736	0.027824125638065
-0.336813100486733	0.201795449498443
0.158223418828807	0.0903924919678178
0.145592290548819	0.0279027526196651
-0.723678625838308	0.25185170240566
-1.80103877399874	0.401412128456168
-1.02126179208727	0.410975081816502
0.150235852985807	0.0791691366726528
-0.678238961564611	0.47234007905936
0.731361070443119	0.6021637998834
-2.47516850954554	1.3941212056116
-0.712133797828819	0.681105502235989
0.163128500539915	0.0996794568547055
-0.690769857313756	0.547960291651439
-0.708874649079144	0.622577343412853
-3.08605931477026	0.975090216684496
0.902376967423749	0.48751279559689
-0.796931483642152	0.522451956738514
-2.58142672375403	0.684312616488773
0.145952781975537	0.027957432098957
-1.8009224274669	0.401413641514774
-1.15750885100293	0.647904639842956
-0.141978824969554	0.0513095739208992
-0.143227535286128	0.0517130131549928
-0.14662958422798	0.0529534159724381
-0.0639077958753657	0.0278252107170682
-1.09650240042941	0.745754612743106
-0.346051722995957	0.100990327474769
-0.214842941901008	0.070116645288276
0.157633323445896	0.0401249768572365
0.160399718081772	0.0482300098666194
-2.58142672375403	0.684312616488773
-3.45989362965761	1.25724083459984
0.152741804792926	0.0388565669192884
-0.520217181433706	0.199453993404994
-2.58107011718166	0.682882000334415
-1.83844520859425	1.16349716717997
-1.0301650740028	0.413168838752643
-0.347881275810247	0.101704932899344
-0.307839552269052	0.141401520537444
0.664969953013349	0.213264891085546
1.04256665160238	0.400711187611403
-0.636438389477554	0.156998062672413
-0.636990001200621	0.156817984288667
-0.242828903863024	0.120947821903501
-0.632707054239441	0.155821219725077
-1.14283325733795	0.352132388893513
0.159421595053514	0.0405224643025682
-0.636438389477554	0.156998062672413
1.95373899190972	0.460332693481441
0.145952781975537	0.027957432098957
-0.138547272938643	0.0499861232215548
0.537151068021291	0.195568545631627
0.161184676470248	0.0553470097303974
-0.724429393801244	0.251996505115541
2.11749992941985	0.964162427156984
0.159825702589389	0.0405961444844569
-2.58107011718166	0.682882000334415
3.63443164105214	1.45169357871567
0.663474154624287	0.212698372638009
0.939298703364537	0.250809511779044
2.74958998501656	0.787920507210083
0.669903363513283	0.215634804708644
-2.06510978050906	0.954740583732293
0.903822010028973	0.488564643104555
0.723173919192511	0.596211087447158
-0.221381474348764	0.0723536757666175
-2.58142672375403	0.684312616488773
0.159421595053514	0.0405224643025682
0.145952781975537	0.027957432098957
0.145952781975537	0.027957432098957
-0.0646509228710535	0.0281373735429023
-0.186468126993121	0.124307190061905
-3.08605931477026	0.975090216684496
0.942469249206212	0.251285156498659
1.9546069313489	0.460412245381477
0.145592290548819	0.0279027526196651
0.936140043418633	0.249341310754104
0.669151397214654	0.214915118766865
-0.216341300405611	0.0706275337190599
-0.799123985631241	0.526517201621746
1.9546069313489	0.460412245381477
1.4452850207351	0.485057538595493
0.158165836302949	0.0401659252594738
1.9546069313489	0.460412245381477
0.935072365625058	0.249598704803732
0.154592632475222	0.0467595304777688
0.342379639299994	0.189530690871427
-0.333140217250619	0.199750177612365
-0.0962955273188297	0.0382766722020201
-0.347881275810247	0.101704932899344
-0.637509639132058	0.157280902410938
0.943029051172106	0.251479485037243
0.145592290548819	0.0279027526196651
-0.761998506257343	0.333985132947321
0.393024275256952	0.177409125579532
-1.48221295782614	0.758349119765208
-3.45852473952099	1.25330010570648
0.449279588973865	0.182210000129949
0.401727651230253	0.182090164619813
1.44637717898614	0.486482829772734
0.14568623297438	0.0562432171381234
-0.216082437585751	0.0706900588053257
1.45261356648711	0.488099477529611
-0.672696317099798	0.468119918179932
1.03705168717883	0.398261057696949
0.146581833070908	0.0566119657562545
-0.354003293293564	0.103084269523368
-1.02485306183988	0.411542674464278
1.03882026472922	0.400114292850008
-2.58142672375403	0.684312616488773
1.07277333902931	0.526857200434305
-0.0961715583055109	0.0383226667889411
0.158324698427983	0.0402149964785429
-2.06610393324234	0.955798962815659
-0.723407361182732	0.252081836804318
0.527363353825197	0.191753502011621
-0.22669892624927	0.0738388034710055
0.833778736566162	0.3560119154192
-0.0945087687933719	0.0376036536917361
0.693035356054243	0.32670390801441
-0.208777743365759	0.0681213967263795
-0.640656975678056	0.157776356363176
-0.769717752575689	0.338699512066309
-1.80103877399874	0.401412128456168
-0.513295933018928	0.19643545895166
1.04434257719901	0.401730000883782
1.79549265283039	1.01659705636817
1.27478473948667	0.706006397450877
0.831621928970045	0.355145445447902
-0.215102781729368	0.0703679315225032
1.0681107560213	0.523863359158871
-1.32028580869866	0.823297898922333
-1.81212667282209	0.748612465537256
-1.02655133741802	0.413516459136083
0.16089014359948	0.0485574624883246
0.155608726416379	0.0470349393301069
-0.0920417047697756	0.0366750242689807
-0.233432030495868	0.116003878749937
-1.28026782015807	0.585048846712041
-0.142603029870794	0.0515255055439621
-1.81665873624948	0.752232883970363
-1.52295784924345	0.552861579278889
0.666049960969073	0.214022945375077
1.9546069313489	0.460412245381477
0.158324698427983	0.0402149964785429
-1.34257956620013	0.840257559551521
-1.27032538013449	0.58045220816518
-2.28770257476192	1.17281549964897
4.18118731860925	2.04406589729136
0.698213155936331	0.330003570818779
-3.08605931477026	0.975090216684496
-0.351420017354976	0.10254393356513
-0.347136350857903	0.101509886664517
0.66882031530722	0.214977617538568
1.44816685557941	0.487186600500996
-2.58107011718166	0.682882000334415
0.150768496086518	0.0517947656461138
1.04159933206917	0.399425668548248
0.496784409437791	0.31146172280011
-0.460096920760877	0.304769422794107
1.39636038718504	1.07032297977619
3.25711819118569	1.12516204396806
-1.8009224274669	0.401413641514774
-0.638059916511872	0.157099877961465
-0.641217763381128	0.157896990579203
-1.14283325733795	0.352132388893513
-0.77092185887187	0.338137351205946
-1.27334315927533	0.580545475751851
0.782594282095568	0.465334187376223
3.63104293019025	1.45185522619522
-1.01845805499361	0.408763534655611
-0.597753976344451	0.286086508557497
-1.27060640130826	0.579256545559091
0.664860493439773	0.213529366716842
-0.347881275810247	0.101704932899344
-1.51332145233629	0.547881190959341
-0.637509639132058	0.157280902410938
0.156941675224984	0.0398954425925589
0.144624243113007	0.0277697138706121
-1.82163090587372	0.754162693237932
-1.52295784924345	0.552861579278889
-0.977366126560698	0.486054814054359
-0.942757733852508	0.572388291012788
0.534869182588835	0.194578913470447
0.610079861901839	0.31897879687733
-0.214123379998796	0.0699227235538962
0.455166237015822	0.185165220753012
0.160332957825737	0.0617853531712644
-3.08660653838605	0.975157312690119
-1.14104219214391	0.350714860686515
-1.13907413243892	0.350415838742694
-1.49799491230964	0.765882049063241
