x	y
1.00476031409407	0.816954851213335
0.531946232023591	0.193886067853674
1.44746976337709	0.486785860941538
0.154426155420695	0.0394015396377603
0.155816413428406	0.0535628127143977
0.802322492860891	0.75716543656907
0.918042361660438	0.791628440345782
0.452237898072543	0.325236580714884
0.162070178892022	0.0411144637566376
-0.520885654160255	0.199641734514241
-0.646570090054946	0.380707717828193
0.542060983738087	0.446898751962161
0.367046184754327	0.332059142878813
0.858690621402391	0.628400876548992
0.911059775261198	0.493802776975104
0.357545568339682	0.331861882223306
-0.24446447030601	0.122105405817565
0.938232517255131	0.250080666640462
1.33243685070475	0.591571944031132
-0.51396531615413	0.196814734006425
0.571263688787556	0.453201498152184
0.654426791655446	0.462540115901558
0.558865054749899	0.551266926649848
0.64129180192865	0.449570738847268
-0.673159466937785	0.46849523509911
-0.302689882259949	0.138963015677871
0.644656662404124	0.453248856205254
-0.216299892902485	0.182600770680095
0.312020567329746	0.200692388810334
-0.0608922002182663	0.0381286184118008
-0.319809732665291	0.146848211309002
0.475208616626819	0.321556157167849
0.654785722917215	0.592177108562398
-1.25283387281982	1.15937842660433
-0.510747793936278	0.195095134430174
-1.48375853349033	0.757911091286895
0.951715249767387	0.641567820815909
0.412940586651779	0.326684757045874
0.912546520267181	0.785375895529329
0.796610773599431	0.625705647363317
1.44569949254475	1.63008431064383
-0.146786142313094	0.0826959879539396
1.76788770586153	1.78737073603844
0.704954873280344	0.457326972773653
0.612903400161451	0.321207167405034
-0.0833201396202496	0.0506547614862347
-0.145153870268507	0.0820143932896031
0.170319470081837	0.115688853839195
0.418870451888418	0.331618127188664
0.615125483614992	0.573121466987953
0.301927925443166	0.20566228398284
1.12859186369789	1.00945660840652
0.467646003925202	0.316397412948415
0.730633055710813	0.604279165391911
-0.51323382382178	0.38739730427648
-1.04192059717561	0.824932636341774
-0.349401376778399	0.101795159147307
0.453348037888944	0.184394681005512
1.09840963067185	0.824808997856052
0.355717089316248	0.178458998646011
0.408230870193486	0.320348407228037
0.158444272503052	0.0905678585092124
0.645751562001463	0.5816344010102
0.303776898314413	0.206977147785819
0.150259005972845	0.0579535958632467
0.551156598406749	0.31817268818617
-0.702890368794801	0.61728019831578
-0.0647469355282453	0.028179859299211
0.500007233668873	0.314529691971746
1.04869810596945	1.10465276290637
0.596871650822432	0.445736064579257
0.180691755189486	0.133488290274843
-0.0813785679125303	0.0494532249438406
-0.603320070058268	0.288823467353493
0.651694000429756	0.459528022471543
0.118413120805386	0.0953784610563477
-0.0756237633913932	0.0459596130512409
-1.83734111700493	1.16265447163054
0.149975860929304	0.0579241892206102
0.408899752697755	0.322427247952818
0.647469214482278	0.58327630658713
2.03007559088236	1.89569738753387
1.46344638411409	0.917817301373533
-0.0565020933114627	0.0354308088914219
-0.357118762085522	0.287712927797956
-0.45721188815254	0.302184928407475
0.741268548549885	0.720322191486456
1.31295530482366	1.67048321687407
0.315951145675555	0.189598546798861
0.70353851992689	0.456436335522752
0.666381294485655	0.214481042382208
0.159421595053514	0.0405224643025682
0.158101352361165	0.047666865168031
-0.218710230536797	0.0713607252338727
-0.0696591294622154	0.0302348461882469
0.651694000429756	0.459528022471543
0.343733770782155	0.190424023116814
-0.399486901017738	0.31383293181373
0.324444217475315	0.195493519674664
0.152139658523775	0.0801933718642538
0.154761385660059	0.0742014440197016
0.305595137411302	0.196531763027924
0.340049304506864	0.188378984592807
0.71221523977813	0.465343888809851
1.11718231553382	0.996911885290547
0.786404081925722	0.467933328772177
0.60579284998384	0.454199972820877
0.786711377266877	0.734077559666291
0.40117090037606	0.181917773205401
-0.788687921979386	0.429586898562649
0.639380641492024	0.447288651078949
0.741817452568639	0.615387337065756
1.23445160745654	1.19334651090442
0.0762251431487632	0.0492419457291138
0.176101833722137	0.114443651208739
-0.507321937671571	0.381615041978723
-0.869346214808997	0.863202322922644
-0.0835570557911155	0.0509063009184233
0.733248944575391	0.608337563645784
-0.582352075788708	0.421770645973667
-0.250711122014041	0.1251963546472
1.53266074448719	1.30208670075617
0.351320423776731	0.175685180866175
0.317840333399166	0.190734441729912
0.906048433736919	0.489659121539577
0.552999273069721	0.318624926908028
0.145952781975537	0.027957432098957
1.45041930837423	0.487336762252141
0.939298703364537	0.250809511779044
-0.920198052966745	0.667397048666051
-0.27605777576824	0.172385874814271
0.471930411430726	0.432609651844026
0.311286401030111	0.213232323771765
0.187876068556934	0.139674040603821
0.951460600870304	0.928916189610436
0.181429447551178	0.129408289788746
0.166865101187523	0.10191191973509
0.334576932056662	0.184091785722426
-0.226173602985957	0.146482995235696
-0.5966847924022	0.481026932044741
2.1258717094646	1.48408732174424
0.501807425750766	0.315529737911908
0.617144980993652	0.323150539295151
0.44030680543195	0.178006364112326
0.904577962640293	0.489576831726167
0.157532682357607	0.0756600855546194
0.154470666375079	0.0529990853054005
0.189668629943071	0.129903365697116
0.471868080533648	0.319133320476248
0.537736195022562	0.308723268885349
0.611448797592687	0.45982631818313
1.39412978379109	1.06971847818144
0.339995806179773	0.188102734012081
2.35757068329137	1.20029488810686
-0.188549995355648	0.100881696685799
1.4707044599086	1.45780462084959
0.298105537437663	0.202868977749167
1.66088879320671	1.55131514006516
0.698213155936331	0.330003570818779
0.786621325586699	0.615751131354525
1.28201492367634	0.714590315750798
0.56062876731909	0.322083547648927
0.455166237015822	0.185165220753012
0.548919534522516	0.316858668778707
-0.347136350857903	0.101509886664517
0.674197973069904	0.21591282907208
-0.391579871043955	0.163798466897451
0.176593974085166	0.108368672098881
0.0503295638321104	0.0309075305003918
1.25012580936143	0.86046788701663
0.310282945677088	0.200038844790467
0.651048364886912	0.459432499857601
0.471321277741734	0.319329857003484
0.162245148620836	0.0925610175892994
-0.0320341618170815	0.0150958113728209
0.0709198302556731	0.0435101325813166
-0.396168552376646	0.273008203303646
-1.22137360756663	0.913199532669962
0.148254985144565	0.0641765306323083
0.834046866121846	0.355328471183974
0.707993536722109	0.460764652451835
0.14806360850737	0.0571942588723571
0.350236701273824	0.193717819366046
0.507675910129344	0.319763759982837
0.717832124193294	0.469260021694428
0.447068025243979	0.181470820686563
1.46344638411409	0.917817301373533
-0.293234120361133	0.183870627970787
0.569255013797101	0.448714218250919
0.79608358644255	0.475563164536303
0.53668704389391	0.195702410097146
1.27138541311383	0.704022453063323
0.356646686569417	0.178892467384929
1.03104992497231	0.393375755317348
-0.147873446228401	0.0533861392609676
2.27824946628776	1.76206489639104
0.944102727079701	0.251755733219961
0.396140212323834	0.179517366103042
0.791397134550781	0.472833305106927
0.160470948406755	0.0690771865019087
0.0397337705232045	0.0229531320388699
-0.98995280734061	0.975654287322164
-0.218505586107644	0.0711773233047317
0.336195503413774	0.185300760664282
0.714993938148876	0.46767687983694
-1.67126474474304	0.949987606559403
0.312841616740548	0.201443990752429
-0.670355851453566	0.464462796501716
0.469088453564453	0.317684153454521
0.531946232023591	0.193886067853674
1.82073340465931	0.723968171977521
1.08055703137789	0.528795329883184
0.497730800777822	0.312148795064871
1.07430154507785	0.527839664382674
0.995761380429567	0.806188946078173
2.56588585789638	1.4480654675261
1.04230743707962	0.401611574259419
-0.140400691548236	0.0506446919756688
1.28422426019143	0.713389991514359
0.150039122185617	0.0648502450161375
1.04058787371703	0.399831169158897
0.50146903025293	0.315027726153633
0.0226091445302271	0.0121875406699877
1.402819931298	1.07662304030057
0.959220287887287	0.645084855152292
2.56845154914939	1.45234672043287
-0.113285538944455	0.0667595724631288
1.33813720779684	0.59634854680219
0.795733728536782	0.625099814162255
-0.315586650371659	0.145139832350916
1.280241948865	0.713339736803871
0.160332957825737	0.0617853531712644
-0.0902563220048039	0.0359833350486778
1.07367770331022	0.527375896233494
1.24544946501307	0.856329080882642
0.40117090037606	0.181917773205401
-1.66845727031164	0.94722484889406
-0.189469988127868	0.101284657321966
0.154928167439297	0.0532400543451358
2.1304653091389	1.48896251544155
0.899479936657715	0.48623238701777
0.169508605704883	0.115119570017863
0.689368001496224	0.596479358420363
-0.100974879439173	0.040127995064392
-0.0296205546640525	0.0139943053975959
-0.587033646217537	0.427949604960857
-0.199590167399284	0.106789224514725
-0.46376007823572	0.307111620542521
0.150991462015939	0.0724140145233077
-0.217783773381529	0.0710710016312923
-0.246511518969723	0.123158049671514
0.795517767252091	0.475178638471407
0.145430623099491	0.0628598878751034
0.387440248179269	0.174633174299003
0.666381294485655	0.214481042382208
0.155766053283037	0.0599942965967567
0.361741916224734	0.181771389168549
0.608117522807983	0.318502976762962
0.171268728670669	0.10495743030997
0.425026576298223	0.320554190414421
-0.000412694233526391	0.000285619544970701
0.346999970253706	0.192187780838919
-0.762917044259969	0.335226279565195
1.07367770331022	0.527375896233494
-0.141065904193988	0.0509641882307141
0.694207312472594	0.327930132781043
-0.0953113087933957	0.0378103868206526
0.146711440431129	0.0634410284055987
1.77388237579576	1.37399448449154
-0.491958222567051	0.257501479370647
0.660442187395021	0.467040868309159
0.33362118745068	0.184231836296138
1.77465963106992	1.80057910592459
0.280565593467807	0.209148053547341
0.314680689826888	0.188364956881241
0.913430174075492	0.788457713224076
0.604221873632434	0.315324948905561
-1.08787415936394	0.735178994880073
0.318057903901446	0.190172886125184
0.326536690099032	0.196336433232681
0.338632155411808	0.187574290296525
-0.602365807682686	0.289195223891661
1.06933690227919	0.52417571767679
0.60351104123858	0.451792098744893
0.360428634307227	0.181091484643962
0.151438453850196	0.0520921659930463
0.398708969549274	0.180278347553308
0.147073700611219	0.070594298539303
0.860829805654875	0.631707293184828
0.99383507616221	0.804734719905851
0.148854010879438	0.0713577049732237
-1.02583455098012	0.413043803481388
0.152038681284049	0.0587362093462159
0.714017231658913	0.466193221472548
-0.403464535985022	0.226934459459365
-0.541270698401534	0.340215434769584
-1.61121273905736	1.22963742746941
0.144624243113007	0.0277697138706121
0.944102727079701	0.251755733219961
-0.139562293662858	0.0786243107124513
1.13685186188827	1.15538135273161
0.27985335867969	0.21799139517043
2.2631291501467	1.73761808121457
2.24724063337093	2.46949845936107
-0.576244653195956	0.417783332437828
-0.977044422492539	0.486743487685973
-0.238940704735798	0.155322272563301
1.76734240204442	1.37239423266163
1.03957617416576	0.399643236692894
-0.064232492036837	0.0279678825605393
0.321059528714117	0.192860786571608
0.314441785799633	0.202512344014114
0.151108463610909	0.0652627059664072
0.834714189009558	0.356451830627343
0.155143712679243	0.0533136788534507
-0.141065904193988	0.0509641882307141
0.950620850316564	0.927907294862733
-0.210870083038772	0.0690051452148311
-1.92464893921823	1.85217013669961
0.158364705061637	0.0543781718203855
-0.603264313473487	0.289576273580065
0.492826507022426	0.307822927419867
-0.19700245817291	0.105407194844127
0.905723118232228	0.490708837002594
0.466913711726233	0.315128230223123
0.339970424438657	0.188134428583359
1.08973597703638	0.668795215618581
1.0796257490016	0.66079373364592
-0.247008092245042	0.123323303857288
-0.0596419343152403	0.0259820600861762
-0.0599242590144997	0.0261696274501783
0.453971605986436	0.184766637057688
0.144983099103736	0.027824125638065
0.363883174601484	0.183177733565162
0.532198432599625	0.194009998264973
0.448690692037347	0.182381129521223
-1.47205941616472	1.01749866406903
-3.46478958027201	1.25928131143948
-2.46870609851613	1.39328601696668
-0.0626010376787436	0.0271480894740143
-0.543491854070099	0.342423533903037
-0.137001806541775	0.0495446265793543
0.944102727079701	0.251755733219961
1.45081573296225	0.488099054152683
0.663170057154977	0.212547632817066
0.943029051172106	0.251479485037243
0.299234190373465	0.214875710537425
0.336289761871037	0.185904095891979
-0.00598835492649211	0.00297828977140482
0.694207312472594	0.327930132781043
-0.310782465678897	0.142953236742016
0.355201079453652	0.178050283306523
0.145592290548819	0.0279027526196651
0.69817057583264	0.329029507203537
0.317596539120319	0.190287353101121
-1.09167189420503	0.739129017850734
1.0993912039208	0.82838565624939
-2.47455241465346	1.39493117816766
-0.44896810875307	0.294463378824451
0.343710993770616	0.190246941129986
0.611195300759672	0.319229502364464
0.359498663012542	0.180721747356548
0.153762707087432	0.0738860778183168
0.501776461013133	0.314489565601472
0.156626480514056	0.0604963463651501
-0.796447054073534	0.522536389065945
-0.181944352345303	0.096742478892138
-0.95213714086018	0.579169472596097
2.36680631808946	1.20453008104327
1.58115886420666	0.799410521045854
1.09021020061661	0.669879308111759
0.830017418371817	0.35496212946458
1.07835823830561	0.528165310374035
1.78680148116403	1.01498680424437
1.07024136781334	0.524551025659175
0.452349272693765	0.183852168557725
1.4599720558415	0.914153268307337
0.399267104562513	0.180451719627039
0.157022623028463	0.0539216680988902
0.827726572998535	0.353380486630744
-0.489617073533807	0.255945220798258
-2.23754368606125	1.85664593768825
-0.603264313473487	0.289576273580065
0.40117090037606	0.181917773205401
-0.0902563220048039	0.0359833350486778
1.33741569727502	0.594436428684969
-0.000837859404348625	0.000489149476626068
0.316779145929893	0.204097416449069
0.305913028454555	0.196171212637364
-0.396706850288183	0.166365080981218
0.609187571391593	0.318991725796134
0.606198013866531	0.316810449538264
-1.83290735276733	1.1561472364467
-0.211132267777269	0.0688879741647544
-0.64613280843242	0.380156496771077
-0.0931619833305632	0.037041987986927
-0.48595079362501	0.254032512276028
-1.3495116599141	1.10688765738951
-0.515579268988547	0.197497779631055
0.943541575109422	0.251560831713342
0.444066287855194	0.179905278342801
-0.217783773381529	0.0710710016312923
0.151592647999962	0.0654647810512561
1.28539641259866	0.716199219760205
0.448714670352937	0.181987479789199
3.25927332254934	1.12307323546949
-0.212568324340494	0.0694726774908008
-0.228321277706621	0.112890898252358
-0.484928030311263	0.253453685044182
0.178575211275251	0.121857832717521
-0.232990901175761	0.151427631210091
0.16137422717943	0.0408817023262115
1.04337989670935	0.399617628616033
2.11501415724733	0.962307404604812
0.343311543471788	0.190193197307559
-1.82163090587372	0.754162693237932
0.15295285125264	0.0807474487066599
0.356130995772288	0.178483626943276
-0.308043389628243	0.141318146805589
0.400613915068442	0.181626516118323
0.155377646606879	0.0672055412534232
0.390132462492252	0.176172988205755
-0.249281148510037	0.124431675821001
0.156083307671789	0.0536388626462904
-0.494000828906014	0.258667654195892
-0.347136350857903	0.101509886664517
1.24571722906558	0.859479465882087
-1.23072891724782	0.923213447472463
0.794752513131275	0.474995946741382
-1.14173074601379	0.351630194981725
-0.89029394533747	0.819105598899639
-0.973042635537788	0.48365648985277
1.43825414000201	1.61650855414279
0.324596507626366	0.195197714017665
-1.48932100954578	0.763311198004635
-0.100417777052136	0.0399342243603807
-0.0958336002955322	0.0381547956098317
-0.546744257029656	0.34529312688128
0.475940404624659	0.322524397230567
0.785326223539037	0.615838073414056
0.605141343651425	0.316725815416835
-0.761672956855191	0.334299583160001
-0.950219400852615	0.579748826288671
-0.489001121326161	0.256241998376587
-1.22798959221694	0.921079433700798
0.149694283219437	0.0648058155505095
0.338122911870817	0.18647849065376
0.694215873988063	0.327424576825269
0.159877043029677	0.0481664355066161
2.75257155834301	0.787872112571947
-0.346797330227773	0.101185095553384
2.11476331684021	0.962649218894054
1.44651862707379	0.485997879309324
0.155232806085471	0.0670479518298319
0.159873979297135	0.0482815097019209
-0.148495825747489	0.0535257367570344
0.943541575109422	0.251560831713342
0.145952781975537	0.027957432098957
0.144983099103736	0.027824125638065
-0.722656757230261	0.251937110505122
-0.34327511670262	0.100238459904739
1.45598541563742	0.488399771900037
1.03679582276878	0.398327830113064
-0.214123379998796	0.0699227235538962
1.58048723866495	0.800795987972636
-0.132485107190525	0.106159587860176
-0.598098212626683	0.286929632787139
0.145952781975537	0.027957432098957
0.161153094780194	0.048530513531666
0.391350090845568	0.176852229199589
-0.347136350857903	0.101509886664517
-0.219686057817939	0.071808363943125
0.158906113967602	0.0837206619435332
0.155684363036366	0.0748273790124129
-0.32337458060824	0.192222620800545
-0.390321724662158	0.163499340325285
-1.02269870771255	0.411303674855888
1.13434550305469	1.2725136128603
0.0870100800093538	0.0611264036629207
0.0289780072983961	0.0215624340014377
-0.103663122665648	0.0736307060225169
0.18277083534223	0.124981972746789
-0.773155383601617	0.338477575306712
-2.07136620778168	0.959054677783964
0.14473520550234	0.0625580557471067
-0.191897495319497	0.102759656595071
0.604930048958844	0.31571977026116
1.45261356648711	0.488099477529611
0.399267104562513	0.180451719627039
0.593829776697064	0.572661502558165
-0.283975392541931	0.204951866516722
0.150918352372124	0.0651137519913037
0.72701494396333	0.597958757184463
0.15635159742891	0.060321656388433
0.153338447359588	0.0736292956596413
-0.0316522787248734	0.0148854347919461
1.23460770390281	1.0276555038732
-0.875766466231598	0.94412547658982
0.504845618306423	0.316506246110474
-0.716014390520258	0.734901357341899
0.193136413085246	0.153913279491636
-0.14662958422798	0.0529534159724381
-0.770635516569406	0.33844765609771
0.158853896417002	0.0611815296711805
-1.03185923747868	0.414980836560012
0.698496407756354	0.330246463159199
0.363595795083068	0.182977595037202
-0.0556255217524977	0.0243096470652293
1.2403609858877	1.62526462175418
0.17282601495339	0.127421206458799
1.23216482693962	1.4789754615321
0.273601398544307	0.228287322911158
0.425727757901222	0.321319792437959
0.155524926192248	0.0888719316131847
0.447802779771442	0.32125353301422
0.787910529580683	0.470488776135385
0.152824685555751	0.0461257210544005
-0.796301811926849	0.524778053607884
0.829070991816736	0.353380562921516
-0.724158352522838	0.251876501595264
1.4560875923477	0.909925572163492
-0.656129616832361	0.387563927135416
0.912953961057673	0.49394014680712
-0.394935911720347	0.165820121050295
-3.08605931477026	0.975090216684496
0.164958177884503	0.0563955443072127
0.144983099103736	0.027824125638065
-0.138535181662081	0.0501089737478327
-0.212568324340494	0.0694726774908008
0.157633323445896	0.0401249768572365
0.689934528881309	0.325192341766654
1.77250544549712	1.37905967462986
0.14956683782207	0.0716863927360466
-2.47362270984403	1.39355394142428
0.153579839740872	0.0463985633570496
-0.487468634640202	0.255029213537371
0.533642805684197	0.194234863625944
0.163169995607563	0.0413572276497282
-0.348964786734811	0.101837107016821
1.96883702232809	1.23995168494689
0.149758705024531	0.0788730249839909
1.07430154507785	0.527839664382674
0.454880077555229	0.185222631284087
1.44746976337709	0.486785860941538
-0.636438389477554	0.156998062672413
0.330272326504397	0.182184431686587
-2.1254505833385	2.35281795949073
0.364591877364443	0.182868313920201
0.395813086603222	0.178903236455684
-1.2177172945965	0.904124533859617
-0.398728156297048	0.223949606251352
2.13165427926266	1.4950041604036
1.06996418155248	0.524640045916601
1.23539906955058	1.02847965543691
0.15118633277034	0.0796959572663478
-0.722385544152519	0.251104758974595
0.456696361266914	0.185624611385864
-1.10088982816659	0.749497593613753
-1.16179273669016	0.650992030959653
1.62236259913756	1.13681320788462
-0.215620639406981	0.0702861911484008
-0.877646972511545	0.879204859357232
-0.314673535530404	0.144680863288731
0.155425283946689	0.0599099773451496
-0.14075182704837	0.0792138033308363
1.04204927283613	0.400028703678037
0.472328172300307	0.319596943033544
0.307994943163241	0.210724868267652
-0.528897812245307	0.437903296175864
-0.31044780109088	0.142793930717819
-0.394893803132068	0.272367788885487
-0.234919462146274	0.11682381159622
-1.1614090613725	0.652090173543142
0.541503582750637	0.311262556026779
0.950306476280777	0.637934514916655
-0.215822966582871	0.0705622923402569
0.957812272237682	0.941415827422157
1.39544823812737	1.06935029701435
-0.958004208514173	0.585640695166839
0.711726144671498	0.465038039343914
0.532351039478086	0.193344402045604
1.89646424133327	1.6207590037547
-0.0262525313532683	0.012407711481575
0.445538214457522	0.180638633994205
0.156040866513106	0.060267234897955
0.729785823147207	0.603942897190662
-0.480443016007029	0.407709950353545
-0.474356801572478	0.401653604585228
0.606734079336554	0.31694107594329
-0.309869972952943	0.142441480449791
1.24715536112198	0.860746857169741
1.6293768503924	1.1415047489363
0.152333554816668	0.0588163373718562
0.825857711677719	0.352770911116929
-1.52370471834718	0.553131982412369
0.151765317569645	0.0585993311740302
0.536431293429806	0.195654703291124
0.145592290548819	0.0279027526196651
-1.14241956815201	0.351807769829277
-0.0952794052337123	0.0379617226555812
0.82679228746987	0.353192581099221
-0.00518444138232543	0.00258444766657366
2.74367471404581	1.70156760442144
-0.346797330227773	0.101185095553384
0.702188639204418	0.331853922277242
-0.21438297968887	0.070119295219489
1.06377846418786	0.520548536472797
0.162070178892022	0.0411144637566376
-0.141354920327139	0.0510651509736396
0.82398769917696	0.350982761434437
-0.346797330227773	0.101185095553384
0.695998303933016	0.328368689331616
0.142594640544961	0.0682786535279544
1.57049308556314	0.791343775156705
1.6260517258645	1.14009450755124
0.71221523977813	0.465343888809851
-0.308141202659763	0.141464276995805
-1.27032538013449	0.58045220816518
-0.442739409012841	0.341609536343618
-0.14523158979148	0.0820370654052702
-0.613278701616484	0.29483281716489
-0.930294227450379	0.678684306621727
0.157666147420961	0.0680667345993953
-0.475662041636106	0.316282557620148
-0.402008075708942	0.226046410882982
-0.651287430270686	0.383478748630904
0.162628144566123	0.0931998352571592
1.79023749548136	1.01592000418325
0.687866948255113	0.323387012793277
0.418056574871294	0.330688814495002
-0.49519783192992	0.259576133277492
0.610621599177551	0.459419209348293
-0.949112622756573	0.580940901573
1.02949041338379	0.968941105499822
-0.00404279511253172	0.00203554992318179
-0.203986278282014	0.109098635265311
-0.504087574599177	0.377910042094547
0.647062481575934	0.455225992473258
-0.458659097415728	0.303622052466495
0.566007175213313	0.447712290093108
-0.150381864675191	0.102430518483835
-0.613581131184674	0.50154885253289
0.697017789428803	0.329355646837997
-0.00565196818258025	0.00279489755809134
-0.00600928578896702	0.00298005551238385
0.143989147435421	0.0622231728257938
-0.0880876885487716	0.0537072283719338
-0.34161113118463	0.204954645247585
-1.25971540312025	1.17453822236486
-0.276794970309155	0.173517391556035
0.455166237015822	0.185165220753012
-0.51833577991471	0.198217107395505
0.155608726416379	0.0470349393301069
0.134612870810888	0.120670952363831
0.163624541637998	0.04930959903967
0.159122325410511	0.0480117921042768
0.538381587059364	0.19606450637348
0.148508541635756	0.0283091884660306
1.44707333879815	0.486882965382531
-1.8009224274669	0.401413641514774
-0.351420017354976	0.10254393356513
-1.14602109676128	0.352462565358244
-1.8009224274669	0.401413641514774
-0.348220543213602	0.101642486260234
0.155520410174332	0.0395661334713537
0.144983099103736	0.027824125638065
0.145952781975537	0.027957432098957
1.44598024938091	0.485455548198704
2.74958998501656	0.787920507210083
0.666711334578513	0.213667593723057
0.334249027033538	0.332179019810812
0.65206655845225	0.841703602572564
0.161531199442553	0.0408029385052018
0.145952781975537	0.027957432098957
-0.636959492719679	0.156887069567616
1.04332248971287	0.402005344928024
-0.633819675881249	0.156036191470775
1.9546069313489	0.460412245381477
1.57516223650067	0.795274204146237
-0.0482647797948071	0.0211378971666463
0.168919296389719	0.0506509342831518
-0.21438297968887	0.070119295219489
0.697605725358338	0.32955924642601
0.605675013525442	0.317217991230918
-0.782597569184042	0.666669687270836
-0.186186133718779	0.171137419740292
-0.471261554389023	0.313662180404671
-0.240617546692706	0.120055409838279
0.943541575109422	0.251560831713342
0.66746146314869	0.214381150055683
-0.766939974307037	0.337285851834953
1.53332232902659	1.83411699218005
0.314179622685365	0.18800336737816
0.153837644582369	0.0464855600138019
-1.14173074601379	0.351630194981725
-0.409783664204179	0.231315040134111
0.889747615508956	0.90361836868218
0.3268139822864	0.196616719406281
-0.247008092245042	0.123323303857288
-1.13907413243892	0.350415838742694
-0.243195164445482	0.121240257789954
-0.141354920327139	0.0510651509736396
-0.190569086833672	0.101680909534263
0.509609966545041	0.321038131771594
0.460279648500442	0.309278619710906
1.03806395636365	0.39882502542582
-0.550966601721378	0.579168438885182
0.106049691798285	0.0779345833574783
-0.511805594681335	0.195759647669945
-0.0686306657681296	0.0297823902942405
0.698496407756354	0.330246463159199
1.95373899190972	0.460332693481441
-0.520885654160255	0.199641734514241
1.072148450527	0.525212148369327
1.44015661570622	1.6169195594309
0.654007305521785	0.784995275839447
-0.00325094347420774	0.00165428059615077
0.468416174890063	0.44466021345044
0.689044564874805	0.324641738430295
-0.214123379998796	0.0699227235538962
-1.14241956815201	0.351807769829277
0.538125722278874	0.195922946060527
0.152633350829298	0.0389395951664406
1.44816685557941	0.487186600500996
0.144624243113007	0.0277697138706121
0.145592290548819	0.0279027526196651
-1.8009224274669	0.401413641514774
0.159421595053514	0.0405224643025682
-0.346797330227773	0.101185095553384
0.159421595053514	0.0405224643025682
-0.221638506503658	0.0723137933689917
1.27665387010004	2.20332031502337
-0.376895738013352	0.38172660308686
1.95733767915288	0.46077898524688
-2.58107011718166	0.682882000334415
-2.58587528855637	0.684874790734986
3.92866091273962	1.7529122678796
0.152633350829298	0.0389395951664406
0.669903363513283	0.215634804708644
0.144983099103736	0.027824125638065
0.158036719368933	0.0402017101522864
0.159873979297135	0.0482815097019209
-0.72264604583748	0.251322189623296
-0.399201458449907	0.167353642833043
0.354457997761642	0.177099409476876
-0.39422246310633	0.310973532392153
-0.187310577305859	0.143612791743618
-0.660087543559523	0.390136747260276
0.608646069877359	0.318682433967141
0.449279588973865	0.182210000129949
0.825627560324539	0.352703738337273
-0.150321429438791	0.0540597259304451
-0.969484478398939	0.480892304556445
1.10680787629696	0.835302304144062
-1.2713802300192	0.57758827802239
1.3353473451776	0.592955954477314
-0.389005104085602	0.267183532149064
0.504010300566412	0.316399959872195
0.4928135681093	0.30808760706899
0.146573784264589	0.0703612570068443
-0.346807895138624	0.101074285145883
-0.0334127177479787	0.0156962010244861
0.158626817565613	0.0839055031010163
0.699821572533346	0.329689434451034
-0.79533963738559	0.523215236081284
0.415549521701564	0.328409850953193
-0.764162318095414	0.335470397380646
-0.784978466672852	0.794982761306268
0.0932096730447666	0.0658439438782861
0.66957124715326	0.214831928354538
-1.48315076141217	0.756691810281742
1.08684531027536	0.667793628471386
-2.07494437078048	0.958820628711852
-0.217783773381529	0.0710710016312923
0.451158336600182	0.183419403196117
-0.133263783400731	0.0481210189066483
0.665618647197154	0.213793073260368
0.6645527926843	0.213454144615325
0.158036719368933	0.0402017101522864
1.3344985725497	0.591875215627596
-0.767855340790427	0.337814115120684
-0.732448219267861	0.254947157015597
0.67023417962338	0.214944722788871
-3.45989362965761	1.25724083459984
-0.344023573934902	0.100257861428101
-0.34327511670262	0.100238459904739
2.11501415724733	0.962307404604812
0.159825702589389	0.0405961444844569
0.669903363513283	0.215634804708644
0.162520718038001	0.0556867678446794
-1.48345513317086	0.759410563089855
-0.304099565767529	0.139408563519571
-0.800571137505276	0.527299311816017
0.16089014359948	0.0485574624883246
3.25819512813541	1.12540871646052
2.7486062124648	0.786021619850662
2.11577314290531	0.963107092671546
-0.343614950418389	0.100353977595961
-0.636438389477554	0.156998062672413
0.666381294485655	0.214481042382208
0.439684714369251	0.177933900617252
0.146106063259919	0.0501718731834185
0.448714670352937	0.181987479789199
-0.215102781729368	0.0703679315225032
-1.16512788064317	0.654515958017152
-0.138243118194653	0.0500006706162779
0.141951599475187	0.067950859873048
0.150336929189547	0.0723083022294253
0.145430623099491	0.0628598878751034
-0.242540241337843	0.121219271310486
0.699386914285027	0.330724088267117
-1.66787423201748	0.947017514983832
-0.0668537007137285	0.0290103874975152
-0.686204464600581	0.542027228709484
-0.51396531615413	0.196814734006425
1.06752731610826	0.522572479332128
-0.394935911720347	0.165820121050295
-0.192709396094685	0.103068961029286
-0.191613393480495	0.10249188540499
-0.59797224774828	0.483879456720619
1.52247878831407	1.28703855544989
0.145999925412222	0.0698740867739123
-2.02595794508124	2.09872987245015
-0.984686733291016	0.491302403590035
-0.191412580517877	0.102504400134948
-1.25352323453955	1.16185472049984
-0.0643274793004848	0.0279724788574169
-0.689448886848832	0.598176837690938
-0.794510958517256	0.521056129602981
0.152932126304545	0.0590527335598744
-0.521827522108703	0.199642616175343
0.399167960449983	0.18078587064709
0.149500481196659	0.0788213388797641
0.0110287017504802	0.00610346936340219
2.12380694563288	1.47968980509904
0.444630821994217	0.180260892534952
0.953818382359317	0.642562865837105
-0.0859285815949004	0.0523739525785282
0.153042842083588	0.0661608157273667
-0.136709656681081	0.0493940325850865
1.06878451319165	0.52227277850506
-0.214123379998796	0.0699227235538962
1.45151622307992	0.488502446881907
0.141371543201342	0.027282216107575
-0.641728465892975	0.158059513381177
0.159873979297135	0.0482815097019209
1.03328569894233	0.396661373515875
-2.0706505076459	0.959338347401984
-2.58587528855637	0.684874790734986
0.144983099103736	0.027824125638065
-0.636438389477554	0.156998062672413
0.144983099103736	0.027824125638065
0.158870112724068	0.0403250933632853
0.155520410174332	0.0395661334713537
-0.143516882394247	0.0518303322908422
-0.448165303965341	0.346182181427473
0.0582808000751992	0.0374802647336981
-0.39063527201913	0.163505804743812
-0.513691081166878	0.19626521346256
1.44926079886845	0.486462370267577
2.3710646982617	1.20386218420009
-0.189522281055139	0.101147169550687
-1.49302730793164	0.76287814744911
-0.147251365806554	0.0531877126959508
-0.791680176040864	0.432003371212936
-0.240269835598463	0.119775037169348
-0.651937903666459	0.632640917112642
-0.195090375260592	0.104269805612913
0.693903778452083	0.327224092788357
0.529555973461744	0.192427203738171
0.530971390293767	0.193164551984235
0.400918094457153	0.181497718774076
0.70353851992689	0.456436335522752
0.335847925649094	0.185915619154983
0.45083767344141	0.183111265974364
-0.974382605242887	0.485123505343381
-0.494260684837984	0.259185288220802
-0.919030654595224	0.664628134236811
-1.03783666020206	0.819981918239487
0.29483474724919	0.200413328410108
-1.27562101606895	0.583695327776066
1.46645622216791	0.917828013185114
1.24596930262473	0.857446530403276
-0.659590883747258	0.389976343171419
-0.501315688758394	0.376253534179719
-0.592514913613667	0.432457904572893
-0.400997846694247	0.168192240364448
-0.0715988439060781	0.0434694234307101
0.393911213660936	0.17779467594738
-1.4842681964569	0.754115049739323
0.150502237232393	0.0517694433165819
-1.81637684396232	0.751651715408043
3.92758157346939	1.75250654263634
0.155143712679243	0.0533136788534507
-0.974382605242887	0.485123505343381
0.360626997091166	0.181106662328996
-0.0278908579342332	0.0131891231504887
-1.47782054469187	1.02688778579296
0.606208471506363	0.317433329493624
1.57862497316069	0.79913564273052
-0.520217181433706	0.199453993404994
1.8142953907822	0.720202227075537
0.158729294236089	0.04043260950787
-1.14283325733795	0.352132388893513
1.44761288956207	0.485599146607164
1.95373899190972	0.460332693481441
1.95373899190972	0.460332693481441
1.95373899190972	0.460332693481441
2.7486062124648	0.786021619850662
-0.3878593428986	0.162300202543048
-0.379035669142739	0.357513447573308
0.038395598243329	0.0221703092970173
0.142891846634229	0.0551098686475735
1.82073340465931	0.723968171977521
0.158324698427983	0.0402149964785429
1.44707333879815	0.486882965382531
0.155155684092677	0.059796518327779
-0.459708118793095	0.305092599724991
-0.312697941250286	0.143539780290698
-0.281387979147264	0.203020861781172
0.169407947282551	0.0969341659209913
0.141666566748928	0.0678303518111175
1.08917438472604	0.668329531418554
0.858690621402391	0.628400876548992
0.457413152705226	0.185663592395749
0.611836858577922	0.320260265034914
0.44434807454254	0.180334205480996
0.309295684035551	0.199337497619825
0.646708486102715	0.454843164573476
0.153837644582369	0.0464855600138019
0.150763745232046	0.0725439188581271
-0.727179123195026	0.25354055255114
-0.0952794052337123	0.0379617226555812
-0.688290414896124	0.543411354400534
1.10072156180175	0.82727225986973
-0.138243118194653	0.0500006706162779
-0.186727037455865	0.0998629431439036
-1.27402415029563	1.38660969594923
-0.762294852377534	0.334854539838056
0.160914434221123	0.0552474007488785
0.410294110365851	0.323487047494939
-0.350337336641319	0.1020232097432
0.664860493439773	0.213529366716842
-0.216433071770947	0.0705846860858828
-0.179980949675082	0.0957122772548897
-0.620862973464715	0.553711225836628
-0.189264086292637	0.100673668647028
1.23768013985347	1.03480826600114
0.284807321897277	0.222396442189807
1.23166724433421	1.02264790466113
0.167914135238197	0.102505621452267
1.36452929603366	1.24689027753202
0.157653769252957	0.0833545890936028
1.46733384603144	0.918333033155106
-0.51738992593929	0.197865775918006
2.35781275320046	1.20024532590207
0.535711132992892	0.195347083049004
0.39525302062539	0.179085507024801
0.942469249206212	0.251285156498659
0.158098146078809	0.0542318936331157
1.57446161020599	0.793758295407445
-0.00885303625039846	0.00436114039688956
-1.3486423116504	1.54462377844993
0.162686581446133	0.0993309712801954
-0.142267314491114	0.0513692178786248
0.910273894098239	0.491698116362904
0.159383452529446	0.0480372790434797
1.61702859473049	1.12888469471163
1.33195766626685	0.591426123433272
-0.39063527201913	0.163505804743812
-0.347881275810247	0.101704932899344
1.09978743055097	0.825759511681741
-4.0044745943347	1.7671800240546
-0.241038594089812	0.119783509125293
0.3235104889073	0.19455449048482
-0.515852566204875	0.197244185536905
0.301959306418758	0.193384969727849
-2.0706505076459	0.959338347401984
-1.09452778560254	0.74264539755939
0.390691534684503	0.176391046520388
0.155185700367323	0.0746059322887215
0.84545427590792	0.760884186542664
-0.548661228735389	0.346556392557653
0.145643744716827	0.0629347022840375
-1.00414720953223	0.893750121242526
0.542998452768376	0.311729289655253
-0.792867814585376	0.803907759072344
-0.936482392689056	0.682650211866625
-0.0544875490317085	0.023820043871106
1.12480290877538	1.137134991001
0.153229734449109	0.0591533991199782
-0.646570090054946	0.380707717828193
0.610291597498077	0.319303230350092
0.547683943717638	0.315882791645432
-1.31943595660633	0.822779556033557
-0.153415359924341	0.0550828624989656
-1.16100955869976	1.00642332833915
0.144523893852483	0.0624235385744392
0.145828736172328	0.0630297114480961
-1.35718921357414	1.1138644793492
-0.306519265082839	0.14058934918775
0.362257349370139	0.182025812604321
-1.17087435183807	0.656184276197409
0.148596738057561	0.0641934669348287
1.03755206316161	0.397862674763024
-0.807459865765333	0.61882841629796
0.326106477311814	0.19566128763286
0.151465556029483	0.0583373053111829
0.158101352361165	0.047666865168031
1.5868155054923	0.798259616563519
0.178831908412549	0.132127287327902
0.156608311409248	0.075263077774574
0.400613915068442	0.181626516118323
0.609548194337894	0.319234676893604
0.50665517554554	0.319089339170103
-0.514635039335923	0.197073437131208
0.395813086603222	0.178903236455684
0.793566894332946	0.473320648870274
1.44637717898614	0.486482829772734
0.159437577768447	0.0614447720303482
-0.554479707163216	0.350468291467888
-1.09640161384163	0.742027633522213
1.5837218763297	0.799163983879526
-1.34186717229111	1.09786353969072
0.154558218006742	0.0596434642894441
0.787519810637092	0.468494414890597
-0.394935911720347	0.165820121050295
0.142891846634229	0.0551098686475735
0.163624541637998	0.04930959903967
0.153817267949624	0.0593482181298857
-0.347136350857903	0.101509886664517
0.540501551815156	0.310750490015793
0.323166922242022	0.194411378382622
0.450217606955478	0.183120596522533
1.78426812564989	1.01067685352275
-0.602214795138392	0.289002877796371
-0.0945087687933719	0.0376036536917361
-0.538553218273023	0.338029845767152
0.319018401558128	0.205977995140703
-0.65581947819805	0.387731929995822
-0.35108905718488	0.102362211478167
-0.139156719720498	0.0503235750897403
-0.793392770761737	0.432117019340602
-1.48808247216032	0.763411251497296
-0.237195417347268	0.118166026468097
0.864642798254434	0.633074640533475
-0.796317662590426	0.608234661202495
-0.400633260027479	0.225465413177018
0.786709147271702	0.616792895378175
-0.049196217610263	0.021528588150533
-0.679214950077492	0.471025543041349
-0.231164827073325	0.114596744201993
-0.0291503816412281	0.0137789352039127
-0.670845180349375	0.465022406398181
-0.0614833882924099	0.0267566268041298
0.157633323445896	0.0401249768572365
2.35950791579541	1.20140953767214
-0.180169826087969	0.095771917081905
-0.584806186942509	0.426844123842028
0.298922117937193	0.203658330505166
0.152615989763732	0.0733789378615056
-0.332834627867746	0.199199915255578
0.158184951177236	0.0760210612314475
-0.190218488626982	0.101393449759577
0.150870676306444	0.0582824810304815
-0.515782684048713	0.197574022242274
1.06963382087997	0.523918319674887
0.530971390293767	0.193164551984235
0.790474309979616	0.471937981770944
1.82073340465931	0.723968171977521
1.81644367388164	0.72100435238493
1.4452850207351	0.485057538595493
2.11501415724733	0.962307404604812
0.335273376192336	0.184857443848528
1.82460541316889	0.722565299871907
-0.514238684137278	0.196858589089476
0.14316538055596	0.0685704094877018
-0.304773891394667	0.139755609903264
0.60721151795211	0.317714109475766
1.96986393455245	1.24069765906539
-0.144697592406672	0.0817764021483592
0.170007041510239	0.0974339596330465
0.859187972033839	0.628199746301887
1.36498587143664	1.25111816107617
0.159120665328247	0.048062202194274
-0.646074518930247	0.380250824955143
-0.60276731855383	0.289069890345687
-0.078195428061267	0.0475019471618182
0.164377165872218	0.0495293176899797
0.321083667265175	0.193069158543923
0.40117090037606	0.181917773205401
-0.236840794441076	0.117601953094008
-1.47443648863907	1.02129906831993
-1.67450165667541	0.956050045600831
-0.143227535286128	0.0517130131549928
1.35721128148264	1.2353176281527
0.527613487096402	0.192164364642399
1.06468052402213	0.521190538628543
-0.764162318095414	0.335470397380646
-0.143642303616455	0.0810201180543457
0.393808912204817	0.178187866130017
0.156040866513106	0.060267234897955
-0.142603029870794	0.0515255055439621
1.22581828686939	1.01209761083867
0.145576463562446	0.0499085966488813
0.154882952293707	0.0818284822155709
0.14954376535676	0.0577033345779075
1.3353473451776	0.592955954477314
-0.0869025545059569	0.0346424907904693
-1.00679629887483	0.903585605460925
0.158435638738083	0.0836650477119219
0.160646955485021	0.0977989412424394
0.901245877364322	0.487936224199552
0.1580865085124	0.0831573253969232
1.08441087986244	0.666393409512352
0.320107714544598	0.192420743116764
-0.0776440734252021	0.0473021046664781
-1.72105416838903	1.43425492911903
1.34484327450014	1.40855109454508
0.159600637717156	0.0844178639005674
-0.64613280843242	0.380156496771077
-0.551861097896359	0.347826369333059
-0.489853051112173	0.256706823444951
-0.763212857450417	0.335382860747056
0.0249228031863843	0.0134029446513326
-0.801540034686777	0.527451521403069
0.298582086960419	0.224765203995067
0.167733371580551	0.0886010266976557
0.148925558835862	0.0714666180550515
-1.15352850353735	0.99472315728679
0.793244074071201	0.473981244390954
-1.6702841984141	0.949094005979184
-1.83346058439706	1.15656648769259
1.62236259913756	1.13681320788462
0.168853968086004	0.0575363554445172
-0.786393733909004	0.42793836880696
0.666381294485655	0.214481042382208
1.0385642363423	0.399078648892044
1.08208137657948	0.662062598224679
2.11501415724733	0.962307404604812
1.81965712946419	0.72393570375632
1.82073340465931	0.723968171977521
-0.308371064513332	0.141685009766175
0.458033727152023	0.185874163587837
2.35676088993966	1.19916099770652
-0.0348189033386686	0.0163489051188707
1.09803948205061	0.824688216558073
0.613272399427365	0.321400465291053
0.159132199857942	0.0403652499117015
1.04155165654524	0.400318358872731
-0.727179123195026	0.25354055255114
0.163169995607563	0.0413572276497282
0.149536936283679	0.0647633654938517
0.612903400161451	0.321207167405034
-0.410597701958637	0.231862347042818
0.609019974615804	0.319130134428792
1.44316717989614	0.484689694417716
0.148874773794293	0.0283648154803441
-0.515181706001003	0.196864636828337
-1.14352115801698	0.352309794326609
0.165833024403837	0.0417580936341313
0.661336234174573	0.212381115853655
0.145592290548819	0.0279027526196651
3.63324582360405	1.45248485170375
1.44746976337709	0.486785860941538
-0.765966408607655	0.336110691267425
1.44816685557941	0.487186600500996
0.541904539690718	0.197072052508761
1.39919180318349	1.07598431650296
-0.342526998757891	0.100043172269755
-0.515305102872372	0.197213035707925
0.149667302500565	0.064667457069557
0.539839418541826	0.310445672735804
-0.347136350857903	0.101509886664517
0.83564933744031	0.356374472235344
0.148787769061883	0.0643761087265717
0.302207267179957	0.206782220278809
0.651313778214448	0.459144985247533
0.781151325216999	0.463018987530064
-0.306547851694833	0.141091468517231
0.699691091454261	0.330792525683201
0.711324605208443	0.46538100774564
-0.795544194781176	0.606839942747671
-0.318896111048997	0.14638911189687
0.904450639620258	0.48860053970736
-0.493410078316837	0.258066773745604
-0.791563229191487	0.429009926550369
0.146859842393633	0.0566584689336492
0.149267604902097	0.0715989410175641
0.141946285873763	0.0612728399131884
0.149412182987702	0.0718023587057304
0.538657557410927	0.309519913014966
1.79203761055544	1.01655317364487
-0.583359018615488	0.425427068823399
1.28201492367634	0.714590315750798
-0.188668699043623	0.100573829428608
-2.07109042332669	0.956483948451534
-0.764131054067611	0.335138115484785
0.145952781975537	0.027957432098957
-1.66386771204303	0.944370257581839
0.95797561169709	0.646347129504579
1.06933690227919	0.52417571767679
2.11927682222776	0.965901658271386
0.938232517255131	0.250080666640462
-1.51867963642989	0.551199515777305
1.08117543602518	0.52925371484515
0.791930135081313	0.622255510993678
-0.46330398659992	0.306771669042516
-0.395835518436449	0.166165092035165
0.527613487096402	0.192164364642399
0.791913819582654	0.473267614678129
1.0681107560213	0.523863359158871
0.155411005412084	0.053323688036029
-0.210870083038772	0.0690051452148311
2.36230346170498	1.20460651093624
0.526641831692418	0.191735599167788
1.57981526302213	0.798204506146012
0.154592632475222	0.0467595304777688
0.155816413428406	0.0535628127143977
0.944102727079701	0.251755733219961
1.44816685557941	0.487186600500996
0.666381294485655	0.214481042382208
1.06963382087997	0.523918319674887
0.360585168718391	0.180905248464265
-0.160942302953556	0.124805509174652
-0.397927541952166	0.274262517496332
-1.98159790219916	1.36950089464571
-0.722656757230261	0.251937110505122
0.159825702589389	0.0405961444844569
0.536431293429806	0.195654703291124
-1.52295784924345	0.552861579278889
1.44746976337709	0.486785860941538
-0.347893899096518	0.101384686373808
3.63664142756648	1.45554969527548
0.664969953013349	0.213264891085546
-0.347881275810247	0.101704932899344
0.943029051172106	0.251479485037243
0.148787769061883	0.0643761087265717
-1.02198006071152	0.411274533949238
0.160399718081772	0.0482300098666194
1.03907598780005	0.399013432660369
0.339970424438657	0.188134428583359
-0.092934400837192	0.0369622860694602
0.902128809340659	0.488397074105435
0.653217382543306	0.46002194592108
-1.16623524550492	0.655529150841431
0.45081542313859	0.183214483609203
0.147751909112458	0.056973525708859
-0.00166883525310734	0.000889825806588112
-0.0810861151678367	0.0492638093883674
0.569442878032739	0.451706817392497
0.787145114935791	0.468549558778528
0.296441646548787	0.222863273373499
-0.468419273954587	0.311022904326473
-0.698947804626135	0.61272216196467
0.365004262761271	0.183260345011158
1.53222341586214	1.30049414822932
0.786644849656039	0.614145863831315
-0.247671879315364	0.123630275375207
0.312217296478976	0.185998766409475
0.784916669884872	0.613735725485431
-0.242540241337843	0.121219271310486
0.460799914819356	0.309865841414378
-1.32366172701221	0.828162934778137
0.311859230882934	0.200600671544539
0.149004547080594	0.0644911980923066
1.28333735430391	0.71275819737599
-1.0402281318359	0.825767269609753
0.362668636317357	0.182424191753031
-0.12062274963629	0.0710638676111294
0.652245855420774	0.588029198729138
-1.55535938314793	1.4928734221645
0.0389820478108897	0.0225416054907739
-0.497807880066967	0.260926847427046
-0.185245881354789	0.0989647565769114
0.689044564874805	0.324641738430295
1.07835823830561	0.528165310374035
0.539134720040864	0.195283676778257
0.400840426899411	0.181657541240669
1.08441087986244	0.666393409512352
1.82041011870169	0.724546408240772
0.273817507584163	0.220683520521919
0.507675910129344	0.319763759982837
-0.340880887878947	0.271530137539313
0.19205150311008	0.153044243594429
-0.0931545411722076	0.0370687776305407
-0.727179123195026	0.25354055255114
0.667130392787493	0.214334835345571
1.08931327706256	0.667720820104779
0.154819554186086	0.039408070567956
0.141371543201342	0.027282216107575
-1.02126179208727	0.410975081816502
0.145592290548819	0.0279027526196651
-0.974967055362518	0.485654316649321
0.666381294485655	0.214481042382208
1.9546069313489	0.460412245381477
0.144983099103736	0.027824125638065
0.162871524871276	0.0490067440484624
0.145952781975537	0.027957432098957
2.75057603691244	0.786424841779512
0.661014028065539	0.212332873799895
0.66209183440345	0.212643534404712
0.938232517255131	0.250080666640462
1.81536932957483	0.720970661473197
-0.345110153737869	0.100567839937822
0.177454494073196	0.12095205716452
-0.857807547456278	0.918258532912761
-0.346051722995957	0.100990327474769
1.44816685557941	0.487186600500996
0.158729294236089	0.04043260950787
2.75356411778207	0.788200953807627
0.940922493736804	0.250741724034319
0.162765853660276	0.0412041418868207
-0.347881275810247	0.101704932899344
-2.58142672375403	0.684312616488773
0.148874773794293	0.0283648154803441
-1.51684905918208	0.549966932484854
1.9546069313489	0.460412245381477
-1.14352115801698	0.352309794326609
-1.81665873624948	0.752232883970363
1.78246699001818	1.00986563498498
-3.76601336630515	1.5178237370714
0.825857711677719	0.352770911116929
0.531946232023591	0.193886067853674
0.0000943547344861978	0.0000402397772165805
0.683738864158757	0.592845738831771
-0.601110431914501	0.288428678233059
-0.347881275810247	0.101704932899344
0.151689655577849	0.0729802147664001
-0.462392229533626	0.305823943940866
0.687866948255113	0.323387012793277
0.404515896089817	0.18331473405449
0.14954376535676	0.0577033345779075
-0.241113923782245	0.120416488958749
0.144498843784191	0.0818614534441482
-0.0628835176546872	0.027334493464908
0.532451233543806	0.193598482908107
0.798506761881536	0.476702052906432
0.496784409437791	0.31146172280011
-0.391537693060903	0.164334140548253
0.175476773986106	0.107387900625427
0.157960910869884	0.0903926919831199
1.58424649860747	0.799096067602224
-0.0991301214365311	0.0702763908739187
-0.148695737014053	0.101157574504147
-0.0573780416387989	0.0250474844388543
2.75057603691244	0.786424841779512
0.313160615872122	0.20191569764531
-0.346797330227773	0.101185095553384
2.90603835483432	1.97313903550674
1.03679582276878	0.398327830113064
0.521318955755247	0.189080032564817
0.662339368938871	0.678873772290361
-0.132168058697501	0.0925873588266423
-1.01071219824688	0.90687656137666
0.30816841502561	0.210634765669983
-0.0562538658846069	0.0352678093077304
-0.602903081981925	0.289961604449161
-0.301247582102517	0.138264319014484
-0.14662958422798	0.0529534159724381
0.787145114935791	0.468549558778528
0.402811015205556	0.182058099919752
1.45155785176349	0.905116286784153
1.09057231989715	0.670296982688654
1.04332248971287	0.402005344928024
0.943029051172106	0.251479485037243
1.30063596131051	1.77866072286311
0.0218402172535467	0.0118123172307029
-0.478998309359637	0.473896543410251
0.185948296823716	0.132858267759852
0.16089014359948	0.0485574624883246
-0.514841514771698	0.196884496743197
2.11505214578591	0.96111669527156
-0.977888057573579	0.485234656923495
0.158184951177236	0.0760210612314475
0.416160840733568	0.329547739565445
0.148874773794293	0.0283648154803441
-2.58550852264163	0.684811136427957
-1.51793915586182	0.550681864442582
-0.343614950418389	0.100353977595961
0.158036719368933	0.0402017101522864
-1.52767965965745	0.552564085173501
0.145592290548819	0.0279027526196651
0.140400083006098	0.0271488262218611
0.939298703364537	0.250809511779044
-0.636438389477554	0.156998062672413
0.145592290548819	0.0279027526196651
0.144624243113007	0.0277697138706121
-1.8009224274669	0.401413641514774
1.95373899190972	0.460332693481441
0.938232517255131	0.250080666640462
-0.762294852377534	0.334854539838056
-0.119842401629527	0.0857979143373837
-0.347893899096518	0.101384686373808
0.144983099103736	0.027824125638065
-1.02054390147798	0.410401139638387
1.44316717989614	0.484689694417716
1.44598024938091	0.485455548198704
-0.640656975678056	0.157776356363176
1.95373899190972	0.460332693481441
0.144624243113007	0.0277697138706121
0.666381294485655	0.214481042382208
-1.5211231585376	0.550885444723327
3.26250083711191	1.1257992465865
1.9546069313489	0.460412245381477
0.943541575109422	0.251560831713342
0.665631852900648	0.213765325882499
-1.02296597963264	0.410908197770573
-0.391221006087443	0.164172689294787
-0.728949254888783	0.253711766914117
-1.27656840239241	0.58297122228144
1.07277333902931	0.526857200434305
0.16089014359948	0.0485574624883246
-0.266789436127182	0.242886737306901
0.474103045523164	0.320338608788828
0.906282042367378	0.491398748550521
1.03957617416576	0.399643236692894
-1.81665873624948	0.752232883970363
-0.0932786714728613	0.037030843268835
0.446161594444449	0.18120488602564
-0.232258068296527	0.151181772188185
-2.58178332536446	0.682930522892635
2.35950791579541	1.20140953767214
0.694207312472594	0.327930132781043
0.16089014359948	0.0485574624883246
0.159610674313697	0.048048445892231
0.314819854449768	0.203399734497139
1.81933356547965	0.723773070508788
-0.761003837130839	0.333618902533493
0.159873979297135	0.0482815097019209
0.158729294236089	0.04043260950787
-1.52295784924345	0.552861579278889
-0.315054644915992	0.144885881153883
-0.211324638578633	0.0690407324292403
0.521328182788265	0.450240277289998
-1.10079793637833	1.05672595738883
0.791772141932306	0.472097187081495
-1.23355541340629	0.927072112028693
-0.792387952447262	0.431431701431689
1.53825291788962	1.30895410652369
0.156941675224984	0.0398954425925589
-0.139448258990136	0.0503552670494229
-0.0879440539978826	0.0638138497273046
0.166179348721587	0.101675491505231
-1.60687175994753	1.22926627081488
1.06000926142643	0.51646759635752
-0.139156719720498	0.0503235750897403
-0.0362606984377738	0.0170035067735801
-0.0776440734252021	0.0473021046664781
0.512988479223229	0.52805008512698
1.4497197553516	0.486935149927457
-1.14173074601379	0.351630194981725
-1.66501520375725	0.942800772891415
0.157633323445896	0.0401249768572365
1.33268267370684	0.593331252982876
-3.46409750383962	1.2590838657058
0.144624243113007	0.0277697138706121
1.44746976337709	0.486785860941538
-1.8009224274669	0.401413641514774
0.667130392787493	0.214334835345571
1.9546069313489	0.460412245381477
0.450532391701879	0.183205964517695
3.25711819118569	1.12516204396806
0.141371543201342	0.027282216107575
-0.642287903988749	0.158179920711655
0.691509662817396	0.325065574701033
0.146825631957098	0.0632873400118531
1.07367770331022	0.527375896233494
-0.215102781729368	0.0703679315225032
1.45151622307992	0.488502446881907
-1.80103877399874	0.401412128456168
-0.347881275810247	0.101704932899344
-1.14283325733795	0.352132388893513
-1.80103877399874	0.401412128456168
1.34191446393544	0.594673346220167
0.939853714804409	0.251002284675557
0.943029051172106	0.251479485037243
-0.347136350857903	0.101509886664517
0.939853714804409	0.251002284675557
0.935072365625058	0.249598704803732
-0.76070452272727	0.333705827077937
-1.15174076397451	0.353721534917221
-0.100638322803084	0.0399322441938827
-1.33038673746998	0.834283143981661
-0.0325029544838021	0.0153076284309495
-0.38695836629556	0.162163500198277
0.104667056247573	0.079351362680914
-0.430544632331168	0.329349680502778
0.0495063277182666	0.0303289747255604
-2.46932405257007	1.39370332170556
-0.316499459446103	0.145500418005265
0.340535517211462	0.188739893487922
0.293070505558672	0.210032217531126
-0.116755513448589	0.0687420623649873
1.07711628178215	0.528486442400621
0.619866271459338	0.466780450797772
0.585860728985521	0.563043866660506
0.691284401793684	0.601201137707208
0.338168034714877	0.187106946909633
-1.32405525676973	0.829740364208364
0.0357733414997712	0.0206390688747549
0.703433439302132	0.457777279191544
-0.649844425729916	0.380409287980049
1.46866697199667	0.919961431882718
-0.135708009812583	0.0489671359380479
-0.467736312007065	0.393241686494084
-0.288763032522933	0.209122055429684
0.0383654922922611	0.0204867121959554
-1.22750765285856	0.920481090637812
0.15472895484871	0.0741935902340574
0.348945025039347	0.174216718332699
-0.024525896034647	0.0116507257076423
1.57606850871826	0.79709034488913
0.957628761995797	0.64173720452394
0.532183553549001	0.438332534845495
0.307034915372801	0.197551729976188
0.0324492489068407	0.0188135807297703
-0.390700533294712	0.218456087870336
1.27905852720743	0.708723714652904
0.166719795399243	0.102044328505927
1.34166096481196	0.597003916862013
-0.0623035288868257	0.0271624619706698
0.458610281284927	0.186337221703264
-0.217149785560933	0.0709085508975022
-0.385473899825453	0.161465497409722
0.14806360850737	0.0571942588723571
0.943029051172106	0.251479485037243
-1.82115855719938	0.754396487877528
2.75508840161989	1.71077673465627
-0.217149785560933	0.0709085508975022
1.81933356547965	0.723773070508788
-1.27523469172028	0.58191737664116
-0.347136350857903	0.101509886664517
0.159610674313697	0.048048445892231
1.78590091839396	1.01406146274082
-0.188995519302273	0.101078097772818
1.53507158307584	1.30225747133954
0.772801761302669	0.946230369820407
0.476921352842394	0.323367004048762
-1.83346058439706	1.15656648769259
-0.388605805373413	0.162445868757486
-0.22040475323253	0.0720313901877078
1.34068855477734	0.59651233156247
-0.351420017354976	0.10254393356513
0.156626480514056	0.0604963463651501
0.161852867988486	0.0555536777785083
-0.5135689023777	0.196244514484922
0.1564887689413	0.0537706581930758
-0.212648801796322	0.0693601353842416
-1.14671720971639	0.353197314225222
2.56684638144372	1.44929371038597
0.155143712679243	0.0533136788534507
-0.723678625838308	0.25185170240566
0.156530838902088	0.0537701104160248
-0.0841058147036876	0.0334715907535355
-1.31996400644681	0.823170125254251
1.40050742002771	1.07481597287698
0.61571224901762	0.322111811707481
0.170385860033432	0.0977736004278828
0.796756505980674	0.952313649683778
-0.535557968571408	0.445839211833448
0.308226298101787	0.198410687104008
1.08405681609357	0.664207574298418
-0.353252610180752	0.103014720617828
0.36122629073906	0.181427004370559
-0.017970025150074	0.00866161364476678
0.459677831822057	0.331142060834646
0.533895130806427	0.194581489771343
0.857578821155107	0.62828921456646
0.518414822945203	0.446067629299657
0.111979708539212	0.0850429014317511
1.57513779972863	0.796335217996603
0.148596738057561	0.0641934669348287
-0.543193964081775	0.341601552172431
-0.789701262636954	0.430638498336157
0.542334900568686	0.312493044688528
-0.246587014934181	0.18255701701291
-0.189973099295262	0.101719516679394
-0.244962185664294	0.122255381355137
-0.151618620171244	0.0858363124870308
-0.579481445073879	0.420756077093871
-0.246310921383617	0.123017592903579
0.33814544257247	0.187213933644931
0.0219087010428498	0.01181190647705
0.460467563830994	0.186853741674829
2.7486062124648	0.786021619850662
0.183202912132906	0.112372717627247
0.00180857488554243	0.000785841019576828
1.33365346781733	0.593790400301544
2.11476331684021	0.962649218894054
0.312480804214392	0.201313505923341
-0.115338965999925	0.0679594855402361
0.0701135201369847	0.0453141591184256
1.10100079697839	1.4933049299693
0.1589083506524	0.0839001886586255
-0.184937817990198	0.098553221179666
2.2715518532491	1.75273921514234
-1.60247714592743	1.2207878097138
-0.877480568288232	0.802354459963867
0.157034645817188	0.0754390645528405
-0.16186834618461	0.110750332258968
0.165129397966442	0.0496596498417191
-0.197827857558494	0.105848273821896
-1.22879006599974	0.923325318240281
-0.514908806238071	0.197238634697011
0.306110468480756	0.19662647721382
0.610089213869397	0.319618448333729
-2.77562606547213	1.86940667391026
0.169435877455348	0.103528354674369
0.159299115257698	0.0764881560569664
0.0243696747343574	0.0131392389224035
-0.198777447486599	0.106479934248948
-1.98082531434159	1.37802039054053
1.33365346781733	0.593790400301544
-0.548188172877877	0.346339584266264
0.138687055038808	0.0598083701896693
0.14956683782207	0.0716863927360466
-0.643073014169278	0.376425124013716
-0.142891948035302	0.0516141016686805
0.159483471313027	0.0688444592896911
-0.181331750837927	0.120342435393196
0.153879310284075	0.0877168752632229
-0.0583046868091208	0.0254267442196577
-0.395520864335434	0.166072991543779
1.44316717989614	0.484689694417716
0.446599059950088	0.320895273041841
0.907723686895637	0.492038355261913
-0.28874939307835	0.181379928990682
-0.410601091976932	0.23102370009328
0.532668848987461	0.193804150978287
0.821882024147526	0.350146289827548
-2.27714594353153	1.16641055602444
0.403073343729651	0.182521004414791
-0.800090478941006	0.613818645759149
0.0165276250474237	0.00897153377467297
0.471321277741734	0.319329857003484
1.3339002399907	0.591927981716306
3.26465972756103	1.12436390836181
0.13919826270141	0.0665184717347223
1.23962457289155	1.6234995942191
-0.109820566673417	0.0646184509290886
0.0275740922612974	0.0160873745475911
-1.05350096786289	0.838176906096164
-0.0324555368948089	0.0152431929450633
0.156113801567814	0.0890580411485679
1.0385642363423	0.399078648892044
0.825857711677719	0.352770911116929
3.63664142756648	1.45554969527548
0.44990614258087	0.18283441542229
1.03531563070088	0.397416666916399
0.407014850904923	0.320746291888387
4.18479859547741	2.03817269528985
-0.254105327874393	0.126760237246471
0.171301480799674	0.104807822415363
-0.216229286210736	0.162939874748635
0.17086495595111	0.115996228651828
0.1591394731816	0.0909901605918148
0.407647953636265	0.321043109848431
0.460277555363633	0.309423451800072
-0.00791849423169923	0.00391021599309466
0.171399594409597	0.104754154224555
-0.540113214018654	0.339052528414812
0.299521246888441	0.21518352384466
0.316258731178459	0.204288051667123
-1.15943075711123	0.647595041048012
-0.796124400774555	0.609991424523328
0.151745169358508	0.058587168086963
0.908385500382229	0.782357782476376
-1.83180156303826	1.15400978896064
0.160516143169782	0.0550975946447159
-0.672337164328656	0.468400478425065
0.993324504975151	0.806250659887137
-0.302842261422488	0.139016928518585
-1.22151296463764	0.912854830950349
-0.408071405847751	0.23038096954262
-1.353694255122	1.10895259874967
0.158101352361165	0.047666865168031
-0.394620821533815	0.165578696918499
0.152038681284049	0.0587362093462159
0.156083307671789	0.0536388626462904
-0.533774893604768	0.443816002019046
-0.194619025931632	0.104210643234151
0.394034167670938	0.177864125852324
0.151415741900785	0.0726140412602604
-0.786540505895813	0.427377822473515
0.607902379787435	0.455622931752981
-0.148220191435243	0.0835214998729625
-0.40004718110681	0.225270623441951
-0.400458736615201	0.276544702619767
-0.0316738204569977	0.014888039595986
0.648977158125952	0.455931041887143
-0.0241192936564898	0.0114611227323366
-0.0984123930303247	0.0391352360800113
0.158366958173935	0.0477619066778733
3.26574785919213	1.12499058506004
0.457031613175772	0.185686620353555
0.827465419165181	0.353580301177974
0.59664968480984	0.310393547023889
1.23527769675165	1.03029321842004
0.15333233148057	0.0390971321912012
0.495359923399777	0.310372023342089
-0.33365477078654	0.200009488506769
0.0364198330294933	0.0211229876947112
-1.09435994958517	1.04977120214806
0.647870096730529	0.456575307371725
1.0998323021206	0.825074265452868
0.604758769355008	0.315907972175834
-0.632707054239441	0.155821219725077
-0.352171048045609	0.102884554871845
3.64005636387319	1.4534177013571
1.45488464570977	0.487942320885071
-0.35108905718488	0.102362211478167
0.666049960969073	0.214022945375077
0.144983099103736	0.027824125638065
0.156941675224984	0.0398954425925589
0.160626900474085	0.0484137065522702
0.161852867988486	0.0555536777785083
-0.148795387856594	0.0535735260200673
0.162070178892022	0.0411144637566376
-0.40855732429262	0.230548396146383
0.699083484895082	0.329914967051508
2.11851801385637	0.965100010930963
1.03679582276878	0.398327830113064
1.79113767488598	1.0165827623054
1.08208164707943	0.529792886289248
-0.654202231655733	0.386204130461043
-0.509527285836048	0.194677535004504
-0.347881275810247	0.101704932899344
-3.45989362965761	1.25724083459984
-3.08715388924473	0.973054341045401
0.615180442159294	0.321525212328598
0.780390003622042	0.610382267794905
-1.02312080636385	1.14335241583531
-1.59670124345133	1.87641169390656
-0.162980228129852	0.111663550110115
-0.357884304990594	0.317325902330311
0.897294046447005	0.912908833793968
-1.23209862779813	0.925163634570701
0.707114989040706	0.46188104118152
1.33973150110373	1.40520420460339
-0.446211272426682	0.344087283172214
-0.0099872893025823	0.00490568274365882
0.152374380215692	0.0523737819250446
0.790956603532187	0.740894758166699
0.788834757355917	0.47117088408263
-1.46273882331435	1.30272922452383
0.15126209936992	0.0727771576670532
0.158853896417002	0.0611815296711805
0.408741399510687	0.18489566282846
0.163892784276019	0.0937767548060156
0.159132199857942	0.0403652499117015
0.547500345807422	0.31617274856919
-0.607715185731628	0.292447442782102
-0.15344781508105	0.086763249824021
0.602244759736251	0.450140707833166
-0.00310887788320557	0.00158570631365755
-0.49000876609842	0.255980721799169
-0.0259651584981183	0.0123145250453466
2.12570090730439	1.48827380177804
-0.929029533805235	0.676426069400077
-0.331586503267361	0.197617574066951
-0.196205419248447	0.104963898740667
1.12114000376418	0.999315900414737
1.35219220628605	1.23051064470857
0.171841499790141	0.105094927367754
-0.18961857723155	0.101190316902895
0.692146193975193	0.326192500357826
-0.508297757761774	0.193650694001093
-0.309915336981443	0.142572414774972
-0.65865475810347	0.389263345907735
-2.12144474044901	2.34716735499207
-0.0950664463688331	0.0378097886654273
-0.352502268480792	0.102674771115327
0.661014028065539	0.212332873799895
-2.58107011718166	0.682882000334415
0.162765853660276	0.0412041418868207
1.07216778076904	0.524300314866753
0.606313468520226	0.316510938563868
0.163519380322832	0.0863866046043634
1.03882026472922	0.400114292850008
0.158729294236089	0.04043260950787
-1.32849590914857	0.833815212107253
-0.461076878529754	0.305487683290436
0.029779288442794	0.0173159809505496
0.571976606156857	0.454491211053964
-0.251643001936182	0.125668994059923
0.156763807018891	0.067759613248126
1.40060020125645	1.07910880224844
0.145592290548819	0.0279027526196651
-0.347881275810247	0.101704932899344
0.145952781975537	0.027957432098957
1.44746976337709	0.486785860941538
0.159825702589389	0.0405961444844569
3.26141769425846	1.12732988282303
1.95373899190972	0.460332693481441
0.148508541635756	0.0283091884660306
0.145952781975537	0.027957432098957
0.144983099103736	0.027824125638065
0.306790348155146	0.197164974463555
0.393478586911913	0.177795063466044
2.11152848929689	0.958026733565074
-0.641217763381128	0.157896990579203
0.155347225808938	0.0469152262497133
0.952400873202031	0.640480778153103
-0.0587414233859123	0.0255937791832482
-0.348964786734811	0.101837107016821
1.78842999081356	1.00869061898841
-0.217783773381529	0.0710710016312923
0.159421595053514	0.0405224643025682
1.82747931843685	0.725113764977104
-0.347136350857903	0.101509886664517
0.148874773794293	0.0283648154803441
-1.14671720971639	0.353197314225222
-1.80103877399874	0.401412128456168
-1.5190906504648	0.550321617620206
0.534323237474501	0.305732211483887
-0.357561857283125	0.103917445694499
-0.632707054239441	0.155821219725077
0.140400083006098	0.0271488262218611
0.144983099103736	0.027824125638065
0.159610674313697	0.048048445892231
0.849247703539338	0.768756836959464
0.0565968701366827	0.0346878472184538
0.545843765490528	0.314507642682176
-0.0852972671331376	0.0518930686507188
0.292129340891352	0.209252179956104
-0.885756851102942	0.815122274793454
-0.100424063632444	0.0711925914056164
-0.674097189576682	0.470002882082479
0.797615258202129	0.751419406143387
0.307663327472497	0.197864276104946
0.486017266906134	0.448595564658499
0.923214363251171	0.79756417073056
-1.14173074601379	0.351630194981725
-0.392657038273351	0.310001556808069
-1.08979862522346	0.739035587099458
-0.65004544111277	0.383846513728459
0.000602428680419911	0.000205535900117056
0.956365569957701	0.644186292793203
0.368301031140518	0.185247049809414
0.550025492990457	0.317126449162656
0.407422391059196	0.320903492844369
-0.500100892498612	0.37499362599026
0.398379158874168	0.180160829188768
1.08984895027997	0.667859665377377
0.547923176364337	0.316349650579169
-0.0962955273188297	0.0382766722020201
-0.790447002623503	0.677365703122641
-0.904924415512322	0.751756626993878
-0.189626791585121	0.101245168261746
-2.34803663381652	2.11791918180358
0.0529076574284687	0.0324837585251895
-0.0942683601087024	0.037446287070278
-0.799197985734448	0.435228738082432
-0.512751206931149	0.19586842696468
0.653155488800688	0.460900399739844
0.499038648598747	0.313760861432011
0.147073700611219	0.070594298539303
-0.491059992247467	0.256726641156395
-1.22103168251924	0.912705307834054
0.164377165872218	0.0495293176899797
1.03957617416576	0.399643236692894
-0.401884513747297	0.226868914244496
-0.341194919432324	0.204516162827686
0.54291482461358	0.312830966539688
-0.0623035288868257	0.0271624619706698
-1.26549119869759	0.575887232891104
0.944102727079701	0.251755733219961
1.4519121380375	0.487696442951866
-0.347562155000387	0.101412477187396
-1.47782054469187	1.02688778579296
-0.765348432802001	0.336404476995029
0.899479936657715	0.48623238701777
0.172706633127957	0.0990165387520388
0.621921193944053	0.468694577052903
0.453947313806393	0.18432102548982
1.78364022254183	1.00735750976543
0.713649552957873	0.465996266513128
-0.212568324340494	0.0694726774908008
0.666049960969073	0.214022945375077
0.546763646887622	0.315264604472375
1.06468052402213	0.521190538628543
1.11868160180392	0.997214233920604
0.827726572998535	0.353380486630744
-1.15640358556071	0.647190211436835
-0.061956931216502	0.026939006504978
1.96221984978745	1.23281975314477
-0.100570067510121	0.0588715239393676
-0.383236098989224	0.160106898390476
-0.409030558198644	0.230805718744887
0.152118089571059	0.0731131267532544
-0.218967744087285	0.0714817642031414
0.938232517255131	0.250080666640462
1.06901245624731	0.524379480292927
0.145592290548819	0.0279027526196651
0.159421595053514	0.0405224643025682
0.163169995607563	0.0413572276497282
0.166533308093854	0.0419929996668512
0.661336234174573	0.212381115853655
1.95733767915288	0.46077898524688
0.939853714804409	0.251002284675557
0.939853714804409	0.251002284675557
1.81750581386737	0.721108485050186
1.9546069313489	0.460412245381477
0.145592290548819	0.0279027526196651
0.939298703364537	0.250809511779044
-0.0878133412827382	0.0535845694517135
0.387110506268526	0.17419705625885
-0.553099327590277	0.349125874418165
-0.791439519781792	0.516726491354343
-0.48460699015284	0.253136220107175
2.74958998501656	0.787920507210083
-3.45989362965761	1.25724083459984
0.156316835097579	0.060329813065547
-0.110872699690711	0.0653367331601941
0.146421491582462	0.0702697337803996
0.396932069772902	0.179599961331167
0.147755438806649	0.0570658689249526
1.33340728777399	0.59245625933366
-0.393878671655211	0.220812346942935
0.160687738671952	0.0549592963890096
0.153579839740872	0.0463985633570496
-0.751020405253497	0.326466959234054
1.82393551449113	0.726315315015904
-1.48400802964695	0.758811048932772
0.323627547557062	0.194517587566316
1.08920017432713	0.66993618324643
0.605305743912209	0.316963513665249
0.399167960449983	0.18078587064709
0.308976594576486	0.211472234822049
0.61146834572881	0.320092594330738
0.649747676400449	0.458391615093115
1.35921876034454	1.24069050937545
0.911386131179433	0.493899265865598
0.553275342423029	0.319345434267034
0.693622051971775	0.32757848626789
0.699386914285027	0.330724088267117
0.151172602395058	0.051995377151868
-1.66958742617244	0.950489956709458
1.07665607825816	0.655402968176182
0.791921391974367	0.471496260871586
-2.06538713025603	0.955693446391778
0.529305127913445	0.192443828592845
-0.219686057817939	0.071808363943125
-0.971553496186614	0.48360544938142
-0.719643516321858	0.249678999874372
0.154125754800974	0.0594561171756928
0.159122325410511	0.0480117921042768
-1.02276225125301	0.410642108899905
0.857099668571021	0.627769039816574
-0.544129756205326	0.34244847787216
0.435551500388983	0.433491450276373
0.27439949838253	0.243789915094699
-0.00181140937744699	0.000959746947388501
0.49462804398513	0.309900343165184
-1.48128922588876	0.755607155160683
0.453947313806393	0.18432102548982
-0.510193603406986	0.194934000466999
-0.215362013913717	0.07044095074977
1.08493337807237	0.529302723586993
-3.46832274453516	1.25603494238804
-0.600099947020625	0.287400311510686
-0.386057546772671	0.161751414839187
-1.02655133741802	0.413516459136083
-1.52261793291458	0.552416088281882
-0.225725161463613	0.0735173183111699
-0.602559327916406	0.289804737386457
0.453652747908813	0.184215764139297
-0.09651873690779	0.0383462904271667
-0.189516277060879	0.101459642414848
0.605295451242082	0.316267020943986
0.152763856860774	0.073293356968661
-0.991650907839314	0.493034894730891
-0.977044422492539	0.486743487685973
-0.0947254410431225	0.037748651984201
-0.981020116095944	0.490062948615881
0.642809123016664	0.576078471469359
0.831216267921091	0.355437715318776
-0.54770300299479	0.346058958946146
0.144896280914455	0.0626596294935733
0.700277243017744	0.330994902880954
0.363595795083068	0.182977595037202
-0.23855373589448	0.118763926232338
0.160332957825737	0.0617853531712644
0.325233855159553	0.195671208118939
-0.402852901539233	0.227462051831243
-1.0453418207412	0.830414330179508
1.07398727109243	0.525362759241983
0.913607283788865	0.785648399786247
1.24984270205086	0.862761233717801
1.08154163901306	0.66231624813819
0.656834506926336	0.463902180797027
-0.401408325028219	0.226415360347308
0.388102053831232	0.174499721038137
-1.47341818486483	1.02082609383453
0.323280635255698	0.194368549779296
0.156540314753043	0.0825259434991141
-0.327865661163239	0.195608136928948
0.5013095730052	0.314294852418198
-1.16012813301074	0.649530308387677
-0.403803027190894	0.227971206424663
-0.762917044259969	0.335226279565195
0.147073700611219	0.070594298539303
0.133141498551576	0.0510681980716305
1.27771578066982	0.710591856271494
3.25927332254934	1.12307323546949
-0.722385544152519	0.251104758974595
0.531843076130347	0.193511668396616
0.942469249206212	0.251285156498659
0.939853714804409	0.251002284675557
0.530151821487384	0.192827665875907
-0.0914856348568854	0.0364543695011356
0.156513315417891	0.0895084436615458
0.453062917398637	0.184070014684516
-0.21438297968887	0.070119295219489
-0.2413336424766	0.120248806417061
-1.32374849194297	0.827865968081847
-0.636990001200621	0.156817984288667
1.95373899190972	0.460332693481441
-3.08660653838605	0.975157312690119
-2.58550852264163	0.684811136427957
2.7486062124648	0.786021619850662
2.75656983410044	0.786824865410408
-0.637509639132058	0.157280902410938
0.148508541635756	0.0283091884660306
-1.14173074601379	0.351630194981725
0.145952781975537	0.027957432098957
0.316087691157308	0.189347771025254
0.162658669863083	0.0488809126815502
0.162070178892022	0.0411144637566376
-0.347136350857903	0.101509886664517
-0.0686860451525968	0.0504877828500324
-1.26013709062534	1.16954546497825
-0.0487871000818783	0.0305339856782908
1.97516553404568	2.30935831160626
0.994091547194062	0.808040639079232
-0.490277661966547	0.25624382118151
0.272501880161843	0.234720444324812
1.0533064055063	1.11026090163861
0.518136565777047	0.446205344397823
-1.03968099731347	0.825178442588961
0.824247872245881	0.350993005170983
0.731737676568743	0.606867851241756
0.161396242907864	0.0696149697799046
-1.05217402049068	0.837868556159714
-0.227849838072544	0.147934901603147
0.395155153654539	0.178559461364
-0.798916479569627	0.750284898656369
0.153538548176328	0.0592272382906352
0.432623330267726	0.327437306270533
0.589702747466225	0.568381887752886
0.465467623411703	0.314040181095786
0.737742176285948	0.612376402277209
-0.998339392501381	0.888949783962031
-0.421802794924968	0.361001682461932
-0.0259828431642861	0.0123169843334593
0.608722974575042	0.458702232348341
-0.390950902807037	0.163865741327239
-0.409775319213443	0.231322641637579
0.321838909497488	0.193180456909953
-0.351841120455994	0.102432906020839
-0.48030267199623	0.40672918007994
-1.0956342726349	0.746020099092103
-0.187674618818976	0.100383493979068
0.169152570035061	0.103144195010147
-0.930294227450379	0.678684306621727
-0.0637182386608087	0.0277444197112858
0.332079036693913	0.18325172940719
-1.3221598070663	0.824720768215814
-0.101645665119999	0.0403218449949219
0.792320389312483	0.473514324337565
-0.79062404330099	0.740798472630093
0.535967126388868	0.195023784147857
-1.02269870771255	0.411303674855888
-1.69364605201332	0.933892553597211
0.667130392787493	0.214334835345571
0.331127555563321	0.182642952118518
0.29504646184942	0.211373260328134
0.500962948407565	0.315294590734315
0.994286412994218	0.806290828054155
0.533173376017961	0.194273902958868
-0.00339323224267569	0.00169808232842815
-0.932719622497064	0.680555980129505
-1.64799665559289	1.67977246477801
-1.14173074601379	0.351630194981725
1.03755206316161	0.397862674763024
0.533895130806427	0.194581489771343
0.904285617544451	0.48714554168394
-0.0930584365008642	0.0370132549739133
-0.21438297968887	0.070119295219489
-0.343614950418389	0.100353977595961
0.440603928160586	0.334294986096188
0.0196748859545866	0.0106733957894452
-0.573346356745106	0.522548313967535
-1.64518420856459	1.67940191852527
0.177494579049705	0.115360666341148
-0.681705178909914	0.475748396974515
0.145223565882401	0.0696067401850051
0.158324698427983	0.0402149964785429
0.161184676470248	0.0553470097303974
0.668403197768976	0.213959199334806
0.145952781975537	0.027957432098957
0.665618647197154	0.213793073260368
0.154426155420695	0.0394015396377603
-2.58142672375403	0.684312616488773
1.9546069313489	0.460412245381477
0.144983099103736	0.027824125638065
0.151172602395058	0.051995377151868
0.531946232023591	0.193886067853674
1.44098670162231	0.482970681290409
0.165833024403837	0.0417580936341313
0.534869182588835	0.194578913470447
0.355609158841042	0.178380110907298
0.665631852900648	0.213765325882499
0.153405388703481	0.066400669654385
0.148372971384648	0.05089396725711
0.935072365625058	0.249598704803732
-0.721156709968222	0.250838938542479
-0.638059916511872	0.157099877961465
0.667130392787493	0.214334835345571
-1.14283325733795	0.352132388893513
0.158324698427983	0.0402149964785429
-1.8009224274669	0.401413641514774
0.940922493736804	0.250741724034319
0.144624243113007	0.0277697138706121
1.9546069313489	0.460412245381477
1.08633127533632	0.667167780345126
1.44651862707379	0.485997879309324
-0.349709365939262	0.101852718844327
2.75057603691244	0.786424841779512
0.144983099103736	0.027824125638065
0.144983099103736	0.027824125638065
0.848274045931345	0.767377255931665
0.311184478340561	0.200725143349028
-0.33121276848637	0.197944549940752
0.165219265308074	0.100755662556207
-0.195663162274318	0.130977932631037
0.160626900474085	0.0484137065522702
1.78213828783033	1.00890853087356
0.182497722614676	0.12983928315342
-0.923064414912032	0.670037194945495
0.162095712422813	0.0856324763039977
-0.577199101007668	0.41957667571912
-0.723407361182732	0.252081836804318
-0.022212300783252	0.0105997967077508
0.452028529543326	0.183522985152338
0.302885461579682	0.207132129934646
0.453971605986436	0.184766637057688
1.45690837081988	0.910299119735548
0.706197274410721	0.459484215568062
0.168563355609957	0.103223746602592
-0.540726052942867	0.338964620630938
-0.300892833051458	0.137347767157188
0.542847710356264	0.311823402798674
-0.120730672148029	0.0710957050232957
-0.0672756132565449	0.0292146776923484
0.395813086603222	0.178903236455684
-0.489938870374996	0.256934648460468
0.599089536993305	0.312418599128068
-0.799607947427348	0.526889245217901
-0.327032620023556	0.19502883332293
0.789227506052631	0.618167553369181
-0.103721450015057	0.0608814706218163
-0.0320341618170815	0.0150958113728209
-0.287378903007959	0.208037151646483
1.24688829708568	0.858302226645188
-0.147873446228401	0.0533861392609676
0.495827544244456	0.310700945313116
-0.104323452080495	0.0413883183624972
-0.951340147698448	0.578057258210985
-0.761003837130839	0.333618902533493
0.157350237927289	0.0473981260583164
0.148508541635756	0.0283091884660306
-1.01989133264931	0.408322516344122
0.445254943515106	0.180826712699052
0.14806360850737	0.0571942588723571
0.162108934554703	0.0928858051171325
-0.0961715583055109	0.0383226667889411
0.54634473508328	0.314962520081388
0.857290434895024	0.626642860847705
0.154868853767515	0.0596768579674075
-0.576598438568808	0.418306438669336
1.44707333879815	0.486882965382531
0.940366139413571	0.250549017337595
0.86187785771214	0.631228114572194
0.158492553430846	0.0906850946903324
0.944102727079701	0.251755733219961
1.5802286379911	0.79886021791433
4.99860767097504	3.58242061976894
1.4497197553516	0.486935149927457
-1.14173074601379	0.351630194981725
0.313831247669572	0.202732956017018
-0.0564459193517199	0.0246515207764823
0.0327630225597093	0.0190477363222701
-0.977611417319252	0.487091304289586
1.11399541428827	0.993207435160292
-0.301748087434778	0.138445984964748
0.163866602100675	0.0414467921764721
-3.0855122183307	0.972756963025588
2.56938090119753	1.45340677901211
-1.02753370414198	0.41314398527887
-0.358318715506293	0.10413238667114
-3.08660653838605	0.975157312690119
0.940366139413571	0.250549017337595
-0.721635104470276	0.250959824058763
3.63324582360405	1.45248485170375
0.152187693302683	0.0732133598533572
0.612903400161451	0.321207167405034
0.901730895209253	0.487005811832231
1.04358675612492	0.400439867421486
0.938786187734731	0.250272333462114
0.938232517255131	0.250080666640462
1.33098597337579	0.590542343205884
0.159120665328247	0.048062202194274
0.144292720137753	0.0276888229156664
-0.346391761922432	0.101125986544327
-1.14283325733795	0.352132388893513
-0.346391761922432	0.101125986544327
-0.638059916511872	0.157099877961465
-0.635886909613779	0.156604724964807
-0.640656975678056	0.157776356363176
-1.80497515009983	0.40204480448646
0.164377165872218	0.0495293176899797
-0.636959492719679	0.156887069567616
1.45041930837423	0.487336762252141
-0.636959492719679	0.156887069567616
0.399395432916392	0.180941848521465
1.3271322305254	0.588565404794414
-0.148785407254285	0.0536907631429728
0.156364837626091	0.0751875652309698
0.530405394773187	0.19293383980914
1.04407793800765	0.401530572798881
0.939853714804409	0.251002284675557
1.81825742519256	0.721714939545741
0.152333554816668	0.0588163373718562
-0.194414698606283	0.129938964801041
0.296857349501199	0.213119090623681
-0.0698087820618063	0.0514128746206089
-0.395883480303502	0.272978856446948
-0.108264447123457	0.0636396817965434
-1.35756434140995	1.11144638306766
-1.32519942823285	0.829206647171541
0.608484226785811	0.318528081020153
0.141413202122226	0.061018737698014
-0.0315478410273354	0.0148791720832332
-1.05265675623763	1.09561779898558
-0.295512609819412	0.214542046097804
1.81933356547965	0.723773070508788
0.608652653454104	0.318862720273431
-1.15977983657183	0.649500065308071
0.156040866513106	0.060267234897955
-1.48128922588876	0.755607155160683
0.149397647274641	0.0642789183882996
0.0672081586154656	0.0434199125609815
0.90451505109364	0.489688091204855
0.0237281403474425	0.0128047881841231
0.143989147435421	0.0622231728257938
0.359358483557216	0.180292466634022
0.69790906599664	0.330043247012599
0.150870676306444	0.0582824810304815
0.452066149749284	0.183799113193962
-0.297501991502822	0.136213477840942
-2.28212623762291	1.17106435761246
-0.401118178349242	0.225688422727985
0.442396718656807	0.179061852061581
0.795630219983417	0.625160939195538
0.160024669917988	0.0548138166312829
0.00510515284779821	0.00239541101144562
0.795675330914257	0.475806097377803
-1.67450165667541	0.956050045600831
0.171291432991312	0.111019224719454
0.151415741900785	0.0726140412602604
-0.394935911720347	0.165820121050295
-2.58142672375403	0.684312616488773
-1.81637684396232	0.751651715408043
-0.0608573610445958	0.0265679691811687
0.164799427085877	0.0945352125098618
0.399167960449983	0.18078587064709
-0.64892423361563	0.38143213273594
0.142309794504355	0.0746380318456686
0.541914032634117	0.312319088809261
-0.894325951513542	0.823236876257413
0.859385349468161	0.630419628683448
0.152108068416228	0.0523180707573953
2.56938090119753	1.45340677901211
0.902937788131924	0.488199319754302
0.308315480934141	0.211067162253841
0.425615723273796	0.321678301103082
0.656834506926336	0.463902180797027
-0.763814170598778	0.335291623965408
-0.921789118078948	0.668663675805139
-0.0613705567144834	0.0267794333586011
-1.4921079297976	0.764028740507937
0.145952781975537	0.027957432098957
0.159600637717156	0.0844178639005674
1.23554521829922	1.3483102961312
0.0791083478815148	0.0554642633214665
0.855168829961224	0.626215435680031
-0.0957370866815653	0.0380544121371131
-3.08660653838605	0.975157312690119
3.25819512813541	1.12540871646052
1.28451070906094	0.715566170830406
-0.635886909613779	0.156604724964807
-0.973042635537788	0.48365648985277
1.44816685557941	0.487186600500996
0.938232517255131	0.250080666640462
0.693036527954027	0.326667937038122
0.607582179300763	0.317916510494501
-0.0644202184455646	0.0280422366372584
1.9658512595607	1.23864404770018
2.36205785403792	1.2049765555766
0.665301548139678	0.214168982585133
1.04256665160238	0.400711187611403
0.158417153836128	0.0610616004550277
-3.08715388924473	0.973054341045401
-1.13907413243892	0.350415838742694
-1.02204793512445	0.410502951592421
-1.02054390147798	0.410401139638387
-1.51332145233629	0.547881190959341
0.154877283826213	0.0531649045194279
-0.346797330227773	0.101185095553384
1.44316717989614	0.484689694417716
0.67065498417138	0.215487616922184
1.97250949419604	1.24416161675336
0.533895130806427	0.194581489771343
-1.02753370414198	0.41314398527887
-0.970647638276469	0.482194393877049
0.402390334914075	0.182071281150176
0.942469249206212	0.251285156498659
-0.762294852377534	0.334854539838056
-0.311670891923591	0.142709053514085
0.550487880055182	0.538607267476107
0.9052657909637	0.488848621724038
0.351735241111039	0.175963601914318
-0.697154512729075	0.609501750413957
0.320286008795791	0.192696667973356
0.961621898979706	0.648928040180444
0.167596799504119	0.108128962706762
2.74804341252026	1.70357478665603
-0.40162106731607	0.277112964211421
0.387110506268526	0.17419705625885
0.704246520576926	0.332075487200049
-1.60705832963955	1.22493792896833
0.667130392787493	0.214334835345571
2.75257155834301	0.787872112571947
0.533426538804183	0.193598763845595
-1.02231647525331	0.410527599337308
-1.33025415993052	0.83299924878818
1.04256665160238	0.400711187611403
0.955648762662227	0.644697082214403
0.463581018695276	0.187837251607786
1.28907695879506	0.716622378595279
-0.401311883939485	0.167963111442321
0.81867382568333	0.347668563731454
-0.24375694891152	0.121345834256379
0.605181090559126	0.453196746248528
0.694517638716414	0.327772801209336
-0.757927236874105	0.332077461758512
-0.21438297968887	0.070119295219489
1.09839940825673	0.824139637532159
0.789243801747735	0.471438904571108
0.691713932736703	0.325792067163215
-0.48819983688179	0.255048597848072
0.659936638860136	0.211580245845419
1.40169284897542	1.07905841005199
0.165646458848346	0.101119584735942
1.57792903230899	0.797255129336588
-0.00889341164957285	0.00438494255635675
0.157693836049591	0.0541708009160174
3.26033581954854	1.12492242320153
0.142594640544961	0.0682786535279544
-1.04396875123353	0.832194077126855
-0.0584783399038583	0.0255353785095567
0.391350090845568	0.176852229199589
-0.605365691783786	0.291039737825185
0.710291255156768	0.463602596639998
1.82317998866194	0.72570154697374
0.147168767139499	0.0568586827414826
1.615127079783	1.12666068872069
0.393684278439406	0.177887434989409
-0.515975507071905	0.197128864277068
0.692732319345477	0.32710229474396
0.319781838074007	0.192345522491744
0.954050601450953	0.641674570689718
-1.66842935243303	0.949278453990603
0.533895130806427	0.194581489771343
-0.39036423870232	0.163650413054301
-2.28146206405933	1.17035518017606
-4.2144634652177	2.01161717724373
0.506386987084806	0.318532372272826
0.854432947080861	0.776577262668553
2.36399639281256	1.20526731624857
0.159873979297135	0.0482815097019209
-0.100417777052136	0.0399342243603807
-0.347136350857903	0.101509886664517
-3.45989362965761	1.25724083459984
0.140400083006098	0.0271488262218611
0.65918242528061	0.211319089723116
0.825857711677719	0.352770911116929
0.939853714804409	0.251002284675557
2.75356411778207	0.788200953807627
1.9546069313489	0.460412245381477
0.309746720328003	0.19971879038075
-0.352171048045609	0.102884554871845
-0.134176358060072	0.0484891500537458
0.327483635922166	0.180162813599662
1.33788749462767	0.595246998169513
0.90897078593781	0.490085006508745
-0.553147387229159	0.349143294298507
1.24399532477427	0.854348252920749
-0.5186089527835	0.198694863421629
0.45083767344141	0.183111265974364
-3.75679120459628	1.51679930864271
0.162871524871276	0.0490067440484624
-3.75605424325041	1.51534982337763
-0.729701678342157	0.253580140468091
-0.637509639132058	0.157280902410938
0.160518930457975	0.0406859460362184
0.143989147435421	0.0622231728257938
1.45571176985819	0.907814564814198
-0.216341300405611	0.0706275337190599
-0.392868515452559	0.164452206770628
-1.15749501030146	0.646220024093877
0.158809329805056	0.0609666391464278
-1.82013283681335	0.753499529716958
0.527613487096402	0.192164364642399
0.792211395112187	0.471684272508841
1.65862389410439	1.5430806893845
0.161622432226095	0.085376153426302
0.657092683853705	0.465207586745512
0.603318795364971	0.31464709471682
1.62093061140608	1.13444332668524
1.03882026472922	0.400114292850008
-0.453677161095235	0.298471015428688
0.0942624940529035	0.0686547103633395
0.304015958963848	0.21872727407922
0.0239358329544153	0.0128677012698738
-1.04863920133046	0.835355679119832
0.150779138974346	0.0721691352650269
-0.967236665348583	0.479093367994399
0.543256854380092	0.313111972475159
0.158101352361165	0.047666865168031
-0.929047640755052	0.676646519053922
-0.76475469664406	0.335510040816294
0.344220061113091	0.190655752425114
-0.214842941901008	0.070116645288276
0.940366139413571	0.250549017337595
-0.949622290958682	0.581191372480998
0.45081542313859	0.183214483609203
0.599615262354944	0.312855645406021
-1.02054390147798	0.410401139638387
1.03807287226657	0.398760841319323
1.002100208318	0.813648832499799
2.27860160676714	1.75762255400565
0.451158336600182	0.183419403196117
1.33365346781733	0.593790400301544
0.907399177816273	0.490889366366602
0.161184676470248	0.0553470097303974
0.316087691157308	0.189347771025254
0.794168188630336	0.474186205273789
0.149998634003311	0.079056639706201
-0.0332628287000999	0.0156347525017951
-0.0925980068176476	0.0368806029120303
0.146850196733294	0.0705293502278957
-0.17640283761636	0.11663469452738
0.501454309839188	0.315646189705513
-0.512083063934318	0.195729041885172
0.334922065995918	0.201790372344549
0.159384054306028	0.0841811307759418
-0.280396733255673	0.175908356081991
-0.00281024200192741	0.00143231762995746
0.155219294480996	0.067150255399717
0.159025278983038	0.0909059626490602
0.496784409437791	0.31146172280011
0.156167882849855	0.082475900899541
1.65209476474842	1.53612759063658
0.463508255781251	0.312267856544206
0.0156741377184397	0.00855627042910114
0.451724492340277	0.183480994993
-0.975288553297247	0.485765853390852
-1.22531548207799	0.915769290102222
-0.309002793256867	0.142020795073276
0.36839975703354	0.185445215653388
-0.468949825392552	0.311210900377683
0.705738309982642	0.459511133856341
0.471129430970404	0.317651600941776
-0.0696591294622154	0.0302348461882469
0.604758769355008	0.315907972175834
1.57352985580277	0.7925108285993
-1.67424861171895	0.954035506619628
0.940366139413571	0.250549017337595
0.669903363513283	0.215634804708644
0.699691091454261	0.330792525683201
-0.22040475323253	0.0720313901877078
-3.45920905368023	1.25640999767694
-0.22040475323253	0.0720313901877078
0.158324698427983	0.0402149964785429
-0.724424172815078	0.251988281234418
-0.399620555600727	0.275781957315807
0.39525302062539	0.179085507024801
-0.491548402282397	0.256712247652822
0.530499832462958	0.192903879235124
-0.352922420805713	0.102954332052563
-0.187573045624511	0.10024242686046
1.4420767310292	0.484387465743625
1.08667535682331	0.666344526714433
-0.387391422779607	0.161781568188396
-0.389005104085602	0.267183532149064
0.158104109918261	0.0476970098800851
-1.48524065293387	0.759537398828412
-2.06612369183994	0.954939044744288
-0.521384850669743	0.199158319807258
1.46224881907469	0.914917374222744
1.45598541563742	0.488399771900037
0.162520718038001	0.0556867678446794
1.33268267370684	0.593331252982876
0.167893017972165	0.0503601236935632
-0.093394112565885	0.0371429402363506
-0.396106076052578	0.16623181269382
1.06377846418786	0.520548536472797
0.15433459922411	0.0465544527222368
-0.76196509145171	0.333619243630729
1.45041930837423	0.487336762252141
0.531223226643993	0.193578240394512
0.522287664002786	0.189504273234301
-1.47059585131892	1.01859137622764
0.156040866513106	0.060267234897955
-0.0846575597940432	0.033658390364356
-0.540798476233377	0.339828856812228
0.40340548398394	0.182616252433243
-0.347136350857903	0.101509886664517
0.609019974615804	0.319130134428792
0.305623344305027	0.230497634108119
0.0710753614827845	0.0458457956077594
0.152685551756238	0.0734084929984919
0.573684740217925	0.454683569924843
0.0178112616858787	0.00962509585700524
-1.47475368927247	1.02519389960119
-0.310634407828976	0.142526329928504
-2.27926960675526	1.1671765233149
-0.80027637433694	0.612573153372739
0.707627355902257	0.333055232767133
2.75057603691244	0.786424841779512
0.453348037888944	0.184394681005512
1.04053777709864	0.399211852400284
1.45151622307992	0.488502446881907
0.546763646887622	0.315264604472375
0.844286861267882	0.759898380719053
1.06906023413505	0.52399481001835
0.162095712422813	0.0856324763039977
0.150069116114406	0.0649994481708726
-0.237195417347268	0.118166026468097
-1.16144364257109	0.650194172814921
0.548184284265834	0.31633844832987
0.159023902388054	0.0968101819516985
0.31211070110567	0.201225293084703
0.697321459402158	0.329525637027289
0.5424961914021	0.310692027597232
0.168231343572386	0.0888624846940853
1.40625894290747	1.72854570595224
0.289913375197705	0.217810967382373
-0.246511518969723	0.123158049671514
-1.09370797935048	0.744558942126431
-0.0254970283006112	0.0120985248019426
-0.982509888900983	0.489691604438174
1.81965712946419	0.72393570375632
2.26556562946663	1.74342179796434
0.299580152626671	0.225680472714945
-0.458203955040523	0.303283430235546
-0.0569846827219475	0.0356420646108559
0.49819953105696	0.311773053019932
1.06901245624731	0.524379480292927
-0.602365807682686	0.289195223891661
0.154261710674562	0.0594576449278038
-1.8009224274669	0.401413641514774
0.158036719368933	0.0402017101522864
-1.22531409130594	0.91459877030979
0.669903363513283	0.215634804708644
-0.0948442081054409	0.0377295149269852
0.159825702589389	0.0405961444844569
0.665631852900648	0.213765325882499
1.95373899190972	0.460332693481441
-1.80103877399874	0.401412128456168
0.710377668491531	0.464394936195333
-0.226605257769708	0.146836465079507
0.710814903994214	0.463427621787012
-0.538553218273023	0.338029845767152
-0.30548665166129	0.140453330720735
0.162520718038001	0.0556867678446794
-0.41073647605967	0.231896654402591
0.537151068021291	0.195568545631627
1.0385642363423	0.399078648892044
-0.192846625243063	0.103283152738591
1.06461069228217	1.12200488223877
-0.644971677392264	0.625011852982946
0.037838725633962	0.0219463211482084
-0.162185388837472	0.111063445037467
-0.10753255478896	0.0632036335905585
0.555668919189718	0.547234337473705
0.155715381622005	0.0820094936225922
0.163997008335047	0.100171309933772
0.198582092060544	0.148202925507071
0.0525969372850878	0.0303879034726871
-0.631035967986022	0.604939760939063
-0.228474968881538	0.173183968447168
-0.483172087583529	0.410228708329301
-0.217062344939073	0.0708765351682746
0.536431293429806	0.195654703291124
0.149536936283679	0.0647633654938517
0.301460508674776	0.205239491447291
0.302161920423654	0.227777943285223
0.382223961883173	0.324015468998992
0.0850277326869777	0.0549970360542251
0.163556532731913	0.0998377981141562
0.149838258955292	0.0720750734216391
-0.094971147523194	0.0689148982296441
-0.455568070314045	0.301046769281534
0.668193764019649	0.688051355483426
0.436736767869276	0.434897701486487
0.860220285541034	0.780230303083005
0.467814996158344	0.526491144046668
0.159381850731557	0.0969148789567771
1.03957617416576	0.399643236692894
-0.142891948035302	0.0516141016686805
0.152824685555751	0.0461257210544005
0.96022102422588	0.648231133948302
0.530971390293767	0.193164551984235
-0.215102781729368	0.0703679315225032
2.75257155834301	0.787872112571947
-1.80103877399874	0.401412128456168
0.66746146314869	0.214381150055683
1.82148708414178	0.724579036933352
0.530247760780079	0.192857360219512
0.531223226643993	0.193578240394512
1.08684531027536	0.667793628471386
0.259640478620099	0.269202744452539
0.334324569529415	0.184178678773114
0.6850519404268	0.592222619711083
0.147477269600241	0.0569474987210093
-0.194139613706454	0.103906047349582
-1.34886165501204	1.10380358792409
-0.142866853930985	0.0802058776292085
0.783519127576044	0.466100165031084
0.161622432226095	0.085376153426302
-0.400523492582781	0.225631719444254
-0.929697540297366	1.05017857756085
1.24904790392476	1.0453024500614
-0.216341300405611	0.0706275337190599
0.835335729857549	0.975387857711446
0.282887268844421	0.220853477433927
0.905074748281096	0.489868134909344
-0.494171611892078	0.258883975588938
0.14908021816385	0.0573090060510648
0.79449079191771	0.474328459318981
3.93113012959665	1.75546371298809
1.77903995917733	2.82626481979491
0.452482388375307	0.325544663434646
0.792167409105304	0.852192916552126
-0.00858785723895507	0.00422513993373637
-0.0863493722299195	0.0344244567145329
-0.1046590378635	0.0414396149023667
-1.8113799781808	0.747754907607329
-0.025871062385577	0.0122740953503342
-0.60065135573645	0.287619644564255
1.03882026472922	0.400114292850008
0.151172602395058	0.051995377151868
-0.762917044259969	0.335226279565195
0.788438454901457	0.469075856685387
1.05848644031357	0.515464210656395
-0.605365691783786	0.291039737825185
-0.51396531615413	0.196814734006425
-0.0236341408953462	0.0112398610638295
0.665301548139678	0.214168982585133
0.85103158945974	0.767208677079801
0.188421241907749	0.134490552745792
0.188052588039273	0.149644312141239
-0.346797330227773	0.101185095553384
1.24171786889141	0.85337612929024
0.299223204368438	0.21537815278744
0.18415431408471	0.166585969659002
0.0188279302343999	0.0111206995883695
0.102064064790649	0.0772297518986219
0.271897515744586	0.218747752828867
-0.210277364585776	0.180877646917465
0.0946726052871088	0.0733192578660878
0.193732839881503	0.159485909341221
0.200813795051785	0.196493420974879
-0.184825322248694	0.15661002454215
0.109264373730638	0.0877664178023467
-0.315886252236876	0.346844546312585
-0.246015122762329	0.122929191728052
1.81933356547965	0.723773070508788
-0.354003293293564	0.103084269523368
-1.97895525786497	1.37122173080384
0.00400701100620615	0.00322018263958504
-0.433190675546902	0.428587908052618
-0.646940028689462	0.62396836670717
-0.671430620078903	0.779943092672639
0.777966666298458	0.607010057169145
-0.343614950418389	0.100353977595961
1.11012421413217	1.60334726740977
-0.0877945019250214	0.0349856709541034
-0.237626358538063	0.118345000826933
0.538381587059364	0.19606450637348
1.44637717898614	0.486482829772734
1.4454247852823	0.484840762250273
2.75057603691244	0.786424841779512
-0.632707054239441	0.155821219725077
2.74958998501656	0.787920507210083
-1.8009224274669	0.401413641514774
1.95373899190972	0.460332693481441
-0.721906540285296	0.25157399652224
0.148508541635756	0.0283091884660306
1.95373899190972	0.460332693481441
0.939298703364537	0.250809511779044
0.939321446025007	0.250350778540833
0.513964424399595	0.442465165617805
-0.499354443644549	0.374948002326471
-2.13098799465421	1.62724235156342
1.33365346781733	0.593790400301544
0.15433459922411	0.0465544527222368
0.468673440875638	0.315848030205819
1.03882026472922	0.400114292850008
-0.251643001936182	0.125668994059923
-0.235592041948829	0.117114920946358
-1.51867963642989	0.551199515777305
0.64303350380912	0.45172523232287
0.0896057475443075	0.0630659909769267
0.66209183440345	0.212643534404712
0.534869182588835	0.194578913470447
0.16411177443756	0.0493132983349349
0.0598824183499213	0.0475776097100081
-0.035793520832781	0.0168007802139948
-0.0998609074557554	0.0397194014457479
0.454652110489817	0.327487198937782
-0.233432030495868	0.116003878749937
-0.0288440820700492	0.0136155417586152
-2.27200931666704	1.15964510094156
0.355717089316248	0.178458998646011
1.25439278213437	0.864039639773269
-0.142891948035302	0.0516141016686805
-0.285765637783913	0.179408537147702
-0.9460117633765	0.577157698100559
-1.32874463151685	0.826909239280483
-0.224034754285	0.0729167326443814
-0.211850105553722	0.0692255268891727
0.31121146429077	0.200632095756275
0.154942647034189	0.0745433551349342
0.507085913607983	0.317066156809546
0.395715291463461	0.178734308689649
-1.35854906934621	1.11608706229289
-0.23082403843891	0.14990098796556
0.647343923066252	0.456193833509133
-0.0310616864625166	0.0146571354182889
-0.0591280981604864	0.0257564285494872
0.352154854849912	0.194944645703256
-0.307814167958145	0.14093988001189
-0.144102508835248	0.0519955989315975
0.542495095897259	0.311629111463606
1.258872246245	0.868028939093419
-0.096508744195952	0.0384424509230555
0.157961656278045	0.0541365833526948
-1.52187037799917	0.552145600192979
-0.0283575338128008	0.013396525933007
-0.975222069240432	0.485508813766345
-0.403803027190894	0.227971206424663
-0.54628503172197	0.345047271361267
-0.504303660529298	0.379724777243066
0.159023902388054	0.0968101819516985
0.17723818773502	0.108568478638345
1.06224954739142	0.518318115705146
0.351735241111039	0.175963601914318
0.0149576616134589	0.00814768517843572
0.784274822063401	0.733262127413518
0.682707217238821	0.590301149894177
1.07773741136724	0.528948010192096
-4.40000585231211	2.26758286539387
-1.67698759543639	0.953926874988823
1.03430080604135	0.397225968697929
1.44637717898614	0.486482829772734
-1.0272685011115	0.413655990175607
0.534990586328699	0.194669034502889
0.152633350829298	0.0389395951664406
1.06906023413505	0.52399481001835
0.15145480900655	0.0585297563438858
0.127553200232813	0.108732354281206
0.145952781975537	0.027957432098957
0.151172602395058	0.051995377151868
0.158729294236089	0.04043260950787
-0.0945087687933719	0.0376036536917361
0.540923211081413	0.310604501688356
0.609408702521849	0.457972522117724
0.954949368512284	0.644336849630219
0.351790754614419	0.17574781965971
1.06933690227919	0.52417571767679
-0.0993042704777846	0.0394836667830403
-0.105383249977742	0.0412706836923964
1.09750470322782	0.826158695553848
0.448069280762556	0.181812858825958
-0.0905934418821428	0.036121792375747
0.333031039538958	0.183795062698331
0.508165846921566	0.320089131647618
-0.304132889707304	0.139415062762967
0.327483635922166	0.180162813599662
0.90451505109364	0.489688091204855
1.066483958305	0.521635227378548
0.146500068304364	0.0702464952986678
0.148741578700635	0.0712055678957339
0.156540314753043	0.0825259434991141
-0.981603959387169	0.490271397263528
-0.489104446765901	0.25561008857299
0.161283414341861	0.0851364550523992
2.10849074553741	0.956627828456427
1.04058787371703	0.399831169158897
0.505451548535158	0.317685159053883
-0.690440267355886	0.546886403068405
0.527864222695785	0.191865893856924
-2.07423080807324	0.958838458573181
0.912953961057673	0.49394014680712
0.69184240459677	0.32641868076951
-0.347543274432262	0.101202259443342
-0.98011491957414	0.489418532086656
-0.137292999992855	0.0495706582975502
-1.27099398512007	0.58063946719774
-0.196708857598607	0.10526738532039
0.158184951177236	0.0760210612314475
-0.21688918582617	0.0709123691608258
1.23878012914352	0.846685546311746
1.57049308556314	0.791343775156705
-1.52295784924345	0.552861579278889
1.97280444376697	1.24648368105038
-0.955899473543593	0.584418828600992
1.95821793241067	1.23029143160035
0.156040866513106	0.060267234897955
-0.97586795315731	0.484654206701602
0.155608726416379	0.0470349393301069
-0.761279304154327	0.333304550550086
0.603134126138662	0.314108046866073
1.77971727387133	1.00588767980066
-0.599339032800012	0.287128074007026
-0.475838694643274	0.31668859211583
-0.00268126738273796	0.00137865444698561
-0.00385834876160291	0.00192231690807702
2.57571748846041	1.45002611105539
1.08261424132465	0.664655934404151
-0.309915336981443	0.142572414774972
1.22926590156151	1.02171021780852
0.912953961057673	0.49394014680712
0.0151774858457744	0.00826830778706367
-0.603264313473487	0.289576273580065
-0.0594115711535523	0.0259476291405153
-1.02269870771255	0.411303674855888
1.44637717898614	0.486482829772734
-0.032422099784124	0.015240925612503
0.609922708743433	0.319599721856233
0.663780082904929	0.212878960831006
-0.211850105553722	0.0692255268891727
2.7486062124648	0.786021619850662
-0.481548185208905	0.250915970222523
0.612903400161451	0.321207167405034
0.599964497565859	0.449545941388772
0.161182924333726	0.0923614337513394
0.938232517255131	0.250080666640462
-0.145719307633456	0.0526071631077758
0.162658669863083	0.0488809126815502
0.458033727152023	0.185874163587837
1.09803948205061	0.824688216558073
-0.226172205958947	0.146825815588227
-1.03594152954951	0.819179025789163
0.614174837841314	0.32175165544901
0.689044564874805	0.324641738430295
0.150067536223121	0.0719361008362979
0.706522025506446	0.458991839205119
0.152838979780327	0.0733790306829735
0.536830247380514	0.443256756669433
-0.801307469428819	0.527696957471235
-0.101310659887303	0.0402595504210943
-1.47191021452094	1.02079996471465
0.147563515838933	0.0637593377048342
0.175601177148292	0.119656705602854
0.604930048958844	0.31571977026116
1.23588035538696	1.03095197409136
0.151189668023239	0.0796664430167801
1.07430154507785	0.527839664382674
0.79762796231307	0.47685920728437
0.830281395788375	0.355150943185541
0.325418151803888	0.196056466637731
-0.392120453501998	0.164585641771912
1.33441045159819	0.590733895902484
-0.217062344939073	0.0708765351682746
2.90162451213461	1.96436310680074
0.537406575730244	0.196009920523317
-0.351420017354976	0.10254393356513
-0.0914856348568854	0.0364543695011356
0.697017789428803	0.329355646837997
3.63104293019025	1.45185522619522
-0.055114409442728	0.0240897628912549
-0.10438524260133	0.0613326344200359
-0.23692095367044	0.180326603429383
-0.161006664879964	0.150411958970575
0.037020627530436	0.0283512242706512
0.159866246158409	0.0768294298024279
1.26961392189287	0.700512651078317
-0.637509639132058	0.157280902410938
0.148629318798242	0.0643703013221288
0.732510836116612	0.604197546738751
0.286678692369912	0.223679844109684
0.188148561413863	0.162641857372808
0.0885088138691348	0.0644759687870555
0.196630729819666	0.170748252543564
-0.0166299784704217	0.0109445286677682
-1.45375388457062	1.29505017397218
-0.168096299840261	0.131229007217116
-0.33618128128622	0.238445846653055
0.159873979297135	0.0482815097019209
0.336335305360076	0.186074844819435
-0.146197238792889	0.126049170670177
-0.0988305450361534	0.0808668235774838
-2.11671037393129	1.61351401963303
-0.954457368645219	1.01489223905437
0.538218219406145	0.627362409032565
-0.00453052224144577	0.00358811546417651
0.195406820565112	0.178212894157891
-0.16319163208485	0.182747905933058
0.532920813071289	0.194317875052133
0.905957748818587	0.490866840920093
-1.14352115801698	0.352309794326609
-0.636959492719679	0.156887069567616
0.156627732158763	0.047230275219086
-1.8009224274669	0.401413641514774
0.145592290548819	0.0279027526196651
2.35684336584017	1.19934905083067
0.145966453036768	0.0562632178822865
1.44707333879815	0.486882965382531
0.939298703364537	0.250809511779044
0.162765853660276	0.0412041418868207
0.144624243113007	0.0277697138706121
1.0385642363423	0.399078648892044
-0.100196147738987	0.0398084260885434
0.455661962407856	0.601714412795162
-0.509342113725108	0.538237817635263
0.914390131300989	0.494908514275646
0.158036719368933	0.0402017101522864
-2.58142672375403	0.684312616488773
1.04306281920514	0.401137401202673
0.159825702589389	0.0405961444844569
-0.723678625838308	0.25185170240566
0.158729294236089	0.04043260950787
-0.348964786734811	0.101837107016821
0.939853714804409	0.251002284675557
0.145952781975537	0.027957432098957
2.75057603691244	0.786424841779512
-0.213663560088835	0.0697787673490411
0.166952427773004	0.0569794325801704
0.154312196248935	0.0667943680936473
0.148722114179869	0.0710592348541824
-0.20721638891514	0.204230879079521
-0.0478165499287985	0.0299135274374752
0.549915072535862	0.45660766984318
0.164809510589337	0.0942483458396989
2.55872284951091	1.43924734340534
-0.182156832254246	0.120948030648137
0.146578316896476	0.0770847459220663
-0.792927181213776	0.521365958200156
-0.110872699690711	0.0653367331601941
0.567384274537275	0.44807631300649
0.945826371854048	0.922191733380972
0.696586979825317	0.328042982731379
0.54147945190417	0.549202373779229
0.822141685307495	0.350753098387779
1.07249407198733	0.52645293485323
0.339118700399967	0.187840627218597
0.692334855510057	0.60230498379167
0.432084847166463	0.327010121537062
0.277673660992463	0.232325416104817
0.39900832548942	0.328217586943961
-0.79023185038661	0.430965368516678
0.615752776740296	0.46303104823883
-0.201577823372377	0.10786893589263
-0.0561368223377581	0.0245196006104206
-0.0535551631479197	0.0233872362874239
-0.326105148013593	0.194432492160839
-0.964797456301829	0.588648675312789
-0.401400565313454	0.226443712734553
0.545601406344317	0.31448943791867
-0.972396928654698	0.482838040528723
-0.352171048045609	0.102884554871845
0.467722426532031	0.313857905666387
0.548678430199615	0.315587436321726
-0.0947254410431225	0.037748651984201
-0.674654728272208	0.468423866794378
-1.52295784924345	0.552861579278889
-0.515782684048713	0.197574022242274
-0.213404200361392	0.0696750872019552
0.788591498811681	0.469651966398041
1.22706533336029	1.32676463401378
0.153367554338333	0.0590399223917814
-0.51262688962267	0.195822795400018
0.153056633981132	0.0586685907218457
-0.335865527987772	0.200538103322307
-0.693255104141912	0.549168521294037
0.14785322406086	0.0775707091310163
0.783677996506386	0.613862035042926
-0.300867687352712	0.138061582932551
0.00410807748625509	0.00189661094887869
-0.196680781834977	0.105226573161797
0.035867546812386	0.0208112379759105
-0.793409349702867	0.522134525270015
-0.951112937508594	0.579066392358594
0.342760687159622	0.189711754322199
0.170032618767807	0.120391021992185
0.318529419930148	0.205438677039505
0.545425583398374	0.314034493078255
-0.250148677786758	0.124802119779072
-0.0993042704777846	0.0394836667830403
0.152921677006695	0.0590114306768206
0.531946232023591	0.193886067853674
-0.722928245021615	0.251489262306972
0.370767193934475	0.186182277506218
0.943029051172106	0.251479485037243
0.939853714804409	0.251002284675557
-1.16477900930695	0.654392144647465
0.698213155936331	0.330003570818779
-0.144394074568311	0.0518772485179446
0.149975860929304	0.0579241892206102
0.450189604084826	0.182589516307903
-0.0177612185301279	0.0116557330401166
-0.196471848880937	0.104800723381469
-1.15730589987181	0.646644202235759
0.446445387594379	0.18090483909236
-1.26965711158767	0.579970689675105
1.3316093311876	0.591498521126687
0.533642805684197	0.194234863625944
1.44707333879815	0.486882965382531
-1.14283325733795	0.352132388893513
0.789071041734261	0.46978520600271
0.859863835988582	0.630940533227343
0.600151513325803	0.313072911417596
0.155730891195915	0.0601356355216201
0.534734954570662	0.194672048613434
0.159120665328247	0.048062202194274
-0.494904710226206	0.258441107279199
0.458941361295675	0.186529340385749
0.0195719061488235	0.0105590861122513
0.318355980622342	0.205420424176182
-0.391537693060903	0.164334140548253
0.902360812762443	0.487834042389304
-0.328034095761525	0.195969880668246
0.442157158566243	0.316337854952372
0.358155113984451	0.180112887860171
0.781297613289662	0.609604486389111
0.650040385098266	0.586428345959835
-0.0886864620645337	0.0352815243026478
0.603229439422357	0.314732715384211
1.09046108419866	0.670229472160697
0.391350090845568	0.176852229199589
-0.273274873756608	0.170865746270378
0.689346451286098	0.324840596495388
-0.315586650371659	0.145139832350916
1.23122126771534	1.33774732920193
0.0597228496387963	0.0366852753524074
-0.292029841909605	0.212274121533436
0.597543940208825	0.44637975090815
0.145424983743559	0.0698147899019205
0.30886228284825	0.211566360864245
0.742617197118586	0.721819531009717
0.334872661253557	0.185289270892437
0.690539907543871	0.324537580023354
-1.16658386964387	0.654178336506151
0.148596738057561	0.0641934669348287
0.463432161291301	0.312524706219545
0.453062917398637	0.184070014684516
0.504047775758032	0.316860901275687
0.356232906532068	0.178756120410395
0.825857711677719	0.352770911116929
0.142018462718376	0.0679769533937994
-0.519276339586016	0.199029682930515
0.14880849098312	0.078318425932656
0.151156520422439	0.0583248346544552
-1.26653690435503	0.576781738217319
-0.796298534146642	0.52347077534956
-0.788831052391911	0.429887254531929
-0.763814170598778	0.335291623965408
-1.4830862206654	0.758148594472621
-1.16430805758089	1.0094068398197
1.06933690227919	0.52417571767679
0.156530838902088	0.0537701104160248
-0.245393997087265	0.122371425409399
-0.509527285836048	0.194677535004504
-1.49264573224049	1.03410607789583
-0.979805255046569	0.487218320275361
0.821210492165555	0.350333919962237
-0.726427642398715	0.252868210726988
-0.484416639000392	0.253024859329898
-1.16477900930695	0.654392144647465
-0.494684628003157	0.259283486578468
-1.67424861171895	0.954035506619628
-1.16623524550492	0.655529150841431
-0.721635104470276	0.250959824058763
0.319350665550519	0.20649931124127
-1.8343699394035	1.15432880948837
0.327948522157274	0.180460565319335
0.896701166205811	0.483798558771942
0.498477769872755	0.31190267618929
0.788766340821841	0.618388522662628
-0.307352095308226	0.140734591747684
0.148771246524452	0.057194256648706
0.0260026775108111	0.0139882179732422
0.367646410950796	0.18485508455549
-1.49334098692416	0.765261578783683
1.04407793800765	0.401530572798881
-1.82115855719938	0.754396487877528
0.66957124715326	0.214831928354538
2.0263281064992	1.89809719209004
1.44746976337709	0.486785860941538
-0.132646693669163	0.0478826811546858
-1.02276225125301	0.410642108899905
0.154434997691444	0.0594658883163764
-0.347881275810247	0.101704932899344
-0.976458875708344	0.486623205126517
0.903894589253489	0.488180500422934
-0.030211967356599	0.0142302196708562
-1.36094353567999	1.35923735268489
1.28362481238796	0.714454265748
0.159302248589599	0.054592027037212
0.164377165872218	0.0495293176899797
0.69510717262521	0.327977453773444
-0.21158767729877	0.0692522593193464
-1.13838195218038	0.350237547909829
-0.524874987781082	0.200933052994701
0.827465419165181	0.353580301177974
0.394923627977348	0.178432056341537
3.63553631715371	1.45516543033256
0.159120665328247	0.048062202194274
-1.02198006071152	0.411274533949238
-0.352922420805713	0.102954332052563
0.664969953013349	0.213264891085546
-0.61573225214051	0.295609351303385
-1.84307317049738	1.16089000376928
0.362668636317357	0.182424191753031
-0.143852341471153	0.051846614986871
0.445712696803612	0.319808336474182
-0.0976413721517515	0.0387111078188081
0.49772181455548	0.311967249517152
-1.60932562119465	1.23097820784758
-0.501687846771994	0.262582680436709
0.148761005422826	0.0642290000475288
0.50354266002433	0.316490249182684
0.453634113803551	0.184221946709376
0.152014956791291	0.0656392212054697
-0.187365980232538	0.100102494923443
0.166785393319705	0.0881288532135138
0.61146834572881	0.320092594330738
1.78742710423363	1.01301914410524
1.57862497316069	0.79913564273052
-0.471751958456621	0.31421355712492
0.458321526621627	0.186318935304384
1.08160702240378	0.661204596100305
0.511896764681262	0.322636889284694
-0.989267122700387	0.492464509240087
-1.16442934886122	0.652347007412662
0.362954721345173	0.182664384774221
0.900362919319571	0.487227095451419
0.333495345051992	0.183910003400901
0.500007233668873	0.314529691971746
-1.47526245321485	1.02600797208634
1.33282540187096	0.592006617797294
0.82839895625885	0.353767602009201
-2.06296233663144	0.952804938107014
1.77198705760053	1.37821311459375
0.948877746540398	0.638424612487073
0.449883640931861	0.182578552651238
0.911059775261198	0.493802776975104
0.789818692498639	0.471362931552357
-0.766643852612048	0.336537391297971
0.158366958173935	0.0477619066778733
0.66209183440345	0.212643534404712
0.536431293429806	0.195654703291124
-1.81488203899203	0.750473718254322
-0.723672302673316	0.251728336614369
-0.758845021168351	0.333093507910706
-1.51834057120307	0.550050642444883
-2.58107011718166	0.682882000334415
-1.47999088253675	0.755377623377746
-1.27628763158757	0.583658225403998
-0.720885051656636	0.250598309067814
-0.148264598256557	0.0835795387915218
0.528334378223905	0.192181471899543
0.158856086796509	0.0478216925261301
0.902128809340659	0.488397074105435
0.0207817792946626	0.0112438928991031
1.45261356648711	0.488099477529611
0.831216267921091	0.355437715318776
-0.0968542016587712	0.0384832044595299
0.381587599477704	0.32407095933379
0.154686858037972	0.0743552610538433
-0.513691081166878	0.19626521346256
0.152641938101793	0.0589243022830194
1.78151484019161	1.00834810420434
2.91281034808659	1.98476555124783
1.03806395636365	0.39882502542582
2.12139615263787	1.47591365855895
0.664537539501677	0.213141860355242
0.444972633429835	0.180621127746924
0.323193199289898	0.194092029458496
0.499516798112029	0.314229385667815
0.605295451242082	0.316267020943986
0.61001426851343	0.318159565527326
0.502722140513125	0.314945299810229
1.78652728580861	1.0120976036543
0.324808756684366	0.178051987002787
-0.189140631578337	0.100863711780769
1.07430154507785	0.527839664382674
-0.599550702461412	0.287612433812072
-0.602151025648749	0.288882306181663
0.530151821487384	0.192827665875907
1.03882026472922	0.400114292850008
1.40738528255661	1.0820775682412
-1.84268528721892	1.16259263678228
-0.391853018895284	0.164211548410465
-0.9907488005282	0.493620297927824
-0.143476714271024	0.0516122723970631
0.786482838311116	0.616688225822525
-0.0609721010169125	0.0265267976930378
0.603318795364971	0.31464709471682
0.786986732401602	0.46959337657109
-0.955388371342608	0.584721445190688
0.485346845548749	0.429406040644647
1.65179577806746	1.53830696959694
0.16291077655631	0.0931386690286819
1.0360395550654	0.397263763709291
0.0178112616858787	0.00962509585700524
0.64630157781542	0.582393400988928
1.08438254928597	0.66309924241451
0.577770642747641	0.459850948129025
0.179696052940813	0.128131050146006
0.358669996282124	0.180410726017052
0.96022102422588	0.648231133948302
-0.0656802531175438	0.028573319912516
-0.0314311209447812	0.0147864701061
0.147755438806649	0.0570658689249526
0.547001756448149	0.315806710462559
0.151438453850196	0.0520921659930463
-0.140009489553761	0.0502104492318258
-0.40392165599693	0.227039033140501
0.143593393530254	0.0688111759404829
1.58398375763736	0.801446534352579
-1.13976658402628	0.349898349308083
0.15514468556827	0.0599065447102182
-0.142267314491114	0.0513692178786248
-1.14602109676128	0.352462565358244
-0.348964786734811	0.101837107016821
-1.8009224274669	0.401413641514774
-1.04128122180757	0.825614245844215
-0.148785407254285	0.0536907631429728
0.147319030981638	0.063499710653736
1.09200484811298	0.672089441301708
1.00619224097352	0.818872252352198
2.11825875465965	0.964963255219529
0.792430310048112	0.473327613654925
0.020942996966723	0.0113319826610821
1.08055703137789	0.528795329883184
0.310733782380627	0.200420456311822
2.10849074553741	0.956627828456427
0.154819554186086	0.039408070567956
0.365886065646035	0.183488789955984
0.78855416448086	0.469722710645129
1.06468052402213	0.521190538628543
1.57767325373724	0.796043070558657
1.75894596985211	1.35617098747666
-1.27127540471835	0.579737208933733
0.901815907588964	0.486014447450738
-0.51262688962267	0.195822795400018
-0.137001806541775	0.0495446265793543
-0.216082437585751	0.0706900588053257
2.90398607742042	1.97172134240851
0.0383925976629425	0.0222462951807744
-1.15640358556071	0.647190211436835
-0.951993762841733	0.582368210709497
1.57606850871826	0.79709034488913
1.53177747211486	1.30177662614362
0.542077717688682	0.311058103818312
0.148509547405061	0.0781829167094187
0.550436987109	0.317337624805261
0.454594871922057	0.184978882106625
-0.0108520594820635	0.00530129518533531
-0.0683946383301856	0.0296683015455693
-0.314141937291833	0.144427272621829
1.57955625735979	0.800243929979803
0.599615262354944	0.312855645406021
-0.0260615618087181	0.0122987350147955
0.456124834919805	0.185373171183353
0.956564563080715	0.645360511216242
0.904146406039747	0.487983327232794
0.585858018993024	0.562001913931642
0.651216103633889	0.459877594392042
0.465531284666876	0.313456485458263
0.357515720111022	0.179228215736386
0.533173376017961	0.194273902958868
0.534013779528786	0.193996923207742
0.455788330014537	0.185537184077034
-0.223318216634416	0.0726168422578091
-1.14336638515137	0.351799503810815
-2.58587528855637	0.684874790734986
1.57513779972863	0.796335217996603
0.454257246607656	0.184850448579938
-1.80103877399874	0.401412128456168
0.820279000684581	0.349677769176251
-0.646538594837146	0.158794690467649
-1.80103877399874	0.401412128456168
-1.51759021741262	0.550484114851072
0.661014028065539	0.212332873799895
-1.0301650740028	0.413168838752643
-0.514635039335923	0.197073437131208
-0.316118863480272	0.1453120683164
-2.58107011718166	0.682882000334415
0.651964038975311	0.586853542608418
0.506731341909658	0.318924654703894
0.542681379796607	0.450344339415472
0.440296132060472	0.313983125361055
0.991125403640667	0.800562136984441
0.737072617506889	0.610219226352398
0.566442568031964	0.448411825364992
4.57191674243299	2.62036413398702
0.684756170973623	0.321618444116674
1.33171160901013	0.592443644170249
0.852476320550219	0.77402698274182
0.452973749955339	0.184064823292599
-0.486990231276053	0.25423312460825
0.89469560932104	0.481006598318647
-0.025871062385577	0.0122740953503342
0.900921016354336	0.487649278800185
-1.14851210229951	0.353384284502155
-0.329477479607411	0.197082775497782
-1.25307887949615	1.1614969193163
-0.511805594681335	0.195759647669945
0.364077304569738	0.182422399863392
1.08261424132465	0.664655934404151
0.169021181194271	0.0968826250471377
0.450189604084826	0.182589516307903
-0.0863493722299195	0.0344244567145329
-0.141354920327139	0.0510651509736396
-0.02454248247096	0.0116546283487742
1.9546069313489	0.460412245381477
0.155143712679243	0.0533136788534507
-0.402376547521484	0.226838083935503
-0.302842261422488	0.139016928518585
-0.0995361031734911	0.0395125877528588
-1.81740649233114	0.752549709047675
-0.0950664463688331	0.0378097886654273
1.76640815005441	1.78583303356051
0.439243858901857	0.332949013069178
0.154470666375079	0.0529990853054005
1.3353473451776	0.592955954477314
-1.81736869960225	0.751420668604187
0.156627732158763	0.047230275219086
0.144983099103736	0.027824125638065
1.45081573296225	0.488099054152683
2.36133341361285	1.20403053813798
-0.216082437585751	0.0706900588053257
-2.62938828800003	1.62237604951919
0.665301548139678	0.214168982585133
0.160518930457975	0.0406859460362184
0.157207158436524	0.0397347653134728
-0.635886909613779	0.156604724964807
0.148508541635756	0.0283091884660306
1.44746976337709	0.486785860941538
-3.09073773131398	0.977080546046746
-0.720885051656636	0.250598309067814
-0.520489423661184	0.199119614912018
-0.345306452425536	0.100608479618864
0.161153094780194	0.048530513531666
0.533895130806427	0.194581489771343
-0.638059916511872	0.157099877961465
0.848174695697227	0.766943047158401
0.703596274155574	0.704599462126312
0.395483738802146	0.178837343918571
0.152374380215692	0.0523737819250446
-0.664323620402835	0.458882213639392
-0.407585652010945	0.230124455288892
0.149202414294944	0.0715706658440064
0.288771216349612	0.216277641813278
-1.19554945746895	1.22557236251379
-0.055114409442728	0.0240897628912549
-0.784415201156777	0.426077511710587
-0.596184202393787	0.284708204645951
1.46504438318444	0.916859379181554
-0.517669140674941	0.197883860235959
-0.346391761922432	0.101125986544327
0.154592632475222	0.0467595304777688
0.699691091454261	0.330792525683201
1.89949669890065	1.61979406616747
0.988522873072784	0.800268465924112
-0.953744261792335	0.581497680086581
1.08740515355463	0.668198476397688
0.533642805684197	0.194234863625944
1.44598024938091	0.485455548198704
0.159421595053514	0.0405224643025682
-0.348220543213602	0.101642486260234
-2.58107011718166	0.682882000334415
-2.58142672375403	0.684312616488773
-0.636959492719679	0.156887069567616
0.145952781975537	0.027957432098957
0.145952781975537	0.027957432098957
-2.58550852264163	0.684811136427957
0.428602780244751	0.324093235051657
0.17087317355713	0.110261139105162
0.159463584617569	0.0910899892246745
0.301117062813345	0.216517441474958
0.901803463510536	0.488358403403657
1.4614065275082	0.913948919086359
1.09795675176082	0.826385650446508
0.449172200064502	0.323187609639757
0.310849132762642	0.185523491500641
1.33813720779684	0.59634854680219
1.07339792195029	0.527321292719669
0.0160278794280067	0.00874035032986658
-0.336347641318541	0.201493503888814
0.0470611056103641	0.0288442910620365
-0.0960725175278341	0.0381042469168855
0.0554949472790918	0.0339989371410059
0.656335785447252	0.463861810979125
-0.406974423562877	0.229877780269019
0.163448799375845	0.0998129075830966
0.339970424438657	0.188134428583359
-0.407585652010945	0.230124455288892
0.708448852119216	0.461214185970324
0.179821969144787	0.116858257492323
0.580481679701282	0.460666308118604
0.153711764128809	0.0527491208213691
0.162658669863083	0.0488809126815502
0.167233311085895	0.0420824369080308
-1.26937561527664	0.578362564289604
0.360112818268282	0.181146727103624
-0.490550190023842	0.256497169003208
3.25819512813541	1.12540871646052
0.448996652727867	0.182338661350822
0.944102727079701	0.251755733219961
-1.8009224274669	0.401413641514774
1.82181009048851	0.722838953614028
-1.15283708537682	0.354221264198155
3.64116538459265	1.45183288542129
0.144624243113007	0.0277697138706121
-0.637509639132058	0.157280902410938
1.23049682244887	1.18955902472031
1.06287617867629	0.519596188178555
0.150502237232393	0.0517694433165819
2.13197740075321	0.961257723592562
0.451783977538765	0.183363070775372
0.511737046109471	0.439275899151771
-0.344446570190129	0.244736473079332
-1.48962506835334	0.762431636633961
0.608271490203397	0.457999785779752
-0.788446393713948	0.79833898822455
-0.1427947112093	0.0806547670586064
0.178227871318657	0.121576284009332
-0.343150809938183	0.274532791507025
-0.582988003243233	0.42396826351113
-0.493323073933414	0.258599803644877
-1.93737254827791	1.88737809822877
0.163145702714914	0.0860739280612124
0.144361728014979	0.0624240103865054
0.940366139413571	0.250549017337595
0.824695798850496	0.352131315008219
1.44637717898614	0.486482829772734
-0.723678625838308	0.25185170240566
-0.21438297968887	0.070119295219489
0.460755946487904	0.187052839888969
-0.757606825717428	0.331612302146802
0.159421595053514	0.0405224643025682
-0.519549047944463	0.199118520659248
0.148874773794293	0.0283648154803441
3.26141769425846	1.12732988282303
0.60566173497832	0.316451429482637
0.147689640377863	0.063755418646655
0.781450563654671	0.610909298004604
1.68271464294013	1.93456100019195
-0.696234663713338	0.607941444006528
-0.308342821735167	0.141269875142265
0.408579681231937	0.322325872661635
0.551009701415174	0.457886045707635
-0.979183014591883	0.959500326656348
-0.668677673528749	0.463831195036498
1.11678292232697	0.994324246807196
-1.47103481020861	1.01934512892471
0.913430174075492	0.788457713224076
0.15190298259254	0.0865229964441361
-0.338815829402781	0.202864044022319
0.789965653176111	0.620297591538106
3.25711819118569	1.12516204396806
-1.51867963642989	0.551199515777305
0.939298703364537	0.250809511779044
-3.08660653838605	0.975157312690119
0.160136994586442	0.0483380929433701
0.527363353825197	0.191753502011621
-0.633263297544021	0.156213540903658
0.158324698427983	0.0402149964785429
2.74958998501656	0.787920507210083
1.3316093311876	0.591498521126687
0.535711132992892	0.195347083049004
1.44651862707379	0.485997879309324
0.827226258738813	0.352795662331909
1.44816685557941	0.487186600500996
1.03957617416576	0.399643236692894
0.939853714804409	0.251002284675557
0.431386988544074	0.326763339860049
0.564917151934792	0.446877618835201
0.174474865099463	0.118680080842617
0.156763807018891	0.067759613248126
1.0385642363423	0.399078648892044
1.45151622307992	0.488502446881907
0.649026324807818	0.455244072657393
0.899804584859704	0.485896982493701
-1.15660552951121	0.646019881766231
-0.550336340906028	0.347117857925633
-0.0231660553912872	0.0110335976228706
0.610991137848864	0.320087460646853
0.36839975703354	0.185445215653388
-0.0411423070467359	0.0191999726922733
0.148096522209558	0.0640983759622196
0.159395939491826	0.0840973758371728
-0.0809531226910746	0.0491980478892428
0.656804077060969	0.464320469865345
-0.514908806238071	0.197238634697011
0.158857588582489	0.0479158038261938
0.144983099103736	0.027824125638065
-0.144102508835248	0.0519955989315975
-0.347881275810247	0.101704932899344
-0.217062344939073	0.0708765351682746
-0.515117986301378	0.197241312249829
0.155550381288868	0.0533726526007366
1.04407793800765	0.401530572798881
1.06405538147305	0.519908228968784
1.95373899190972	0.460332693481441
1.95373899190972	0.460332693481441
0.686975617419814	0.322653937820887
0.943541575109422	0.251560831713342
0.156627732158763	0.047230275219086
0.68726412224936	0.322784847342509
0.158729294236089	0.04043260950787
0.939853714804409	0.251002284675557
1.44816685557941	0.487186600500996
1.95733767915288	0.46077898524688
1.4369335292665	1.61705733447268
-0.0353061286871733	0.0165777730307309
-0.112258725633887	0.0658924049162969
1.08956248405582	0.670202865529133
0.687747503728188	0.595850655967919
0.553850386499615	0.319008607563987
-1.35267987033538	1.11253779302325
-0.59975476127716	0.287515310120908
2.75266401457334	1.71007896677769
0.996516352611737	0.808735028300666
-0.792449875198302	0.603118718256666
1.06929300120453	0.523265721595554
-0.700041888451994	0.556676921122799
1.1064138850184	0.830814174669881
0.615526116737389	0.574938830086049
-0.599988887599142	0.285950681900628
0.464352747872054	0.312941602209185
0.31709244784128	0.204364688457387
0.158722764731618	0.0683855882930619
0.443921700228586	0.179193085816163
0.145952781975537	0.027957432098957
0.938232517255131	0.250080666640462
3.92866091273962	1.7529122678796
0.385995813298406	0.17388397060915
-0.790617993123266	0.431533736915007
-1.17422978662609	0.65844706785752
-0.143516882394247	0.0518303322908422
0.666381294485655	0.214481042382208
0.671739146590236	0.215516932210142
1.33268267370684	0.593331252982876
1.03882026472922	0.400114292850008
0.938248859313576	0.250075465138056
1.44761288956207	0.485599146607164
1.03705168717883	0.398261057696949
-0.210870083038772	0.0690051452148311
-0.212798568693958	0.0689678530643303
0.943029051172106	0.251479485037243
0.1548630007545	0.0818646122072001
0.696300917237308	0.328373352408546
-1.56186741987624	1.50086250266209
-0.653705780664991	0.385444280376341
0.162070178892022	0.0411144637566376
0.322528682472666	0.176400274836677
-0.191998385593957	0.102387800807756
-0.659036691231645	0.388814265879222
-0.613720442545297	0.501407906201265
0.717764702633216	0.469197238855709
0.4472701289282	0.320691234836576
-0.0931619833305632	0.037041987986927
0.32032339303497	0.192371669605452
0.157960910869884	0.0903926919831199
-0.0639077958753657	0.0278252107170682
-0.79285702512605	0.605456494124159
0.387110506268526	0.17419705625885
1.07277333902931	0.526857200434305
0.692126167841955	0.325459165070953
-0.636438389477554	0.156998062672413
0.144983099103736	0.027824125638065
2.7486062124648	0.786021619850662
0.827726572998535	0.353380486630744
-1.26965711158767	0.579970689675105
-0.706740203609235	0.620487181239873
-0.138864220789683	0.0501873456253006
0.159421595053514	0.0405224643025682
-0.347136350857903	0.101509886664517
0.144983099103736	0.027824125638065
0.667130392787493	0.214334835345571
2.74958998501656	0.787920507210083
0.695696440345634	0.327652628104172
1.95373899190972	0.460332693481441
0.816543408531368	0.346819059873707
0.939853714804409	0.251002284675557
0.158324698427983	0.0402149964785429
0.666049960969073	0.214022945375077
0.530247760780079	0.192857360219512
2.12205365319579	0.964511094233725
-0.026937111659461	0.0127557622111866
0.330738026329054	0.182413955352174
0.150870676306444	0.0582824810304815
0.951715249767387	0.641567820815909
0.16089014359948	0.0485574624883246
0.700685186028619	0.453620932912302
-0.245518903511209	0.122644873476752
-0.399675908886266	0.224996953765401
0.40340548398394	0.182616252433243
1.23649041164045	1.20019270143512
-1.1603342112263	0.649980701034027
0.861880429353528	0.631494124123307
0.596284052955414	0.309380049599091
-0.546757533489932	0.345504898848347
0.550016562309006	0.317288651925014
-0.0869025545059569	0.0346424907904693
0.400283172936224	0.181484775537511
0.450876685574105	0.182868541134948
1.28083833158466	0.711779391555385
1.09374852708382	0.819776289161854
-0.232504342781546	0.115469009490899
0.665941321685367	0.213560151165885
-0.633263297544021	0.156213540903658
-1.14352115801698	0.352309794326609
0.528584868577847	0.192427149587019
0.691713932736703	0.325792067163215
1.07154807786812	0.524761013102316
-0.143852341471153	0.051846614986871
-0.35108905718488	0.102362211478167
0.473308521239045	0.320371179051191
0.534148054260319	0.194272150264542
3.63553631715371	1.45516543033256
0.144983099103736	0.027824125638065
0.145952781975537	0.027957432098957
-0.346051722995957	0.100990327474769
0.936140043418633	0.249341310754104
0.825597474038335	0.352498147547611
0.159120665328247	0.048062202194274
1.04306281920514	0.401137401202673
0.531843076130347	0.193511668396616
-1.48438048959655	0.758273432029444
0.666049960969073	0.214022945375077
1.4452850207351	0.485057538595493
0.939853714804409	0.251002284675557
-1.8009224274669	0.401413641514774
0.938786187734731	0.250272333462114
0.664969953013349	0.213264891085546
2.75057603691244	0.786424841779512
0.940922493736804	0.250741724034319
0.533895130806427	0.194581489771343
2.11375324652734	0.961449694741809
0.525547554244554	0.190440029431187
0.162473111348855	0.041123724112904
0.786470153182343	0.469391304893052
0.692732319345477	0.32710229474396
0.500365138268208	0.313609416061038
0.902614638554908	0.487800853081471
3.25819512813541	1.12540871646052
0.66882031530722	0.214977617538568
0.698800167313728	0.330521280205619
0.154882952293707	0.0818284822155709
0.308698571516289	0.211609937267475
-0.772217138315866	0.339370153386499
0.168563820069548	0.0965995365555383
-0.394781580804792	0.272124245294225
0.544335214339792	0.313308306959433
1.25255401801175	0.862729004323264
0.156915520913592	0.0896075288118581
0.152415713608906	0.0730855424245118
1.06468052402213	0.521190538628543
-0.0958336002955322	0.0381547956098317
0.176768448423966	0.101355864185501
0.551156598406749	0.31817268818617
0.533642805684197	0.194234863625944
0.159873979297135	0.0482815097019209
0.66209183440345	0.212643534404712
0.934005942223238	0.248873278369857
0.668211247777032	0.21423636425458
-1.15283708537682	0.354221264198155
0.152633350829298	0.0389395951664406
1.34237983797541	0.59612042924536
-0.722656757230261	0.251937110505122
-0.766320493292693	0.336389703304775
1.09766359633856	0.674637636611293
-0.717393763247237	0.249373645181193
-0.902173256671335	0.748780190828659
0.0561268320014351	0.032419111206899
-0.00725094833979657	0.00355435796675969
-0.721156709968222	0.250838938542479
0.158729294236089	0.04043260950787
0.669151397214654	0.214915118766865
-1.8009224274669	0.401413641514774
1.45081573296225	0.488099054152683
-3.76176040838625	1.51993807033519
-0.357561857283125	0.103917445694499
-0.636959492719679	0.156887069567616
0.160626900474085	0.0484137065522702
0.157069116687721	0.0399247221824271
-1.80103877399874	0.401412128456168
-0.215195931048969	0.0702838847643204
1.4452850207351	0.485057538595493
-1.27194474516084	0.579924971604282
0.456792278156868	0.185293331138909
1.03806395636365	0.39882502542582
-0.720885051656636	0.250598309067814
0.141371543201342	0.027282216107575
0.944102727079701	0.251755733219961
2.75257155834301	0.787872112571947
-0.636990001200621	0.156817984288667
1.03328569894233	0.396661373515875
0.158324698427983	0.0402149964785429
-0.342526998757891	0.100043172269755
0.825627560324539	0.352703738337273
1.44707333879815	0.486882965382531
1.28142676140688	0.714044054375297
0.145297442141366	0.062817294385945
0.505433199361887	0.31761393737277
0.713681075815278	0.466533394026749
0.787910529580683	0.470488776135385
0.998396447693819	0.808034249114818
0.153688633935375	0.0737616195855533
0.447068025243979	0.181470820686563
0.159120665328247	0.048062202194274
0.71227204439895	0.466148073918676
0.827465419165181	0.353580301177974
0.00282417985503258	0.00127908467150482
-0.383041047048306	0.300028203414754
0.168244510192859	0.108935099374328
-1.09483262875324	1.04903404414313
1.24583315673745	0.857667157423622
-0.57853582966351	0.420705408644673
-0.916680613557361	0.661497682235633
0.695696440345634	0.327652628104172
0.785891506393505	0.615285900995847
0.793244074071201	0.473981244390954
-1.61080490215389	1.23236856126249
-0.0330927153637434	0.0155290877796169
-0.0217276392904941	0.010379151762058
0.822402209821857	0.350044997125988
0.154125754800974	0.0594561171756928
-0.206365867327093	0.0673806420364606
-0.783925460817608	0.425665655982824
0.353181265077549	0.176623406869158
-0.313610546303376	0.144092188807115
0.159421595053514	0.0405224643025682
0.145592290548819	0.0279027526196651
-1.82163090587372	0.754162693237932
-0.183644052858003	0.122013414031518
0.31458653728083	0.202628287127826
0.39762165032052	0.327097895772804
0.177301779866711	0.114968550304407
-4.40892892238831	2.27402185629541
-0.721906540285296	0.25157399652224
0.942469249206212	0.251285156498659
0.156755264990959	0.0538881191673598
-0.636438389477554	0.156998062672413
0.159873979297135	0.0482815097019209
-0.9460117633765	0.577157698100559
0.154819554186086	0.039408070567956
-0.635886909613779	0.156604724964807
3.63214416087956	1.45298046940176
-0.347476635066155	0.101259316294087
1.4497197553516	0.486935149927457
0.674197973069904	0.21591282907208
2.12281247852273	0.965310170814929
0.446502278429375	0.181108730956228
0.67065498417138	0.215487616922184
-1.28026782015807	0.585048846712041
-0.21688918582617	0.0709123691608258
1.34519532935534	0.59676247166295
-0.721906540285296	0.25157399652224
-0.346391761922432	0.101125986544327
0.664222224803941	0.213409026485109
2.75356411778207	0.788200953807627
-3.77028752234844	1.51217714097183
-0.220662150695417	0.0721303089573529
0.145952781975537	0.027957432098957
0.16137422717943	0.0408817023262115
0.160516143169782	0.0550975946447159
1.03780816129706	0.399548214209553
1.03957617416576	0.399643236692894
0.158036719368933	0.0402017101522864
0.459229674353528	0.186708341659701
2.07432003112327	2.58708449687971
0.340535517211462	0.188739893487922
0.160645055568265	0.0549932515063305
0.541243365627816	0.310402156877674
0.302207267179957	0.206782220278809
1.10449170297916	0.832332814833556
-0.540584745149437	0.339503766606308
-1.47442910564263	1.02407049959421
1.4599720558415	0.914153268307337
1.28231356930787	0.714059648927493
0.669903363513283	0.215634804708644
1.81536932957483	0.720970661473197
-0.141689378848865	0.0511796456978854
-1.67448519221034	0.952625230965565
-0.654698858164239	0.386764884427653
-0.241831299491013	0.120352693461181
0.855049584954711	0.623553744336486
-1.84458387813634	1.66494894061984
1.24439574331574	0.857598763771615
-0.579685957320743	0.421400129651638
-0.064232492036837	0.0279678825605393
0.167272843178071	0.0801661066759987
1.09766359633856	0.674637636611293
0.39279633810394	0.177595379113736
-0.653048836004908	0.384370927434114
-1.17197238879619	0.656483605597773
-0.0544875490317085	0.023820043871106
-0.244398470915178	0.121906369265255
-0.600911519686007	0.288240547866383
-0.143518895199953	0.0518583858402703
0.954732396629646	0.641015129144701
-0.38695836629556	0.162163500198277
0.1564887689413	0.0537706581930758
-0.768179820713939	0.338079744104205
-0.725126895809426	0.250579421039543
-0.190029429337771	0.126973623641706
-0.64613280843242	0.380156496771077
-0.792487794477117	0.677366324770891
-0.30548665166129	0.140453330720735
0.0182320809864932	0.00991153793969679
-0.459216722291176	0.304126767571529
-0.0592047836506689	0.0257651429265644
-1.4886583834301	0.760002527897141
-1.09810085631063	0.748213932424267
-0.0833421033455929	0.0331288487408139
-0.269684155215516	0.168420345135587
-0.215362013913717	0.07044095074977
-0.211850105553722	0.0692255268891727
1.82041011870169	0.724546408240772
1.07683239023217	0.526386397211505
0.531124427990143	0.193496952060357
0.66957124715326	0.214831928354538
-0.352171048045609	0.102884554871845
-0.348626537089827	0.10172068619406
-1.02511814143824	0.41200820059487
0.15375018667389	0.0525677106777077
-0.147259595900991	0.0530219977882381
0.156126682812664	0.0674342592142701
0.159753181781469	0.054594170125631
-0.494861921414542	0.258613441042223
2.11825875465965	0.964963255219529
0.15372623772021	0.039243442264908
0.935072365625058	0.249598704803732
-0.352502268480792	0.102674771115327
2.11375324652734	0.961449694741809
0.939853714804409	0.251002284675557
1.62093061140608	1.13444332668524
1.08601932479831	1.2639152425369
1.10305917923317	0.831101352797771
1.31959730057597	1.53262451529027
0.549464679761382	0.456386555315793
1.33292908935071	0.591884606497793
-0.955559354701412	0.584549318333612
3.18317218490664	2.59073851572355
0.906282042367378	0.491398748550521
-0.0351917225234921	0.0165314671100132
1.27168105355701	0.705734582510771
-0.552838261269286	0.348288547708702
0.150226451346373	0.0649340963371622
0.325276615849097	0.1783560470574
-0.970971203315627	0.483077229419228
-0.138243118194653	0.0500006706162779
-0.307609878692545	0.141461642504171
0.147721991478246	0.0639406169439748
0.307713835078341	0.211015894828676
1.14238736030401	1.16150805331126
-0.153111027024338	0.0549820916031816
0.782594282095568	0.465334187376223
0.699307695936693	0.452201967817995
-1.32796677998867	0.833254538561395
-1.2270258732174	0.919551013388354
0.465312898660008	0.312388038004899
-0.338248411553278	0.240013814525522
-0.405043809997672	0.228585846607067
0.408534991575267	0.322032918579918
-0.0329895223656436	0.0155242610092924
1.24246176182548	1.03772070144965
0.154690975495977	0.0816594220636209
-0.483504714261293	0.251632421187696
-1.16957662979487	0.656400453451052
-0.524874987781082	0.200933052994701
0.856810868206523	0.625919168832129
0.146573784264589	0.0703612570068443
-0.723672302673316	0.251728336614369
-0.51396531615413	0.196814734006425
-0.724424172815078	0.251988281234418
-0.346051722995957	0.100990327474769
-0.38309503017038	0.300787577433958
-0.502406562992702	0.377159938688259
-0.412668618741471	0.233017545966436
0.600568521603823	0.44983804972554
-0.00401900342521244	0.00198165871190115
0.15487491041561	0.0743845155996699
-0.210546581432515	0.157914337488853
-1.25614590410416	1.16820607041373
-0.21158767729877	0.0692522593193464
0.157633323445896	0.0401249768572365
0.340069876266978	0.1884693738549
0.666381294485655	0.214481042382208
-0.39036423870232	0.163650413054301
-0.216341300405611	0.0706275337190599
-0.397869601896913	0.166567008805953
0.449597240574579	0.182834116917075
4.18583143983219	2.03875270233209
-0.215822966582871	0.0705622923402569
-0.636959492719679	0.156887069567616
-1.14671720971639	0.353197314225222
0.942522131541529	0.250479126468996
0.144624243113007	0.0277697138706121
-0.139752326182417	0.0503906978791226
3.63664142756648	1.45554969527548
0.144624243113007	0.0277697138706121
0.144624243113007	0.0277697138706121
0.825597474038335	0.352498147547611
-0.788831052391911	0.429887254531929
-0.636438389477554	0.156998062672413
3.25711819118569	1.12516204396806
0.160136994586442	0.0483380929433701
-1.13907413243892	0.350415838742694
-1.80497515009983	0.40204480448646
0.162070178892022	0.0411144637566376
0.166387456537954	0.0498370407588944
0.784554359605239	0.466949809728913
0.404581977001486	0.18269416588079
1.09803948205061	0.824688216558073
0.360013096604522	0.181133493727797
-0.222358457614273	0.0725370670442538
0.317596539120319	0.190287353101121
1.24972462939138	0.862593816128379
0.845572503037383	0.613289469639427
-0.79625106816809	0.682916632776859
0.39492247659388	0.178762333936207
-0.941900851110006	0.684212950847183
1.7861755493217	1.0116451711998
-0.0646509228710535	0.0281373735429023
0.162121800383735	0.0778372535395388
-0.338257936499082	0.202714373579529
1.65693482968986	1.54614219399272
-0.0899380602588858	0.0357835431692283
0.36115116040072	0.181194355422739
-0.158910688536371	0.0899104890724262
0.178220751663773	0.109250153114044
-0.282041070212005	0.177085943678533
-0.407585652010945	0.230124455288892
1.24951727311179	1.2141356336642
0.958476474186125	0.646309817586797
0.331713296570035	0.183151162167414
0.314211382744573	0.187853297802905
-0.030106296045744	0.0142210847791421
0.390461625848725	0.176382553352596
-0.0975205168013124	0.0387643603417321
-0.148395485841531	0.0839726621594002
-0.30139884606845	0.138312020328735
-0.0692414986885682	0.0299664622454233
-0.154733910304739	0.0554194280623116
-0.517195310680798	0.1976432330412
-0.726161254656457	0.252560499450293
0.934005942223238	0.248873278369857
-0.514635039335923	0.197073437131208
0.168016712657457	0.102883178646444
-0.290244282438876	0.21081061143048
-0.387903502723775	0.305390467797066
-0.216727163853526	0.16356179253998
0.156513315417891	0.0895084436615458
0.16978239812176	0.10379480458648
0.53957934307689	0.3101929353535
-0.0913860848587438	0.0557516205110222
0.446062175944567	0.320474247897845
1.53458063168703	1.30602254595001
-0.34327511670262	0.100238459904739
0.664222224803941	0.213409026485109
0.531475663884314	0.193334490534739
0.65630642066106	0.463611481655486
-0.0568644161075437	0.0248403449950877
-0.40745211644338	0.230313235351314
0.15854202185698	0.0610225659901141
0.45081542313859	0.183214483609203
0.155816413428406	0.0535628127143977
2.35684336584017	1.19934905083067
-1.01780430006598	0.406968219093888
1.4497197553516	0.486935149927457
-2.58142672375403	0.684312616488773
0.159132199857942	0.0403652499117015
3.26250083711191	1.1257992465865
0.163624541637998	0.04930959903967
-2.58107011718166	0.682882000334415
-0.348626537089827	0.10172068619406
-0.221493832533703	0.0722470430982882
0.535711132992892	0.195347083049004
2.56150144154925	1.44116569257293
-0.72744557418559	0.252780736704773
0.145952781975537	0.027957432098957
-0.347881275810247	0.101704932899344
0.145952781975537	0.027957432098957
0.154261862198153	0.0741366185199426
2.12662648397539	0.963369877701206
0.938248859313576	0.250075465138056
0.158324698427983	0.0402149964785429
1.45747142816904	0.910935408493685
0.155185700367323	0.0746059322887215
0.0151774858457744	0.00826830778706367
0.154514436974317	0.0743218842570371
1.96280107924308	1.23381710097043
1.24920616722268	0.859786769642892
1.12227089331792	1.00319446779317
1.04230743707962	0.401611574259419
0.603457161923277	0.452764560396791
0.359739237950821	0.180437255612214
0.174709082144583	0.113454942826984
0.450532391701879	0.183205964517695
2.11476331684021	0.962649218894054
-0.34327511670262	0.100238459904739
-0.785862113589565	0.427534955195118
-0.932599962479974	0.679813497175578
-0.189479764325516	0.126057806991362
0.652658950068947	0.460528038630388
0.644656662404124	0.453248856205254
0.150411831346825	0.0649758653945405
0.154312196248935	0.0667943680936473
-0.790531009472288	0.801837024373581
-0.0460081320723325	0.0286967465851613
0.60566173497832	0.316451429482637
0.145147775720276	0.0696199990312884
1.1125577441965	0.990652381139812
1.11404388990661	0.992436261137945
0.45083767344141	0.183111265974364
0.392137327199586	0.176940423183817
0.447352339312478	0.180963328748317
-1.46690064353333	1.01532401109268
-0.152534068043015	0.0549540888678141
-1.45898425047532	1.30049327868468
-0.800116509234342	0.436124783521164
-0.0950664463688331	0.0378097886654273
0.940366139413571	0.250549017337595
-2.0696598940996	0.958279455182357
-1.46472601797511	1.30065646093335
-0.790046640681772	0.603454683344764
-0.131747840998524	0.0922102217669062
-0.544612797332681	0.3427705158409
-0.33710299190406	0.201941764133788
1.47527164612885	1.4676199340128
0.50663689146404	0.319089236437944
-0.53701356014795	0.447278566174388
-0.952144746035114	1.0104331822265
-0.245460078789429	0.122278464551879
0.431115552121253	0.325999146466154
-0.0493516615674796	0.0308871422540884
-0.402978884877553	0.226711161865282
0.669903363513283	0.215634804708644
2.11577314290531	0.963107092671546
-0.515852566204875	0.197244185536905
-0.94954442327965	0.581254464006149
1.24380456475391	0.852916860434172
1.76569994851088	1.3618479985592
1.52528783164258	1.29348472581073
0.14596759333322	0.0563032907715946
0.15372623772021	0.039243442264908
1.82181009048851	0.722838953614028
1.04058787371703	0.399831169158897
1.04407793800765	0.401530572798881
-1.13838195218038	0.350237547909829
0.66209183440345	0.212643534404712
-1.26937561527664	0.578362564289604
-0.221123830702358	0.0721545620197949
0.153043243304895	0.0525994638842455
0.526641831692418	0.191735599167788
-0.109343730839689	0.0432496136663533
0.162070178892022	0.0411144637566376
-0.137292999992855	0.0495706582975502
2.12205365319579	0.964511094233725
0.938786187734731	0.250272333462114
-0.348964786734811	0.101837107016821
1.05115184115334	0.401763181669949
0.154426155420695	0.0394015396377603
0.160245495668551	0.0550404979204778
0.158729294236089	0.04043260950787
0.830281395788375	0.355150943185541
1.0796338925615	0.661013122798282
0.542022493200068	0.448352989976675
0.464950109684446	0.3135855467992
-0.467962563624674	0.310949775889904
-0.149096592269797	0.0843290939189273
0.654900916607519	0.462238262406709
0.409625676435319	0.322223603435298
0.878933940185155	0.882353681480071
-0.00347657765606495	0.00175107149404545
0.702188639204418	0.331853922277242
0.322902149141845	0.208415150126666
0.608286211009525	0.318183829671664
0.1412390285954	0.0676407900851309
-1.6682036874702	0.949953325058717
-0.973042635537788	0.48365648985277
0.334409157019891	0.184990536277788
0.0378470560182933	0.0218614616288342
-0.238348866729638	0.118864095071033
0.617680176371994	0.57620698503596
0.0350477617222987	0.020343400019812
-0.915347323018739	0.761942098494417
1.10729737372381	0.835141373727772
1.58738578270952	1.70564864666237
-2.45125548133384	2.37316920806418
0.999380848908507	0.812321446026597
1.85622871763668	2.40636067258674
-0.290557434157832	0.211075865150743
0.718739063363679	0.470085943123328
-1.55535938314793	1.4928734221645
-0.304956361399823	0.139950977553519
-2.12596753753889	1.62027552539983
-1.09793575902146	0.747877004766513
0.545926684446715	0.314316864519506
1.24461842741683	1.04095250659784
1.24920616722268	0.859786769642892
0.67065498417138	0.215487616922184
-0.215362013913717	0.07044095074977
1.95373899190972	0.460332693481441
0.154426155420695	0.0394015396377603
-0.146340352033991	0.052840837935371
-0.652847201522154	0.385100756363147
0.0169101847308333	0.00914542287104961
-0.142728789300416	0.0804943248963969
0.547264302115407	0.315720026350236
0.783809647791263	0.466378175167393
0.741661929870392	0.616416970461337
-1.02126179208727	0.410975081816502
1.12052250929223	1.00131142385527
0.137185803077308	0.0590490212684126
3.26465972756103	1.12436390836181
-0.217992545275761	0.0710359250474542
-4.40067222998414	2.26648552037974
-0.147873446228401	0.0533861392609676
-0.791534407870294	0.43195992185773
-0.792528876338578	0.432332578079865
0.16089014359948	0.0485574624883246
0.15372623772021	0.039243442264908
-0.306975394050471	0.140867364592611
-0.721894572215335	0.250656240529404
-2.58550852264163	0.684811136427957
0.148874773794293	0.0283648154803441
0.145592290548819	0.0279027526196651
0.935072365625058	0.249598704803732
-0.638059916511872	0.157099877961465
-1.80497515009983	0.40204480448646
1.58115886420666	0.799410521045854
0.144624243113007	0.0277697138706121
0.1564887689413	0.0537706581930758
0.664537539501677	0.213141860355242
0.703433439302132	0.457777279191544
1.82393551449113	0.726315315015904
2.7486062124648	0.786021619850662
2.3597506909628	1.1999225522107
3.63553631715371	1.45516543033256
-1.14420932638858	0.351785528543761
0.939853714804409	0.251002284675557
1.95373899190972	0.460332693481441
0.141371543201342	0.027282216107575
0.144624243113007	0.0277697138706121
-0.38754286036109	0.162377826217245
-0.210870083038772	0.0690051452148311
0.551514244172734	0.318106558746267
0.153765819372851	0.073672523079029
0.788112118701257	0.468256153076577
0.338122911870817	0.18647849065376
0.36839975703354	0.185445215653388
0.165035576011375	0.100667926714506
1.06815606892826	0.523036733978032
0.442909715055944	0.317473926273291
0.650093141644888	0.458440332985441
-0.396421062608657	0.166418251931146
3.93113012959665	1.75546371298809
0.152777340099983	0.0524682996095803
0.159421595053514	0.0405224643025682
0.144624243113007	0.0277697138706121
-0.383554597260228	0.160100075105466
0.692733693329814	0.326479597718437
0.900285050669308	0.485762661563773
-2.23894536251207	1.86036959431099
0.989691743014995	0.798058792461399
0.520774038718086	0.449474984927813
0.325063972159293	0.195412101522287
0.449623635043644	0.182709849138681
-1.98093787909125	1.3776126497219
0.335734019900837	0.185152187680165
-0.228608993488824	0.147971438248527
-0.0588179712984367	0.0256222844712266
0.339020581920579	0.187555614300722
1.06468052402213	0.521190538628543
0.61380515738731	0.321759708638614
0.159866246158409	0.0768294298024279
0.160245495668551	0.0550404979204778
-0.220662150695417	0.0721303089573529
-0.067030129682386	0.0290855703724291
0.530247760780079	0.192857360219512
-0.722656757230261	0.251937110505122
1.9546069313489	0.460412245381477
3.26141769425846	1.12732988282303
0.160518930457975	0.0406859460362184
-0.485034015143643	0.253180339648376
-0.950601121442472	0.578704046797879
-0.936525487012995	0.682892940132346
-1.94263689473977	1.88848359712406
0.0521291121488052	0.0319924361715774
-0.00408162882184079	0.0020567833486828
-0.0872408165350599	0.0347672422195561
-0.138864220789683	0.0501873456253006
0.156536429990366	0.0751885273863745
-0.639532376284299	0.373028914355219
0.305451600230924	0.20878551548122
-0.98309457724324	0.489629484686196
0.160518930457975	0.0406859460362184
-2.58550852264163	0.684811136427957
-0.762917044259969	0.335226279565195
-0.769717752575689	0.338699512066309
0.320753726111078	0.193026281047072
-0.00615994800325297	0.00305821232901307
-0.00476474486251629	0.00233959595742039
-0.0931619833305632	0.037041987986927
1.78219589930455	1.00681103224137
1.44707333879815	0.486882965382531
1.81965712946419	0.72393570375632
-1.8009224274669	0.401413641514774
0.664537539501677	0.213141860355242
0.160518930457975	0.0406859460362184
2.7486062124648	0.786021619850662
-2.58550852264163	0.684811136427957
-1.51719900420769	0.549264213163276
2.11724622187767	0.962498448798977
0.157466300280273	0.053998963722883
-0.65971514388116	0.389706025514372
-0.596437196437142	0.285696190208375
1.04256665160238	0.400711187611403
0.938786187734731	0.250272333462114
0.939298703364537	0.250809511779044
0.939853714804409	0.251002284675557
-3.09129418995865	0.975610822572426
0.940922493736804	0.250741724034319
-0.633263297544021	0.156213540903658
0.148874773794293	0.0283648154803441
1.4454247852823	0.484840762250273
0.159421595053514	0.0405224643025682
0.533929153719975	0.193614280598211
0.661336234174573	0.212381115853655
0.69790906599664	0.330043247012599
-0.189143559257306	0.100899066407635
-1.83341033911232	1.15576485317372
-1.00927745730378	0.904469011260552
-0.309869972952943	0.142441480449791
0.165129397966442	0.0496596498417191
0.145648187043975	0.0698841312035911
0.473223639713082	0.321124711577207
-0.651287430270686	0.383478748630904
0.400283172936224	0.181484775537511
0.16089014359948	0.0485574624883246
1.46112776705756	0.916117138420401
0.159421595053514	0.0405224643025682
-0.635886909613779	0.156604724964807
0.860588724091517	0.630319421579185
-0.386323774634062	0.161429307991172
-0.273961337961672	0.170792975049326
-0.0301218673939284	0.014216697534082
0.397820522401393	0.179987072869989
-0.189742006473446	0.101248803681423
0.396932069772902	0.179599961331167
-1.15943075711123	0.647595041048012
0.393808912204817	0.178187866130017
1.27506069987766	0.709328572158562
0.453971605986436	0.184766637057688
0.666381294485655	0.214481042382208
0.830281395788375	0.355150943185541
-1.09576711200377	0.742818431675525
-0.542227549310382	0.341231826024419
0.675285468234335	0.216285450940634
1.27256695088026	0.706349452463665
0.357515720111022	0.179228215736386
0.154928167439297	0.0532400543451358
0.154712699000134	0.0596505747734926
-0.305531014919253	0.140200743393718
0.160136994586442	0.0483380929433701
0.162070178892022	0.0411144637566376
-0.353252610180752	0.103014720617828
-0.305531014919253	0.140200743393718
-0.39993450068017	0.224313741688674
0.0303318050121096	0.0176253064345469
0.319278691531742	0.191832330353989
0.790168616577422	0.621320349784427
1.65490733534421	1.5414879073947
-0.386950617933551	0.215143753093896
0.457375103147943	0.328936911206781
0.0767076277653774	0.0518481167073945
-0.195094413266544	0.104455297627087
1.22909562600047	1.33638503894834
0.600898533437797	0.448200765346236
0.154715920104918	0.0816794289526361
0.862837698538311	0.632544756372017
0.537151068021291	0.195568545631627
-0.271894999693927	0.170099766848854
0.5089166627754	0.320687910008467
0.436470884377936	0.311308280186632
0.166148905746491	0.101645931020041
0.155185700367323	0.0746059322887215
1.25238594312291	0.864334240332304
0.149393548968842	0.0381755606353435
1.33365346781733	0.593790400301544
-1.66995454401229	0.950549565974555
0.674197973069904	0.21591282907208
-1.81488203899203	0.750473718254322
-0.214123379998796	0.0699227235538962
0.690824318807118	0.3255827657753
-1.5190906504648	0.550321617620206
-2.28175203851727	1.17015294733225
-0.333492662898025	0.199141376553295
-0.305635796755167	0.140581009048771
0.307713835078341	0.211015894828676
1.8188969887676	0.722727252980005
-1.8009224274669	0.401413641514774
-1.14283325733795	0.352132388893513
0.144624243113007	0.0277697138706121
0.531223226643993	0.193578240394512
0.664860493439773	0.213529366716842
1.81825742519256	0.721714939545741
0.157772450057789	0.0400836004593127
-2.58107011718166	0.682882000334415
0.159975713550132	0.0548588370938941
-0.142554849135348	0.0513014503045741
0.143155945595927	0.0550208488822678
-1.02798604242193	0.413256750767976
0.912901683307416	0.787872899655519
0.905723118232228	0.490708837002594
-0.11891665892394	0.0700728525952586
0.471055308778695	0.319123683710331
0.395275590831204	0.324191436492387
-0.141000930296514	0.0794908254857276
-0.584978767021375	0.425690689556377
-0.246015122762329	0.122929191728052
-0.671715945834335	0.46720406255409
-0.234353918502049	0.152491707691127
1.08722946237737	0.668191160058478
0.365789408623556	0.183822469014344
-0.149074022216404	0.0537217230515229
0.786627438763555	0.467754376501707
0.394696629328008	0.178727714279621
0.998911168620984	0.811988243462821
0.00282417985503258	0.00127908467150482
0.482103653928347	0.326782957879312
0.0156276714710995	0.00850537106269656
0.726335115276472	0.600213569082169
0.307630343499684	0.197716573362112
0.784083765400642	0.615014685451091
0.702188639204418	0.331853922277242
-0.0605421636590245	0.0263589738390532
0.161147472738018	0.0850948886028606
1.0416039863125	0.399324830333146
0.296136235986176	0.201755445720955
-0.47826015305015	0.248140790037211
-1.096448437717	1.05243534429655
0.710291255156768	0.463602596639998
0.332542572618198	0.183437153682967
0.700654695637304	0.454628580521013
0.324910853662344	0.195823752179979
-0.762917044259969	0.335226279565195
-0.0596419343152403	0.0259820600861762
0.822141685307495	0.350753098387779
0.938232517255131	0.250080666640462
0.532920813071289	0.194317875052133
-2.0706505076459	0.959338347401984
-0.641728465892975	0.158059513381177
-0.100081491594973	0.0397785538829292
-0.240245755172625	0.119682380094451
0.149504135229395	0.0645989408600278
1.27502759737272	0.705735104435328
-1.61125605255829	1.23375150478604
-0.302536430596706	0.138490414882653
-0.803721208601941	0.529689685028084
-0.142891948035302	0.0516141016686805
-0.0314437104584672	0.0147976901349108
0.158871849796249	0.076357978280426
-1.36094353567999	1.35923735268489
0.206511877587606	0.189989003682617
-0.331540114618376	0.197696330883463
0.0724980807216984	0.0489251694192337
1.33644359895306	0.59421767565385
-0.147540071935549	0.0532574291277169
0.135900076708076	0.0585062817472008
-0.383236098989224	0.160106898390476
-0.0956170879648099	0.0381091865393533
0.0340800889841325	0.018268462758001
-0.138378357789686	0.0776615835270636
0.604565526832809	0.31456872363174
-0.410251207150211	0.231378955806086
-0.296443383501011	0.13554824848124
-1.48437432096567	1.02955651877168
0.1620252355977	0.0855263925942179
-0.069096959771444	0.0297924111243626
-0.462926279491179	0.307617477617797
-0.516250072697604	0.197637497642431
-0.924870451460585	0.673818198199838
-0.24481659609817	0.122091238589323
0.450217606955478	0.183120596522533
0.427631532771238	0.322043236327078
0.503759925722487	0.316994359318742
-0.947873601114413	0.577858320833396
0.707573141823849	0.462295293317248
-2.0608579513439	0.951306679590195
0.958172636609075	0.64633633058512
-0.000727867398305047	0.00040797745690655
-0.100974879439173	0.040127995064392
-0.95497268466365	0.583802634353205
0.647144714791903	0.454804040249806
0.707503204312	0.460458532146828
0.605141343651425	0.316725815416835
0.467363631649262	0.187887694400097
0.338238300591246	0.187154749210283
-0.0347200428040649	0.0163123379583385
-2.06439359288975	0.95463510943463
0.157160779536254	0.0539073954350234
-0.493835835377091	0.258785325873774
0.164683776397401	0.0563927862820418
-0.221638506503658	0.0723137933689917
0.453597924386493	0.184007032064059
-0.78194991990539	0.424930142494456
0.906282042367378	0.491398748550521
0.154928167439297	0.0532400543451358
0.144983099103736	0.027824125638065
0.958804543322451	0.646680513000961
-0.600911519686007	0.288240547866383
1.25192875650005	0.862977389738737
0.451440938272563	0.183586025165848
0.825597474038335	0.352498147547611
1.24740761828507	0.858386516152488
1.08297664188597	0.665179701158327
0.0831409505885755	0.0603919223930541
0.525080047044151	0.545534492838454
-1.09375619658352	0.742483342831259
-0.30071643629758	0.13789513842935
0.831885955734065	0.355824635219245
0.157693836049591	0.0541708009160174
1.3316093311876	0.591498521126687
0.823072577608599	0.350940450101536
-1.02368524530921	0.41093826511309
-1.81736869960225	0.751420668604187
0.689346451286098	0.324840596495388
0.158101352361165	0.047666865168031
0.504030775639942	0.316890249449135
1.46256741382288	0.917501253811163
0.150491074644363	0.0721641310009625
0.599078797708597	0.312366848603054
-0.516058693284976	0.197346402094942
0.346514510283492	0.191872972741389
-1.83698463468292	1.15886459711036
-0.328938183106691	0.195918257631512
-0.191837341496981	0.128220654075858
0.358326596258016	0.179506004107533
-0.0277966713865937	0.0131475325692219
0.347485263143209	0.192418692063955
-0.235415625926536	0.117016334886123
-0.341025479128405	0.273171507213606
0.0340691570991082	0.0197973495897393
-1.02152858466472	0.41003633195509
1.78740119075532	1.01052678653393
-1.32563803490107	0.831439589392411
0.147168767139499	0.0568586827414826
1.07711628178215	0.528486442400621
0.16089014359948	0.0485574624883246
-0.220662150695417	0.0721303089573529
-3.75531760448539	1.51155579671185
0.828410766514383	0.353504643753856
-0.720135385332208	0.249867926495899
1.63080407731082	1.14346463636273
1.12397764522192	1.0031037147527
-0.599634235321466	0.485662658057501
0.445207499012228	0.595168049741587
0.181816435227237	0.129803683552294
0.613078890879773	0.571102549093815
0.786867137031522	0.616581853067668
0.54634473508328	0.314962520081388
-0.0931619833305632	0.037041987986927
0.159873979297135	0.0482815097019209
0.158366958173935	0.0477619066778733
0.0357502078562316	0.0207334861852543
1.03310608648345	0.971483006638529
-1.5245372395256	1.70712144947085
0.861749276861122	0.783269761012793
0.0161860992964056	0.00882791390133632
0.0693950191002173	0.044873811846941
-0.0190340851875916	0.0124996561102778
0.175231376693298	0.128705127373855
0.50261653784363	0.450139153539857
0.289416592472555	0.217292595261178
-0.247877612679368	0.123851819906678
0.581000775034949	0.462088648824592
0.98217541287197	1.06735742702461
0.510713211172156	0.321575996526853
0.168352180280771	0.10879883293422
0.326347016645153	0.196323196405327
-0.0161055476636268	0.00786070035641956
-0.139752326182417	0.0503906978791226
0.519841540160904	0.44858274184111
-1.19196414215796	1.2234408278254
1.3207373048847	1.53637059838082
0.627313947720937	0.587499243885481
-0.512996831293215	0.385141744530719
0.994757226086944	0.805994116062361
-0.676297517914089	0.47003615128731
-0.786008871759722	0.427296302228584
0.693318180766968	0.327454103578734
0.164809510589337	0.0942483458396989
-4.00372890763927	1.76738115230511
0.545438110289946	0.197830692909527
-1.81562925100544	0.751335139968759
-0.763212857450417	0.335382860747056
-0.214005906427233	0.0697738389601314
-1.67333756583943	0.955698409549507
1.62873310568897	1.14096739486066
-0.147540071935549	0.0532574291277169
1.0385642363423	0.399078648892044
0.163169995607563	0.0413572276497282
-1.27960390710866	0.58447674818335
3.9332958335108	1.75639060655003
1.07339792195029	0.527321292719669
-0.148785407254285	0.0536907631429728
0.938786187734731	0.250272333462114
1.78590091839396	1.01406146274082
0.15973797296021	0.0914589719027398
0.449929100410038	0.512342520900474
-0.357271921799896	0.365322629814859
1.23520784844075	1.02703261094373
0.446445387594379	0.18090483909236
0.665618647197154	0.213793073260368
-0.597200345932485	0.285915897702369
0.826271750411342	0.352114542073385
-0.384890510711624	0.161097082975423
0.706739007956014	0.332567845094801
-0.347136350857903	0.101509886664517
-0.346797330227773	0.101185095553384
-3.75679120459628	1.51679930864271
0.164428913572018	0.0492906102321409
1.5793187885711	0.796435568708129
0.911386131179433	0.493899265865598
0.154558218006742	0.0596434642894441
0.665631852900648	0.213765325882499
-0.958437270486703	0.587032317765048
0.712615551811663	0.464857383857389
-0.887907088641112	0.815392395798998
1.24203898266019	0.852112292042281
-0.928538417839007	0.674820175471533
-1.84158276913628	1.66541337547069
0.182991567909116	0.118906975697245
-0.00719734848933086	0.00486827829710855
0.424208600352746	0.508280613513339
-1.35569608492662	1.35187094713009
-1.09641398191577	1.04789666875828
0.149992025188819	0.0513760517981371
0.344683582705454	0.190959480499764
-1.09122993844272	0.740243783604558
-1.13907413243892	0.350415838742694
0.666381294485655	0.214481042382208
-0.494171611892078	0.258883975588938
0.355304073975485	0.178249558782822
2.27635927829355	1.7577355902331
1.33365346781733	0.593790400301544
-1.14420932638858	0.351785528543761
1.96913258442455	1.24204456391787
0.388778986792329	0.175145692933043
-0.8011092889829	0.434654211363328
-0.0925980068176476	0.0368806029120303
-0.299453511684879	0.136909472678571
0.66746146314869	0.214381150055683
-0.233733004476146	0.115975306022146
-0.638041567101684	0.157111298213115
0.163359376675397	0.0491825169151302
1.07339792195029	0.527321292719669
2.1095036163854	0.957823395650007
0.16089014359948	0.0485574624883246
-0.141663852742166	0.0511389466314022
0.162473111348855	0.041123724112904
0.152333554816668	0.0588163373718562
-1.03199843072072	0.412804610575588
-0.800504867448118	0.43621923818774
1.04760690576201	0.40209043919357
-1.14781664720768	0.353699707342604
0.145952781975537	0.027957432098957
-1.27428878983577	0.582639355082303
0.159122325410511	0.0480117921042768
-1.8009224274669	0.401413641514774
0.939853714804409	0.251002284675557
0.163866602100675	0.0414467921764721
1.03430080604135	0.397225968697929
0.938786187734731	0.250272333462114
0.153229734449109	0.0591533991199782
0.160024669917988	0.0548138166312829
0.158729294236089	0.04043260950787
1.44746976337709	0.486785860941538
-0.0979558893989005	0.0389414540948112
0.910503501523592	0.493625989921909
-0.971229600039481	0.482516920035912
0.666049960969073	0.214022945375077
0.816803095225196	0.346912972174279
2.35781275320046	1.20024532590207
2.11678272180025	0.962842672569719
-1.02027673323395	0.409478238556457
0.154819554186086	0.039408070567956
0.148508541635756	0.0283091884660306
1.81858126562737	0.723163580138357
-1.8009224274669	0.401413641514774
-0.638059916511872	0.157099877961465
0.828674690258248	0.353451092036723
0.66209183440345	0.212643534404712
1.06933690227919	0.52417571767679
0.160787657708049	0.055009635055084
-0.218967744087285	0.0714817642031414
-0.144522165465473	0.0813594939002892
0.540928569054861	0.196926465061172
0.159825702589389	0.0405961444844569
0.532198432599625	0.194009998264973
-0.640656975678056	0.157776356363176
1.07430154507785	0.527839664382674
1.03983213015104	0.400302023323061
0.159873979297135	0.0482815097019209
-0.635886909613779	0.156604724964807
0.938232517255131	0.250080666640462
1.81933356547965	0.723773070508788
1.57888352599307	0.797653283006555
2.2733867646571	1.75852190481904
0.160136994586442	0.0483380929433701
-0.39126367132908	0.16328700911171
-0.799607947427348	0.526889245217901
-1.15841215624715	0.647358309178234
2.1095036163854	0.957823395650007
-0.521357616753511	0.198161350046789
-0.396421062608657	0.166418251931146
-0.0592550588701879	0.0258098889712065
-0.515782684048713	0.197574022242274
2.11927682222776	0.965901658271386
-1.67450165667541	0.956050045600831
-3.75752848880672	1.51704168071265
-0.899465467596238	0.745764272856571
-0.0325029544838021	0.0153076284309495
0.907022920392488	0.489058259763787
-0.505298466376777	0.38033019731975
0.151508178967841	0.0655546264156102
-0.973879687494048	0.483542535242062
0.163044983252504	0.0861662448081291
-1.34359356586129	1.3339922831341
0.954231070478789	0.643255079155362
0.291435412386966	0.208391666417692
-0.00476076918952691	0.00237861754829182
-0.00296737371448918	0.00150626707149335
1.57423460281206	0.794725226646763
-1.14671720971639	0.353197314225222
-0.137932379605593	0.0497571968192268
0.146210326008543	0.0768736317824285
0.157450067891401	0.0756236224808032
-1.83935408892097	1.16122969354832
-0.801422354144167	0.435825469886449
0.148508541635756	0.0283091884660306
0.145592290548819	0.0279027526196651
0.144624243113007	0.0277697138706121
0.396372696300784	0.17930892079227
0.159122325410511	0.0480117921042768
0.144624243113007	0.0277697138706121
-0.632707054239441	0.155821219725077
0.158857588582489	0.0479158038261938
-1.82185807516021	0.751714944282741
2.74958998501656	0.787920507210083
0.162473111348855	0.041123724112904
1.95373899190972	0.460332693481441
1.4420767310292	0.484387465743625
0.156223133220794	0.0535100581703532
1.57955625735979	0.800243929979803
0.572956115246337	0.45550592145437
0.454594871922057	0.184978882106625
-0.067458030721667	0.0292508599893392
0.390221459592943	0.176211290080987
-0.405129088445404	0.228048678157009
-1.0435704768242	0.830716295039307
2.75101811156127	1.70778431684849
0.552647055906523	0.318389142889335
0.363183753363464	0.182678711121724
0.472039950318954	0.319658625225178
1.08711339679162	0.665726029654327
0.159132199857942	0.0403652499117015
0.44990614258087	0.18283441542229
-0.352171048045609	0.102884554871845
-0.769717752575689	0.338699512066309
1.79113767488598	1.0165827623054
1.24479703292755	0.85843866171177
-0.337940675435716	0.202890225675232
0.310820233785291	0.200208668487461
0.451123183314161	0.183433906627989
-1.09625949179669	0.743064850367456
-0.194139613706454	0.103906047349582
-0.800103541633239	0.612046583562282
1.2784378269632	0.710453931444058
0.154125754800974	0.0594561171756928
0.302781497993574	0.217824480023009
-0.000549640299744873	0.00033690810999582
0.79283675597555	0.473948662793036
0.0000943547344861978	0.0000402397772165805
-0.316985876226952	0.145521423538034
-0.759784547828299	0.332688575377202
0.146277488596093	0.0564341706800335
-0.404167935575731	0.227851895054496
-1.26682211368405	0.577178479347997
-1.66670891516094	0.945485136316005
-0.346051722995957	0.100990327474769
0.159610674313697	0.048048445892231
0.156941675224984	0.0398954425925589
-2.58178332536446	0.682930522892635
-0.494429310573807	0.259272277177102
-0.786591572131921	0.672924621767208
-0.109587822972097	0.064379283383677
0.147168767139499	0.0568586827414826
0.143989147435421	0.0622231728257938
0.79730753868175	0.474175054436586
-0.603048525267644	0.288768196747248
-0.972136044079549	0.483928968898868
-0.397483852644177	0.274441832143101
0.0129563260161266	0.00713818477380834
0.53957934307689	0.3101929353535
-1.1573180664733	1.00178736459428
1.24162269904781	1.03452565089394
0.505451548535158	0.317685159053883
1.04407793800765	0.401530572798881
-0.356482262612355	0.103788921703605
2.27439414469109	1.75428778439402
0.162658669863083	0.0488809126815502
-0.950485241981576	0.580747497378275
-1.28464931325166	0.58385214452898
1.9546069313489	0.460412245381477
3.25604250889092	1.1220922045732
0.144292720137753	0.0276888229156664
3.25711819118569	1.12516204396806
0.939853714804409	0.251002284675557
2.7486062124648	0.786021619850662
0.143664624710818	0.0687028665906689
-0.138535181662081	0.0501089737478327
1.3911077866962	1.06510665473616
0.601957211491468	0.314293567708947
0.154613835060941	0.0741969305440268
0.666381294485655	0.214481042382208
0.684682193953874	0.593803371491307
0.401251203287053	0.181436655217011
0.40205861380563	0.182241968363796
0.39525302062539	0.179085507024801
0.335824646768396	0.185868876512112
0.155736999256109	0.0600435080713213
-0.787242105903612	0.429503820133249
-0.0563509801355513	0.0246243392287184
0.156815947144135	0.0676769769390373
0.664969953013349	0.213264891085546
0.401502132458753	0.181950983909145
1.08262038732249	0.662947654565852
-0.143227535286128	0.0517130131549928
0.532198432599625	0.194009998264973
-0.141065904193988	0.0509641882307141
0.163624541637998	0.04930959903967
1.33257750378669	0.592227160159125
-0.65833531207114	0.388739179130036
-0.606817672308445	0.292067119296631
0.532096755483554	0.193850118427115
-1.1623480599227	0.650968305198471
-2.11430235052649	1.60612708338202
1.32819590542733	0.587437954599116
-1.27127540471835	0.579737208933733
-0.142603029870794	0.0515255055439621
0.161583030692245	0.0553811342318149
0.794275975835122	0.474474358556551
0.159035230381225	0.0545136336490408
-1.8009224274669	0.401413641514774
3.25819512813541	1.12540871646052
-0.719643516321858	0.249678999874372
0.148874773794293	0.0283648154803441
-0.100081491594973	0.0397785538829292
-0.0554194880842625	0.0242288232428228
-0.626426030153556	0.559471363197284
-0.235101808647127	0.153126188370125
-0.46238289919946	0.307136909172782
-0.790963003146491	0.60363685546158
-0.546449203146626	0.344694478079639
-0.552505439383048	0.348453735022304
-0.0355879419569389	0.016665975180774
-0.332778468977378	0.1992729804883
-0.550710723093854	0.348371006726925
-0.551397562419362	0.348292131163992
0.00745047587278976	0.00351901597090498
0.160402082453306	0.0846682903357658
-0.301626583316367	0.138288885837996
0.915178494762649	0.788395906759675
0.178816741518098	0.116185550444852
-0.875633967163457	0.877939696890404
2.03417306158701	1.90793639274454
0.901850181422758	0.486295110693448
-0.28109480303625	0.176155974134309
0.158445451209838	0.0761543325036495
-0.649360626905977	0.381983375977553
1.5688908480404	0.789599395551996
0.53668704389391	0.195702410097146
-0.762294852377534	0.334854539838056
-3.0855122183307	0.972756963025588
1.44746976337709	0.486785860941538
0.144983099103736	0.027824125638065
0.144983099103736	0.027824125638065
0.660259121595295	0.212070761377066
0.935072365625058	0.249598704803732
0.144624243113007	0.0277697138706121
1.81825742519256	0.721714939545741
1.27404130038906	0.705864484151907
0.158906591061253	0.0544742610766247
-0.342526998757891	0.100043172269755
-0.637509639132058	0.157280902410938
-0.636438389477554	0.156998062672413
0.153335826760871	0.080643680883163
-0.49199855403448	0.256861102353949
0.611273422924651	0.460943690517305
1.57490494567969	0.79522669798621
1.44736271177789	1.63038075835406
1.08686832229273	0.668059053663801
0.363595795083068	0.182977595037202
0.903822010028973	0.488564643104555
0.288294884648485	0.225205749734828
0.156113801567814	0.0890580411485679
0.159610674313697	0.048048445892231
-0.779645749465109	0.341722354808778
-0.789161740799488	0.676026194941368
0.345169625908491	0.191191011066325
-0.793554953698288	0.519950049821979
0.154338678440685	0.0880322174904723
-0.783925460817608	0.425665655982824
0.0208493725894975	0.0112822240704665
-0.921789118078948	0.668663675805139
0.148254985144565	0.0641765306323083
0.863321670829251	0.633253414915196
0.345169625908491	0.191191011066325
0.367323953961225	0.320310988948382
0.788834757355917	0.47117088408263
-1.60835397415967	1.22858677898478
-0.628062408753063	0.557372949452255
-1.03991565727116	0.822917902941596
-0.306597796794792	0.140759029028169
0.000380429563251694	0.00011172565141769
1.09717247256973	0.821749785038946
-1.67131878069228	0.946182526060131
0.36115116040072	0.181194355422739
0.15973797296021	0.0914589719027398
-0.210152869241212	0.0686677251801414
-0.346391761922432	0.101125986544327
0.462382341990108	0.187247843675193
0.790508523086463	0.469714549618393
-0.0945087687933719	0.0376036536917361
-0.602006756557341	0.289449153823694
-1.27124064524434	1.37529390357435
-0.805181464019554	0.617837219228392
-0.0353061286871733	0.0165777730307309
-0.611827078149116	0.294337080765376
-0.249715360624404	0.124680785346199
-0.113908898570085	0.0671160581026321
-0.801451521814408	0.615066766452988
0.321023515630553	0.192542728701837
0.290318097626526	0.196707673866218
-0.936955047235953	0.682603242403294
-4.00372890763927	1.76738115230511
0.162896999674392	0.0933405786602282
0.151745169358508	0.058587168086963
0.531223226643993	0.193578240394512
0.175501217482407	0.107530333812319
-1.02691202357484	0.411228846660803
-0.00225332266858332	0.00115937990275076
0.161896679422102	0.0485719403946448
1.27935518679951	0.712097383352111
0.454270092340925	0.184204278154907
-0.635886909613779	0.156604724964807
2.12281247852273	0.965310170814929
-2.58142672375403	0.684312616488773
1.44816685557941	0.487186600500996
0.66957124715326	0.214831928354538
-0.341779219786228	0.0996625955420077
-2.58587528855637	0.684874790734986
0.664537539501677	0.213141860355242
-0.348964786734811	0.101837107016821
-3.09545658118405	0.975668570733939
-1.82463618211883	0.752891093781291
-0.134176358060072	0.0484891500537458
2.11953581520765	0.965145716833258
0.149595482806112	0.0513124945056771
-0.0315478410273354	0.0148791720832332
0.828138202534691	0.353193354605651
-1.14104219214391	0.350714860686515
0.145952781975537	0.027957432098957
0.159122325410511	0.0480117921042768
0.144983099103736	0.027824125638065
-0.306975394050471	0.140867364592611
0.996782348566517	0.809784547911442
1.4608093844089	0.915576364774492
-0.344547325893943	0.206664280960769
-0.887752233959044	0.816781561883453
-0.577044737958306	0.418625256811907
0.152340839401895	0.0730358322748126
-0.4917859144406	0.257379895047398
0.552853739341791	0.319270005699262
1.08351842666093	0.664065544062261
0.781396998324391	0.610180261078629
-0.653326403145967	0.385439118296349
-0.0324392430513796	0.0152576537883895
-0.0948442081054409	0.0377295149269852
-2.06894518817756	0.957909133523848
-1.33363240005469	0.837408038208625
1.24761355825661	1.03933730576175
-1.48374286854494	1.0316880595547
-0.138570760483964	0.0499284638427857
1.78590091839396	1.01406146274082
2.26347909079703	1.73818657771325
0.493456117674019	0.308339049812381
-0.0587414233859123	0.0255937791832482
-0.0961715583055109	0.0383226667889411
0.506731341909658	0.318924654703894
-0.241900420042212	0.120479216153593
0.0710305958907216	0.0458022987067623
-0.95741552751557	0.586568109376667
0.703662838791789	0.332411621561813
-0.0596419343152403	0.0259820600861762
0.613251245898194	0.320853167612936
-0.600911519686007	0.288240547866383
-0.0329895223656436	0.0155242610092924
0.14864968543755	0.0574012460397016
1.45528056652204	0.487995449451223
-0.0561368223377581	0.0245196006104206
0.161642899961838	0.0486892383673852
-0.7684758491305	0.338314891656376
2.11577314290531	0.963107092671546
-0.0622713533813804	0.0271034745942191
-0.0534912196101792	0.0233797595056376
-2.06367777838056	0.95401618839818
-1.82163090587372	0.754162693237932
-0.682716265034267	0.53792160641061
-0.607070669149993	0.494831464505593
0.0338910372304349	0.0196318698856231
-0.401408325028219	0.226415360347308
-0.240184042883934	0.11984170031784
-0.275703228703383	0.17233562395998
-0.785330698635585	0.426964872957717
-0.70116270179187	0.614562694987636
0.612370235180162	0.320847899570939
1.53226955755565	1.30168781550675
0.154686658318717	0.0668981141135995
0.170681762398986	0.104030670755315
0.405070752255929	0.183485707191896
0.57292993479913	0.454700948422859
0.605398242413889	0.453466570810217
0.494881163626394	0.309907137659385
0.794861427837066	0.474394304377758
-0.0363506101476825	0.0233859605365152
0.477380124807755	0.323557680987916
0.995739428982568	0.807997695515642
0.014187988070128	0.007748147413021
0.853839873379169	0.622889390348062
1.07835823830561	0.528165310374035
0.799020805732862	0.477506698424362
-1.02655133741802	0.413516459136083
1.3346239887035	0.593831354304034
0.833511471570992	0.355414175976683
-1.51684905918208	0.549966932484854
0.154592632475222	0.0467595304777688
1.33340728777399	0.59245625933366
-1.8009224274669	0.401413641514774
0.830951835410689	0.355538325180902
0.664537539501677	0.213141860355242
-0.510747793936278	0.195095134430174
-1.01851601033456	0.407432048797052
-0.333604820114212	0.20005148101141
-0.0258573665671255	0.0122559851914803
0.78895626467616	0.469872868533835
-0.511618741536272	0.195125838582677
-0.9801737002698	0.487032938206078
-1.82040993178462	0.752616947712307
-0.37925350658442	0.157712911089286
0.602457245874469	0.451418894507219
0.339020581920579	0.187555614300722
0.697017789428803	0.329355646837997
-0.399191397543485	0.224701604041188
0.892520880939159	0.903509469188156
0.559320047804876	0.322633454133413
-0.30375401035138	0.139411934742237
0.305179180280066	0.208994711431851
-0.773748935616848	0.340319327114862
1.1417076404637	1.39504259671021
0.366859476826495	0.184396277753938
0.153263372013638	0.0736069701476157
0.159563873187938	0.0972031506322181
0.711840836393687	0.464075078045061
-0.672749642429136	0.467470194889354
-0.272341749772112	0.170477956105795
0.147477269600241	0.0569474987210093
-0.553519630438968	0.349800091686934
-0.05950326713287	0.0259677766205363
-0.59975476127716	0.287515310120908
-0.79204125495076	0.519601460804906
-0.313339940366967	0.143763096391863
1.96103167591275	1.2312613180143
-1.22483168253527	0.914757371582531
0.453348037888944	0.184394681005512
0.544678939191038	0.314177373425199
0.391662649764099	0.176923384507891
-0.0326275003772465	0.0153196393289042
-0.492325149578716	0.257644122465308
0.303316660363479	0.194141935541013
-1.32994705702693	0.834996837205207
-1.4834233221857	1.02638519690913
1.09388033345825	0.816730849092635
-0.0611846113676046	0.0266011602060124
0.160912963981526	0.0850127716940994
0.165983103633191	0.101492514847705
-1.09024120310064	0.739444712132358
0.448996652727867	0.182338661350822
0.448690692037347	0.182381129521223
0.155371731389452	0.0746886164785511
-0.0653549837636597	0.0284422885894503
0.530971390293767	0.193164551984235
0.601935163911738	0.451627774468644
-0.338257936499082	0.202714373579529
-0.154710847590652	0.0875229706401324
-0.785477443017495	0.427048731068573
-0.399675908886266	0.224996953765401
-0.405731348607661	0.228716484910944
-0.490978492119259	0.256281157191765
0.146588150574208	0.0564545128539127
0.709871032045096	0.462124548995606
0.324444217475315	0.195493519674664
0.55143535377037	0.31844729079221
0.995031373864374	0.808540817623434
1.09844770328843	0.82743209140055
-0.769690279749228	0.337549031863625
-0.270708199223983	0.168831865373485
0.335273376192336	0.184857443848528
0.909063821776344	0.492344814186113
-0.278663052586424	0.174417987074432
-0.120991750543039	0.0712483776746651
-0.0865635298124629	0.0344590599395591
-0.80202030125251	0.818204742165265
-0.307047302271178	0.140839796904859
0.306192184235013	0.196669512296773
0.503252565448949	0.316859425553791
1.08226182814057	0.661615150878055
-1.18659479948086	1.21592175861197
0.84272333575488	0.761745729671888
0.177442605360681	0.114991332178111
0.0227711984477888	0.0123096998682007
-0.0902563220048039	0.0359833350486778
-0.0530718576293125	0.0232004874487087
0.162360816189394	0.0858637542951125
-0.31029491523275	0.142745297488236
0.33641923585804	0.185889972055352
1.03957617416576	0.399643236692894
-0.390678779122636	0.163707540792753
-0.71841689794844	0.249777152570215
-3.46409750383962	1.2590838657058
0.405070752255929	0.183485707191896
1.81750581386737	0.721108485050186
0.155326344335333	0.0532303466929222
0.826531590934318	0.35315888780187
1.03254399176477	0.395066726023032
-0.671934575748359	0.467219294230077
1.32809975659763	0.589445113951956
-1.02303104447883	0.410996649608088
0.603318795364971	0.31464709471682
-2.06367777838056	0.95401618839818
-0.0962955273188297	0.0382766722020201
-0.525812701043706	0.200930654583001
0.140400083006098	0.0271488262218611
-0.690827898881527	0.545241752913808
-0.19597505525079	0.131049812385594
0.947290268263928	0.636153876239366
0.952632385925941	0.642233924920816
-0.692479388603457	0.549785835646644
0.787145114935791	0.468549558778528
0.859673202824832	0.628547198022734
-0.653326403145967	0.385439118296349
0.145643744716827	0.0629347022840375
0.312922965483036	0.201594018808091
0.149504135229395	0.0645989408600278
0.362594974479499	0.181789922370466
0.710348216459636	0.464146838691907
0.395483738802146	0.178837343918571
0.396932069772902	0.179599961331167
0.455166237015822	0.185165220753012
-0.417316720605697	0.234902379638311
0.720466565397997	0.591419046000563
-0.19152280446058	0.102061025518334
-0.399784323816416	0.167549113808481
0.325377337903456	0.196066580040869
-0.670734796327991	0.465912053339064
0.901908467062764	0.771639862235019
0.79039764126658	0.470699030779469
-0.0914856348568854	0.0364543695011356
-0.989846852290786	0.492979790768356
-0.384812061116086	0.302456706152371
0.152641938101793	0.0589243022830194
0.323661121281148	0.194537024357024
-0.599550702461412	0.287612433812072
0.789991298634606	0.470368423940636
0.360942746994135	0.181503112088237
0.320432858235311	0.191972859049035
0.900688054142822	0.486604223493561
-0.010386002958302	0.00507843926047154
-0.392189323903099	0.26953591258771
-0.760362798593594	0.332869662332905
-0.233432030495868	0.116003878749937
0.60614364431491	0.316101936932706
-1.48804497901652	0.758199545700001
0.159387054164447	0.0841384471125778
-0.0964124205970954	0.0382984265100388
-0.511618741536272	0.195125838582677
-0.604352983834939	0.290284574150108
-0.0993042704777846	0.0394836667830403
0.150573898263238	0.0650730699472817
0.168493548998269	0.0965439569616967
-0.487294937012964	0.254302390318021
-0.779105130275153	0.421571615422143
0.155762388275526	0.0672454315686179
-0.302805763899598	0.138945858901311
0.159302248589599	0.054592027037212
-1.02905223994073	0.412177524206833
-0.146949374359874	0.0831253240955162
0.160897720983043	0.0483862279239328
0.161642899961838	0.0486892383673852
1.06752731610826	0.522572479332128
0.531223226643993	0.193578240394512
-0.490450389601186	0.257119776979305
0.143378321898037	0.0686540125325955
-0.393895482123308	0.271292845356028
-0.495452001776763	0.259163062215568
0.174864615938836	0.107110707358096
-0.0781941574622947	0.0476440056700149
-0.316985876226952	0.145521423538034
-0.602559327916406	0.289804737386457
-0.182267394876778	0.0971832810219477
-0.602365807682686	0.289195223891661
-1.48375853349033	0.757911091286895
-0.0908284006484276	0.0361729008706567
-0.00849588984487529	0.00417459851880428
-0.791491974522449	0.603498014220507
-0.48605362568269	0.254095896860715
0.61380515738731	0.321759708638614
-0.974967055362518	0.485654316649321
-0.497295558304382	0.260695688897805
0.45081542313859	0.183214483609203
-0.384307379230479	0.16055769328085
0.167423711577977	0.10792087267679
0.610089213869397	0.319618448333729
-0.791416583750242	0.604136688325384
0.163812524192532	0.0939045844991736
-0.110872699690711	0.0653367331601941
-0.913328987586137	0.760569859083903
0.902685884079747	0.488818967405717
0.666381294485655	0.214481042382208
1.07339792195029	0.527321292719669
-0.101088023414778	0.0400857197444612
0.156507840977796	0.0893362465776371
0.944102727079701	0.251755733219961
0.159873979297135	0.0482815097019209
0.939853714804409	0.251002284675557
0.16089014359948	0.0485574624883246
0.935072365625058	0.249598704803732
0.938786187734731	0.250272333462114
3.25819512813541	1.12540871646052
1.44707333879815	0.486882965382531
0.158870112724068	0.0403250933632853
0.158036719368933	0.0402017101522864
1.32906700078086	0.589900984861052
-0.635886909613779	0.156604724964807
0.531946232023591	0.193886067853674
-3.09018140585655	0.975319743554836
-0.514238684137278	0.196858589089476
2.12029460662934	0.965946921202229
0.147755438806649	0.0570658689249526
-0.052559789150895	0.0229942718441422
-1.15977983657183	0.649500065308071
0.727394003008913	0.599505503826793
1.78426812564989	1.01067685352275
-0.0211625094802198	0.0101088800725395
0.170328300585396	0.110299638641908
-1.49024521281023	0.762163263594681
-0.493918245204717	0.259041735382512
-1.44992819584777	1.28615812333897
0.157483584855723	0.0830733962045984
-0.216082437585751	0.0706900588053257
1.77250544549712	1.37905967462986
0.909063821776344	0.492344814186113
0.157963756091927	0.083367767231148
-0.400160584094215	0.225219904084848
0.341348719858713	0.188747345876467
-0.774936599132631	0.339216205729661
2.12281247852273	0.965310170814929
0.905163956247217	0.489198405882778
0.366859476826495	0.184396277753938
-0.395424490994483	0.222017847917377
-0.796447054073534	0.522536389065945
0.615239327952725	0.322236606294359
-1.15887687614086	0.647116713701421
-0.272283671375505	0.170154393516495
-0.972718847189803	0.484048387209294
-0.141398974407602	0.0509567934261501
-1.22516329283308	0.919730639223693
-0.0639077958753657	0.0278252107170682
-1.27099398512007	0.58063946719774
0.157514264293963	0.0680117795994513
-0.607715185731628	0.292447442782102
-0.485626335781831	0.253818340992615
-1.09738848466172	0.745316337815843
-0.306928499822549	0.141203586714641
-0.390638840355502	0.163921584990061
-0.981020116095944	0.490062948615881
0.158106662910899	0.0610075848223268
0.158104109918261	0.0476970098800851
0.938786187734731	0.250272333462114
1.57795148695444	0.796549970895992
2.36777672006441	1.20291179450612
-2.46379153969894	1.3861078771049
-0.347881275810247	0.101704932899344
0.164377165872218	0.0495293176899797
0.149305366968177	0.0511101485720013
-2.27848005646221	1.16773570281342
-0.981020116095944	0.490062948615881
0.309987608076783	0.212069071489123
-0.347562155000387	0.101412477187396
0.158729294236089	0.04043260950787
0.545438110289946	0.197830692909527
1.45151622307992	0.488502446881907
-0.100088981249221	0.0397814202564071
0.3966958610729	0.179734062954689
-0.394351218005163	0.165472682541389
0.154514436974317	0.0743218842570371
-0.0231491536425748	0.0110151517541888
0.323159723183167	0.194224009800462
0.046092090587465	0.026626384268699
-0.150090457934657	0.0849609395829628
0.185275328926007	0.120570485738278
-0.98160925876164	0.488352554838335
-1.16477900930695	0.654392144647465
-1.60141303772169	1.89594415311637
0.168166724727626	0.050431279929063
0.01512950613182	0.00827232449090868
0.956564563080715	0.645360511216242
0.620206462457145	0.464745965654929
-0.0025016943682405	0.00128147203468527
0.336335305360076	0.186074844819435
-0.00842615952688014	0.00415733393948937
-0.39658845979834	0.273317870090401
-0.389325675725531	0.267053522078022
1.11862142845548	0.999867656072654
-1.23386112507908	0.92740934140789
-0.699814211695894	0.55519764003317
-0.486626145905728	0.413359696388197
0.303319570792478	0.207557641199284
0.0941571178980631	0.068845030437758
1.82041011870169	0.724546408240772
-0.635886909613779	0.156604724964807
-3.46972182673074	1.25660867134557
0.66957124715326	0.214831928354538
-0.0945088402300802	0.0376037472811298
-0.348647465724826	0.101723259540307
-1.02126179208727	0.410975081816502
0.701298197691315	0.33124326491493
-1.14173074601379	0.351630194981725
-0.346051722995957	0.100990327474769
0.539100104782478	0.195977816417001
-1.8009224274669	0.401413641514774
-0.640656975678056	0.157776356363176
0.145952781975537	0.027957432098957
0.157633323445896	0.0401249768572365
0.535711132992892	0.195347083049004
0.151927135541519	0.0801924836907017
-0.144430934366853	0.0520628013112706
0.674193875235721	0.579425589355059
-0.430502507306878	0.328795883531904
2.11476331684021	0.962649218894054
-0.19461491543783	0.104112399501393
-0.614230463365277	0.501394468528478
0.178431394868879	0.131440446486235
0.160724460683538	0.0920633676578933
2.1403973076059	2.18081691680782
0.959805549093736	0.648258049282621
0.539389425821476	0.195106290483293
0.786740270366058	0.468281009343701
0.151915676332657	0.072793419844622
0.659213101364357	0.596379089061881
-1.17422978662609	0.65844706785752
1.07430154507785	0.527839664382674
0.143094107131675	0.0685641959395898
-0.605920149190153	0.291396872692447
-0.652334220165333	0.384477601837328
-0.143311648308279	0.0808411354525441
-0.329127525574143	0.19647016431384
-0.40004718110681	0.225270623441951
-0.148480471682227	0.0535355693108311
-0.142891948035302	0.0516141016686805
-0.14662958422798	0.0529534159724381
-1.16496488194507	0.65235888959993
-0.602365807682686	0.289195223891661
0.397820522401393	0.179987072869989
-0.71601985520219	0.686055533485205
0.69910467591331	0.330275277785772
-0.949711445808998	0.579386960354327
-0.922242921206389	0.669257591111527
0.159576214720181	0.0547910896912197
-0.792000107146743	0.432112167669587
0.140312138043164	0.067134160749879
-1.81736869960225	0.751420668604187
-1.47147297278183	1.02247697237609
-0.390955189992308	0.163988961341986
-0.0942864984574503	0.0374898102943186
1.44746976337709	0.486785860941538
2.11825875465965	0.964963255219529
0.330495643496452	0.199006228360606
0.447407447997272	0.181485902874234
-0.303708705118458	0.139199567003071
-0.348220543213602	0.101642486260234
-1.20549574842844	1.40097427361846
1.52953599229329	1.29552649068615
-0.060016014373405	0.0261663675752829
0.159421595053514	0.0405224643025682
1.9546069313489	0.460412245381477
0.395809177717908	0.17930246077544
0.940922493736804	0.250741724034319
1.03907598780005	0.399013432660369
0.53668704389391	0.195702410097146
1.33074027635565	0.590717559474398
-0.147024865176291	0.0830046849719125
-0.394091682214937	0.270154640659441
-0.494018844985547	0.257827964364155
-0.92832165856509	0.676598079344991
-0.593629479915214	0.432573194217943
-0.498747178112762	0.261513533318051
0.154882952293707	0.0818284822155709
0.172405357607248	0.111410815913798
0.32875331688519	0.197997378947421
-0.925341378991902	0.674342667441165
-1.32374849194297	0.827865968081847
0.0160777178462935	0.00873995425838484
0.399725684178655	0.18119345596336
-0.954366736613314	0.58446214274432
-0.244256327850466	0.121582126290821
0.465931506529032	0.31440601986018
-1.03738705660692	0.820654794371833
0.787288957331588	0.468112010604861
-0.118144733541387	0.0696687759064689
1.4452850207351	0.485057538595493
0.943541575109422	0.251560831713342
0.939853714804409	0.251002284675557
0.157633323445896	0.0401249768572365
-0.142603029870794	0.0515255055439621
0.163624541637998	0.04930959903967
0.151172602395058	0.051995377151868
-1.02556922335767	0.412012891941837
-0.394351218005163	0.165472682541389
-2.58107011718166	0.682882000334415
1.04230743707962	0.401611574259419
-0.38977783456394	0.163362303429155
0.144983099103736	0.027824125638065
0.527613487096402	0.192164364642399
0.334979764936658	0.18507060494777
0.308459478823779	0.197681637797365
0.0378468486693961	0.0219440028793159
-0.00338882898106534	0.00170399757876867
1.11919158431658	0.998037152858076
0.292961306322358	0.210193494585995
-0.506024176024543	0.192885273838915
-0.454216761904025	0.299087015680591
-1.16977937141431	0.657069110109831
0.850497500874857	0.772336424978161
-0.951562117900761	0.580603842948864
0.533173376017961	0.194273902958868
0.404515896089817	0.18331473405449
0.161089557990263	0.0981452943176952
1.04058787371703	0.399831169158897
-0.216172722976397	0.0706904380630048
-0.00602483950749858	0.00299699575081682
0.150976615635835	0.0653557203467313
0.155155684092677	0.059796518327779
-0.135708009812583	0.0489671359380479
0.162549683803578	0.0779851628883012
-1.47434782955037	1.02488978075624
-0.38977783456394	0.163362303429155
-0.785477443017495	0.427048731068573
-1.22151596334026	0.913383628276364
-0.185455985513704	0.0988846196993498
0.0533230382359268	0.0327334674405881
0.363595795083068	0.182977595037202
-0.330351762510219	0.197465360206861
-0.95005422233772	0.581730930079566
0.367373094666828	0.184845614140001
1.0061640937138	0.817862365345815
-0.612724115121791	0.294716357776242
-0.102124409248511	0.0403119434451994
-0.397265714053256	0.223259485611649
-1.09694589336828	0.746210989881604
1.3335453866836	0.592444055979166
-0.349709365939262	0.101852718844327
0.946736216714011	0.251684249918529
0.66882031530722	0.214977617538568
1.33899532956063	0.593153568399733
-0.0156593945883593	0.00759381429093475
0.398037648709165	0.180055019702736
0.661014028065539	0.212332873799895
-0.034789917486682	0.0223131254246855
-0.78886997729082	0.51593852004142
0.526392057383975	0.191040304641124
2.7486062124648	0.786021619850662
0.458033727152023	0.185874163587837
0.538125722278874	0.195922946060527
0.358192604791781	0.179337050751437
0.155520410174332	0.0395661334713537
-0.201072483338521	0.107591126298857
0.163615863389697	0.0937378222706859
-0.789152746725756	0.673759667098227
-1.34750867506572	1.34284489327914
0.00204291609070673	0.000900056508553155
-0.546881732358587	0.34409770450975
-0.653343258508399	0.385359236910017
-0.392703471515926	0.164743974393112
-0.225980737566007	0.0736878678331904
-0.801630460293266	0.527770994033138
-0.401400565313454	0.226443712734553
0.330190299778596	0.198770793138971
0.334784449624605	0.184544192153172
0.498076926097244	0.312572610530743
-1.66444834961778	0.944939331968552
0.49762695745029	0.443701728067433
0.150336929189547	0.0723083022294253
-0.307131500217365	0.140957333079293
0.914016664768643	0.788091449148451
0.69994565562414	0.329334051507447
-0.492722580376206	0.257963361379105
0.547683943717638	0.315882791645432
-0.948783074428195	0.578983513041556
-0.146601025502158	0.0827477979677347
-0.332831815077336	0.235502166290051
0.171407816972484	0.111123537999604
0.150202268163998	0.0648573533397257
-0.0987478659461687	0.0392079429922784
0.159120665328247	0.048062202194274
2.74958998501656	0.787920507210083
-0.218967744087285	0.0714817642031414
0.158366958173935	0.0477619066778733
1.11423466447062	0.841209399950821
-0.510471133847125	0.195363258012676
1.06530536060331	0.52073766886957
1.82317998866194	0.72570154697374
1.33185688007102	0.59178922543726
-0.734223543590627	0.254842031356864
3.63443164105214	1.45169357871567
0.144983099103736	0.027824125638065
0.959007765230619	0.64694381508959
0.554675874164252	0.320180534784008
0.614707188367606	0.322110587785914
0.171862710044968	0.116830227892343
1.39516631816649	1.06758142606611
0.547264302115407	0.315720026350236
0.609019974615804	0.319130134428792
-0.519944065018575	0.199217167564696
0.154767341052622	0.081482640578212
-0.404772398531115	0.228565377836472
0.791772141932306	0.472097187081495
0.830979592260494	0.353927795112325
0.908984629278705	0.779272036914147
0.0338675505475446	0.0196328236370532
0.18125526376329	0.129404719368326
-0.241401838225242	0.120203365966034
0.447407447997272	0.181485902874234
0.165751201295397	0.100961168383955
-0.414366361620337	0.233952258354908
-0.244947130376164	0.122091825358523
0.151729269826885	0.0585153704114295
0.388327205367813	0.175017898836851
-0.519944065018575	0.199217167564696
-0.390950902807037	0.163865741327239
0.646592504709221	0.454906177765251
0.413016849671796	0.32604686966541
-0.00518444138232543	0.00258444766657366
0.614970790510487	0.573628546530376
1.25208131816755	0.864701814660993
0.155835402306973	0.0823937896553621
-0.012675170653908	0.00620475525893821
0.655558276412353	0.462487228344173
-0.270007025302609	0.1683884665137
-1.26520679974662	0.576118661909323
0.324095219416801	0.194732219238107
0.906840728834785	0.491577714340793
0.900234055031293	0.485641083237374
-0.650484545903187	0.384330804368097
-0.0620860263343399	0.0269784739599803
0.310802311515098	0.199584918684358
1.08387854676479	0.664016880554524
1.33268267370684	0.593331252982876
0.0538763739687794	0.0330823968481009
-0.395806378757495	0.27193534535112
0.302759973164061	0.207138642645755
0.506026109049769	0.318508676754399
0.459756264475447	0.308694992222437
0.159857512324759	0.0843824952565431
0.33904696874948	0.187444557316362
0.642599436098843	0.450525592329369
1.52346588246323	1.28530420674078
-1.32955477480357	0.833920396876194
-0.131793088669254	0.0923125733435387
0.322699777527911	0.194168214165452
-0.700750805933877	0.614540322026694
0.174968038597257	0.113587057686501
0.787288957331588	0.468112010604861
0.861529327241032	0.630949583431555
-0.406636916456229	0.229274894213938
-0.708461887963364	0.622129156277251
-0.254829354992947	0.189446203741965
0.506026109049769	0.318508676754399
0.0371670259928714	0.0215507889615397
-0.507752959329403	0.382152650609969
0.896223009441624	0.910198994843319
-0.0938338048752124	0.0373455016866652
-0.495711223794712	0.259761828310039
0.362153327127864	0.182079229896375
-0.98765908710901	0.491715895044216
0.164465184213055	0.0788545896683819
0.0221606523959465	0.0119568862211876
0.789227506052631	0.618167553369181
0.157426877687479	0.054095802255857
0.318979133139347	0.205853576855166
-1.27032538013449	0.58045220816518
1.53502619279976	1.30660929701134
0.179137099645487	0.116243574304557
1.06376039621205	1.22775034854521
0.569413014136752	0.451642805548432
-1.04486935403664	0.828566902392533
0.642763147385269	0.450776629721794
-0.0809325474730588	0.0493119323172487
1.3878205654442	1.86757494125418
0.499516798112029	0.314229385667815
0.939853714804409	0.251002284675557
-0.345306452425536	0.100608479618864
0.669903363513283	0.215634804708644
0.958749814325634	0.94269926451569
-0.0359119248087627	0.0230696037237048
-0.802756309692666	0.529280723184873
-0.142267314491114	0.0513692178786248
1.46557855891719	0.916828676145266
-0.0520479093204447	0.02277988608422
-0.33365477078654	0.200009488506769
0.162606586631393	0.0489632049155684
1.28201492367634	0.714590315750798
0.301064444080808	0.204973241037085
0.914725222797702	0.786783153452858
0.951893576459506	0.639677913062486
1.27164124016482	0.704102857676964
1.24664788519736	1.03990224853797
-0.306519265082839	0.14058934918775
-0.463835413475742	0.308187801090603
1.258872246245	0.868028939093419
-0.466676143976282	0.309872724879844
0.31756114708621	0.190448980251376
-0.137001806541775	0.0495446265793543
-0.154710847590652	0.0875229706401324
0.00189337782676392	0.000829125562462564
0.402008225100683	0.315278275918788
-1.02126179208727	0.410975081816502
0.697004775030687	0.328912634803636
0.557086484816384	0.320819813543406
0.535455742826827	0.194979136420454
0.0402670157717702	0.0233532385801597
0.0657496017543262	0.0423071893654764
-0.0195532908065888	0.0128225884650452
0.144926460378188	0.0695278063333652
0.155611432412973	0.074791118980851
0.545160143117271	0.314216839775124
-0.385968958347619	0.263943225167275
-0.383991028334688	0.160431918359393
-0.220521764176739	0.0718398586177359
0.731293756384612	0.606329673387581
0.448996652727867	0.182338661350822
-0.493407366495932	0.258688150964674
1.2510088685606	0.862528757470268
0.00282417985503258	0.00127908467150482
-0.24375694891152	0.121345834256379
0.0356204147894659	0.0206846548687269
-0.0297453639966367	0.014017053859268
-0.410003049009375	0.231026302420383
-0.147481595438067	0.0833620688481656
0.3255662215449	0.195805917505508
0.797197176072304	0.751134332206438
-1.22654425320129	0.918239554519319
-0.145425131809366	0.0821963030669108
-0.19414379663825	0.103930519662649
0.39314470706836	0.177094602384505
0.14822542859902	0.0640062284896405
0.892071787142669	0.90679217204903
0.0541531865129638	0.0332677632816133
0.154760837461693	0.0743581412459133
0.150411831346825	0.0649758653945405
0.938304686985379	0.623107499321053
0.0218402172535467	0.0118123172307029
0.497243631196846	0.311308155208565
0.906282042367378	0.491398748550521
-0.391863131477276	0.269769378586872
-0.188909089377208	0.125912261987866
0.532920813071289	0.194317875052133
0.00135718217787599	0.000583969545810121
0.846184912276215	0.764597023414479
-0.63167019423077	0.564004155129228
-0.140731840251946	0.0987805121598176
0.155715908433007	0.0887518086609292
-0.466221830829265	0.309170653008804
-1.09429822495146	1.0464473995989
-0.0835570557911155	0.0509063009184233
-0.232689153634232	0.151504839267424
-1.34396285725861	1.53754426272048
0.789473879209175	0.470305751472723
-0.0770929301475379	0.0469314635479034
-0.649917725844963	0.381963338216624
0.165129397966442	0.0496596498417191
-0.13355853151824	0.048249955140671
-0.0278711518329468	0.0131735003449107
0.962464081618069	0.945333076304752
0.149838258955292	0.0720750734216391
-0.207346613260416	0.0676839715743546
-0.0268266880818635	0.0127111387499436
0.946636334147316	0.635256524506002
-0.51086025853727	0.195073122629858
0.158129257191994	0.0836209869610795
-0.499173052246403	0.261672509114728
1.09713154845172	0.67450385261913
-0.00518444138232543	0.00258444766657366
1.24584906080242	0.854403539836248
-0.771257645640784	0.3381538460796
0.321691885819601	0.192906537573082
-0.981020116095944	0.490062948615881
0.337172547269917	0.18600766834331
-2.06510978050906	0.954740583732293
0.666381294485655	0.214481042382208
1.46288675554255	0.917180659886143
0.533895130806427	0.194581489771343
-0.763212857450417	0.335382860747056
0.31964079197942	0.192043790155936
0.425570538285281	0.337382129831789
0.710426232223965	0.334018972071972
-0.384307379230479	0.16055769328085
-0.327267408505783	0.194849347275484
0.320753726111078	0.193026281047072
2.36108815741373	1.2035255309015
0.470830227279899	0.318028700634485
0.830048925780781	0.354003459487
0.798612647256516	0.476930700597585
0.157160779536254	0.0539073954350234
-1.3373164724489	0.837691072393056
-0.553519630438968	0.349800091686934
1.53266074448719	1.30208670075617
0.150235852985807	0.0791691366726528
0.100266826194204	0.0758050595293768
0.787519810637092	0.468494414890597
0.303776898314413	0.206977147785819
0.862837698538311	0.632544756372017
-1.48835220490383	0.760199741312899
0.363110192151327	0.181940212888032
0.830017418371817	0.35496212946458
1.0796338925615	0.661013122798282
0.159369137366091	0.0766087140704491
-1.09837862249536	0.747697416421832
1.27863099571195	0.710648376730035
0.531946232023591	0.193886067853674
-0.635886909613779	0.156604724964807
2.12409234575025	0.963966320810678
0.1555950782341	0.0534656175944203
0.401251203287053	0.181436655217011
-1.82040993178462	0.752616947712307
-0.727665050071283	0.2526903198642
0.683867534710814	0.321072289086331
-0.220662150695417	0.0721303089573529
0.456124834919805	0.185373171183353
0.334409157019891	0.184990536277788
0.272416908712144	0.227058240523117
1.04230743707962	0.401611574259419
0.612903400161451	0.321207167405034
-1.51684905918208	0.549966932484854
0.158857588582489	0.0479158038261938
-0.144722336172665	0.052228208814284
1.81965712946419	0.72393570375632
-0.309762463751207	0.142387832540182
0.163169995607563	0.0413572276497282
0.824026637915592	0.351232637612389
-1.99263145114613	1.38504402906566
-0.09651873690779	0.0383462904271667
0.157211833210386	0.060690302635875
-1.02681629356167	0.412672237731607
0.163541307795085	0.0785163267577755
-0.786925559733522	0.428186278802497
-0.595631448955005	0.284537850701749
-0.00840828661194319	0.00405671376299619
0.150915485398318	0.0723361379863594
-0.789170879716921	0.430126849908685
-0.893547005552761	0.82242044779281
-0.478436252995022	0.405812906909266
0.961329038085076	0.64797197498612
1.22869271769047	1.18828635719867
1.77198705760053	1.37821311459375
-0.79998106284721	0.611908739555013
1.24596930262473	0.857446530403276
0.0391411841933554	0.0227126590020634
-0.0710475384910921	0.0431080977902356
-0.061867137400323	0.038740952803755
-0.381982403349098	0.332353691480988
-0.114349112906123	0.067335556320361
-0.102214899026038	0.0598872029093842
0.297426154270914	0.213925499633907
0.447507261534211	0.321332497423157
0.410606065718275	0.324264111830927
0.283278938890842	0.221051434036128
-0.432533693934918	0.331115939090907
0.400899262278317	0.330323628565763
-1.51438010068528	1.69285521652913
0.143481619111072	0.0619992292076064
-0.338257936499082	0.202714373579529
0.164876201142645	0.0943808568087575
0.607949884974605	0.31753037807522
-0.346371730484455	0.305356540248527
-0.334069571427216	0.200286459592579
0.147168767139499	0.0568586827414826
1.03807287226657	0.398760841319323
0.713071673811484	0.465211543625154
-0.391853018895284	0.164211548410465
0.324062519988649	0.193976854635975
-0.147873446228401	0.0533861392609676
0.605295451242082	0.316267020943986
1.27227089072115	0.704955266212706
-0.787841930103483	0.428613047556153
-0.142891948035302	0.0516141016686805
-0.394620821533815	0.165578696918499
-0.490468740243855	0.25579238269991
0.14477695961087	0.0760275487500844
0.547683943717638	0.315882791645432
0.327620903410535	0.197496513883868
0.551015198311988	0.31802617524484
0.915653308826244	0.786698419827649
1.48612106093634	1.48555618512733
0.358462555100863	0.179730391029047
1.392926635609	1.07060164502975
0.4979987496688	0.3115210289027
0.155143712679243	0.0533136788534507
-0.0970637201732369	0.0386561842595737
0.164377165872218	0.0495293176899797
0.790473990745112	0.620488343774812
1.09164224802605	0.671326431426242
0.82331197688746	0.349871139711576
1.96218440915105	1.23662637293731
-0.151106993962682	0.0854148774381896
-1.60785973143617	1.22931032174041
0.67764684632421	0.583029638683378
1.46954473865477	0.920724935515509
0.30388588413187	0.207084620264888
0.401502132458753	0.181950983909145
0.154712699000134	0.0596505747734926
0.105804053945378	0.0847565483432065
0.00379863725525297	0.00175050749492401
0.160516143169782	0.0550975946447159
0.148414031005773	0.0713041429004418
0.573974508790468	0.455052568425437
1.24984270205086	0.862761233717801
-0.0632990365005817	0.0275622284651316
-0.793714387584902	0.607341050800635
-0.796680144933116	0.683682617778913
-0.493747795767238	0.258892786625757
0.711304151280273	0.462754963096448
1.25167964312363	0.864482480741205
-0.240269835598463	0.119775037169348
0.396702542158763	0.179290416391278
-0.307558494430356	0.141013972628093
-0.095402150947848	0.0379515117427209
0.156608311409248	0.075263077774574
-0.0949409504609434	0.0377506081303938
-0.027296803807225	0.0129156129432924
-0.243534510267352	0.121684358465095
1.10305917923317	0.831101352797771
0.704822902495964	0.457666440917635
0.39279633810394	0.177595379113736
1.6613636623441	1.55055768095024
-0.0506956065692264	0.0221676847163624
1.82672124291949	0.724501146919248
1.63223051141045	1.14148721552632
-0.722178250971348	0.25075614733526
0.456410121981587	0.185748725968651
0.161852867988486	0.0555536777785083
0.149161905752438	0.0646063741901696
1.53364407598066	1.30369009769806
0.715025399443532	0.466981882644187
0.147477269600241	0.0569474987210093
-0.073629491859905	0.0318585344192608
0.155684363036366	0.0748273790124129
0.0214286341127321	0.0115901737939327
0.0542914952988342	0.0333321417329955
0.164123572189273	0.0865789055301652
-0.462056074645383	0.306001075012479
0.315149843529657	0.188775796636585
0.652163419600621	0.459749207060536
-0.0850815783023642	0.051913181761143
-0.264405173443066	0.19731292201497
1.46881946890045	1.45699301493104
-0.235532019558	0.116884057752428
-0.30375401035138	0.139411934742237
0.844675574642272	0.763511211343083
0.523677619656999	0.452506281555669
-0.171495575187119	0.14742480670995
0.172590501431152	0.105841443273893
0.0394261456993297	0.0241798592860571
0.382014603916292	0.336499926277912
1.32644606006953	1.37041524547184
0.283173905680817	0.229661967487326
-0.49895763924766	0.373461734164474
0.147073700611219	0.070594298539303
-0.335605106443624	0.237561710207017
0.501918023308453	0.31507353865111
-0.786393733909004	0.42793836880696
-0.10187025232764	0.0403970924449242
-0.0315478410273354	0.0148791720832332
0.071966633253808	0.0485645697226694
1.10305917923317	0.831101352797771
-0.0240570782855403	0.0114331014530602
0.666381294485655	0.214481042382208
0.604771876600505	0.316747851379352
1.03328569894233	0.396661373515875
-0.237195417347268	0.118166026468097
0.596280600120404	0.310199124313321
-0.794309567236725	0.433010971932596
-0.611957247411186	0.293034873867838
-0.602579512172577	0.28872886053385
0.859648608057642	0.629449609766729
-0.0968542016587712	0.0384832044595299
1.06933690227919	0.52417571767679
-0.979209869556447	0.4876451712386
0.829346227820373	0.354574714510443
0.150709429659258	0.0793994431725154
0.473223639713082	0.321124711577207
-0.145558581358974	0.0821406478528012
-0.247241076174763	0.123488981372436
-0.195730212709342	0.104659290804831
0.66882031530722	0.214977617538568
0.528584868577847	0.192427149587019
1.00327089608224	0.81648426674613
0.0254146212324122	0.0137017164951745
-0.063204175274435	0.0275080407839553
1.57836727672071	0.795578509193013
0.82518348314435	0.351651318769727
-0.2387824394216	0.119011059996319
-0.0903741907500403	0.0359435390986034
0.453168083765773	0.326445969930534
-0.0701736466454264	0.0304372925713104
0.647371632162401	0.456473014420126
0.297426154270914	0.213925499633907
0.360389581346754	0.180697512223701
1.40549874756592	1.07681679890865
1.81750581386737	0.721108485050186
1.27134305710847	0.704083321837807
-0.510471133847125	0.195363258012676
-1.05305650097692	1.09684906721038
0.141998336728414	0.0547766423672713
-0.1128446426685	0.0665043262929358
-0.337475935309934	0.202550188192623
-0.443652155949493	0.342693011370385
0.710814903994214	0.463427621787012
-0.228279681588223	0.148301385384232
-0.763539532749999	0.335438759631778
0.0814877229844435	0.0527113743880659
0.961122247077295	0.647866941214748
0.793244074071201	0.473981244390954
-0.21438297968887	0.070119295219489
0.544660733463095	0.313633445914099
-0.0917187611314774	0.0365165674531815
-0.39036423870232	0.163650413054301
-0.0249957773453633	0.0118358485950876
-2.58142672375403	0.684312616488773
0.69392783840352	0.327256868185279
-0.977366126560698	0.486054814054359
-1.27562101606895	0.583695327776066
-1.51759021741262	0.550484114851072
-0.141065904193988	0.0509641882307141
-0.143227535286128	0.0517130131549928
-1.26926940438531	0.576919618359868
-0.307078761751849	0.141312290583752
1.82285567270069	0.72447069477398
1.08489569372343	0.663671597516475
1.82425955121577	0.726135704741858
1.82672124291949	0.724501146919248
0.161852867988486	0.0555536777785083
-0.38754286036109	0.162377826217245
-1.51332145233629	0.547881190959341
0.394241327020135	0.178104478648965
-0.38977783456394	0.163362303429155
0.156755264990959	0.0538881191673598
1.45690837081988	0.910299119735548
-0.6543894321077	0.386720076061681
0.162608323561214	0.0699891689453418
0.54391961042787	0.312284840751477
1.37101935658655	1.25695031228225
-0.907299248501114	0.75506110339538
0.60566173497832	0.316451429482637
0.178851389126303	0.121824925269272
0.787227197002347	0.618392369047699
0.688758108160259	0.323936462137778
0.548666485007575	0.455429167646028
1.07086790911806	0.525014858045994
1.62515844814033	1.13864011171874
1.04507350314646	0.400337528186446
1.44707333879815	0.486882965382531
1.82672124291949	0.724501146919248
0.0526234789200919	0.0323179506821677
-0.277243088127062	0.173677915769218
-0.797709190581598	0.813751708645526
-1.258271328567	1.17103415205027
0.145648187043975	0.0698841312035911
0.310270504799163	0.199261270820936
-0.160413427051207	0.109892101853139
-0.325250744115315	0.193852496775261
0.306467982584835	0.209458569379668
1.33868622769951	1.40185562695017
1.0993912039208	0.82838565624939
0.475843660706004	0.32279798030626
-0.095402150947848	0.0379515117427209
-0.137622313529336	0.049786449357193
0.428373466542689	0.324099626808216
0.158151384241136	0.0836052546959
0.148761005422826	0.0642290000475288
0.732425628180365	0.605718574522176
0.173619157159634	0.0995520656817727
0.566116721375153	0.559572334508391
-0.516523767661567	0.197503227221547
-0.60269293820313	0.288588309693354
0.154592632475222	0.0467595304777688
0.451440938272563	0.183586025165848
0.150039122185617	0.0648502450161375
0.152187693302683	0.0732133598533572
0.69790906599664	0.330043247012599
0.152741804792926	0.0388565669192884
0.144983099103736	0.027824125638065
-0.51396531615413	0.196814734006425
0.939321446025007	0.250350778540833
-0.722178250971348	0.25075614733526
0.66957124715326	0.214831928354538
0.838880784721213	0.357342794870202
-0.651418153311256	0.384839408595187
-0.161355362597756	0.0911924427479361
0.908839425843643	0.782707280418726
0.846996771656536	0.767727158680717
0.452085827165729	0.325620330242204
2.75257155834301	0.787872112571947
1.2784378269632	0.710453931444058
-1.81740649233114	0.752549709047675
0.960305776545029	0.648218814239846
-0.38977783456394	0.163362303429155
0.695810744204863	0.327623473506661
0.458321526621627	0.186318935304384
0.145952781975537	0.027957432098957
0.938232517255131	0.250080666640462
1.45151622307992	0.488502446881907
0.159466760876738	0.0970464322057349
0.802272142345229	0.757490118619058
0.00795794022948613	0.00452460057309407
0.208066476000595	0.172294744501718
0.00652211232008694	0.00306804572067115
0.163169995607563	0.0413572276497282
1.35604271120718	1.23976317839715
0.339020581920579	0.187555614300722
0.039136581691015	0.0226869054088278
-0.796439730772496	0.52254398486956
0.32093298187478	0.192319843353607
-0.659590883747258	0.389976343171419
-0.186223706087539	0.0995833269794514
0.322659340550394	0.193760892405456
-0.233551708055019	0.152013156825898
0.650436841327181	0.457359463172941
-0.113194227348791	0.0664790611153778
0.362441420779108	0.182366551815682
-0.486563709907794	0.254385194389356
-0.54770300299479	0.346058958946146
-0.187336786376243	0.0999227471506256
-0.919213436122713	0.665046522784693
0.741152988398668	0.7198920828645
-0.494260684837984	0.259185288220802
-0.403736156675037	0.227247605847662
0.898816737146264	0.913393145878079
-0.0291503816412281	0.0137789352039127
0.311859230882934	0.200600671544539
-1.34499184732322	1.10247508863857
-1.99080962490279	1.38642601524698
0.359083885538431	0.180666040495287
0.727822017032178	0.598839988566972
1.33027902326967	0.588782391838695
0.155143712679243	0.0533136788534507
-0.217062344939073	0.0708765351682746
-0.0111744368867574	0.00741962948719812
-0.395835518436449	0.166165092035165
0.473521394125449	0.320057860669265
0.602796578567578	0.313918275202218
0.32046435684232	0.191954838130435
0.687830959496591	0.323111308230345
1.44707333879815	0.486882965382531
0.148508541635756	0.0283091884660306
0.943029051172106	0.251479485037243
0.157022623028463	0.0539216680988902
-0.0477544660881425	0.0209253831286506
1.76773628021404	1.37313182983382
2.26401972322401	1.73896786179585
0.315180428187948	0.203370920146337
-0.395835518436449	0.166165092035165
1.07530558149626	0.524563806101269
0.654093647565079	0.461579007193426
-0.790245005469676	0.51831333125146
-0.18999011688144	0.101775405304486
-0.100088981249221	0.0397814202564071
0.363370195929265	0.182879847680227
0.595985650424828	0.443630636531495
1.07267469640999	0.524535991634576
0.149838258955292	0.0720750734216391
0.154386643672046	0.0815985447375872
-0.306547851694833	0.141091468517231
1.57606850871826	0.79709034488913
0.778485043701461	0.607548027597487
1.13992138888648	1.27820445222823
0.163359376675397	0.0491825169151302
-0.347136350857903	0.101509886664517
0.940922493736804	0.250741724034319
0.154426155420695	0.0394015396377603
0.156363426242974	0.047190420192791
0.150560591340052	0.0581713067257616
0.534616498293225	0.194497997065177
3.26574785919213	1.12499058506004
0.532814768867822	0.193864204311051
-0.342867856400314	0.0999728525992471
1.04159933206917	0.399425668548248
3.25819512813541	1.12540871646052
0.162473111348855	0.041123724112904
-1.80103877399874	0.401412128456168
1.32906700078086	0.589900984861052
-0.727930992330886	0.25380129172308
-0.0956170879648099	0.0381091865393533
0.563644079825203	0.444645206507797
1.04058787371703	0.399831169158897
0.150946417064681	0.0652272035847707
1.44598024938091	0.485455548198704
1.95733767915288	0.46077898524688
1.95733767915288	0.46077898524688
1.33268267370684	0.593331252982876
2.7486062124648	0.786021619850662
1.95373899190972	0.460332693481441
3.25711819118569	1.12516204396806
3.63104293019025	1.45185522619522
-0.636959492719679	0.156887069567616
0.155608726416379	0.0470349393301069
-0.356482262612355	0.103788921703605
1.46168841344093	0.916754679040934
0.537406575730244	0.196009920523317
2.75356411778207	0.788200953807627
0.938786187734731	0.250272333462114
3.25711819118569	1.12516204396806
1.9546069313489	0.460412245381477
1.03780816129706	0.399548214209553
1.75586360656052	1.34970845129831
0.454880077555229	0.185222631284087
-0.388127613077268	0.162510073844204
-0.515782684048713	0.197574022242274
-0.673159466937785	0.46849523509911
0.0561719174596759	0.0344959267652446
-1.48808247216032	0.763411251497296
0.790227170758914	0.47180556732502
1.39595224680132	1.0729749499682
-0.793536001274369	0.744966198528949
0.453971605986436	0.184766637057688
-0.396929188507933	0.273757186158038
0.161147472738018	0.0850948886028606
-0.402844036387708	0.227501324792501
0.302580008864888	0.205725737630624
-1.16623524550492	0.655529150841431
1.06963382087997	0.523918319674887
0.844533312190708	0.763469460697312
0.159437577768447	0.0614447720303482
-1.55861019602293	1.49544515552146
0.147573436608163	0.0707908776293756
0.545926684446715	0.314316864519506
0.153762707087432	0.0738860778183168
0.149975860929304	0.0579241892206102
-1.16533230690341	0.654753086475839
-0.220662150695417	0.0721303089573529
0.358569131373354	0.180254540785345
0.151465556029483	0.0583373053111829
1.08016302953661	0.52811810251786
-0.214123379998796	0.0699227235538962
0.402185859991022	0.181792571704272
3.63104293019025	1.45185522619522
1.78066495281274	1.00705476553092
-0.22959038723547	0.149271900594633
-0.231396281039996	0.150388342970936
-0.186759569336656	0.12461005641729
-1.04350722620203	0.831746454621921
0.65026001349116	0.45788212400626
0.333921192149217	0.184631343315205
-0.408071405847751	0.23038096954262
0.177177408403725	0.120555079699095
-0.771920768579214	0.338540927113956
0.155983718780087	0.0891517813293339
-0.191047292109757	0.101943362286769
0.679178726090621	0.58715896656445
0.652658950068947	0.460528038630388
1.97755986451357	2.31018970870916
1.23333467837841	1.02527277125778
-1.45473284299092	1.2939436752927
1.01764765407642	0.948677291312761
0.332392733701896	0.182213001212824
-0.220347691945101	0.142396841726393
0.455788330014537	0.185537184077034
1.08956248405582	0.670202865529133
-0.0615712103035063	0.0267830291995861
-0.346051722995957	0.100990327474769
0.157426877687479	0.054095802255857
0.66746146314869	0.214381150055683
-1.14214562413243	0.351215554477081
0.158101352361165	0.047666865168031
-2.58142672375403	0.684312616488773
0.144983099103736	0.027824125638065
0.145592290548819	0.0279027526196651
0.939853714804409	0.251002284675557
-0.189996050767489	0.101616841629184
0.667130392787493	0.214334835345571
0.0384165091603556	0.0222622838380623
-0.0112288395525931	0.00550265885848658
0.830713454319356	0.353808264779461
0.934005942223238	0.248873278369857
0.148508541635756	0.0283091884660306
0.938786187734731	0.250272333462114
-2.58178332536446	0.682930522892635
0.157633323445896	0.0401249768572365
0.939298703364537	0.250809511779044
2.75257155834301	0.787872112571947
1.9546069313489	0.460412245381477
0.164642263465142	0.0495275308334802
0.827465419165181	0.353580301177974
-1.14741359740666	0.352883231159087
1.82856289051599	0.72661307330956
0.665631852900648	0.213765325882499
2.11476331684021	0.962649218894054
-3.08660653838605	0.975157312690119
1.44816685557941	0.487186600500996
-0.095062848663096	0.0378756435568373
-0.718361159550834	0.248530953754139
0.159873979297135	0.0482815097019209
-0.769420847928839	0.337874196930748
-0.636959492719679	0.156887069567616
-0.225980737566007	0.0736878678331904
0.938786187734731	0.250272333462114
1.44098670162231	0.482970681290409
-1.14283325733795	0.352132388893513
0.824436784586739	0.350035564071237
0.514513344215796	0.443032277553535
0.284379923082301	0.222243884985249
-0.138864220789683	0.0501873456253006
0.155143712679243	0.0533136788534507
-1.94397872795208	1.89611452650803
-0.254105327874393	0.126760237246471
0.829610609779693	0.354025605321639
0.646601587285261	0.453514022500028
-0.94616242425547	0.576136216892822
0.0191287883639605	0.0103794402864084
-0.00325094347420774	0.00165428059615077
0.178764339891654	0.109639097854851
0.150491074644363	0.0721641310009625
0.144222295684573	0.0691102275272402
3.26250083711191	1.1257992465865
0.698800167313728	0.330521280205619
0.156040866513106	0.060267234897955
-0.240008659829199	0.119295870867098
-0.00501595721391867	0.00250722701778539
0.908606621560926	0.492214870808215
-0.148495825747489	0.0535257367570344
0.707958594321338	0.460634686092559
-0.79501628160697	0.606296381924939
-0.278487103317672	0.174190410160861
0.655655236086316	0.463773806182989
-0.146266365169887	0.0822969023766206
0.156530838902088	0.0537701104160248
0.149599686949473	0.0718190092317188
0.938786187734731	0.250272333462114
0.14864968543755	0.0574012460397016
0.549738361414154	0.31696010041249
-0.146328771400404	0.0824437762385095
-0.147873446228401	0.0533861392609676
0.451440938272563	0.183586025165848
0.410179412097301	0.185260532187282
1.28112852846568	0.71415185971748
0.0397133869876184	0.0230212155205011
-0.333140217250619	0.199750177612365
0.161583030692245	0.0553811342318149
-0.0926091402278576	0.0368107264609471
0.335360377648483	0.18564895171202
0.796852771004624	0.476050226928687
-0.0292584894742917	0.0137936466374432
-0.145930986031082	0.0824611187936278
0.146861027372445	0.0566969835090629
-0.0905934418821428	0.036121792375747
0.599982316199767	0.313044029800987
0.160332972304061	0.0846635143377623
0.145269564101328	0.0628285892375078
-0.78880025654463	0.515869936020776
-0.602006756557341	0.289449153823694
0.1564887689413	0.0537706581930758
-0.509527285836048	0.194677535004504
0.158106662910899	0.0610075848223268
0.459848768450191	0.186918395193145
0.532668848987461	0.193804150978287
0.16291909086997	0.0488600672869211
-0.352171048045609	0.102884554871845
0.16089014359948	0.0485574624883246
0.350390673348741	0.175108432580388
1.04084375463613	0.399893662664495
0.666049960969073	0.214022945375077
1.06530536060331	0.52073766886957
0.160143020262516	0.0482319015045651
-0.225039146288752	0.145700543104961
-0.0563509801355513	0.0246243392287184
0.901169307054895	0.48682385106215
-0.154828495493172	0.0876057752069322
0.99698661091896	0.809618956423449
0.429763246147762	0.325261660256086
-0.0891464162582774	0.0355268744449796
0.710747442547653	0.463558779055852
0.532920813071289	0.194317875052133
0.798205354111803	0.475369727257858
1.45151622307992	0.488502446881907
0.661014028065539	0.212332873799895
0.939298703364537	0.250809511779044
1.82210083961786	0.723859670275787
0.144624243113007	0.0277697138706121
-0.346391761922432	0.101125986544327
1.04332248971287	0.402005344928024
-0.975873586042442	0.486297529129953
-0.147251365806554	0.0531877126959508
1.44707333879815	0.486882965382531
1.09253929615557	0.672225717389431
0.531843076130347	0.193511668396616
-0.635886909613779	0.156604724964807
1.57513779972863	0.796335217996603
1.9018220798304	1.62812886960069
1.45041930837423	0.487336762252141
0.94779125605509	0.635431699328058
0.852423211704528	0.620132004700684
-0.187229323287317	0.100041993314014
0.532668848987461	0.193804150978287
1.44598024938091	0.485455548198704
-0.520217181433706	0.199453993404994
0.155608726416379	0.0470349393301069
0.935072365625058	0.249598704803732
0.798506761881536	0.476702052906432
0.338122911870817	0.18647849065376
0.455788330014537	0.185537184077034
-0.792597392428684	0.43242999049658
-0.320341057503554	0.147052344489182
-1.81740649233114	0.752549709047675
-1.14283325733795	0.352132388893513
0.947050172965635	0.636104089479466
-0.677139167849223	0.472358475225657
0.45083767344141	0.183111265974364
-0.391579871043955	0.163798466897451
-0.542665062495401	0.34078692897461
0.618046382754623	0.323584412294904
0.689346451286098	0.324840596495388
-0.0966299585979173	0.0383340385901516
0.159576214720181	0.0547910896912197
1.07458183946194	0.527550268184519
0.615609492467715	0.322080478570944
0.159873979297135	0.0482815097019209
-0.0920417047697756	0.0366750242689807
-0.236266866461435	0.117596083915139
0.545843765490528	0.314507642682176
-0.139940820364634	0.078771422234057
-0.976398694872962	0.483549412862346
0.338507063097335	0.186536945077091
1.10354985221871	0.831705247619648
1.24675270614963	0.858704928839351
0.53668704389391	0.195702410097146
0.834446471169688	0.356397319261791
-0.0638131628776094	0.0277739424592128
0.336312114433048	0.186228830528361
1.07245852247388	0.525502924762952
-0.309383080562588	0.142287808111712
0.752299954355383	0.733188989110235
0.476921352842394	0.323367004048762
1.09647376483267	0.820825294723009
1.28171702135512	0.712895169714261
0.400840426899411	0.181657541240669
-0.093394112565885	0.0371429402363506
0.78855416448086	0.469722710645129
0.173512802224391	0.112303673679242
-0.462392229533626	0.305823943940866
0.708980921377731	0.462647039779749
0.163866602100675	0.0414467921764721
0.163624541637998	0.04930959903967
0.789473879209175	0.470305751472723
1.03957617416576	0.399643236692894
1.33365346781733	0.593790400301544
0.157163078264286	0.0894070677310272
0.146273761586385	0.0564897105536409
-0.142603029870794	0.0515255055439621
-0.0310616864625166	0.0146571354182889
-0.143811185198742	0.0519843113185563
1.09074546585577	0.670017017642611
0.785663376750838	0.467062200813199
0.489733967814079	0.304302099571838
-0.244882353896093	0.122227797924901
0.543835408862521	0.313588189157105
1.97588371360223	1.24461255902506
0.170392396909626	0.097524464583852
-0.949181012528648	0.578867750869275
1.76590833925128	1.36936268761927
1.24687231564029	1.04074031115551
-0.758845021168351	0.333093507910706
0.507265237342922	0.318383558893599
0.403628938718973	0.182811518185001
0.785479002216085	0.467537305959299
0.686605330644844	0.596443229836056
0.453658869617557	0.326341031944538
0.144774975189443	0.0692638262267311
-0.101310659887303	0.0402595504210943
-0.0905934418821428	0.036121792375747
1.08089630380601	0.66006640793548
0.725274061768796	0.598089407603704
-0.616857883398183	0.294974052422542
0.320007621308903	0.206863829917067
0.514650465313653	0.323841633348796
0.358256993967444	0.179942361383567
0.705221970646951	0.459523253199666
0.901169307054895	0.48682385106215
0.319781838074007	0.192345522491744
-0.95005422233772	0.581730930079566
0.947726260287545	0.633918642141299
0.863583757165302	0.633599852654758
0.601421774301395	0.31407687916765
0.355511624433836	0.178258001125404
-0.100979610237678	0.0401142376145078
1.08776610249438	0.669083604196972
0.0341828374820796	0.0198653272094789
0.146871376884243	0.0633952138025531
-1.1569168628152	1.00351877381766
-0.517669140674941	0.197883860235959
-0.489104446765901	0.25561008857299
0.394923627977348	0.178432056341537
-0.0274045538914575	0.0129701869822433
0.783399434440631	0.46611477900616
-0.675752717699367	0.470686156948571
-0.114129591505932	0.0672140965066954
-0.682709839793504	0.538265350679723
0.520286814497733	0.449300499194423
0.16141757858546	0.0984829024555556
0.537406575730244	0.196009920523317
-0.08989375594331	0.0652306617661911
1.76907393049585	1.79291178702793
0.671739146590236	0.215516932210142
2.28386734802717	1.76151152127673
-0.519670072768712	0.198354116315629
0.664222224803941	0.213409026485109
0.159873979297135	0.0482815097019209
1.03882026472922	0.400114292850008
-1.66933915211112	0.950027334354309
0.6645527926843	0.213454144615325
-0.641728465892975	0.158059513381177
-0.136327165030429	0.0491529247866527
-0.141354920327139	0.0510651509736396
-0.348220543213602	0.101642486260234
1.95274506303451	1.22053619622803
4.17094345762427	2.03741648674295
0.15372623772021	0.039243442264908
1.82393551449113	0.726315315015904
2.11476331684021	0.962649218894054
1.07621204164216	0.527747469375619
0.694207312472594	0.327930132781043
0.156040866513106	0.060267234897955
0.961827518574331	0.648809337884395
1.04582937512548	0.401624027519618
0.154312196248935	0.0667943680936473
0.900236759844915	0.768697961787979
0.33028007394744	0.19889995339578
-0.458865655770922	0.425772893977987
0.426169481654863	0.321964083130406
1.61279782315395	1.12156476428233
-0.107219569884841	0.0424174692384756
-0.480612711878866	0.250352924625211
-0.49519783192992	0.259576133277492
-0.201577823372377	0.10786893589263
0.323193199289898	0.194092029458496
0.547764775128529	0.316002427800321
0.793868906336774	0.473341824819666
3.63214416087956	1.45298046940176
1.45151622307992	0.488502446881907
1.576743593749	0.795718778360275
0.515154935207928	0.442694901842267
-0.241038594089812	0.119783509125293
0.525798085461473	0.190828447387398
-0.095402150947848	0.0379515117427209
1.57606850871826	0.79709034488913
0.451158336600182	0.183419403196117
0.538516079187859	0.195346794654461
-0.510471133847125	0.195363258012676
-4.0081000526726	1.77106539749408
-0.217062344939073	0.0708765351682746
0.449623635043644	0.182709849138681
0.159383452529446	0.0480372790434797
-1.14781664720768	0.353699707342604
0.535711132992892	0.195347083049004
0.698800167313728	0.330521280205619
0.543584342045875	0.312438267543446
-0.594624314938146	0.434032059352417
-0.92789420797688	0.675980341829001
-0.0259828431642861	0.0123169843334593
-1.85376223418073	1.16500934209037
0.690522341160252	0.32496801717721
0.360769935960504	0.181034369796747
0.700475974782731	0.453492774007887
-0.082455569401703	0.0501581633910704
0.0233460385222076	0.0125708626546256
-0.100386199994175	0.0587258018644642
-0.0282511449914326	0.0133300689912262
0.154853640575486	0.0467605063072903
-0.0968542016587712	0.0384832044595299
-0.0351917225234921	0.0165314671100132
-0.142603029870794	0.0515255055439621
0.324404581943352	0.195418220491925
-0.201764245428663	0.135311158917037
0.389455092011597	0.31865851328805
0.460467563830994	0.186853741674829
-0.521554466431692	0.199589665218961
0.281593260842554	0.219402691133533
0.363786556317111	0.182869972761231
0.178283620782862	0.115722999701911
0.610739767743163	0.459972921315919
-0.166894834947927	0.114408572870919
-1.8113799781808	0.747754907607329
0.647913711422836	0.582915681803337
-0.223056573550524	0.144417387332445
-1.22733911767381	0.919559708273575
-0.153337710952429	0.0866771030025433
0.795050899410038	0.624816129917254
0.156316835097579	0.060329813065547
1.81644367388164	0.72100435238493
0.396603250930295	0.179302861353901
0.414311790918764	0.32781208556197
0.679361707950561	0.586363117508451
-0.194414698606283	0.129938964801041
0.38439481460498	0.312853253422412
-0.0348381759945145	0.0163665294113374
-1.01179909261532	0.403271579311875
-0.401070455232008	0.276799310109481
-0.782818879465764	0.424322825277935
0.317462933386073	0.205194719147545
-0.0765242644060111	0.0465613314205834
0.188830017704289	0.159370936395622
-0.24519188527634	0.181163016188156
-0.432474186690457	0.489838603633109
0.652658950068947	0.460528038630388
-0.194316313204675	0.149473344235198
-0.144172923005839	0.0813556508560817
-0.342174744882362	0.204985777610422
-0.349709365939262	0.101852718844327
-3.46057846766198	1.25673296266012
0.152108068416228	0.0523180707573953
0.159120665328247	0.048062202194274
0.665301548139678	0.214168982585133
1.33292908935071	0.591884606497793
-0.520217181433706	0.199453993404994
0.163359376675397	0.0491825169151302
1.03705168717883	0.398261057696949
0.943029051172106	0.251479485037243
-0.636438389477554	0.156998062672413
3.63214416087956	1.45298046940176
3.63443164105214	1.45169357871567
-3.76250403815349	1.51948581581053
0.162765853660276	0.0412041418868207
0.157633323445896	0.0401249768572365
0.161642899961838	0.0486892383673852
2.11927682222776	0.965901658271386
1.33885832813062	0.595464578550186
3.25711819118569	1.12516204396806
0.525919921889418	0.19117501920487
-0.241900420042212	0.120479216153593
-0.0263557226048241	0.0124943183574797
0.901245877364322	0.487936224199552
1.11826544692877	0.995127140389687
-0.690214248971822	0.547356572798394
-0.0604143231388205	0.0378776416153123
0.0944182124620687	0.0690084048218908
-2.6280576761646	1.61965420029292
0.472764645057383	0.320726274066143
0.688455889546228	0.324289938658053
-1.14352115801698	0.352309794326609
0.166392256733651	0.0876165730056995
-0.236793824496406	0.154054845334476
0.648809196056359	0.458064141475275
1.78129550857864	1.00512175676565
1.07802028667147	0.528803639166012
0.507675910129344	0.319763759982837
0.895000839368025	0.482104884933993
-0.525541086339137	0.20119647762255
0.144983099103736	0.027824125638065
0.145952781975537	0.027957432098957
-0.213286924508017	0.0696664262975339
1.04256665160238	0.400711187611403
2.7486062124648	0.786021619850662
0.152633350829298	0.0389395951664406
-1.51793915586182	0.550681864442582
0.140400083006098	0.0271488262218611
-0.637509639132058	0.157280902410938
0.148874773794293	0.0283648154803441
0.938786187734731	0.250272333462114
0.940922493736804	0.250741724034319
0.397453991912646	0.326579427762288
0.623191182283867	0.583158165416495
0.301132263368579	0.20523677163282
0.0877953479162712	0.0618583015960561
0.00314748277378148	0.00145141537502932
0.0136279804249425	0.00942982902858848
0.0400091667181821	0.0277382954314387
0.794018824442932	0.624650431368519
0.453216654181854	0.326052536603236
0.092280251276299	0.0863953857335378
0.18980860957134	0.150615255718986
-0.318205322215623	0.28412052628478
0.485494172561644	0.523464728517823
0.046309260022648	0.0283782117308678
0.331127555563321	0.182642952118518
0.149694283219437	0.0648058155505095
-0.800905111345564	0.527970140023696
0.159383452529446	0.0480372790434797
0.167893017972165	0.0503601236935632
-0.636959492719679	0.156887069567616
1.6227181426644	1.13719865880179
0.972510763787654	1.05015155605367
-0.278156504298872	0.20008291913049
-0.146025440907786	0.144314749691995
-0.00636018211365701	0.00431864850861911
-1.03042831861484	0.413737551949063
0.531124427990143	0.193496952060357
1.4497197553516	0.486935149927457
0.391020428718766	0.176738874014979
0.895145251505973	0.908636906476054
0.182114011486959	0.139934781095685
-0.392720808609524	0.30919489928618
1.02014245284914	1.51681202955345
0.0721545675315592	0.0486822896382585
0.642727209163619	0.577204844931378
0.179711833937521	0.145911492693965
0.108668986597976	0.0892064108145924
-0.9394803724206	1.06595027669659
1.07866082522836	1.76328997092781
1.36378386995673	1.24985423389319
-3.0855122183307	0.972756963025588
0.141371543201342	0.027282216107575
-0.646940236210693	0.379319080896214
-0.583877847023037	0.601162097408258
-0.224501861710497	0.190211089189054
-0.502724162415744	0.461080635952141
0.409572871592719	0.33835481192503
-0.198086982160843	0.132449931742409
0.145952781975537	0.027957432098957
-0.28879201230275	0.259715677501262
-1.51610823049621	0.548551675553127
-0.382390740195304	0.159452095241649
0.383932011705777	0.338270868738902
0.200144928626239	0.174489118047699
0.32356116211428	0.357647389881442
-0.54274300063703	0.763899535753463
-0.0476917337529956	0.0298597652379922
-0.10748546599414	0.0881742645872269
0.671739146590236	0.215516932210142
0.145592290548819	0.0279027526196651
0.148508541635756	0.0283091884660306
0.158729294236089	0.04043260950787
-0.21438297968887	0.070119295219489
-0.352502268480792	0.102674771115327
0.144983099103736	0.027824125638065
0.939853714804409	0.251002284675557
-0.612387284460001	0.293881471244338
-2.58107011718166	0.682882000334415
-1.8009224274669	0.401413641514774
1.95373899190972	0.460332693481441
-2.58178332536446	0.682930522892635
1.95733767915288	0.46077898524688
0.664222224803941	0.213409026485109
0.145592290548819	0.0279027526196651
0.144983099103736	0.027824125638065
0.939853714804409	0.251002284675557
0.157633323445896	0.0401249768572365
0.665301548139678	0.214168982585133
1.45528056652204	0.487995449451223
-1.14671720971639	0.353197314225222
0.664969953013349	0.213264891085546
1.08686832229273	0.668059053663801
0.696699371038732	0.328655585401467
-0.953856203840469	0.583984480648196
-0.0433789125421528	0.0278523640340855
0.331062435543971	0.360410399323867
-0.431972281138362	0.372253665256296
-0.191275500192507	0.127895824323977
-1.81591136124749	0.751370102486519
1.82393551449113	0.726315315015904
-0.14662958422798	0.0529534159724381
0.846457571057795	0.765985664406434
-1.98922734209393	1.38415199820481
2.7486062124648	0.786021619850662
0.669151397214654	0.214915118766865
1.44816685557941	0.487186600500996
0.532920813071289	0.194317875052133
0.154592632475222	0.0467595304777688
-0.579284723984141	0.565495984009967
-0.494345681011192	0.259149118320837
0.153991356021924	0.0528563261479642
0.939853714804409	0.251002284675557
0.527613487096402	0.192164364642399
-0.636438389477554	0.156998062672413
0.938786187734731	0.250272333462114
0.154592632475222	0.0467595304777688
0.666049960969073	0.214022945375077
-0.216803244618851	0.0708846083253087
0.825857711677719	0.352770911116929
3.25927332254934	1.12307323546949
0.831621928970045	0.355145445447902
-1.14283325733795	0.352132388893513
0.666381294485655	0.214481042382208
0.537406575730244	0.196009920523317
0.533173376017961	0.194273902958868
0.318186479633058	0.218459517042491
0.666569646376634	0.778900353032922
2.41118422414423	2.04201248186059
0.144765939190236	0.0625621516146272
0.523782131172995	0.451386891322104
1.36235247834032	1.2475001794225
0.0450948943656193	0.0261222993401679
-0.423235249263178	0.398146047517041
0.381968543408295	0.324664291665358
-0.343891103362859	0.244456398096778
-0.384655424339597	0.335412152996388
-0.730661912280287	0.931256489611912
-0.49629619105303	0.496258689058509
-0.848898424377833	1.02422401702051
0.706915189918241	0.709458421058898
0.188238601183214	0.144656881719577
0.492334560715479	0.307710085641243
0.464352747872054	0.312941602209185
0.605100000443427	0.45519620554633
0.331713296570035	0.183151162167414
0.155594450493702	0.0671825100775817
0.830951835410689	0.355538325180902
-0.92797678441521	0.67428130464179
0.148333399951612	0.0571239166412135
-0.00281024200192741	0.00143231762995746
0.330155602802235	0.317458073185135
-0.104620764524728	0.0745126726735802
-0.362288677825038	0.347998253237626
0.273543762621388	0.228139877284186
-0.304241194397966	0.139504270940483
-0.395809369346302	0.165952663716827
-1.28521038313764	0.583680193814339
-0.282587017230587	0.177041477759119
1.46802360336886	2.08289899407934
0.287659638194204	0.23377784250594
0.383528888167374	0.325880535126756
0.415501429467102	0.328337287319271
-0.3932918698006	0.270694448106724
0.987745309208257	0.798517701151443
-0.0370470727767506	0.0238107849186186
0.402014261600835	0.330255031398776
0.287274046653581	0.215150829247908
-0.230306093751936	0.195635496329972
0.760507309640631	0.921155366912989
0.176137918009984	0.125404378006383
1.04862867286524	0.402022405160467
-1.83167862917135	0.755308754674996
-0.187842962305274	0.100272515149255
0.182372321405586	0.144412624124075
0.742007732996022	0.718146116861413
-0.0732132303371582	0.0538521318492814
0.577213542599243	0.551891309760848
0.503418463158388	0.448078586142472
0.451123183314161	0.183433906627989
0.273877614378251	0.249787204758668
1.10117647551701	0.828882637477394
0.18563664058453	0.132657485072488
-0.656815411320288	0.68193741453148
-0.0706542127156022	0.0587714068263138
-0.108517667794632	0.0979018240754217
0.190823017328433	0.165523523723216
0.455803599187069	0.429047131741236
-0.291896914075488	0.335317716212893
0.53668704389391	0.195702410097146
0.159975713550132	0.0548588370938941
0.158036719368933	0.0402017101522864
0.16411177443756	0.0493132983349349
-0.216341300405611	0.0706275337190599
2.11375324652734	0.961449694741809
-0.214123379998796	0.0699227235538962
1.04434257719901	0.401730000883782
-1.51684905918208	0.549966932484854
0.666049960969073	0.214022945375077
0.148508541635756	0.0283091884660306
0.946736216714011	0.251684249918529
-0.347562155000387	0.101412477187396
-0.638059916511872	0.157099877961465
-2.58107011718166	0.682882000334415
0.144983099103736	0.027824125638065
1.82352406082909	0.723030431098272
1.44098670162231	0.482970681290409
2.35130989098324	1.19283185131543
-0.348647465724826	0.101723259540307
0.351589087788569	0.435450430811092
-0.490450389601186	0.257119776979305
-0.242330012577889	0.120671610718856
-0.0608573610445958	0.0265679691811687
0.150069116114406	0.0649994481708726
0.793352928272574	0.474008068001009
-1.73391023780468	1.88481517452305
-0.2661221391527	0.198791348959675
-0.0127759726015415	0.0109729687499018
0.745813447861601	0.727157494428505
-0.868643011050519	0.932679657657071
0.145840825927679	0.0501249686665771
-0.729684755713644	0.253114914523046
0.0630214152102162	0.052541443410087
0.0591734225996646	0.0362376987402176
-0.143811185198742	0.0519843113185563
1.11713139653746	0.997447847881362
0.742539830112702	0.722621007576867
0.570965140239688	0.453057317490341
-1.27004348394699	0.578549734222855
1.10121853323962	0.82770502749196
-0.901141579142979	0.747695003683283
0.833141724071278	0.870550254171589
0.453062917398637	0.184070014684516
-0.0917187611314774	0.0365165674531815
2.11274293487726	0.958796242868276
0.826531590934318	0.35315888780187
-0.773092182747956	0.33824983853328
1.57861474179757	1.68942668077033
-0.486563709907794	0.254385194389356
-1.16105818781118	0.650550150792748
0.139999683356872	0.0602719629461046
-1.47001896656259	1.01887443311445
-0.391853018895284	0.164211548410465
1.24505873647115	0.856282887095497
0.543335421487746	0.313442622565846
-0.515852566204875	0.197244185536905
0.338168034714877	0.187106946909633
-0.153443388526274	0.0552577699290226
0.607582179300763	0.317916510494501
0.662413762297901	0.212285506125273
-0.773400972897661	0.338521017792504
0.553352153364928	0.319349200909473
1.44816685557941	0.487186600500996
-0.34327511670262	0.100238459904739
3.63553631715371	1.45516543033256
0.159873979297135	0.0482815097019209
0.154853640575486	0.0467605063072903
0.158366958173935	0.0477619066778733
-0.216543534622435	0.0706689190848181
0.149975860929304	0.0579241892206102
-0.31029491523275	0.142745297488236
-0.486736870228351	0.253942592752395
0.155326344335333	0.0532303466929222
-0.767235127710563	0.336916205929244
1.57981526302213	0.798204506146012
-0.38695836629556	0.162163500198277
-1.66937067132854	0.950734634291517
1.78680148116403	1.01498680424437
0.159120665328247	0.048062202194274
0.158367221778382	0.0477356609277319
-0.803079900568566	0.529278559158478
1.11406368414739	0.987193416971382
0.825597474038335	0.352498147547611
-2.28279074178325	1.1711496700984
0.608907434943588	0.317352936016112
0.826558974409073	0.352989133818377
0.670986836259098	0.215663188176636
-0.142281904149211	0.0514291489901802
-0.637509639132058	0.157280902410938
0.141371543201342	0.027282216107575
0.943029051172106	0.251479485037243
0.158324698427983	0.0402149964785429
-2.58550852264163	0.684811136427957
1.03907598780005	0.399013432660369
0.148874773794293	0.0283648154803441
-0.636990001200621	0.156817984288667
-0.212648801796322	0.0693601353842416
1.45041930837423	0.487336762252141
-0.511415259704656	0.195471759731759
0.160136994586442	0.0483380929433701
-0.348220543213602	0.101642486260234
0.53490306518059	0.194205198138523
-1.14241956815201	0.351807769829277
0.899963378082009	0.48430694709293
1.06906023413505	0.52399481001835
-0.0563509801355513	0.0246243392287184
1.82393551449113	0.726315315015904
-0.722656757230261	0.251937110505122
1.58074669554042	0.798212712854199
-0.353252610180752	0.103014720617828
-1.26832158261363	0.57762571413367
0.159302248589599	0.054592027037212
-2.07136620778168	0.959054677783964
-0.189058791368413	0.144990946063985
0.157024264802529	0.0754058215876669
-0.283433154601137	0.17766165277994
-0.404287630867487	0.228309475241669
2.12324263855152	1.48311240128215
0.504487682081557	0.317117844421997
0.501946702708224	0.315693369419312
-0.602006756557341	0.289449153823694
-0.399687055138105	0.224733295010152
-0.386374130679002	0.161877087924867
-1.10620812247191	0.753746896518484
-0.305159281749916	0.139777583902767
-1.8009224274669	0.401413641514774
-0.0943872624015641	0.0375579141573569
-0.550439241672516	0.347625082386429
-0.194018116887177	0.103693078031273
1.0796338925615	0.661013122798282
0.150907618501473	0.0517536712614242
0.143476429264103	0.055334201992357
0.45607500701721	0.185253579516244
-0.251838313948796	0.125674267371794
0.151023109044915	0.0725196964439005
0.152415713608906	0.0730855424245118
0.50354266002433	0.316490249182684
0.692146193975193	0.326192500357826
0.659507496978635	0.4663641388164
0.69510717262521	0.327977453773444
0.158626817565613	0.0839055031010163
0.171165209753561	0.104965403084098
-0.045382610577561	0.0291175227989868
-0.791611344571123	0.431690545170837
-0.030106296045744	0.0142210847791421
0.909946991741422	0.492936462501295
-0.778412481273888	0.341580404534438
-1.16068277339694	0.650273274268608
-0.550913037741524	0.34784224360566
0.157693836049591	0.0541708009160174
-0.390955189992308	0.163988961341986
-0.601809544147604	0.288906996366902
-0.522497081407776	0.199591476374966
-0.240042136789936	0.119355346738161
-0.068724442397241	0.0298402486984919
-0.0325029544838021	0.0153076284309495
0.733321203856094	0.607784984825329
0.410125076140188	0.323831333857527
0.431901016805814	0.327291747541313
0.496897331737517	0.443904809986313
0.0171452631280507	0.00932491289224366
0.467751919829141	0.315055462324148
-1.01963433224477	0.914215650336221
0.689044564874805	0.324641738430295
0.652987823978257	0.461101512125495
1.23220454863573	1.47964704157434
0.613272399427365	0.321400465291053
-0.678758935380647	0.473463766573332
0.0201478635090616	0.0108447953990189
0.788614729002034	0.740139803676626
-0.904848752009265	0.752234632199774
0.566470940175978	0.447694095698582
0.783678322047395	0.611444091965799
1.34035614126163	1.40230831170317
0.144624243113007	0.0277697138706121
1.44707333879815	0.486882965382531
1.27138541311383	0.704022453063323
0.607215353913124	0.317694808895259
0.788727993835891	0.47078815053426
-1.14283325733795	0.352132388893513
0.688455889546228	0.324289938658053
0.148302839959414	0.0378752998519464
0.158729294236089	0.04043260950787
1.95373899190972	0.460332693481441
0.158324698427983	0.0402149964785429
1.82317998866194	0.72570154697374
3.25711819118569	1.12516204396806
-0.521772059509189	0.199313721734597
0.407635815848514	0.184199006213499
1.09253929615557	0.672225717389431
0.962121367706389	0.649442798099711
2.13133953887847	1.49061341047567
-0.761051357445763	0.333364548715013
1.07711628178215	0.528486442400621
-0.218967744087285	0.0714817642031414
-1.16676642539472	0.653693295787917
0.675285468234335	0.216285450940634
4.39373834913234	2.32178057284709
0.157633323445896	0.0401249768572365
0.67065498417138	0.215487616922184
0.146273761586385	0.0564897105536409
0.823763733393036	0.351069197066921
-3.09073773131398	0.977080546046746
0.1564887689413	0.0537706581930758
-0.392436710436679	0.164466860587076
0.141371543201342	0.027282216107575
-0.636438389477554	0.156998062672413
0.158036719368933	0.0402017101522864
0.145952781975537	0.027957432098957
0.157772450057789	0.0400836004593127
-0.636959492719679	0.156887069567616
-0.641728465892975	0.158059513381177
-1.80103877399874	0.401412128456168
0.145952781975537	0.027957432098957
-0.520446455297036	0.199056207758102
-0.394941204794814	0.221724485830335
-1.16290361109645	0.650610899948797
1.44707333879815	0.486882965382531
-1.26520679974662	0.576118661909323
0.90451505109364	0.489688091204855
-3.45852473952099	1.25330010570648
-0.215362013913717	0.07044095074977
0.163359376675397	0.0491825169151302
3.25819512813541	1.12540871646052
-2.58142672375403	0.684312616488773
1.03430080604135	0.397225968697929
-0.224467622607222	0.169910359616934
-0.00623091240881316	0.00413010639220031
-1.65148697963748	1.69204027523915
-0.786499154274254	0.73652028221533
0.749041690378897	0.730657699622354
0.292354804967228	0.209309001718702
0.453609157125866	0.326921510102526
-0.17096080516472	0.133579784977387
1.09528156598979	0.820164677865475
-0.397759616143876	0.223584903969544
-0.306597796794792	0.140759029028169
-4.00372890763927	1.76738115230511
-0.0295165377516624	0.0139164894243015
0.851094352131874	0.771101810485321
-0.179646454726204	0.119062148945235
-0.112421699545111	0.0662286323368699
-0.307939294256135	0.141381256343221
0.650246933259612	0.459215791495067
-0.973476797407428	0.483366492541231
-0.604084777985237	0.49204051727381
0.989958144933645	0.803022181303639
0.790227170758914	0.47180556732502
0.862359144835922	0.632222164720719
0.467646003925202	0.316397412948415
0.988051744080969	0.798622383020352
-0.142573306208437	0.0514606942828237
-0.0142359818847842	0.00696672401834929
-0.344606939744182	0.244261686732669
0.949292521201713	0.637727149312647
-0.727930992330886	0.25380129172308
0.606198013866531	0.316810449538264
0.533642805684197	0.194234863625944
-0.14662958422798	0.0529534159724381
-0.50630459729825	0.192884461487896
2.14181399298136	2.1832679608366
0.395584329713684	0.179159454278939
0.391908387725611	0.177208790202355
0.947553247831923	0.636279988134669
-0.15280330006844	0.0863785032963168
0.790473990745112	0.620488343774812
0.784554359605239	0.466949809728913
0.322436257366537	0.208590492571341
0.175305492779151	0.107421443690236
0.145648187043975	0.0698841312035911
0.953948728491119	0.64332852694347
0.955146780218327	0.644181308132012
-0.465584752107389	0.309393618590845
0.00221462579969823	0.0015310904176338
1.03249635476112	0.969867821168659
0.349358433286065	0.174521683866103
0.558898163027925	0.321954334838446
0.57607431731887	0.457520721535045
0.445922392978256	0.320177203261313
-0.514908806238071	0.197238634697011
0.829082707116246	0.353891357733884
3.25711819118569	1.12516204396806
-0.0989685268805481	0.0393704401030059
0.451440938272563	0.183586025165848
-0.347476635066155	0.101259316294087
-1.82040993178462	0.752616947712307
0.159421595053514	0.0405224643025682
0.942469249206212	0.251285156498659
1.32906700078086	0.589900984861052
0.145952781975537	0.027957432098957
0.159421595053514	0.0405224643025682
-0.788784216945187	0.429006082863951
0.163866602100675	0.0414467921764721
-1.15103698931463	0.353478679518203
0.67065498417138	0.215487616922184
0.150870676306444	0.0582824810304815
0.69790906599664	0.330043247012599
2.36205785403792	1.2049765555766
0.161184676470248	0.0553470097303974
0.154928167439297	0.0532400543451358
0.148874773794293	0.0283648154803441
-0.721156709968222	0.250838938542479
0.148508541635756	0.0283091884660306
0.15433459922411	0.0465544527222368
-0.512083063934318	0.195729041885172
-0.146340352033991	0.052840837935371
2.74958998501656	0.787920507210083
-1.14266687553996	0.351067215845013
-1.51833170548507	0.550474500519343
-0.636959492719679	0.156887069567616
0.66957124715326	0.214831928354538
1.95373899190972	0.460332693481441
0.939853714804409	0.251002284675557
-1.8009224274669	0.401413641514774
0.144983099103736	0.027824125638065
-1.14352115801698	0.352309794326609
2.74958998501656	0.787920507210083
2.7486062124648	0.786021619850662
1.44926079886845	0.486462370267577
1.44637717898614	0.486482829772734
0.156363426242974	0.047190420192791
0.158729294236089	0.04043260950787
-0.636438389477554	0.156998062672413
1.95373899190972	0.460332693481441
-0.0893636381516683	0.0355840985394435
0.151965027179809	0.0657173503426741
-0.0104540682067086	0.00512857980711429
-1.09185931374111	0.739556036382089
0.159279162884153	0.0911270152545875
0.470995956786805	0.317919671040653
0.787910529580683	0.470488776135385
0.787587708142696	0.735455871187046
0.743927676669682	0.723923249348526
-0.000878782171505386	0.000510310282182445
-0.973042635537788	0.48365648985277
-0.76475469664406	0.335510040816294
0.159102093512793	0.0841721182464167
1.06287617867629	0.519596188178555
-0.786466723329773	0.427862149748551
0.151193673469807	0.0518882270865175
0.159576214720181	0.0547910896912197
1.07683239023217	0.526386397211505
-0.644281896346676	0.378081884475876
0.148925558835862	0.0714666180550515
0.943549099105114	0.631204444655753
1.62057641815833	1.13289562548087
1.61788230408238	1.12706820143006
0.396140212323834	0.179517366103042
0.332079036693913	0.18325172940719
0.604201522482539	0.452317722692724
-0.0342341387455022	0.0160933676774054
-0.956904933476839	0.585934535298324
0.153592004384988	0.0462557329800537
0.164377165872218	0.0495293176899797
-0.595631448955005	0.284537850701749
-1.47991433425498	1.02819197612094
0.536176144679966	0.194894966117125
0.15372623772021	0.039243442264908
3.63104293019025	1.45185522619522
0.160897720983043	0.0483862279239328
-0.0636223533630261	0.0276366338074103
2.53682265923364	2.35353315022762
-0.084658266233963	0.0516589470575486
-0.0777359311529355	0.047287428187286
0.851094352131874	0.771101810485321
0.60549259921161	0.315272975903371
0.170521187826182	0.109871803096572
0.606998685034395	0.456314650235037
0.319781838074007	0.192345522491744
0.645751562001463	0.5816344010102
0.57509687360225	0.456508328187488
1.04415121020818	1.0949376148547
-1.8009224274669	0.401413641514774
0.665301548139678	0.214168982585133
-0.142900251552044	0.0516611632062222
-0.347893899096518	0.101384686373808
0.604393178424513	0.315588131570328
-0.34327511670262	0.100238459904739
-2.58142672375403	0.684312616488773
-1.8009224274669	0.401413641514774
2.35324191545684	1.19539343414966
0.670248773455259	0.21459388901258
3.63664142756648	1.45554969527548
0.145592290548819	0.0279027526196651
-2.28608885970219	1.17039718869926
-0.975288553297247	0.485765853390852
-0.138535181662081	0.0501089737478327
0.607750888947621	0.318054204847347
0.898144187211976	0.484077683071467
-0.346391761922432	0.101125986544327
0.145952781975537	0.027957432098957
-3.09073773131398	0.977080546046746
0.660259121595295	0.212070761377066
-1.14712146603742	0.35296389743942
0.151181522999744	0.0582863198324045
1.07711628178215	0.528486442400621
1.06752731610826	0.522572479332128
1.82393551449113	0.726315315015904
-0.722178250971348	0.25075614733526
0.145952781975537	0.027957432098957
0.145952781975537	0.027957432098957
1.95373899190972	0.460332693481441
-2.58550852264163	0.684811136427957
-1.8009224274669	0.401413641514774
0.145952781975537	0.027957432098957
-1.80103877399874	0.401412128456168
-2.58107011718166	0.682882000334415
0.144624243113007	0.0277697138706121
-0.721894572215335	0.250656240529404
0.661014028065539	0.212332873799895
-1.80103877399874	0.401412128456168
0.938786187734731	0.250272333462114
-0.633819675881249	0.156036191470775
1.44598024938091	0.485455548198704
-0.0305922034081004	0.0144428604793472
1.0169621269594	0.949105611645203
-0.69581308380227	0.55121058277985
-1.65967161214541	1.7039391365069
-1.00879146553006	0.903035433903579
-0.394009760387536	0.310913084571516
0.084461914918676	0.05925831108542
-0.909867349515537	0.757062270567656
-1.46046818763462	1.29769806781548
0.321550224270866	0.193347908799235
0.11669581293259	0.0916595067816611
1.03882026472922	0.400114292850008
-0.194883985557349	0.10445623277414
0.152025928057117	0.0586399664165268
-0.91320931166892	0.759048709894645
0.15145480900655	0.0585297563438858
0.349874649755972	0.174881584752734
0.486883642479602	0.431086672677242
0.367472889141828	0.184932276845568
-0.272526726444871	0.225024513724791
0.499899818725635	0.313049485606748
0.689934528881309	0.325192341766654
0.915603909771106	0.789664055960109
0.726602926462501	0.474055723161932
0.575489075322345	0.457804189379309
-0.109552130993611	0.0644607502521786
0.167703133678121	0.102674931573122
-0.30548665166129	0.140453330720735
0.603869020518488	0.316121256627672
1.62236259913756	1.13681320788462
-1.16457453836851	0.653508143571156
0.162020202086973	0.0988352378433083
0.158856086796509	0.0478216925261301
0.669903363513283	0.215634804708644
-0.212305652390839	0.0694460252040557
-1.14781664720768	0.353699707342604
3.6299421323806	1.44791106405995
-0.394351218005163	0.165472682541389
0.149694283219437	0.0648058155505095
0.652686177576655	0.460206699251895
0.326382546099702	0.196241511709144
0.989154790590044	1.0780767854562
1.46168841344093	0.916754679040934
0.0324251657864062	0.0173736561396468
1.41302824386737	1.08176572365714
0.303782165892546	0.207867058453595
0.905074748281096	0.489868134909344
-1.47313971921571	0.745408585597591
-1.02231647525331	0.410527599337308
-0.972459502124572	0.483333049189275
3.63214416087956	1.45298046940176
0.528334378223905	0.192181471899543
-0.636959492719679	0.156887069567616
-1.82115855719938	0.754396487877528
-1.14420932638858	0.351785528543761
0.160687738671952	0.0549592963890096
-3.51915608584087	3.93246618138403
1.06968794259771	0.523227092840031
0.537406575730244	0.196009920523317
-0.0893636381516683	0.0355840985394435
0.16089014359948	0.0485574624883246
0.899350860399571	0.485535292434835
-2.28146206405933	1.17035518017606
-1.14241956815201	0.351807769829277
0.161184676470248	0.0553470097303974
-0.788158074999507	0.429261032825292
1.78309606589765	1.00791979912152
0.145592290548819	0.0279027526196651
0.666381294485655	0.214481042382208
0.151093385594204	0.0456237350432725
0.939853714804409	0.251002284675557
-1.8009224274669	0.401413641514774
0.939298703364537	0.250809511779044
-3.09018140585655	0.975319743554836
0.145952781975537	0.027957432098957
-0.637509639132058	0.157280902410938
0.825857711677719	0.352770911116929
0.526641831692418	0.191735599167788
-1.17068133545217	0.657843294254402
-0.346391761922432	0.101125986544327
3.26250083711191	1.1257992465865
0.668211247777032	0.21423636425458
0.66957124715326	0.214831928354538
-0.638059916511872	0.157099877961465
0.157772450057789	0.0400836004593127
1.39341668487424	1.06907516214109
0.904279458341124	0.488489800132552
-1.56030942362234	1.49796480696201
-0.226731135168998	0.147146004489683
0.792983022468271	0.745354509396394
0.51098209465428	0.438297841230347
0.859648608057642	0.629449609766729
0.171365653247458	0.121572909529515
0.182400548131338	0.118715483395759
-1.06148927793694	1.11031941177663
0.0173883880442308	0.00944311867442578
-0.185466038734535	0.0989705802305614
0.532451233543806	0.193598482908107
0.168036132856841	0.096291526623809
1.10028221058449	0.82602857885587
-1.09887395139294	0.748376430830867
0.471846215085302	0.319433131926466
0.787145114935791	0.468549558778528
0.918596735449267	0.793776307366051
0.17530263193557	0.113719847289736
0.158098146078809	0.0542318936331157
0.911252962508137	0.784344114404457
0.727177719236321	0.599347987829004
0.858836129436493	0.626410212162468
0.164872427900709	0.0945623791448813
0.164036852894477	0.0787360759363867
-0.0338640498778607	0.0159152620670689
-0.796447054073534	0.522536389065945
-0.407111715765398	0.229807602019962
-0.598784365379956	0.286725568802725
0.354679368098719	0.177829257400738
0.310863038825286	0.185306394210684
0.151438453850196	0.0520921659930463
0.156755264990959	0.0538881191673598
0.157633323445896	0.0401249768572365
1.33185688007102	0.59178922543726
0.535433100912098	0.306383871376201
-1.65092336152987	1.68890152120368
-1.14283325733795	0.352132388893513
0.985149058256808	0.795118164845361
0.323977429253333	0.195076641227798
1.08866415661758	0.669797995054759
-0.137292999992855	0.0495706582975502
0.160136994586442	0.0483380929433701
-0.347893899096518	0.101384686373808
0.826558974409073	0.352989133818377
-0.726427642398715	0.252868210726988
-1.02126179208727	0.410975081816502
-2.07136620778168	0.959054677783964
0.158729294236089	0.04043260950787
-1.83243234735098	0.754817813642753
-0.150006579367621	0.0539918720347113
-0.189498575789978	0.101475554466383
0.834446471169688	0.356397319261791
0.158366958173935	0.0477619066778733
0.14806360850737	0.0571942588723571
0.141371543201342	0.027282216107575
-1.14241956815201	0.351807769829277
0.667130392787493	0.214334835345571
-0.383818077927707	0.160239064130408
0.907723686895637	0.492038355261913
-3.09018140585655	0.975319743554836
2.12383195305323	0.965829232504488
0.154426155420695	0.0394015396377603
0.144983099103736	0.027824125638065
-3.09489089442402	0.975444632247073
-0.632707054239441	0.155821219725077
1.0385642363423	0.399078648892044
0.671739146590236	0.215516932210142
1.95733767915288	0.46077898524688
-1.81740649233114	0.752549709047675
-0.212568324340494	0.0694726774908008
-1.14671720971639	0.353197314225222
1.95373899190972	0.460332693481441
0.144983099103736	0.027824125638065
-2.58142672375403	0.684312616488773
0.145952781975537	0.027957432098957
0.321983997363632	0.208069130819509
1.10313425820086	0.83212590479957
-0.328442916382049	0.196259129751003
0.950210208776187	0.638651794671342
0.577052477827821	0.458377468031909
0.415647766973518	0.328584758025628
1.4493959183258	1.63079470336083
1.05145326726325	1.10674728818966
0.175133210074567	0.113741757065377
-0.606474835909398	0.291618272653068
0.164307240852228	0.0631323155110584
-0.79666829135668	0.749179401230478
1.11692252432107	0.996711058565456
-0.325178267346147	0.193594888166813
0.326606941571219	0.196553730637027
-0.40552766348137	0.228882733734757
0.506722156328879	0.318842753666218
0.95621043287747	0.93762624696416
-0.191974049067791	0.128384128051828
1.11456706566301	0.989275538713177
-0.139156719720498	0.0503235750897403
-0.58224542642063	0.423997005368441
0.176499183578029	0.114402028561611
0.336799413848625	0.186495451352111
0.148564898369422	0.071098592273875
0.31837759827163	0.191084371590133
0.508642558527591	0.320473976105134
-0.65426125568028	0.386458245905228
-0.033882301472433	0.0159259849100061
-0.194883985557349	0.10445623277414
-0.344505604468561	0.206278207723845
-0.0273115969599583	0.0129316694134413
0.336707147043735	0.186015746383595
0.909063821776344	0.492344814186113
-0.598784365379956	0.286725568802725
-2.0706505076459	0.959338347401984
-0.384136911089669	0.160312854810965
-0.599203858186641	0.287296105185425
-0.339734523359	0.0989645737139586
0.454270092340925	0.184204278154907
0.801379922659025	0.479005740473618
0.578337528814323	0.46007527629895
0.939298703364537	0.250809511779044
0.44990614258087	0.18283441542229
1.45041930837423	0.487336762252141
-0.351841120455994	0.102432906020839
1.78213828783033	1.00890853087356
1.33268267370684	0.593331252982876
1.62801695972271	1.13917186072848
-1.81665873624948	0.752232883970363
0.939853714804409	0.251002284675557
1.04306281920514	0.401137401202673
0.156083307671789	0.0536388626462904
2.36655716807477	1.20539590076972
1.23479713481751	1.03021992926073
0.455788330014537	0.185537184077034
-0.762590236735665	0.334826851024763
0.148874773794293	0.0283648154803441
1.44926079886845	0.486462370267577
-3.09489089442402	0.975444632247073
-3.08605931477026	0.975090216684496
0.608616460516962	0.31688976416024
1.82501577065802	0.726750208134044
-0.636959492719679	0.156887069567616
-3.76176040838625	1.51993807033519
0.938248859313576	0.250075465138056
0.141371543201342	0.027282216107575
0.144292720137753	0.0276888229156664
-2.58107011718166	0.682882000334415
0.458610281284927	0.186337221703264
0.938232517255131	0.250080666640462
0.144983099103736	0.027824125638065
-1.27117045343692	0.579825727743365
0.162070178892022	0.0411144637566376
-3.0855122183307	0.972756963025588
-1.52295784924345	0.552861579278889
-1.14283325733795	0.352132388893513
0.152633350829298	0.0389395951664406
0.835381168401762	0.356836995772204
-0.0516279180702258	0.0225930858880601
-0.0908284006484276	0.0361729008706567
0.708062260465784	0.462736152610031
0.162628144566123	0.0931998352571592
-0.00134502052394895	0.000735083028226616
0.145648187043975	0.0698841312035911
0.412145851903639	0.325818274545191
-0.768179820713939	0.338079744104205
-0.314141937291833	0.144427272621829
0.334409157019891	0.184990536277788
0.165833024403837	0.0417580936341313
-0.516250072697604	0.197637497642431
0.690622431637182	0.324045459643015
-0.0971837692645251	0.0385859666478243
0.538493773859707	0.30930289785262
-0.402368625789841	0.227206485445528
0.693318180766968	0.327454103578734
0.159576214720181	0.0547910896912197
0.550104187026869	0.317181061076416
0.40205861380563	0.182241968363796
0.0100372873094423	0.00558302527490673
0.446948157137531	0.320690680212897
1.46168841344093	0.916754679040934
0.464416488008936	0.313536840811339
-0.0618839419015714	0.0269781603378192
0.15514468556827	0.0599065447102182
1.08927274714691	0.666884634850245
-0.0761847225628695	0.0462510895909371
-0.255473013703781	0.127299910354387
-0.0608573610445958	0.0265679691811687
0.147751909112458	0.056973525708859
-0.648147535050714	0.381147378047243
-0.147873446228401	0.0533861392609676
2.0249737671057	1.89704901678217
-0.00344318079417114	0.00172350844371921
-1.51867963642989	0.551199515777305
-0.790617993123266	0.431533736915007
-0.647214464327725	0.381168792033132
-1.26898917918035	0.579150144945583
-0.38977783456394	0.163362303429155
-0.972459502124572	0.483333049189275
4.17196783865944	2.03991405074105
0.939853714804409	0.251002284675557
3.26250083711191	1.1257992465865
0.532920813071289	0.194317875052133
0.157772450057789	0.0400836004593127
-1.51759021741262	0.550484114851072
-2.27781283370872	1.16734388663456
0.539159296936068	0.30988474353771
1.82425955121577	0.726135704741858
0.152025928057117	0.0586399664165268
0.163169995607563	0.0413572276497282
0.665301548139678	0.214168982585133
0.144983099103736	0.027824125638065
0.144983099103736	0.027824125638065
-0.210607289339738	0.0688473290252904
-0.785268356707605	0.42761639066378
0.170205427090206	0.097442629899455
3.63104293019025	1.45185522619522
1.44707333879815	0.486882965382531
-1.51942044620827	0.551189226731038
0.159873979297135	0.0482815097019209
-0.218967744087285	0.0714817642031414
0.830017418371817	0.35496212946458
-0.722928245021615	0.251489262306972
-0.0269184159850767	0.0127473698889107
0.145952781975537	0.027957432098957
-0.141354920327139	0.0510651509736396
0.153538548176328	0.0592272382906352
0.158036719368933	0.0402017101522864
0.144624243113007	0.0277697138706121
0.154426155420695	0.0394015396377603
0.947302192663454	0.251880296760776
0.145952781975537	0.027957432098957
0.666049960969073	0.214022945375077
0.141570966349488	0.0611099967070741
0.147706477160604	0.0507245816551031
-0.139530743297622	0.0503126066645641
0.67065498417138	0.215487616922184
-2.58142672375403	0.684312616488773
2.7486062124648	0.786021619850662
-0.347476635066155	0.101259316294087
-0.310929414904704	0.142865440745674
1.03705168717883	0.398261057696949
-0.142900251552044	0.0516611632062222
0.360769935960504	0.181034369796747
0.15143721778861	0.0584446890424094
0.149161905752438	0.0646063741901696
-0.582650687272546	0.424723705126901
-0.0605421636590245	0.0263589738390532
0.339971462009924	0.187509651208464
0.155286747753868	0.0886569721925353
0.515142829751344	0.324546487592246
0.293914773370533	0.210126219619189
0.467374225356177	0.315372831906933
0.537406575730244	0.196009920523317
-0.143518895199953	0.0518583858402703
1.04509800845742	0.401257594746164
1.56981924944054	0.790841444499465
0.899026910738267	0.484654828646595
-1.02655133741802	0.413516459136083
0.327280795856681	0.196830383893394
1.58048723866495	0.800795987972636
0.957174546194966	0.64532983019834
0.149170192447947	0.0715724466822221
0.36285702628506	0.182467037543696
1.09696635065061	0.822162570753114
0.156083307671789	0.0536388626462904
1.61613414183132	1.12726150534272
-0.30139884606845	0.138312020328735
0.317901663359937	0.190888558727306
-2.06296233663144	0.952804938107014
-0.611061731279052	0.293158216832681
0.359598447793694	0.180964014187806
1.32906700078086	0.589900984861052
0.160245495668551	0.0550404979204778
0.701910219411522	0.330671138810099
-0.604906789670228	0.290505394199811
-0.796298534146642	0.52347077534956
-1.02556922335767	0.412012891941837
1.81933356547965	0.723773070508788
0.78502937033978	0.467585735696392
1.03882026472922	0.400114292850008
0.939853714804409	0.251002284675557
0.529555973461744	0.192427203738171
0.16137422717943	0.0408817023262115
0.458610281284927	0.186337221703264
-0.511805594681335	0.195759647669945
0.16137422717943	0.0408817023262115
1.2524977906421	0.861880615714826
-1.8113799781808	0.747754907607329
-0.0830030118487088	0.0330532339752559
3.26141769425846	1.12732988282303
-0.347881275810247	0.101704932899344
2.74958998501656	0.787920507210083
0.938232517255131	0.250080666640462
0.144983099103736	0.027824125638065
0.532451233543806	0.193598482908107
-3.45852473952099	1.25330010570648
0.935072365625058	0.249598704803732
0.15854202185698	0.0610225659901141
0.537406575730244	0.196009920523317
0.905074748281096	0.489868134909344
0.163866602100675	0.0414467921764721
0.938786187734731	0.250272333462114
3.63894777888708	1.45070336848621
-0.352171048045609	0.102884554871845
0.148508541635756	0.0283091884660306
0.161184676470248	0.0553470097303974
-0.510193603406986	0.194934000466999
0.159825702589389	0.0405961444844569
0.938786187734731	0.250272333462114
-0.975873586042442	0.486297529129953
0.541645483726267	0.196837888937945
0.157633323445896	0.0401249768572365
2.74958998501656	0.787920507210083
0.939853714804409	0.251002284675557
-2.58550852264163	0.684811136427957
-1.8009224274669	0.401413641514774
0.159825702589389	0.0405961444844569
-0.636959492719679	0.156887069567616
1.08107028731082	0.662090246710669
-1.52295784924345	0.552861579278889
-0.770013684048696	0.338356895893683
0.161642899961838	0.0486892383673852
-2.58550852264163	0.684811136427957
-0.636438389477554	0.156998062672413
1.81933356547965	0.723773070508788
1.04407793800765	0.401530572798881
-0.722656757230261	0.251937110505122
1.04230743707962	0.401611574259419
1.95373899190972	0.460332693481441
-0.515305102872372	0.197213035707925
0.507947164680041	0.319888265536808
-0.479195858325394	0.248389766658012
0.157693836049591	0.0541708009160174
0.551934265067992	0.318728893257379
2.36205785403792	1.2049765555766
1.0819696010653	0.662392372587554
-0.0594115711535523	0.0259476291405153
-0.493146142629557	0.257540275550425
0.150573898263238	0.0650730699472817
0.795783183296983	0.47548803506373
0.713560360574172	0.466109172410792
-1.11250681686857	0.756289478456456
-3.08605931477026	0.975090216684496
-0.234603762946732	0.116564424927174
0.454257246607656	0.184850448579938
0.3966958610729	0.179734062954689
-0.77528271473585	0.340235011688337
-0.215102781729368	0.0703679315225032
0.824433306404466	0.350880379136108
0.99456153869487	0.808643835921587
0.60774421819666	0.3179288251819
1.33716574216828	0.596130922443722
0.530971390293767	0.193164551984235
-0.0288440820700492	0.0136155417586152
0.151415741900785	0.0726140412602604
2.56221636874072	1.44350227406259
-0.0603443547667109	0.0263455849771063
-2.06395464485231	0.953860151576559
0.498497299232588	0.312752793546654
0.00138494866451029	0.000583313294415178
-0.602006756557341	0.289449153823694
-0.602707554285428	0.289287770029279
-0.49052178548857	0.256316059995221
-1.157143238463	0.646292405535603
0.391020428718766	0.176738874014979
1.33268267370684	0.593331252982876
0.145592290548819	0.0279027526196651
0.146711440431129	0.0634410284055987
1.33716574216828	0.596130922443722
0.537151068021291	0.195568545631627
-1.01774198098802	0.408465897919083
-0.308470940111496	0.141736890446516
0.952903802954057	0.64099510245045
0.939321446025007	0.250350778540833
-0.100303791436249	0.039846476207878
0.156040866513106	0.060267234897955
-0.315586650371659	0.145139832350916
0.666049960969073	0.214022945375077
0.538516079187859	0.195346794654461
0.531843076130347	0.193511668396616
-0.612042537743071	0.29376568888427
0.59664968480984	0.310393547023889
-0.953744261792335	0.581497680086581
0.45550260690611	0.185434574945586
1.91376843516947	1.63630797759984
-0.0970637201732369	0.0386561842595737
0.788318821429897	0.470969551917387
0.44931180259087	0.182667658684816
-2.62747583699173	1.61796180901686
0.155347225808938	0.0469152262497133
0.698496407756354	0.330246463159199
-0.0854579426170077	0.0340383463138466
0.358462555100863	0.179730391029047
-0.759464560325363	0.333463084710515
0.144983099103736	0.027824125638065
-0.642287903988749	0.158179920711655
1.03983213015104	0.400302023323061
0.1555950782341	0.0534656175944203
0.148508541635756	0.0283091884660306
1.27506069987766	0.709328572158562
1.04230743707962	0.401611574259419
0.6645527926843	0.213454144615325
-0.635886909613779	0.156604724964807
1.44926079886845	0.486462370267577
0.528334378223905	0.192181471899543
0.664537539501677	0.213141860355242
0.157633323445896	0.0401249768572365
0.158729294236089	0.04043260950787
0.670986836259098	0.215663188176636
-2.58587528855637	0.684874790734986
-1.51867963642989	0.551199515777305
-0.348964786734811	0.101837107016821
0.158106662910899	0.0610075848223268
-0.213286924508017	0.0696664262975339
0.66957124715326	0.214831928354538
-0.213663560088835	0.0697787673490411
0.82679228746987	0.353192581099221
-0.348220543213602	0.101642486260234
-0.213363021040664	0.0695802895776528
-0.221236223970723	0.0719907932828847
0.546845522271133	0.315244968605839
0.155868373754785	0.0749548977565872
0.155857819042866	0.0672619566861809
0.344683582705454	0.190959480499764
0.792181108362411	0.473467774179212
-0.24210720891557	0.120975831359982
-1.60341771685893	1.21814354164525
0.151172602395058	0.051995377151868
-0.140070529647515	0.0505699186920027
0.545178472222523	0.314543289004321
-0.546487951343847	0.344357814269542
-0.0305922034081004	0.0144428604793472
-0.392167445689703	0.164086710868324
-0.719166594127654	0.250138114551495
0.694207312472594	0.327930132781043
-0.215362013913717	0.07044095074977
0.692300548546057	0.325566785299937
-1.02198006071152	0.411274533949238
0.160897720983043	0.0483862279239328
0.157521902035835	0.0608139560500287
0.661336234174573	0.212381115853655
0.69184240459677	0.32641868076951
0.78502937033978	0.467585735696392
0.152921677006695	0.0590114306768206
1.0405857869759	0.398395192719995
0.693318180766968	0.327454103578734
1.22738721292792	1.01857050308088
0.948463834108379	0.637690972324056
0.151804430469355	0.065512157181032
-0.394935911720347	0.165820121050295
-0.064232492036837	0.0279678825605393
0.161625582862824	0.0775566781061248
-0.143516882394247	0.0518303322908422
-0.144142117823968	0.0520179795440079
0.156681149855814	0.0751185771535496
-0.241469947608742	0.120186286715383
-0.650851527230847	0.382973517800739
-0.143518895199953	0.0518583858402703
-0.490422763148653	0.256018930763867
2.11476331684021	0.962649218894054
0.706739007956014	0.332567845094801
2.40493408551468	2.04054243409219
1.82317998866194	0.72570154697374
1.79051521852211	1.01324668119366
-0.347881275810247	0.101704932899344
0.162871524871276	0.0490067440484624
1.45081573296225	0.488099054152683
-0.726912958073327	0.252820490715667
-0.762620267676328	0.334197124064447
-0.516523767661567	0.197503227221547
-1.27960390710866	0.58447674818335
0.156316835097579	0.060329813065547
0.157426877687479	0.054095802255857
0.15514468556827	0.0599065447102182
1.44707333879815	0.486882965382531
3.93221277578082	1.75680245378688
0.156755264990959	0.0538881191673598
-0.767235127710563	0.336916205929244
0.144983099103736	0.027824125638065
-1.51867963642989	0.551199515777305
1.03983213015104	0.400302023323061
-0.789217973500627	0.429728953001929
-0.343614950418389	0.100353977595961
0.601421774301395	0.31407687916765
-1.32141356132563	0.825739488694593
1.27906296358998	0.710531207450108
0.160959778183028	0.0550645865646321
-0.391537693060903	0.164334140548253
0.162791012350748	0.055781693422968
-0.755707576440584	0.330243155145264
0.526641831692418	0.191735599167788
-2.58587528855637	0.684874790734986
-1.14173074601379	0.351630194981725
0.67065498417138	0.215487616922184
0.821210492165555	0.350333919962237
-1.5190906504648	0.550321617620206
0.165623266685478	0.0566441790580975
-4.22030549304791	2.01730271578816
-0.342867856400314	0.0999728525992471
0.672689312998256	0.21533990180413
-0.137622313529336	0.049786449357193
1.4420767310292	0.484387465743625
-3.08660653838605	0.975157312690119
-0.71841689794844	0.249777152570215
-0.776747277941211	0.419830317585727
1.45720644824639	0.911026223406536
-0.347881275810247	0.101704932899344
-1.51759021741262	0.550484114851072
2.74958998501656	0.787920507210083
0.535711132992892	0.195347083049004
-0.641728465892975	0.158059513381177
-1.67532627067063	0.946696294973121
-1.52295784924345	0.552861579278889
-2.0699351803891	0.958967476788261
0.144983099103736	0.027824125638065
0.669903363513283	0.215634804708644
-0.343614950418389	0.100353977595961
1.04407793800765	0.401530572798881
-1.02198006071152	0.411274533949238
-0.139162459919933	0.050181633177203
1.40473259966646	1.08265305269637
-2.77967637939397	1.87834481912124
-0.514177567970251	0.196553069850422
0.152871946077288	0.0661485643318195
0.157693836049591	0.0541708009160174
-0.306166301476533	0.140801522545741
1.39047846502094	1.06329396145644
1.33619399827848	0.595395987953639
-0.784456157218631	0.425912610063884
1.0730535565361	0.52572989626466
-0.947474080319833	0.57602805165421
1.04509800845742	0.401257594746164
-0.722656757230261	0.251937110505122
-0.344016799713709	0.100132071145847
0.604588536333866	0.314864572110332
0.145952781975537	0.027957432098957
-1.27060640130826	0.579256545559091
-1.28054713904018	0.583752148236366
0.163169995607563	0.0413572276497282
-1.51480908828857	0.548389809404095
0.351219668672698	0.175602968329823
1.95373899190972	0.460332693481441
0.364625204505148	0.183381439722993
0.786470153182343	0.469391304893052
1.06929300120453	0.523265721595554
1.28201492367634	0.714590315750798
0.161642899961838	0.0486892383673852
0.160914434221123	0.0552474007488785
0.456410121981587	0.185748725968651
1.34519532935534	0.59676247166295
-1.14602109676128	0.352462565358244
0.824663070940959	0.351369836874465
-0.761998506257343	0.333985132947321
0.149669504004764	0.0576303736967682
-1.67424861171895	0.954035506619628
-0.220521764176739	0.0718398586177359
0.950018334847521	0.63842680032088
0.367060133246955	0.184455442327797
0.82518348314435	0.351651318769727
-2.63432739523423	1.6291132419665
-1.02171241051411	0.409806924167185
-0.726427642398715	0.252868210726988
-1.14241956815201	0.351807769829277
-0.621640722646722	0.297747013095721
-0.537125897956245	0.336635546029101
1.241849209657	0.851647808627272
1.08315918111174	0.663090390338521
1.0385642363423	0.399078648892044
-0.30375401035138	0.139411934742237
1.28167428467571	0.711555868848118
0.166533308093854	0.0419929996668512
0.148925558835862	0.0714666180550515
-1.16332397745215	0.651340343074828
0.667130392787493	0.214334835345571
0.694816643625234	0.326830471194425
0.904382087835344	0.488745162544982
0.390221459592943	0.176211290080987
0.692733693329814	0.326479597718437
0.162070178892022	0.0411144637566376
0.150491074644363	0.0721641310009625
0.908457900903152	0.490914532745214
0.906840728834785	0.491577714340793
0.159120665328247	0.048062202194274
0.451440938272563	0.183586025165848
0.664537539501677	0.213141860355242
0.144983099103736	0.027824125638065
1.4420767310292	0.484387465743625
0.693318180766968	0.327454103578734
0.386628333227558	0.173913106842245
-0.39036423870232	0.163650413054301
-0.509859236187861	0.384151445221844
0.0254622093579655	0.01369966686364
-0.0595138966994564	0.0258956787079634
0.503210116378192	0.315152145536371
-0.143227535286128	0.0517130131549928
-0.14443056977508	0.0521818046496702
0.155454991000138	0.0600038955313648
0.403960806724117	0.183024150675794
0.158729294236089	0.04043260950787
-1.27127540471835	0.579737208933733
1.27994487372992	0.710849052620787
0.160914434221123	0.0552474007488785
1.45081573296225	0.488099054152683
0.398708969549274	0.180278347553308
0.405861531481948	0.1830722412516
0.693318180766968	0.327454103578734
2.11375324652734	0.961449694741809
-4.00298359640819	1.7665522786842
1.07277333902931	0.526857200434305
0.939853714804409	0.251002284675557
1.27994487372992	0.710849052620787
1.03328569894233	0.396661373515875
0.161642899961838	0.0486892383673852
0.535711132992892	0.195347083049004
0.159122325410511	0.0480117921042768
-0.635886909613779	0.156604724964807
-0.353252610180752	0.103014720617828
1.08117543602518	0.52925371484515
1.07745548631815	0.527429081308908
-0.343259987353609	0.0997966152970868
-0.344362382759712	0.100549162971635
-0.342526998757891	0.100043172269755
-1.6647794618089	0.945119845462482
-0.226235700275768	0.0735662582805421
-1.14717747770299	0.985989757629143
3.63104293019025	1.45185522619522
0.527363353825197	0.191753502011621
1.44816685557941	0.487186600500996
-1.4830862206654	0.758148594472621
-0.726427642398715	0.252868210726988
-0.346775019544503	0.247054070621485
0.917846614950067	0.790799913738974
0.599249097496511	0.312230147266288
-0.677046432601268	0.472763179096593
1.35920199592967	1.2443106056637
0.158445451209838	0.0761543325036495
-0.602922301607226	0.289366782775419
-0.414851700439427	0.234194384954621
-0.395835518436449	0.166165092035165
-0.515782684048713	0.197574022242274
-0.328842522739074	0.196334605567435
0.61380515738731	0.321759708638614
-1.6647794618089	0.945119845462482
-3.0855122183307	0.972756963025588
0.599615262354944	0.312855645406021
0.665941321685367	0.213560151165885
-0.241831299491013	0.120352693461181
0.152777340099983	0.0524682996095803
1.33195766626685	0.591426123433272
0.396140212323834	0.179517366103042
0.821210492165555	0.350333919962237
0.825891346122841	0.352089609767383
0.341810889288856	0.189084260499607
-0.429277183859438	0.369868584343998
0.786986732401602	0.46959337657109
0.447783918418707	0.181691070843895
0.525669905031077	0.191020978232112
0.784554359605239	0.466949809728913
-0.138243118194653	0.0500006706162779
0.161846514295418	0.0776148505160919
1.08351842666093	0.664065544062261
0.644003623548881	0.452910459096458
-0.0905934418821428	0.036121792375747
-0.138535181662081	0.0501089737478327
-1.33323897166025	0.836854548113291
-0.392120453501998	0.164585641771912
-1.32972704233647	0.832217195612665
0.790069236571875	0.471213062521783
-0.247671879315364	0.123630275375207
0.146666348475819	0.0629174860858282
-0.948093838880772	0.579747820483783
-0.722920812241088	0.25106145885921
-1.24817178705073	1.1551485087272
0.158419152296544	0.0906355493792778
-0.0370164991954195	0.0173032702868991
-0.0908284006484276	0.0361729008706567
-0.720616773759071	0.249324682504122
-1.6682036874702	0.949953325058717
0.447789985499762	0.181053946826963
0.68328034746142	0.320337609272347
0.66746146314869	0.214381150055683
-0.514841514771698	0.196884496743197
0.158366958173935	0.0477619066778733
2.36399639281256	1.20526731624857
0.911099846355371	0.491882540978793
-0.521384850669743	0.199158319807258
0.790069236571875	0.471213062521783
1.46224881907469	0.914917374222744
0.857934162341986	0.628583553673009
0.161810391269577	0.0622749431681919
-0.0905934418821428	0.036121792375747
-1.49676684017243	0.763538984266434
0.669163918318719	0.214223140441018
1.78590091839396	1.01406146274082
1.04306281920514	0.401137401202673
0.163624541637998	0.04930959903967
0.935072365625058	0.249598704803732
-2.07450402951586	0.959112073230256
-0.30136501517801	0.138079409705775
-1.81516436695885	0.749447146538188
0.446502278429375	0.181108730956228
0.607215353913124	0.317694808895259
1.24012796873291	0.851102644924751
-1.1615856852523	0.649302054491071
-1.14420932638858	0.351785528543761
0.665301548139678	0.214168982585133
-0.208061988888876	0.0679286622422791
-0.764113361263225	0.3360227357955
-0.396125859295908	0.166055507747679
0.455788330014537	0.185537184077034
0.164683776397401	0.0563927862820418
1.280241948865	0.713339736803871
-0.658158588756335	0.388930742629767
0.147755438806649	0.0570658689249526
-0.641217763381128	0.157896990579203
-0.219943209277965	0.071802836068315
-0.0290322267590785	0.0136864553759167
0.943029051172106	0.251479485037243
-0.765306757645797	0.334592598923087
0.537406575730244	0.196009920523317
0.159975713550132	0.0548588370938941
3.63104293019025	1.45185522619522
0.16411177443756	0.0493132983349349
0.826531590934318	0.35315888780187
0.532920813071289	0.194317875052133
1.0385642363423	0.399078648892044
0.705574616041292	0.33270417252782
-0.721906540285296	0.25157399652224
-0.718143294445899	0.249734234417734
4.18118731860925	2.04406589729136
0.664222224803941	0.213409026485109
-1.0272685011115	0.413655990175607
-1.81212667282209	0.748612465537256
-1.52617193332842	0.551946229427137
-0.985590007821122	0.491945039298103
0.153579839740872	0.0463985633570496
-0.720667146383334	0.250082090262524
1.07430154507785	0.527839664382674
0.366032580831527	0.18405321288793
-0.723407361182732	0.252081836804318
-0.982188058938005	0.490207639636099
0.367986251980839	0.18508015844085
-0.651287430270686	0.383478748630904
1.82041011870169	0.724546408240772
-0.237692461862103	0.118440385201791
1.76976534865	1.37287306332871
0.365037876208391	0.183698589996
-0.244256327850466	0.121582126290821
0.688743434958749	0.323685153532365
0.140129376460519	0.0604947776855656
-2.06612369183994	0.954939044744288
0.164683776397401	0.0563927862820418
-0.7597630059276	0.333038039824014
0.359874131073377	0.180546526873106
0.3132671033018	0.187345009707391
0.705267799037157	0.33194296352705
-0.0470099358350139	0.0218058833934106
-1.13976658402628	0.349898349308083
-1.67366636040023	0.953209304988898
0.69392783840352	0.327256868185279
1.33437745347812	0.592914189800261
-0.306752814848808	0.140633633662106
0.157069116687721	0.0399247221824271
0.396043613060278	0.179128365991448
-0.22040475323253	0.0720313901877078
-0.386374130679002	0.161877087924867
-0.302310494522008	0.13881925142612
-0.394120532291962	0.270985412183191
0.71221523977813	0.465343888809851
0.336243623413998	0.185532096803283
0.150601086719783	0.0651986647049669
0.449935116988154	0.181989903852108
-0.090929796907427	0.0362166152873234
0.390691534684503	0.176391046520388
0.528584868577847	0.192427149587019
0.152415713608906	0.0730855424245118
0.532096755483554	0.193850118427115
-0.030106296045744	0.0142210847791421
0.164642263465142	0.0495275308334802
0.546502985861546	0.315221091679468
0.152333554816668	0.0588163373718562
0.830281395788375	0.355150943185541
-0.519276339586016	0.199029682930515
-0.30071643629758	0.13789513842935
0.155411005412084	0.053323688036029
-0.00310887788320557	0.00158570631365755
-0.18390247348713	0.0980412922723892
0.545507014569705	0.312871563015882
-0.785330698635585	0.426964872957717
0.716397790882253	0.468401303644566
-0.139752326182417	0.0503906978791226
-0.215362013913717	0.07044095074977
0.543076892200939	0.31255047096797
0.362594974479499	0.181789922370466
0.900362919319571	0.487227095451419
0.509928743242259	0.320274715065658
0.40117090037606	0.181917773205401
-1.15695610523188	0.647668753377714
0.34118116734537	0.187460503795623
1.10617579542314	0.675036577436109
1.04230743707962	0.401611574259419
0.396043613060278	0.179128365991448
-0.147540071935549	0.0532574291277169
-1.27099398512007	0.58063946719774
-0.0995248930114809	0.0395849266276717
-0.216803244618851	0.0708846083253087
0.396043613060278	0.179128365991448
1.33716574216828	0.596130922443722
1.27256695088026	0.706349452463665
-0.3878593428986	0.162300202543048
0.404184300167606	0.182982862808348
1.3316093311876	0.591498521126687
0.532198432599625	0.194009998264973
3.30475573769776	2.92208209490252
0.159440118669295	0.0765589392090609
-0.763496265043632	0.335525837916355
1.25466812234313	1.04804022619784
0.154592632475222	0.0467595304777688
0.407302105351312	0.184167053498577
0.159306028837782	0.054651981271926
-0.494018844985547	0.257827964364155
-0.791471541797045	0.43167844883418
-0.220662150695417	0.0721303089573529
1.28112852846568	0.71415185971748
0.400032245675911	0.181129080904196
0.158729294236089	0.04043260950787
0.151108463610909	0.0652627059664072
-0.727179123195026	0.25354055255114
0.535362324857486	0.194189115394482
3.25604250889092	1.1220922045732
-3.46832274453516	1.25603494238804
-0.0875783168110108	0.0348281851849877
0.331247762284887	0.182688835860829
0.531124427990143	0.193496952060357
-1.02691202357484	0.411228846660803
0.944051547139489	0.631694548479167
-1.14283325733795	0.352132388893513
-0.0866873615415447	0.03453259029595
-2.90925823508738	2.13699022804449
1.06963382087997	0.523918319674887
0.16411177443756	0.0493132983349349
-0.214641973229397	0.070099467632347
0.147706477160604	0.0507245816551031
0.162070178892022	0.0411144637566376
-0.485612545960797	0.252239755515605
0.139061360423412	0.0599210448059849
-0.0295270799729041	0.013910671313815
-1.05397031223136	0.841213501560013
-0.551692593439443	0.348886460576212
0.796546763081594	0.75057280439957
0.150768496086518	0.0517947656461138
-0.169604916753683	0.116638095242805
0.856133870107275	0.627111536779792
-0.330562681270958	0.196818735937044
-0.806799330205536	0.618027788284032
1.58424649860747	0.799096067602224
-0.314100976949649	0.144107737679519
0.334007467111849	0.184221830061213
0.536431293429806	0.195654703291124
0.150236847737236	0.051602371349838
-3.45989362965761	1.25724083459984
0.830017418371817	0.35496212946458
0.952396805861016	0.640191946757824
-0.102761648584835	0.0407305067100078
0.156627732158763	0.047230275219086
-0.718143294445899	0.249734234417734
-0.134470588502009	0.0485151227986078
-0.0995248930114809	0.0395849266276717
0.158364705061637	0.0543781718203855
0.938786187734731	0.250272333462114
1.03882026472922	0.400114292850008
0.938786187734731	0.250272333462114
1.089674720675	0.668988651471653
0.44931180259087	0.182667658684816
0.182652243796662	0.124612318443128
0.168669197997098	0.109236336207386
0.531946232023591	0.193886067853674
0.837947949057733	0.356498339361454
0.821470561221444	0.349856755101541
-1.8009224274669	0.401413641514774
0.154592632475222	0.0467595304777688
-0.343614950418389	0.100353977595961
1.04306281920514	0.401137401202673
1.04084375463613	0.399893662664495
0.157022623028463	0.0539216680988902
-0.545440500904918	0.342910850773008
-0.191998385593957	0.102387800807756
-0.0342341387455022	0.0160933676774054
0.339534573823167	0.187576255299542
0.356335767465531	0.178399468566522
-0.0599242590144997	0.0261696274501783
0.49894242660486	0.312434045584218
1.4784424453898	1.47480559390341
0.0663147155216894	0.0445615526543663
-0.0216457497244965	0.0103308494606774
-0.40490597168116	0.227508034611056
2.36205785403792	1.2049765555766
-0.765348432802001	0.336404476995029
-0.514908806238071	0.197238634697011
0.613436353672907	0.32133403949339
-0.0622085783887501	0.0270801545356494
-0.0216457497244965	0.0103308494606774
0.312310331165494	0.200797545747273
-0.65283022402418	0.385035744887617
-1.06802646337191	1.11521720680156
0.15372623772021	0.039243442264908
0.325915332472352	0.195694412868504
0.517614046553748	0.44153342689677
1.33257750378669	0.592227160159125
0.145964754718539	0.0629914352404616
-1.27562101606895	0.583695327776066
0.162791012350748	0.055781693422968
-0.953856203840469	0.583984480648196
0.790742354892314	0.472456723011237
0.150567607798452	0.0580007991539308
0.785326223539037	0.615838073414056
0.774215559196705	0.45569854319518
0.693625748437534	0.327219531188027
0.155143712679243	0.0533136788534507
1.82393551449113	0.726315315015904
0.938248859313576	0.250075465138056
0.673443817042971	0.216058152817662
3.64005636387319	1.4534177013571
-0.975222069240432	0.485508813766345
0.954231070478789	0.643255079155362
0.457080958406359	0.185319617500116
0.536026758623702	0.442009565745226
0.180944625704902	0.123614918405236
-1.52187037799917	0.552145600192979
0.612436778241554	0.668993872284318
0.163889412913727	0.0492247348281917
0.150077997456474	0.0453496116307848
0.539952322366126	0.196328540547315
-0.029636041547849	0.0140003507201715
1.39412449719561	1.06875413635709
0.46705098686547	0.188654576825309
-0.214641973229397	0.070099467632347
0.604758769355008	0.315907972175834
0.959586852071453	0.64636530522618
-0.419423764892501	0.236555369369658
2.7486062124648	0.786021619850662
0.163866602100675	0.0414467921764721
0.163674195226776	0.0491371997006836
-0.31044780109088	0.142793930717819
0.698193396238726	0.329229906727324
-0.726161254656457	0.252560499450293
-0.0579115466191481	0.0252378379287146
-0.601797617642981	0.288618484895952
0.827465419165181	0.353580301177974
0.632188497410796	0.438011817784941
0.511683265814006	0.322511728211848
-0.388127613077268	0.162510073844204
0.544924299754957	0.313580540132864
-0.943049195416104	1.072511391335
-0.674241488707863	0.469606725098941
0.304797146732028	0.208129526960734
-0.514908806238071	0.197238634697011
0.155347225808938	0.0469152262497133
0.154426155420695	0.0394015396377603
1.03781437910079	0.398727726172423
-0.723678625838308	0.25185170240566
1.03907598780005	0.399013432660369
-0.633263297544021	0.156213540903658
0.934005942223238	0.248873278369857
0.901730895209253	0.487005811832231
-3.08605931477026	0.975090216684496
-1.82716639507918	0.755702715168363
0.159825702589389	0.0405961444844569
1.95373899190972	0.460332693481441
-0.727930992330886	0.25380129172308
0.148874773794293	0.0283648154803441
2.74958998501656	0.787920507210083
-1.27060640130826	0.579256545559091
-0.727179123195026	0.25354055255114
3.25711819118569	1.12516204396806
3.26250083711191	1.1257992465865
-3.45920905368023	1.25640999767694
0.15433459922411	0.0465544527222368
-0.298651613076478	0.24203953245119
0.416536997495377	0.328972820867593
0.536431293429806	0.195654703291124
3.26574785919213	1.12499058506004
-0.342867856400314	0.0999728525992471
0.537406575730244	0.196009920523317
-0.216341300405611	0.0706275337190599
1.45081573296225	0.488099054152683
-0.635886909613779	0.156604724964807
1.4452850207351	0.485057538595493
1.82148708414178	0.724579036933352
-0.723407361182732	0.252081836804318
-0.976382775383189	0.486158358630486
-0.975288553297247	0.485765853390852
0.938786187734731	0.250272333462114
-0.343614950418389	0.100353977595961
-3.46057846766198	1.25673296266012
0.446905311788375	0.320994333953952
-0.236867685121096	0.15410109147517
0.518870954510415	0.536707531341368
0.309206895385548	0.183991316701263
-0.541755086163542	0.340844331037789
-0.520217181433706	0.199453993404994
-0.722656757230261	0.251937110505122
0.66882031530722	0.214977617538568
-0.143805271337669	0.0518465760520897
-0.0217118296330873	0.0103598669054431
0.159988522461576	0.0975634359365862
1.03090925982155	0.970668315890832
-0.0428144216454589	0.0267290069207196
0.855168829961224	0.626215435680031
1.23145663301205	1.34154693565988
0.304711377436024	0.219367120975678
-0.310827574518351	0.143030375329262
1.33885832813062	0.595464578550186
1.00513495860117	1.19627010222848
-0.346391761922432	0.101125986544327
-0.720885051656636	0.250598309067814
-0.466585392647482	0.310217227049218
-0.553179231038754	0.349254014314415
-0.792863458159153	0.430934786475968
-0.553014655244171	0.349313873983193
0.6065784306845	0.317510166501781
1.22519596656486	1.18239675200096
0.857578821155107	0.62828921456646
0.659936638860136	0.211580245845419
2.74577768214415	1.70179509445252
-0.763197518561158	0.335000236324726
-1.27960390710866	0.58447674818335
-0.0418352047733926	0.0195054777694903
-0.335071542197283	0.237542742980029
0.52491438262884	0.454204256476432
0.117618668067402	0.0923720302227746
0.0654818693737218	0.0401846345530006
0.600687550774573	0.312831555100129
0.829346227820373	0.354574714510443
-1.14241956815201	0.351807769829277
-0.0348381759945145	0.0163665294113374
-0.787771550398776	0.429829928190282
-0.493489897561619	0.258577515315052
-0.809466057177376	0.620128157114284
0.337172547269917	0.18600766834331
0.728354108592977	0.599996723456713
-0.144366588376485	0.0810382464649571
0.939298703364537	0.250809511779044
0.943541575109422	0.251560831713342
-1.14352115801698	0.352309794326609
-0.51396531615413	0.196814734006425
1.08920017432713	0.66993618324643
-1.01702628305176	0.407896565848327
-0.0585938264078027	0.0254790419177082
-0.942356071370522	0.571034529325023
0.0160777178462935	0.00873995425838484
-1.0272685011115	0.413655990175607
-0.785409242940672	0.427395742429854
0.0750083007319084	0.052545470240068
-1.07191486146524	1.12419080101655
0.65607469767704	0.591894770678365
-0.4944858450841	0.555750601168266
-0.401171859878606	0.277177088021338
-0.698536516858056	0.612205045056113
4.38914898327793	2.3260565168271
0.525669905031077	0.191020978232112
-0.767559750032338	0.33778568629591
4.17299198867898	2.04098582853405
-0.346391761922432	0.101125986544327
1.44637717898614	0.486482829772734
-0.220918938180777	0.071986464831201
-1.15283708537682	0.354221264198155
0.527613487096402	0.192164364642399
0.159421595053514	0.0405224643025682
1.78219589930455	1.00681103224137
2.75356411778207	0.788200953807627
0.939298703364537	0.250809511779044
-0.347136350857903	0.101509886664517
-0.721906540285296	0.25157399652224
1.95373899190972	0.460332693481441
1.95373899190972	0.460332693481441
-0.347881275810247	0.101704932899344
1.04306281920514	0.401137401202673
0.673443817042971	0.216058152817662
0.257180173243394	0.225157871917302
-0.38981063371187	0.370397587312871
-0.347543274432262	0.101202259443342
1.576743593749	0.795718778360275
-1.8009224274669	0.401413641514774
-1.27456833908651	0.580473910496962
-0.214641973229397	0.070099467632347
0.942469249206212	0.251285156498659
-1.80497515009983	0.40204480448646
0.162070178892022	0.0411144637566376
2.11825875465965	0.964963255219529
1.03882026472922	0.400114292850008
-0.636438389477554	0.156998062672413
0.947302192663454	0.251880296760776
-0.645199340397576	0.378684814850569
0.965839446809493	0.650729887819998
0.143481619111072	0.0619992292076064
-0.10013141723517	0.0586430413908015
-1.33363240005469	0.837408038208625
0.340535517211462	0.188739893487922
-0.00483871775379945	0.00239877707860572
-0.287752066281906	0.180764683706109
0.186099239226106	0.160818444634866
0.303351162855353	0.206540977518605
-1.15749501030146	0.646220024093877
0.532351039478086	0.193344402045604
-0.142603029870794	0.0515255055439621
-0.354003293293564	0.103084269523368
-0.035176470862168	0.0165006422068635
-2.46286552667075	1.38538123433096
0.702099241202244	0.455033530246259
0.391331281433524	0.176520335013844
1.08441674785004	0.664904056974736
0.152685551756238	0.0734084929984919
1.46024822989263	0.914939033368804
-2.46839248225231	1.39231953500741
1.08810785888711	0.668737663581879
0.155185700367323	0.0746059322887215
1.77601583199485	1.0010311907026
0.988715494562392	0.79760212877138
-0.294533062305198	0.133826870643215
3.19334223797614	2.60125336111658
-1.04449350432638	0.832447809661205
0.703922564230461	0.458421836737397
0.970376550331993	0.654199025644551
-1.17087435183807	0.656184276197409
-0.347136350857903	0.101509886664517
0.547346127173767	0.315328071490594
0.699386914285027	0.330724088267117
0.606368174123753	0.316087470918901
0.669151397214654	0.214915118766865
1.46566071584001	0.916538929472116
1.63026970748519	1.14272986130256
-0.0189505835457057	0.00909728146134406
1.76305473677018	1.78123380242819
0.646110741582232	0.451666077322623
-0.608471913105499	0.292595784142398
1.95910045319213	1.23080448894722
0.3577419841369	0.179759061594221
-1.02198006071152	0.411274533949238
0.31225643780198	0.186654484195332
0.149536936283679	0.0647633654938517
-0.312755740560876	0.143773727283203
-0.109445506058175	0.0644452825465559
0.534824623685238	0.305531640052934
-0.311694661091222	0.143348917078561
2.36583562246454	1.20445545730364
0.661014028065539	0.212332873799895
-0.723678625838308	0.25185170240566
-0.0945087687933719	0.0376036536917361
-0.520885654160255	0.199641734514241
-0.616284735968615	0.296007129971014
-0.0656802531175438	0.028573319912516
1.62236259913756	1.13681320788462
1.03755206316161	0.397862674763024
0.144498220154783	0.0693122816726867
0.448703802594497	0.181442754199927
-0.222467913282998	0.0724627297340102
0.144624243113007	0.0277697138706121
0.36839975703354	0.185445215653388
0.158358225385081	0.0682841839775355
0.396603250930295	0.179302861353901
0.161583030692245	0.0553811342318149
-0.303177076340257	0.138554365025594
0.572264290244202	0.454077755846181
-0.769392147831315	0.338062472995489
-1.48374286854494	1.0316880595547
-0.21158767729877	0.0692522593193464
-0.191613393480495	0.10249188540499
0.334756148628568	0.184269202065157
-0.455568070314045	0.301046769281534
-0.783394969248081	0.425264477560176
0.733041506987935	0.605933937034585
0.154942647034189	0.0745433551349342
0.163045584802786	0.0782658693057056
0.450876685574105	0.182868541134948
0.150930114725918	0.0795535674217517
1.0385642363423	0.399078648892044
-0.0564459193517199	0.0246515207764823
-0.650922758998938	0.3842806323091
0.156627732158763	0.047230275219086
-1.81740649233114	0.752549709047675
0.152932126304545	0.0590527335598744
-0.306017148378831	0.140808131815514
0.38901360946163	0.175239152395489
-3.08605931477026	0.975090216684496
-0.0609502024507353	0.0265795824483849
3.63553631715371	1.45516543033256
0.829118044792073	0.353566084871737
-0.727179123195026	0.25354055255114
0.831885955734065	0.355824635219245
0.537406575730244	0.196009920523317
-0.393452359131222	0.164979829531533
1.86311762594969	2.01636434587875
-0.515782684048713	0.197574022242274
-0.938545930608037	1.06437271506215
1.34008679988521	1.40148267839946
1.24932431454639	0.862679842089232
-2.27848005646221	1.16773570281342
-1.02054390147798	0.410401139638387
0.398150599170447	0.179987787415266
-1.52617193332842	0.551946229427137
1.44598024938091	0.485455548198704
-0.0945088402300802	0.0376037472811298
0.159122325410511	0.0480117921042768
0.151729269826885	0.0585153704114295
-0.210870083038772	0.0690051452148311
0.444066287855194	0.179905278342801
0.153848119189621	0.0592039547663759
0.368912801816545	0.185592683713669
-0.0549065563738587	0.0240045907774995
0.821210492165555	0.350333919962237
0.699691091454261	0.330792525683201
0.338632155411808	0.187574290296525
-0.245380326984302	0.122484600829827
0.154835135999898	0.059702238785168
-0.496224803719673	0.25981642241743
-0.976125960936435	0.486927927519843
0.845747503806431	0.764168646276146
-0.330283184289661	0.197344549997801
1.0264919373381	0.965175321416708
-1.02681629356167	0.412672237731607
-0.538802877750903	0.338009243139709
0.544421375211894	0.312930979603257
-0.140442729242083	0.0507204684508811
-0.79168986186258	0.519725251166368
-1.10248267231266	0.750897199380474
0.154686658318717	0.0668981141135995
1.22832479194043	1.02031774352453
-0.239340008275774	0.119326465620034
1.06901245624731	0.524379480292927
1.03705168717883	0.398261057696949
-0.139156719720498	0.0503235750897403
-0.511339764594052	0.195084037833621
-0.515117986301378	0.197241312249829
1.27833464404385	0.709110956245364
-0.731694225513689	0.254377788318113
-0.0917048126224021	0.0365475266335609
0.545856493518623	0.31345513291622
-0.549965601488843	0.34728697644789
-0.383850678351802	0.159865086580701
-1.60193522163418	1.21428155661285
-1.26682211368405	0.577178479347997
0.159120665328247	0.048062202194274
0.825364614547601	0.351939693682102
0.147039642142517	0.0504519099166301
0.825364614547601	0.351939693682102
-0.401007185041777	0.225799224706898
0.152614374846176	0.0587691870825461
-0.0968542016587712	0.0384832044595299
0.787662590984319	0.468981790894217
-0.225007607727559	0.0733663688875627
0.497032517442021	0.311078036795629
-0.100088981249221	0.0397814202564071
-0.515305102872372	0.197213035707925
-0.521827522108703	0.199642616175343
-1.27211821321347	0.580408422501073
0.154843626744562	0.0597045824409547
0.396140212323834	0.179517366103042
-0.794027339829775	0.520233278358005
0.532198432599625	0.194009998264973
-0.313610546303376	0.144092188807115
0.917162096163727	0.495308907248155
-1.17087435183807	0.656184276197409
-1.51793915586182	0.550681864442582
0.534734954570662	0.194672048613434
0.450217606955478	0.183120596522533
0.157633323445896	0.0401249768572365
-0.387823485885732	0.162307410344597
0.525669905031077	0.191020978232112
-1.5211231585376	0.550885444723327
0.670986836259098	0.215663188176636
4.18479859547741	2.03817269528985
-1.51867963642989	0.551199515777305
0.158856086796509	0.0478216925261301
0.158106662910899	0.0610075848223268
-1.67424861171895	0.954035506619628
-0.0240276334278859	0.0113938279290102
1.45778867860026	0.911220087912198
0.151854009934363	0.0655712316592993
2.11724622187767	0.962498448798977
0.154609068613903	0.0465958660556028
0.15372623772021	0.039243442264908
0.907165506557419	0.491859853112975
-0.220662150695417	0.0721303089573529
-0.608270874517165	0.29266939968196
-0.436842843919853	0.335749113514411
0.000380429563251694	0.00011172565141769
0.710257835313485	0.46202598133725
1.07693724536452	0.65758856453985
-0.701195978090526	0.555698586745653
-0.0655831525335855	0.0285154609343212
-0.606474835909398	0.291618272653068
-0.306547851694833	0.141091468517231
-0.945611807528851	0.57655956635133
0.714577001198676	0.467495599065839
-2.63678320915062	1.62805326981499
-0.924399677023985	0.673055187337654
0.159383452529446	0.0480372790434797
-0.491059992247467	0.256726641156395
0.367060133246955	0.184455442327797
0.149235500598711	0.0575404098935623
0.152660511751872	0.065876291201566
-1.67731666120161	0.95623567666548
-0.235847663842593	0.117270233502557
0.165349277551262	0.0565982916185137
0.861662930298854	0.631857649157831
0.166250477182214	0.0950262996531718
0.904382087835344	0.488745162544982
-0.322067356891516	0.191303236267643
-1.05217402049068	0.837868556159714
0.867541287946613	0.635464390384774
1.76865087132596	1.37417650925772
-0.579867989143462	0.422101082130431
-0.607368247221203	0.291843556688772
1.53732824361849	1.30865462030337
0.162070178892022	0.0411144637566376
-1.09408572150597	0.741240889206607
-0.767855340790427	0.337814115120684
0.444691282431782	0.179903162961268
-0.794033387462659	0.520812256673785
1.40151145056922	1.0798549380968
-2.78519196564143	1.88307825972734
0.432936448647787	0.327618946660053
0.157876737864489	0.0757616610488485
0.322965675329885	0.194441738678896
-0.0605421636590245	0.0263589738390532
-0.925320685478114	0.67329425566699
-0.501205704119086	0.376766775089296
-1.4558954234897	1.54890810647996
1.40028050975143	1.07795187775997
-0.39036423870232	0.163650413054301
-1.48370165479149	0.758703814770182
3.63214416087956	1.45298046940176
0.455166237015822	0.185165220753012
-0.653180317151252	0.38256678140882
-0.523937564968149	0.200510104202262
-0.387976395042462	0.162150332466271
0.70718057555309	0.461062033863813
1.08567684369767	0.664895349162912
1.09110739117834	0.671189520999694
0.68960546324866	0.32425909704512
1.82317998866194	0.72570154697374
-0.350337336641319	0.1020232097432
0.446161594444449	0.18120488602564
0.533173376017961	0.194273902958868
0.453686919121105	0.184282387612812
-0.22040475323253	0.0720313901877078
-0.0917048126224021	0.0365475266335609
-3.09018140585655	0.975319743554836
1.46168841344093	0.916754679040934
0.605141343651425	0.316725815416835
-0.980436528867813	0.489615442131538
0.660259121595295	0.212070761377066
0.939853714804409	0.251002284675557
0.824922848092663	0.35211027185909
3.26574785919213	1.12499058506004
0.671739146590236	0.215516932210142
1.4420767310292	0.484387465743625
1.06558235609236	0.521564264741471
0.911386131179433	0.493899265865598
-0.399830499289524	0.167374751801236
-0.653764764896091	0.386053870185967
-0.10053061483054	0.0398091417087067
-0.348220543213602	0.101642486260234
1.0385642363423	0.399078648892044
-1.27582313003717	0.581187080143393
-1.1603342112263	0.649980701034027
1.81536932957483	0.720970661473197
0.145592290548819	0.0279027526196651
-1.52370471834718	0.553131982412369
0.610991137848864	0.320087460646853
2.7486062124648	0.786021619850662
0.819606366656095	0.348783463924373
0.155730891195915	0.0601356355216201
1.45528056652204	0.487995449451223
-1.02655133741802	0.413516459136083
0.939853714804409	0.251002284675557
0.155520410174332	0.0395661334713537
0.144624243113007	0.0277697138706121
0.140400083006098	0.0271488262218611
0.144624243113007	0.0277697138706121
0.838612554208866	0.356106786172506
0.943029051172106	0.251479485037243
0.530499832462958	0.192903879235124
0.939853714804409	0.251002284675557
1.45151622307992	0.488502446881907
-3.46409750383962	1.2590838657058
3.26141769425846	1.12732988282303
0.943029051172106	0.251479485037243
-0.793922287616076	0.432795846798072
-0.216803244618851	0.0708846083253087
-0.381491701672089	0.159246262819026
0.666381294485655	0.214481042382208
1.6166722720042	1.13019968066701
1.45081573296225	0.488099054152683
0.160136994586442	0.0483380929433701
3.26250083711191	1.1257992465865
0.1564887689413	0.0537706581930758
0.943541575109422	0.251560831713342
0.150768496086518	0.0517947656461138
-0.394127265870886	0.270817800871499
-0.0623651263737596	0.0271432403160743
1.01996084282296	0.953238631907107
-0.68989457905087	0.546809884200286
-0.68118817461342	0.475625681377705
0.397820522401393	0.179987072869989
-0.403936425966655	0.227280876687932
0.860110058673068	0.629996830992852
0.998418413130794	0.811299631928318
0.15519818673238	0.0532456374000015
-0.674933406283161	0.468912939273261
-0.604572213254155	0.289390481763164
-0.352171048045609	0.102884554871845
0.398837441219052	0.180650680271888
-0.309869972952943	0.142441480449791
-0.0315303177209767	0.0148579464802022
0.600518373894723	0.313533408246893
-0.139156719720498	0.0503235750897403
0.159873979297135	0.0482815097019209
-0.396735279341107	0.166251133222359
-0.767855340790427	0.337814115120684
0.610991137848864	0.320087460646853
-0.0320341618170815	0.0150958113728209
-1.67415415361447	0.952518873364029
0.159583780564805	0.0687332256014208
1.29215141626157	0.716621868580064
-1.55387844960349	1.48475171826717
0.902360812762443	0.487834042389304
0.534243008847417	0.3058059460939
-0.950995355784714	0.5812231287938
-0.239951009612135	0.119107826308328
0.161187062839399	0.0619887575384949
-2.06439359288975	0.95463510943463
-1.66911605518225	0.948313308774744
1.62748121913073	1.14172478715614
4.56644888485834	2.62016510052479
-0.0467344013850894	0.0204771083018381
0.177340755139194	0.108722546708914
-2.11794410303453	1.61513769188304
-0.786183829224479	0.428256165803895
-0.952016137286643	0.581483694820142
-0.0939513242499082	0.0373820643222157
0.152038681284049	0.0587362093462159
0.164017935688693	0.0561438501226078
0.400840426899411	0.181657541240669
0.664969953013349	0.213264891085546
-1.02655133741802	0.413516459136083
1.81997462000952	0.723159909560311
0.155347225808938	0.0469152262497133
-1.3253390010061	0.828132219850736
1.08351842666093	0.664065544062261
-0.348626537089827	0.10172068619406
0.830713454319356	0.353808264779461
3.92758157346939	1.75250654263634
0.667130392787493	0.214334835345571
0.156627732158763	0.047230275219086
-0.210870083038772	0.0690051452148311
0.445254943515106	0.180826712699052
-0.241610477819292	0.12071979890276
0.152614374846176	0.0587691870825461
0.363183753363464	0.182678711121724
0.145269564101328	0.0628285892375078
0.534616498293225	0.194497997065177
-0.220662150695417	0.0721303089573529
-0.616284735968615	0.296007129971014
-0.786777690845513	0.427961217618323
-0.148785407254285	0.0536907631429728
-1.66762057591264	0.948985781212687
0.15052667549379	0.0722719769317114
1.03780816129706	0.399548214209553
0.831216267921091	0.355437715318776
-0.788254235275535	0.428497060080852
-0.51396531615413	0.196814734006425
1.44856277304921	0.48606242352576
-0.401007185041777	0.225799224706898
-0.348626537089827	0.10172068619406
0.00106825388722662	0.000429890933157341
0.6645527926843	0.213454144615325
0.664222224803941	0.213409026485109
-1.27145460592152	0.580072466612979
-0.141978824969554	0.0513095739208992
0.537406575730244	0.196009920523317
-0.349709365939262	0.101852718844327
0.163866602100675	0.0414467921764721
-1.51759021741262	0.550484114851072
0.155608726416379	0.0470349393301069
-0.633819675881249	0.156036191470775
1.45488464570977	0.487942320885071
-0.722656757230261	0.251937110505122
1.82393551449113	0.726315315015904
-0.344016799713709	0.100132071145847
-0.493235094320533	0.258493480330153
1.44637717898614	0.486482829772734
-0.0595138966994564	0.0258956787079634
-0.736979119438615	0.255618230984917
0.955561046569993	0.643786007358736
-0.346391761922432	0.101125986544327
1.45598541563742	0.488399771900037
-0.765348432802001	0.336404476995029
-0.732448219267861	0.254947157015597
0.152641938101793	0.0589243022830194
-0.608270874517165	0.29266939968196
0.142018462718376	0.0679769533937994
-0.312225097478924	0.143601768119538
-1.72847858501298	1.44309500715179
-0.383554597260228	0.160100075105466
-1.10625454594997	0.75274134681595
1.4608093844089	0.915576364774492
-1.3189081082983	0.822098808056114
0.328079941632322	0.180412331361293
0.155116730324191	0.0815692550254025
-0.616627812263421	0.295986710565974
0.31520024066143	0.203398724401297
-0.235097814609383	0.116862350377572
-1.02655133741802	0.413516459136083
0.364213411542955	0.182760521203058
0.148072992371452	0.0709115783755435
-0.0568644161075437	0.0248403449950877
-0.526207522693189	0.201191703342192
0.394594779116674	0.178268649492407
-0.980757363110467	0.488316656329156
-0.792522949390162	0.519713488243117
-0.396606853805958	0.273585358105544
1.24932431454639	0.862679842089232
0.695537544355725	0.327746772460378
1.62450673714741	1.13798602583956
0.531223226643993	0.193578240394512
0.909620840221861	0.493034113695683
-0.231164827073325	0.114596744201993
0.152108068416228	0.0523180707573953
0.905398556734975	0.490687363140464
0.456410121981587	0.185748725968651
0.609554700464912	0.31948996421209
1.54011097686455	1.30791634657499
-1.47813596576154	0.753221450651074
0.159175812826757	0.0764460831745981
-0.485833167841123	0.253893865393645
0.15143721778861	0.0584446890424094
-0.103432062818853	0.0410391839351181
-0.0529790232686073	0.0231651563053918
-0.0959603271575975	0.0381579035224532
0.962136675330752	0.648813626154151
1.78680148116403	1.01498680424437
-0.790087209357706	0.431020861487529
-0.305152901680909	0.140051339492395
0.497592306898995	0.312199967401539
-0.280552337877347	0.175929924456895
-0.799612134854105	0.526165295475964
-0.608612688068238	0.292324880362364
-1.01747136044355	0.408269330515601
-1.32558931424109	0.827371293184792
1.08956248405582	0.670202865529133
1.39047846502094	1.06329396145644
1.57632423466642	0.794836771528719
0.158036719368933	0.0402017101522864
-3.45989362965761	1.25724083459984
0.165129397966442	0.0496596498417191
-0.949406100191792	0.578321110937991
-0.96781645571953	0.479413582214499
0.53668704389391	0.195702410097146
0.400840426899411	0.181657541240669
0.40205861380563	0.182241968363796
-0.486461886265682	0.254182134501144
0.352765808690168	0.176191121853441
-0.516447718221762	0.197760621289895
3.63214416087956	1.45298046940176
0.533173376017961	0.194273902958868
0.6645527926843	0.213454144615325
0.824436784586739	0.350035564071237
-0.347881275810247	0.101704932899344
0.160897720983043	0.0483862279239328
1.03957617416576	0.399643236692894
-0.218967744087285	0.0714817642031414
-1.22612586262829	0.920607959029751
0.160245495668551	0.0550404979204778
-0.393452359131222	0.164979829531533
-0.949181012528648	0.578867750869275
0.371752244910436	0.186968580716212
0.697017789428803	0.329355646837997
-0.0524670156444196	0.0229424432635351
0.535455742826827	0.194979136420454
4.17553283486982	2.04376997320494
-0.0927219926806566	0.0368256574251114
-0.352171048045609	0.102884554871845
0.142095301335305	0.0487236255282306
1.45576863263159	0.911050022951776
0.161455783966325	0.0553265391153341
-0.606817672308445	0.292067119296631
-0.147873446228401	0.0533861392609676
1.33268267370684	0.593331252982876
0.938786187734731	0.250272333462114
0.164377165872218	0.0495293176899797
-1.51719900420769	0.549264213163276
1.33292908935071	0.591884606497793
1.82533952654608	0.725261344970465
-0.520217181433706	0.199453993404994
3.92758157346939	1.75250654263634
-1.66995454401229	0.950549565974555
0.943029051172106	0.251479485037243
-0.633263297544021	0.156213540903658
1.45081573296225	0.488099054152683
-0.606262713947481	0.29170917412794
0.1555950782341	0.0534656175944203
-0.347881275810247	0.101704932899344
0.943029051172106	0.251479485037243
1.62640908756393	1.13710488431204
0.939853714804409	0.251002284675557
0.162070178892022	0.0411144637566376
-3.46057846766198	1.25673296266012
-0.517195310680798	0.1976432330412
-3.46548192503542	1.25708114187766
-0.786393733909004	0.42793836880696
0.711726144671498	0.465038039343914
1.02057547555647	0.955613897590541
-0.226042648420212	0.146656905537099
-1.27394501670339	1.38176039503061
0.411869089047457	0.324809544176212
-0.624973431871705	0.558530197169046
-0.956472268403264	0.585405448916677
0.603133521683841	0.452713535736266
0.651765993699352	0.588496314015418
0.951754540456381	0.932138233889257
0.667636922708333	0.686771616335909
0.29678922906819	0.22374880022165
0.150069116114406	0.0649994481708726
0.385822994024355	0.314341949863196
1.8806725451788	2.05821065237556
0.85420454732244	0.625081570206601
0.0275716991702714	0.0148016110530316
-0.311670891923591	0.142709053514085
0.168266898883394	0.102616329794195
-0.143706436702556	0.0812057919132649
0.280960440638431	0.209540419643756
0.184982909132983	0.131996057639312
-0.54639715989673	0.343778456302071
-0.0564459193517199	0.0246515207764823
-0.191418303787382	0.102576061378687
0.14928139663968	0.0785388021318166
0.567884869622317	0.449927423776358
0.866567829467115	0.635901085357897
-0.698947804626135	0.61272216196467
0.307325058734991	0.196895072568749
-0.796781597253922	0.52402954875798
0.779870729149359	0.60912164241588
-0.0369022011995859	0.0172742009700582
0.476921352842394	0.323367004048762
0.703386074801899	0.457328259381309
-0.0707548249061474	0.0429570956194578
0.150336929189547	0.0723083022294253
0.29416437837409	0.211173477400764
0.0347580651675073	0.0201749230671791
0.157430349491522	0.0900315462582831
-0.33195797609258	0.197627841006203
0.318625284366046	0.191133527864082
0.305170256110338	0.20883885184656
-1.22734771394961	0.920879982407591
-0.61203741307584	0.293569128504725
-1.27032538013449	0.58045220816518
0.665301548139678	0.214168982585133
0.524947364446275	0.190462862733674
0.160143020262516	0.0482319015045651
-0.347881275810247	0.101704932899344
-2.47423807148115	1.39274524024109
-0.0892408809589559	0.035485629240612
0.67065498417138	0.215487616922184
0.669163918318719	0.214223140441018
2.74958998501656	0.787920507210083
-2.58550852264163	0.684811136427957
0.940922493736804	0.250741724034319
-1.52187037799917	0.552145600192979
1.44637717898614	0.486482829772734
0.660259121595295	0.212070761377066
0.456696361266914	0.185624611385864
-0.0615712103035063	0.0267830291995861
-1.14781664720768	0.353699707342604
0.456410121981587	0.185748725968651
-1.27231617876324	0.577072017422024
-0.100088981249221	0.0397814202564071
-0.978949177737726	0.488251197847747
0.146273761586385	0.0564897105536409
2.76050068626797	1.70701561043605
-0.147251365806554	0.0531877126959508
0.540928569054861	0.196926465061172
-1.51833170548507	0.550474500519343
2.11476331684021	0.962649218894054
1.07492508210582	0.527058644112034
-1.14602109676128	0.352462565358244
2.74958998501656	0.787920507210083
-1.51684905918208	0.549966932484854
-1.14602109676128	0.352462565358244
-1.8009224274669	0.401413641514774
-1.8009224274669	0.401413641514774
-3.09545658118405	0.975668570733939
-0.640656975678056	0.157776356363176
2.74958998501656	0.787920507210083
1.9546069313489	0.460412245381477
-1.14104219214391	0.350714860686515
0.943029051172106	0.251479485037243
-0.346391761922432	0.101125986544327
0.943029051172106	0.251479485037243
-1.80103877399874	0.401412128456168
0.158324698427983	0.0402149964785429
0.148508541635756	0.0283091884660306
1.82609644046978	0.725874712619824
0.163866602100675	0.0414467921764721
2.7486062124648	0.786021619850662
-0.525541086339137	0.20119647762255
-0.769392147831315	0.338062472995489
-1.8009224274669	0.401413641514774
-1.14406617240291	0.35148923313409
2.74958998501656	0.787920507210083
-2.58107011718166	0.682882000334415
0.940366139413571	0.250549017337595
-1.14241956815201	0.351807769829277
-0.18831501865102	0.10059251087049
-0.304193550821548	0.139607419449476
1.5378827996879	1.30400867004023
0.832625062233612	0.86798750089975
-0.668563179837638	0.463358548427129
-0.540683261351528	0.449888603532065
0.744473131327452	0.724910934298886
-0.294524369740979	0.21406258353422
-0.796304218308163	0.524350235128464
-0.183461371180288	0.0978336080770348
-0.3325167748819	0.198464465407732
-0.797851858833034	0.610886541072673
-0.301778934796358	0.138568363768412
1.13010412271527	1.14521749495727
0.318360738892975	0.205883117900136
-0.262967506250543	0.16308317323905
1.52947913575912	1.29518887853675
0.853238525056339	0.622461370740801
-0.896437414086484	0.827114137684778
-0.0567659984943519	0.0247795591061522
0.855941616517044	0.625798692215858
0.362441420779108	0.182366551815682
-1.14352115801698	0.352309794326609
-1.82115855719938	0.754396487877528
-0.298412730800259	0.136658440166648
0.412125929749125	0.325857168556055
-0.187200750524149	0.100140244730427
-0.7142149684349	0.682703004571121
1.1417887387811	1.16233639508995
0.310420669881214	0.212523986151585
-0.391093230037125	0.218452132185233
0.0672555139085844	0.0434282699495166
0.988560319580002	1.07410466408341
-0.229158989855332	0.148972154649385
-0.649256480553385	0.381535516350447
-0.471261554389023	0.313662180404671
0.726780389898719	0.600750218202648
-1.66911605518225	0.948313308774744
0.150251267105862	0.0579491170397352
0.692733693329814	0.326479597718437
0.540928569054861	0.196926465061172
-0.637509639132058	0.157280902410938
-3.0855122183307	0.972756963025588
-1.51833170548507	0.550474500519343
-0.718893212011047	0.2498793364648
0.153579839740872	0.0463985633570496
-0.722385544152519	0.251104758974595
0.664537539501677	0.213141860355242
0.163169995607563	0.0413572276497282
3.25711819118569	1.12516204396806
0.661336234174573	0.212381115853655
-0.636959492719679	0.156887069567616
0.149235500598711	0.0575404098935623
1.04159933206917	0.399425668548248
-1.0260992604196	0.411639865603186
0.535455742826827	0.194979136420454
-0.509527285836048	0.194677535004504
0.693914859442229	0.326364127277041
-0.722928245021615	0.251489262306972
-0.519549047944463	0.199118520659248
0.661336234174573	0.212381115853655
0.158104109918261	0.0476970098800851
0.671739146590236	0.215516932210142
2.74958998501656	0.787920507210083
0.939298703364537	0.250809511779044
-0.521109089928133	0.199317622816067
0.158367221778382	0.0477356609277319
-3.46057846766198	1.25673296266012
-0.141978824969554	0.0513095739208992
-0.728949254888783	0.253711766914117
0.145592290548819	0.0279027526196651
1.9546069313489	0.460412245381477
0.527363353825197	0.191753502011621
0.664222224803941	0.213409026485109
0.145952781975537	0.027957432098957
2.74958998501656	0.787920507210083
-1.8009224274669	0.401413641514774
2.12205365319579	0.964511094233725
0.158729294236089	0.04043260950787
-0.641217763381128	0.157896990579203
0.940922493736804	0.250741724034319
2.75057603691244	0.786424841779512
-0.215362013913717	0.07044095074977
0.159825702589389	0.0405961444844569
1.45488464570977	0.487942320885071
0.15333233148057	0.0390971321912012
-1.02054390147798	0.410401139638387
1.9546069313489	0.460412245381477
-0.718893212011047	0.2498793364648
0.144624243113007	0.0277697138706121
2.74958998501656	0.787920507210083
-0.391265768818464	0.163995996745211
0.151884403717902	0.0656419988111487
-0.793578480345851	0.604687938334746
1.57488338169589	0.793718308017919
1.45489009313293	0.909347900297043
-1.33363240005469	0.837408038208625
-0.193668725293211	0.103612625565108
0.547158434716735	0.453407345676343
-0.54917878696076	0.345335815854969
-0.878984896953529	0.881882928859751
-0.69660759899398	0.553429594657655
0.407278053751418	0.320643798010014
1.07357976506435	0.652373131078428
-1.51833170548507	0.550474500519343
-0.513460080232035	0.387654730341251
-0.306975394050471	0.140867364592611
-0.498810842010051	0.37358381210414
0.343271004297446	0.190027635023826
-0.0651654928390194	0.0283611716221835
-0.0108063207868691	0.00530026855869043
0.0160499460385653	0.00875861199698266
-0.389462857215838	0.163158383620593
-1.60897718914098	1.22620930448001
0.396932069772902	0.179599961331167
0.939853714804409	0.251002284675557
-0.242399179986945	0.120715215052534
1.22784286230269	1.01904821445296
0.174228116634815	0.118585368406879
-0.943725829584731	0.686605739327659
-0.281001253891952	0.176259547596669
0.362668636317357	0.182424191753031
-0.290722801663283	0.211191811839708
1.13909633501476	1.16203537096912
0.160196637554601	0.0917566870308579
-1.72828883225607	1.43929674885268
-0.215102781729368	0.0703679315225032
-0.145687925246695	0.0823005766928752
0.157956464533166	0.0832390427565549
-0.244882353896093	0.122227797924901
1.23852895895661	1.48974736810656
-1.14173074601379	0.351630194981725
-0.34327511670262	0.100238459904739
-3.09129418995865	0.975610822572426
-1.14283325733795	0.352132388893513
-0.399201458449907	0.167353642833043
-1.27050759289154	0.579490279223785
-0.51396531615413	0.196814734006425
0.163624541637998	0.04930959903967
0.144983099103736	0.027824125638065
0.533642805684197	0.194234863625944
1.33885832813062	0.595464578550186
-0.719166594127654	0.250138114551495
1.04053777709864	0.399211852400284
1.81933356547965	0.723773070508788
-0.351841120455994	0.102432906020839
0.144983099103736	0.027824125638065
-0.488830687092177	0.255370529515573
-0.520217181433706	0.199453993404994
0.150848243830615	0.0582155963212491
0.536431293429806	0.195654703291124
0.666381294485655	0.214481042382208
-0.5186089527835	0.198694863421629
-0.637509639132058	0.157280902410938
-1.51406510425906	0.548397333153719
0.669903363513283	0.215634804708644
-0.761672956855191	0.334299583160001
1.03882026472922	0.400114292850008
1.07277333902931	0.526857200434305
0.153950070687832	0.0592863976150777
-1.83092528941657	0.754058176023646
-1.4678142358518	1.01406258130427
0.161906078576276	0.04874952925091
-1.8009224274669	0.401413641514774
-2.58550852264163	0.684811136427957
-0.347476635066155	0.101259316294087
0.140400083006098	0.0271488262218611
3.93578320589483	1.7539529825166
0.145592290548819	0.0279027526196651
0.145592290548819	0.0279027526196651
-1.80103877399874	0.401412128456168
-1.80497515009983	0.40204480448646
0.158870112724068	0.0403250933632853
0.158036719368933	0.0402017101522864
0.534734954570662	0.194672048613434
-3.08660653838605	0.975157312690119
-1.02681629356167	0.412672237731607
0.16137422717943	0.0408817023262115
0.145952781975537	0.027957432098957
1.04230743707962	0.401611574259419
0.141371543201342	0.027282216107575
1.03882026472922	0.400114292850008
-1.67506318599054	0.953265844546588
0.616613793630276	0.322792318169172
0.155588606215153	0.08877592195383
0.574347451066298	0.456159429004255
0.530151821487384	0.192827665875907
0.0772164701031572	0.0522003939897639
0.789916023614277	0.74266406922971
-0.0351917225234921	0.0165314671100132
-0.874396643343338	0.869218215748593
0.591917179057197	0.571233074140876
0.449075656183903	0.32318572762969
0.390691534684503	0.176391046520388
-0.0998609074557554	0.0397194014457479
-0.351598176856593	0.282649246831052
-0.0296205546640525	0.0139943053975959
0.0284379609841952	0.0165574029407166
0.30142497567988	0.192678243937856
-0.872287059930866	0.871449101987659
0.0182875353316327	0.00992760505403378
-1.0930413022776	0.741070812797572
-0.183081616755123	0.121757249379255
-0.402368625789841	0.227206485445528
0.531223226643993	0.193578240394512
-1.82190756498679	0.755058428004035
0.700654695637304	0.454628580521013
0.151745169358508	0.058587168086963
0.0507441577623397	0.0311597562981951
-1.15142208393284	0.991549624096106
-0.414844605767402	0.234171120724307
-0.463335344749243	0.308114627798394
0.0377187305038321	0.0218808966203199
-0.504518927718794	0.378187997302241
0.399725684178655	0.18119345596336
0.184365696207831	0.131800681491106
0.0126767558963735	0.0087847499895557
-0.656626905925601	0.38782342715246
-0.583598530923504	0.423503078552547
0.603676285135263	0.4516701276234
0.467646003925202	0.316397412948415
-3.09073773131398	0.977080546046746
-1.14712146603742	0.35296389743942
0.145592290548819	0.0279027526196651
0.145952781975537	0.027957432098957
-0.517113089124255	0.197710010474898
-1.14283325733795	0.352132388893513
-0.149388944222097	0.0537767739711639
0.155608726416379	0.0470349393301069
0.162070178892022	0.0411144637566376
1.81750581386737	0.721108485050186
3.26141769425846	1.12732988282303
0.407855289625465	0.184456478859613
2.56870690985649	1.45234476031762
0.858708979124926	0.628340945473381
-1.32360895235181	0.82711047870906
0.141104655814986	0.0544114261902387
-3.08660653838605	0.975157312690119
-1.14283325733795	0.352132388893513
-0.220918938180777	0.071986464831201
0.531223226643993	0.193578240394512
-1.51867963642989	0.551199515777305
-0.152022812418343	0.0859728298522563
-1.14671720971639	0.353197314225222
0.158036719368933	0.0402017101522864
1.3442219752886	0.595549432174355
1.78124037687442	1.00799019464972
0.157633323445896	0.0401249768572365
1.95373899190972	0.460332693481441
0.943029051172106	0.251479485037243
0.940366139413571	0.250549017337595
0.148508541635756	0.0283091884660306
0.152633350829298	0.0389395951664406
1.95733767915288	0.46077898524688
-0.637509639132058	0.157280902410938
0.145592290548819	0.0279027526196651
1.03957617416576	0.399643236692894
-3.46409750383962	1.2590838657058
0.159421595053514	0.0405224643025682
-0.637509639132058	0.157280902410938
0.144983099103736	0.027824125638065
0.162765853660276	0.0412041418868207
0.528334378223905	0.192181471899543
2.36302726672777	1.2055519679103
-0.145719307633456	0.0526071631077758
0.145592290548819	0.0279027526196651
1.82609644046978	0.725874712619824
0.163866602100675	0.0414467921764721
0.145592290548819	0.0279027526196651
2.1095036163854	0.957823395650007
0.3132671033018	0.187345009707391
-0.954877459073215	0.584713252751266
-0.269951322693015	0.16826568052462
0.567979657020129	0.446700098760077
0.171176467184359	0.0981858098091908
0.36136300296243	0.325962794757784
-0.332637837819309	0.234866104991319
-1.16641572417226	0.654783910829574
0.470369883563293	0.317695886252271
0.0665482185724331	0.0428252851820324
0.326072911275673	0.322303923544973
0.0165958248463964	0.0114456533942401
-2.07494437078048	0.958820628711852
0.0199194181944732	0.0143461046504669
0.783159654356452	0.464011154866488
0.858708979124926	0.628340945473381
0.78780269116882	0.470318675345766
-1.45454066139888	1.28920368156629
-0.472855302054888	0.441482282676086
0.157024264802529	0.0754058215876669
-0.186197927917303	0.124169631189238
0.448190934183742	0.322370315016746
-0.357239818178673	0.104004338129011
-1.09843095171918	0.748279555131063
0.796190443033925	0.476240285686702
-0.0333954010977006	0.0157035144331175
0.32408300729539	0.209353838945235
-0.409783664204179	0.231315040134111
0.165256770392786	0.0947648286953292
-0.0309793457137161	0.0202868731857874
0.715025399443532	0.466981882644187
-0.401070455232008	0.276799310109481
0.147999414384288	0.0710442288704238
-0.27698533224171	0.173166635034456
0.075128232873924	0.0507611484111365
-0.166637360350162	0.114333569298441
-0.112293570861865	0.0802604648339536
-0.40321094707719	0.27816027560243
-0.309002793256867	0.142020795073276
0.550515971063685	0.317744481482344
-0.636959492719679	0.156887069567616
-4.2144634652177	2.01161717724373
0.943029051172106	0.251479485037243
2.75057603691244	0.786424841779512
-0.147540071935549	0.0532574291277169
-0.347881275810247	0.101704932899344
-0.714629277410309	0.247617368407835
-0.352502268480792	0.102674771115327
0.939298703364537	0.250809511779044
-0.35108905718488	0.102362211478167
1.9546069313489	0.460412245381477
0.939298703364537	0.250809511779044
-0.145719307633456	0.0526071631077758
-2.27848005646221	1.16773570281342
1.81825742519256	0.721714939545741
0.141371543201342	0.027282216107575
-0.642286148536788	0.157725807982813
1.81965712946419	0.72393570375632
-1.14336638515137	0.351799503810815
0.144624243113007	0.0277697138706121
1.9546069313489	0.460412245381477
-0.636438389477554	0.156998062672413
1.95373899190972	0.460332693481441
-0.391853613695557	0.164121908100627
2.74958998501656	0.787920507210083
2.74958998501656	0.787920507210083
1.9546069313489	0.460412245381477
0.145952781975537	0.027957432098957
0.141371543201342	0.027282216107575
2.74958998501656	0.787920507210083
0.938232517255131	0.250080666640462
0.158729294236089	0.04043260950787
-2.58107011718166	0.682882000334415
1.82148708414178	0.724579036933352
0.157670078800506	0.0681784229863639
0.152038681284049	0.0587362093462159
-0.0309588172224375	0.0145796393573494
-1.09843095171918	0.748279555131063
-0.0296205546640525	0.0139943053975959
-0.105373349390986	0.0618868684103749
0.445254943515106	0.180826712699052
-0.722385544152519	0.251104758974595
-0.0511163550792792	0.0223790668552536
0.610457029386433	0.319959411303901
-0.534953003505633	0.444578422043288
0.301635292870915	0.206070954593898
1.08827670690962	0.667787516963847
1.13319190128173	1.15406536796036
-0.979792534250883	0.487853014850325
-0.114364784271313	0.0450705295985394
0.54283525209626	0.313076585564289
-2.0608579513439	0.951306679590195
0.658738316173929	0.465587934770447
0.0227185393724584	0.0122124380909903
-0.00552066598483043	0.00270936922910477
0.159866246158409	0.0768294298024279
-0.767855340790427	0.337814115120684
0.165129397966442	0.0496596498417191
1.03780816129706	0.399548214209553
0.173238026570241	0.0992183367414262
-0.0291503816412281	0.0137789352039127
-0.00292826566811917	0.00147329312961819
0.902614638554908	0.487800853081471
-0.574030532785025	0.415808411150338
0.781517907972732	0.730247227664061
-1.04521598736493	0.828384489656239
0.0187978792100465	0.0101448282223315
-0.342645579398426	0.243926768194622
0.0151774858457744	0.00826830778706367
0.956652174182831	0.643559337199758
0.319781838074007	0.192345522491744
-0.219428296929652	0.0715830137315331
0.153779156651059	0.0665421583235274
0.597934468641104	0.446713739438255
1.25462164115932	0.86505242909396
3.25604250889092	1.1220922045732
1.95373899190972	0.460332693481441
0.938232517255131	0.250080666640462
1.95880922708404	1.23091828194727
0.144765939190236	0.0625621516146272
-0.308957183508807	0.141746058907499
-1.14283325733795	0.352132388893513
1.27846824418765	0.709961923099171
-0.636438389477554	0.156998062672413
-1.13907413243892	0.350415838742694
0.152108068416228	0.0523180707573953
2.74958998501656	0.787920507210083
3.25819512813541	1.12540871646052
0.608113780385947	0.318467988322242
0.152633350829298	0.0389395951664406
0.355609158841042	0.178380110907298
-0.347881275810247	0.101704932899344
0.943029051172106	0.251479485037243
-2.58142672375403	0.684312616488773
0.664860493439773	0.213529366716842
0.151193673469807	0.0518882270865175
-1.81413520755592	0.748554279976997
1.06906023413505	0.52399481001835
0.141371543201342	0.027282216107575
-2.58142672375403	0.684312616488773
0.666049960969073	0.214022945375077
0.154426155420695	0.0394015396377603
0.66882031530722	0.214977617538568
2.7486062124648	0.786021619850662
-1.8009224274669	0.401413641514774
0.144292720137753	0.0276888229156664
0.669903363513283	0.215634804708644
0.157759975062592	0.083314002137172
0.473308521239045	0.320371179051191
-0.930268787150099	0.675914947516558
1.70810832116705	2.30015312810589
0.177533651388182	0.121087082373348
-0.0305841222751533	0.0200292552302836
0.489577567176161	0.435150836089683
-1.25569538872692	1.17030354105811
0.355302591270796	0.318973306535933
0.849073650446894	0.891966145700829
-0.386204698218063	0.337078610957463
0.0695125608924841	0.0449566337602989
0.400283172936224	0.181484775537511
-0.0582262562313026	0.0365131696495129
1.22561901507916	1.18339927783054
-0.492210253812513	0.257150499044524
1.2379858931191	1.20103867429892
0.455973116001898	0.328030801809916
0.837808606937772	0.876871968469455
-0.895966799336147	0.739110340095658
0.0840578171085601	0.058984435474169
0.155684363036366	0.0748273790124129
0.156040866513106	0.060267234897955
-0.515782684048713	0.197574022242274
0.150573898263238	0.0650730699472817
-0.443499423259709	0.342712795376861
0.190975933047321	0.136610630435496
-0.974547857651587	0.95527903315421
0.412125929749125	0.325857168556055
0.185470476221582	0.142446741887722
-0.510077927705184	0.469751932130411
-0.652453459914744	0.675801256217237
-0.017037970031422	0.0112127339571226
0.311387915574747	0.212961070073815
-0.554784798032814	0.501265320303637
0.0483895006140082	0.029706282442682
-0.237087438667914	0.180413014937766
-0.0891073095984401	0.0646196208681828
-0.22713686729608	0.171974466021739
0.17530343237708	0.124736282176691
-0.406626206575466	0.229551273036955
0.549684214241251	0.316368075028236
0.942469249206212	0.251285156498659
1.44651862707379	0.485997879309324
1.04230743707962	0.401611574259419
-0.243629867895578	0.121183562366284
1.27935518679951	0.712097383352111
1.03883087742044	0.399121213015811
1.27227089072115	0.704955266212706
0.145952781975537	0.027957432098957
0.152633350829298	0.0389395951664406
0.158101352361165	0.047666865168031
-0.346797330227773	0.101185095553384
-1.01774198098802	0.408465897919083
-0.636438389477554	0.156998062672413
0.144292720137753	0.0276888229156664
0.664969953013349	0.213264891085546
-3.0855122183307	0.972756963025588
1.95373899190972	0.460332693481441
0.661014028065539	0.212332873799895
0.938248859313576	0.250075465138056
-0.640656975678056	0.157776356363176
0.161153094780194	0.048530513531666
4.17401590480271	2.0408301336477
0.665618647197154	0.213793073260368
0.664969953013349	0.213264891085546
2.75257155834301	0.787872112571947
0.943029051172106	0.251479485037243
1.44816685557941	0.487186600500996
-0.307939294256135	0.141381256343221
0.152338293381979	0.0658636348124391
-0.999098190032564	0.891145298100946
0.0307909142529904	0.0178933567089018
0.38270045032196	0.324863434537789
-0.0283575338128008	0.013396525933007
0.174651926507307	0.12404435024019
0.364220465462917	0.329141197662114
0.16291077655631	0.0931386690286819
-0.15100424715853	0.0854298754878337
0.372575281393237	0.314331127330219
0.312136090349344	0.186640248987863
-0.257305273139691	0.191405444353882
0.395809177717908	0.17930246077544
-0.0198325134356539	0.0130160639744696
-0.680723881329682	0.47532560810983
0.158151384241136	0.0836052546959
0.758338307249933	0.837869587500783
1.09612786790584	0.822711761894435
3.25711819118569	1.12516204396806
0.158729294236089	0.04043260950787
0.396603250930295	0.179302861353901
1.08208137657948	0.662062598224679
-0.00745144971308098	0.00368297967149098
0.158419152296544	0.0906355493792778
0.170891448640848	0.104475249538357
0.544362676091303	0.450793140778173
0.429708852872056	0.324150515570195
0.187961540835992	0.13423867403942
-0.0711291062804063	0.0431651067700765
0.336668462367819	0.326680626046464
-0.58314831526878	0.570148354983803
-0.226473196667052	0.146871967190053
-0.396490711549137	0.273461616452879
0.0968029305320319	0.0684640495573008
0.310134616367864	0.212888134052755
0.873172152690611	0.998935105330265
0.95112857360033	0.931706988516991
-1.98451473474899	1.38065844498974
0.153949076568149	0.0665781843156841
0.152641938101793	0.0589243022830194
0.457031613175772	0.185686620353555
1.09407748563924	0.670392549535326
-1.26984506431962	0.578779752990184
1.44707333879815	0.486882965382531
-0.219686057817939	0.071808363943125
-1.51833170548507	0.550474500519343
-1.14241956815201	0.351807769829277
0.940922493736804	0.250741724034319
0.163866602100675	0.0414467921764721
0.833541473603542	0.35451491672444
-0.0287717813712785	0.0135659370806764
0.946287739921132	0.63399132608181
0.499946914405059	0.313009286359492
0.662203701924298	0.467806748893303
0.839503372066227	0.879523506923214
0.0997565487394795	0.075221434733142
0.0100372873094423	0.00558302527490673
0.609019974615804	0.319130134428792
0.426580492137666	0.322517265967634
0.17253268921	0.111443577192519
-1.05007462689646	0.837191734401835
-1.22483323419775	0.914734367633405
0.788522363868438	0.617158880863838
-0.345390026230895	0.30397373102219
-0.787242105903612	0.429503820133249
0.15511272358923	0.0745115041119286
0.641758536773232	0.44949439311842
1.06620644767358	0.521110640451262
-1.26520679974662	0.576118661909323
-1.47198129933404	1.02252014081199
0.158911426210393	0.0839172356295344
-0.463499073329336	0.307592730198385
-1.91196922289556	2.31929678345908
-0.624425710385743	0.558141347944017
-0.489611499108541	0.255929453789194
0.736255694207107	0.611568195016045
0.0562659667740795	0.0343963413475695
-1.09694589336828	0.746210989881604
-0.799702387140961	0.68532962188941
-0.148320256166455	0.0839192218773275
1.36326970682176	1.24633965120447
-0.396211428764817	0.273142665127931
0.788318821429897	0.470969551917387
0.15143721778861	0.0584446890424094
-0.318747704442606	0.146072505846364
-0.602151025648749	0.288882306181663
0.401727651230253	0.182090164619813
0.155454991000138	0.0600038955313648
0.155816413428406	0.0535628127143977
-1.16105818781118	0.650550150792748
0.156351065681248	0.0536063114231259
-1.52187037799917	0.552145600192979
0.938786187734731	0.250272333462114
-0.347136350857903	0.101509886664517
0.15433459922411	0.0465544527222368
1.78652728580861	1.0120976036543
-2.06850564311402	0.955623602669619
0.144624243113007	0.0277697138706121
1.44425804733379	0.483972343914854
-0.346807895138624	0.101074285145883
-1.14781664720768	0.353699707342604
0.144983099103736	0.027824125638065
0.145952781975537	0.027957432098957
-1.8009224274669	0.401413641514774
0.940922493736804	0.250741724034319
0.943541575109422	0.251560831713342
0.794861488885134	0.748285356296693
1.33955841686718	1.40177822701774
0.296777818540234	0.213367618184633
-0.0819917879845218	0.0592655598981049
-0.0810861151678367	0.0492638093883674
-0.141978824969554	0.0513095739208992
0.846622185596058	0.764631959560892
0.149339408956512	0.0718095416667512
-0.109781025659914	0.0644074869554657
0.790885546110451	0.622201721894898
0.412565122319579	0.340708164875125
0.312390572575542	0.201169720958574
0.475481285250445	0.322191274111465
0.500065728899888	0.445426589824804
1.2338689488195	1.19541662895992
1.7839404931677	1.00905667813537
-1.14352115801698	0.352309794326609
1.62307455256427	1.13397303506352
-0.33561046882188	0.200749337862167
-0.519633505554457	0.480557216659823
0.651036080254221	0.587897195489694
0.739937117553254	0.717045687585766
-0.23159284619624	0.150327120867027
-0.253171865586378	0.126223996664002
-0.0623417752858985	0.027055423712111
0.174669612607434	0.128730086596789
-0.604657872659007	0.492629977966441
-0.123126890531419	0.0855627612157504
-0.280396733255673	0.175908356081991
1.08387550880423	0.665894319793732
0.547264302115407	0.315720026350236
0.312020567329746	0.200692388810334
0.172152489765914	0.111272080459124
-0.757927236874105	0.332077461758512
0.447407447997272	0.181485902874234
0.293741431181385	0.199568640505514
1.65623471454557	1.54331720657428
0.902813669626677	0.487144063212456
1.04306281920514	0.401137401202673
0.146508812090748	0.0502952414219459
0.145952781975537	0.027957432098957
0.669163918318719	0.214223140441018
-0.974967055362518	0.485654316649321
0.154125754800974	0.0594561171756928
2.11375324652734	0.961449694741809
0.536431293429806	0.195654703291124
-0.646538594837146	0.158794690467649
-2.58107011718166	0.682882000334415
0.159421595053514	0.0405224643025682
-1.8009224274669	0.401413641514774
0.939853714804409	0.251002284675557
0.140400083006098	0.0271488262218611
0.144983099103736	0.027824125638065
1.3316093311876	0.591498521126687
0.468333208114154	0.428186141472937
-0.0760639241373528	0.0547603118953162
0.146073687451661	0.0700968281384464
-0.500886523361887	0.375937428301159
-0.862836213101335	0.926704744189991
-0.0334467760872641	0.0215303902131426
0.392733782030396	0.335577928188492
0.0115628471396616	0.00802426124371404
-0.0215999113147486	0.0141448921669325
-0.351670105779705	0.25013726481519
0.268392099844247	0.230475354630858
-0.154710847590652	0.0875229706401324
-1.02628576158792	0.412152659857664
0.692732319345477	0.32710229474396
0.401471084358323	0.181472047896549
-0.189654606263527	0.101437309115189
0.291613755884936	0.218214233401237
0.494270803909593	0.456904655773203
0.0246747223358372	0.0183298631950245
0.299923344655351	0.226300525581524
-0.0260050398445014	0.0170418848364116
-0.194830046554637	0.13025021129965
-0.218224015114575	0.14082302829325
-0.231011750075185	0.149682338972093
0.100205679912015	0.0758066841027115
0.189210739635644	0.140994192912127
-0.787740493891812	0.907401489608686
-0.158920540272568	0.123278718881972
0.501614101217273	0.44826806015963
-0.137488158865929	0.0964849663850234
0.312318979102266	0.201299568431123
0.1649469461472	0.0870665691481062
3.92974066139507	1.75190264009216
-1.48251550255872	0.756105395003867
0.159873979297135	0.0482815097019209
0.154659020808215	0.0530816442464617
-1.52187037799917	0.552145600192979
-0.510747793936278	0.195095134430174
-0.640656975678056	0.157776356363176
0.140400083006098	0.0271488262218611
-0.636959492719679	0.156887069567616
1.95733767915288	0.46077898524688
0.182049640907881	0.124265228004271
0.322838918869906	0.193404490669182
0.384051263562989	0.312689250530174
-1.34756083217245	1.10804259978306
-0.295091062279235	0.214303828254772
-0.0733174259535672	0.054066771845578
0.163157947203323	0.0934723714251513
0.0557575886804847	0.0342462969611072
0.366980894114946	0.320089627094566
0.86962772774168	0.993911796949062
0.551015198311988	0.31802617524484
-1.14173074601379	0.351630194981725
1.07249407198733	0.52645293485323
-0.434241298440057	0.333502487359342
0.032674557733072	0.0189652707180353
-0.354237285345628	0.31371660497945
0.291121688102861	0.227505006561831
0.552296088400879	0.629211097848059
0.857750501018509	0.627292903078454
0.39895358369551	0.32834956524889
-0.00760999756287758	0.00374963692644552
0.546960238890924	0.555530737306309
-0.0405991822464407	0.026095797804684
-0.683217036188853	0.477952930343421
0.716916780896608	0.805557210352681
0.463432161291301	0.312524706219545
1.13186063841532	1.14823332548171
0.539660853538519	0.3100327875105
0.696710990623867	0.327047834370597
0.457119077580785	0.184954597437105
1.06873286888394	0.523403440158063
-1.15213425383188	0.353978519341629
-1.49272431323236	0.764893675986884
0.935072365625058	0.249598704803732
0.144983099103736	0.027824125638065
-1.80497515009983	0.40204480448646
0.144292720137753	0.0276888229156664
3.26141769425846	1.12732988282303
0.148874773794293	0.0283648154803441
0.158324698427983	0.0402149964785429
-0.0666589172181929	0.0417787946176657
-1.61513636184698	1.23641793129181
-0.110112496552525	0.0786005708996517
-0.189390970852567	0.145311475439522
0.587040510329901	0.565243763598721
-0.637454012080539	0.571227741083161
-0.223735983935059	0.144759869106496
-0.443262576954368	0.341416247362094
0.46063785188267	0.435044537618462
-0.618909599848518	0.549746506161773
1.08740515355463	0.668198476397688
2.35781275320046	1.20024532590207
0.0201786143089877	0.0109358962479301
0.184506369876333	0.137106890007486
0.302207267179957	0.206782220278809
-0.47699098654206	0.403910261704175
-0.14963377828808	0.0846810897001098
0.379303390142556	0.321052424299109
-0.00231760226914139	0.00120522051239253
0.82949541554895	0.864440523572551
-0.220856163021886	0.166924284753061
0.322965675329885	0.194441738678896
0.269871815442813	0.231903826354508
0.602469625795089	0.452110026791127
1.24104742275096	0.852626586985952
0.825597474038335	0.352498147547611
1.44598024938091	0.485455548198704
1.44316717989614	0.484689694417716
0.144983099103736	0.027824125638065
-0.640656975678056	0.157776356363176
0.144983099103736	0.027824125638065
0.162765853660276	0.0412041418868207
0.145952781975537	0.027957432098957
0.144983099103736	0.027824125638065
3.26141769425846	1.12732988282303
-0.296578611248891	0.216242842257696
-0.652282507850523	0.383738812835365
0.079314243565531	0.0555684088795899
-0.546744257029656	0.34529312688128
-1.21722472828863	1.42072842146428
0.426653982959356	0.321238117774405
-0.145019846374583	0.0818755894401928
0.298392272080219	0.214799606393649
-0.0396385377413611	0.0254565554523827
0.50214467247197	0.3149598037207
1.52482350065282	1.28269543155191
0.414610160452214	0.327291647664368
-0.230728844567197	0.149686695959638
0.541736261600512	0.44798763046126
-0.39993450068017	0.224313741688674
-0.343158869179797	0.243664937279289
-0.297204978130149	0.240655418415759
-0.0840894072196437	0.0512097927743367
0.378991201172566	0.333401866221204
0.0897369447519628	0.063191650966607
0.295157851352806	0.200649699702659
0.0564556603026555	0.0346496193704903
1.95373899190972	0.460332693481441
-1.8009224274669	0.401413641514774
0.145952781975537	0.027957432098957
0.939853714804409	0.251002284675557
-2.28146206405933	1.17035518017606
-0.445483094061733	0.343759801363841
0.183704921986025	0.125587937728633
0.292112310959302	0.228733122842456
-0.3853390313914	0.336020230250244
0.936140043418633	0.249341310754104
0.827205121241707	0.352773078406787
0.501298251693546	0.313958627488272
-0.026937111659461	0.0127557622111866
-0.687013855940431	0.542800383632762
0.447888964290157	0.321694799623038
-0.429580278978799	0.369728023183749
0.370599797662271	0.323225474271012
-0.396050819193298	0.312478675742885
-1.19306264260396	1.22436718193094
0.0024035605010525	0.00153381163646067
-0.0315921847314824	0.0203292084764961
0.294966444951076	0.211607565240085
0.344197372027571	0.190644504470228
-1.8009224274669	0.401413641514774
-1.83142221325565	1.65313547420937
-1.0473184194185	0.836055686389923
-0.154591756457123	0.105420514880022
-0.343858264940261	0.302375298523759
0.195675069083378	0.174507174524211
0.157693836049591	0.0541708009160174
0.357162184918612	0.179189493494835
0.302061719057561	0.205678353411534
-0.64694311730249	0.626554424491297
0.758900092685349	0.838820562717385
-0.603224409858421	0.661874664601216
-0.543996488208047	0.453354243449916
-0.508154953563189	0.383334505740564
-0.619460990050506	0.687739436698539
-0.195035227924196	0.104228286442602
-0.723825143181897	0.835873260180312
0.198410747617911	0.181654701788941
-0.154944640702701	0.119702980475206
-0.526231557133709	0.58791884880207
-0.0248786747065792	0.0160454174380406
-0.785862113589565	0.427534955195118
-0.719903663353028	0.740459373371957
0.393684278439406	0.177887434989409
0.497243631196846	0.311308155208565
0.582642492529732	0.637156744036502
-0.047343146828356	0.0358624427562032
0.172909029411856	0.13184595489299
0.587899352368266	0.564805620040618
-0.389423432820645	0.340446834379125
0.686126160899987	0.880031773328628
0.785555613296807	0.735898982808006
0.0583186494887916	0.0357644579719225
-0.106468238927819	0.0860079460006079
0.0374058476012905	0.0216875296431457
-0.800621624540466	0.687941617849362
2.74958998501656	0.787920507210083
0.674530619158694	0.216431168789075
0.0317863208623089	0.0184271471601696
0.594790718699902	0.573928599743726
0.065623862673772	0.0422941732170356
-0.113578025435289	0.0669467726927749
0.371568651485343	0.325713043202189
0.174344557975753	0.118658202592956
0.903340772502291	0.774178363893348
