x	y	clickSelects
0.02290691986677	0.919381483646647	93
-0.0227821533700701	0.580372488261402	59
0.10758043184799	0.351807769829277	59
0.10716674266205	0.352132388893513	59
0.10258640259334	0.352883231159087	237
-0.01965711158767	0.579970689675105	237
0.10758043184799	0.351807769829277	59
-0.0145422476842101	0.575306259165605	1561
0.10758043184799	0.351807769829277	363
-0.02960390710866	0.58447674818335	1278
-0.01965711158767	0.579970689675105	1278
0.10647884198302	0.352309794326609	1278
0.10716674266205	0.352132388893513	1278
0.10218335279232	0.353699707342604	1278
-0.0246738993289199	0.581595777089794	428
-0.01898917918035	0.579150144945583	428
0.10647884198302	0.352309794326609	428
0.10579067361142	0.351785528543761	428
0.11161804781962	0.350237547909829	103
-0.02261442293622	0.579780704461	62
0.10716674266205	0.352132388893513	62
0.10758043184799	0.351807769829277	62
0.10689134122138	0.351285302005725	62
0.10148789770049	0.353384284502155	62
0.0982592360254899	0.353721534917221	62
0.10716674266205	0.352132388893513	1500
0.10758043184799	0.351807769829277	1500
0.10716674266205	0.352132388893513	1117
0.10895780785609	0.350714860686515	13
0.10758043184799	0.351807769829277	643
0.05257626198013	1.76183591576624	1278
0.0207149104534201	0.920772221469361	428
0.10533297949482	1.26644534726891	103
-0.11301732788021	1.56670778882993	428
0.00783008194198009	1.76054109304598	428
-0.0930882582235599	1.101194981721	62
0.0924911489970699	0.647904639842956	62
0.0949860511024001	0.995054811158283	62
-0.0346464709399901	1.57397540722961	62
-0.10139024133683	1.11187899407931	1117
0.09115916346804	1.00013134883221	1117
-0.0799470570269301	0.834996837205207	822
0.10758043184799	0.351807769829277	189
0.0299345083532201	0.909427178521864	189
-0.0212754047183501	0.579737208933733	13
0.10148789770049	0.353384284502155	29
0.10758043184799	0.351807769829277	643
0.10287853396258	0.35296389743942	45
0.10647884198302	0.352309794326609	298
0.10826925398621	0.351630194981725	197
0.10895780785609	0.350714860686515	1507
0.10328279028361	0.353197314225222	569
0.10716674266205	0.352132388893513	569
0.10579067361142	0.351785528543761	836
0.10397890323872	0.352462565358244	615
0.10647884198302	0.352309794326609	232
0.10826925398621	0.351630194981725	354
0.10397890323872	0.352462565358244	218
0.10785437586757	0.351215554477081	301
-0.10808239476632	1.74736015284907	59
0.10148789770049	0.353384284502155	59
0.0216833233657601	0.922002653942356	59
-0.0606834450942699	1.94099651359714	1278
-0.03083072959072	1.3941033785043	103
0.12158693801565	1.47520859021973	103
-0.0207118071102701	1.3733807333926	428
0.0229640274565299	1.57918733977218	103
0.10470969485815	0.98401880655277	103
0.10922763832221	1.26153130772536	428
-0.03704280834094	1.73241156743443	62
0.0543001412547801	1.22715118348659	62
0.01331620770664	0.929644878331493	62
-0.0755893142410899	0.827371293184792	62
-0.0252512135542899	1.38594352046815	62
0.0891170100879499	1.4319113613801	62
0.06273593720614	1.21579686542706	62
-0.08033841776218	0.833301306316734	62
0.0841141687861899	0.654824552022475	62
0.0543001412547801	1.22715118348659	62
-0.0108403531071299	1.17589190279249	62
0.0154795813594499	0.927590728608008	62
0.0284840366597401	0.913383628276364	62
-0.0726891662296401	0.826166043456925	62
-0.0256210160689501	0.583695327776066	62
-0.00614590410416005	1.16820607041373	62
-0.08139887882688	0.833409406769247	62
-0.0256210160689501	0.583695327776066	4073
-0.0246738993289199	0.581595777089794	1500
0.10218335279232	0.353699707342604	1117
0.10328279028361	0.353197314225222	822
-0.01748807245685	0.577364796631369	189
0.10258640259334	0.352883231159087	13
-0.08100712649179	0.83429276603643	13
0.10826925398621	0.351630194981725	643
0.10689134122138	0.351285302005725	29
0.10258640259334	0.352883231159087	2642
-0.0219447451608401	0.579924971604282	197
-0.0200434839469901	0.578549734222855	569
0.10148789770049	0.353384284502155	836
0.10647884198302	0.352309794326609	836
0.10328279028361	0.353197314225222	374
0.10647884198302	0.352309794326609	218
0.10689134122138	0.351285302005725	301
0.10647884198302	0.352309794326609	301
0.10758043184799	0.351807769829277	59
0.10716674266205	0.352132388893513	59
0.0850176259342801	0.652419444182068	1278
-0.08784425663655	0.838827240360376	1278
0.08603973844001	1.4394940950165	428
0.0663122566036301	0.66000664541877	103
-0.0168221136840501	0.577178479347997	103
0.0882072633098401	0.650992030959653	62
-0.10164727911317	1.34930436390472	62
0.08768915422257	0.651530929339694	62
-0.07088491271612	0.825639858099944	62
-0.0833730827535799	0.833207208535723	62
0.11669308270108	1.24989898627028	62
0.10826925398621	0.351630194981725	62
-0.02676803648149	0.581766483346834	62
-0.0219447451608401	0.579924971604282	62
0.09359641443929	0.647190211436835	62
0.10895780785609	0.350714860686515	62
0.11092586756108	0.350415838742694	4073
0.10397890323872	0.352462565358244	822
0.10689134122138	0.351285302005725	822
0.10758043184799	0.351807769829277	189
0.10785437586757	0.351215554477081	13
0.10258640259334	0.352883231159087	13
0.0791160249640801	0.657078316762695	29
0.10758043184799	0.351807769829277	643
0.10895780785609	0.350714860686515	29
0.0907743109538099	0.648758219491063	45
0.10647884198302	0.352309794326609	45
0.0989630106853701	0.353478679518203	2642
0.11230995697287	0.349325823144218	2097
0.10218335279232	0.353699707342604	197
0.10758043184799	0.351807769829277	197
0.10785437586757	0.351215554477081	197
-0.0206064013082601	0.579256545559091	4281
-0.02166292684413	0.580493155786958	4620
0.10647884198302	0.352309794326609	569
0.10895780785609	0.350714860686515	569
0.10647884198302	0.352309794326609	569
0.10689134122138	0.351285302005725	218
0.10647884198302	0.352309794326609	38
-0.0345539022603101	1.57735650510162	59
0.0393673033291799	1.41042298002718	59
0.10758043184799	0.351807769829277	1971
0.11061655966397	1.26020646547913	59
-0.0333273946706001	0.582322571770675	1213
0.10758043184799	0.351807769829277	1278
0.0144982519338299	1.59759149583765	428
0.11609000665113	1.480759561551	428
0.0165551721339601	2.21792264328143	428
-0.0206064013082601	0.579256545559091	428
-0.02400836223229	0.581258703136909	103
-0.0256210160689501	0.583695327776066	103
-0.0289403270686499	0.583135876548882	103
-0.0168221136840501	0.577178479347997	62
0.10716674266205	0.352132388893513	62
0.10785437586757	0.351215554477081	62
0.10328279028361	0.353197314225222	62
0.10397890323872	0.352462565358244	62
0.10758043184799	0.351807769829277	62
0.10716674266205	0.352132388893513	62
0.11023341597372	0.349898349308083	62
-0.07603124429498	0.830333865261929	62
0.10716674266205	0.352132388893513	239
0.10647884198302	0.352309794326609	822
-0.09920785849999	1.34519021092566	207
0.10148789770049	0.353384284502155	29
0.10716674266205	0.352132388893513	643
0.10579067361142	0.351785528543761	45
0.09359641443929	0.647190211436835	45
0.10758043184799	0.351807769829277	45
0.10287853396258	0.35296389743942	2642
0.10258640259334	0.352883231159087	2097
0.09786574616812	0.353978519341629	968
0.10258640259334	0.352883231159087	968
0.0543001412547801	1.22715118348659	292
0.10328279028361	0.353197314225222	569
0.10785437586757	0.351215554477081	374
0.10826925398621	0.351630194981725	76
0.11161804781962	0.350237547909829	232
0.10716674266205	0.352132388893513	218
0.10826925398621	0.351630194981725	1120
0.10785437586757	0.351215554477081	1120
0.10647884198302	0.352309794326609	1161
0.08987186698926	0.649530308387677	1061
-0.02533977086171	0.581560371416527	301
0.04408511842296	1.40143404406323	59
0.10663361484863	0.351799503810815	1971
0.10785437586757	0.351215554477081	1278
-0.0259013793896701	0.582633022248989	624
0.08931722660306	0.650273274268608	624
0.10758043184799	0.351807769829277	62
0.10148789770049	0.353384284502155	62
0.10647884198302	0.352309794326609	189
0.10579067361142	0.351785528543761	189
0.08911118682812	0.650217800895839	1165
0.11092586756108	0.350415838742694	1165
0.10663361484863	0.351799503810815	189
0.10826925398621	0.351630194981725	189
0.08987186698926	0.649530308387677	207
-0.0168221136840501	0.577178479347997	13
-0.0712766558140601	0.824388271855092	13
-0.0272357610266101	0.58293567232368	13
0.10328279028361	0.353197314225222	13
0.0885563574289101	0.650194172814921	13
0.0823073157091701	0.654612114470796	13
0.10287853396258	0.35296389743942	45
0.10328279028361	0.353197314225222	968
0.08487211935683	0.654515958017152	197
0.01927108275218	0.923213447472463	197
0.10663361484863	0.351799503810815	197
-0.0224971716223601	0.579053587470265	615
0.10758043184799	0.351807769829277	232
0.11230995697287	0.349325823144218	1120
0.10716674266205	0.352132388893513	1120
0.10647884198302	0.352309794326609	1161
0.10579067361142	0.351785528543761	1061
0.11161804781962	0.350237547909829	1061
0.10785437586757	0.351215554477081	1061
0.10826925398621	0.351630194981725	1061
-0.02099398512007	0.58063946719774	1061
0.0804234482889199	1.79242758518651	59
0.0835842758277401	0.654783910829574	59
-0.0293241189514	0.582953239357999	1278
0.09304389476812	0.647668753377714	1278
-0.07586957669993	0.827473001789094	1278
-0.02656840239241	0.58297122228144	428
0.10895780785609	0.350714860686515	62
-0.02495473558411	0.58335694060492	62
0.10218335279232	0.353699707342604	62
0.10758043184799	0.351807769829277	62
0.01806254482284	0.923819634206895	62
0.10579067361142	0.351785528543761	1115
0.10689134122138	0.351285302005725	62
0.10785437586757	0.351215554477081	293
0.0982037769380999	0.996834089882909	189
0.11161804781962	0.350237547909829	13
0.10758043184799	0.351807769829277	13
-0.02495473558411	0.58335694060492	13
-0.0751102407520801	0.831210858504437	13
0.0917752377540699	1.0014510876606	29
0.0910343757672001	0.647335654749726	29
0.10647884198302	0.352309794326609	643
0.10758043184799	0.351807769829277	643
0.10689134122138	0.351285302005725	29
0.11023341597372	0.349898349308083	45
-0.02362317852698	0.581190591414601	968
0.10647884198302	0.352309794326609	968
0.10647884198302	0.352309794326609	292
-0.02032538013449	0.58045220816518	569
0.10716674266205	0.352132388893513	168
0.10663361484863	0.351799503810815	232
-0.0214546059215199	0.580072466612979	2116
0.10647884198302	0.352309794326609	218
0.10647884198302	0.352309794326609	218
0.10397890323872	0.352462565358244	1120
0.10716674266205	0.352132388893513	1161
0.10716674266205	0.352132388893513	1161
0.10218335279232	0.353699707342604	1161
0.10826925398621	0.351630194981725	1061
0.10647884198302	0.352309794326609	1061
0.10758043184799	0.351807769829277	301
0.10397890323872	0.352462565358244	1352
0.0962994489100599	0.999191259441656	59
0.0638011307411499	1.61479113617852	59
0.02007559025623	0.923424698221672	59
-0.06552557585603	0.817257653507552	363
-0.00411253526819011	1.16820403478782	1278
0.0878589542234101	0.649782359675678	428
-0.02378219802101	1.3827661316235	428
0.08949273347165	0.650191977967804	62
-0.0103960133337599	1.17518362804802	62
-0.10921471178282	1.92045671107622	62
-0.02533977086171	0.581560371416527	62
-0.02628763158757	0.583658225403998	62
0.10647884198302	0.352309794326609	62
-0.0723345442762899	0.824880271864117	62
0.0161485217538999	0.925331391959937	62
0.11161804781962	0.350237547909829	293
0.10716674266205	0.352132388893513	822
0.10758043184799	0.351807769829277	822
0.10218335279232	0.353699707342604	13
0.10689134122138	0.351285302005725	13
-0.02099398512007	0.58063946719774	13
0.10258640259334	0.352883231159087	13
0.10758043184799	0.351807769829277	13
0.0989630106853701	0.353478679518203	13
0.10716674266205	0.352132388893513	29
-0.0211704534369199	0.579825727743365	351
0.10895780785609	0.350714860686515	643
0.10716674266205	0.352132388893513	643
0.10758043184799	0.351807769829277	29
0.10647884198302	0.352309794326609	45
0.10716674266205	0.352132388893513	197
0.10218335279232	0.353699707342604	2083
0.10647884198302	0.352309794326609	1105
0.10397890323872	0.352462565358244	615
0.10826925398621	0.351630194981725	232
0.10758043184799	0.351807769829277	218
0.10647884198302	0.352309794326609	1061
0.01240514221356	2.44467812067322	59
0.11965434264768	1.47866040889579	59
0.10949120413361	2.19144969573341	59
0.08247478287069	1.79135773811781	237
-0.09436156057482	1.53813055015399	59
-0.11330240453968	1.75808362192342	59
0.07286031971719	1.46584501032319	59
-0.0145422476842101	0.575306259165605	59
0.0841141687861899	0.654824552022475	1278
-0.02082425265858	1.38126776844685	428
0.02371954232839	0.916934181780596	1278
0.0885563574289101	0.650194172814921	428
-0.00995180548114005	1.17408479638215	428
0.0865850831163499	0.651961755580813	103
-0.02032538013449	0.58045220816518	62
0.0593547555009799	1.22181892623431	62
-0.08271050353359	0.836458145602786	62
0.10647884198302	0.352309794326609	62
0.10758043184799	0.351807769829277	293
-0.01898917918035	0.579150144945583	189
0.0837647544950799	0.655529150841431	1165
0.10647884198302	0.352309794326609	822
0.10647884198302	0.352309794326609	189
0.10287853396258	0.35296389743942	189
0.10579067361142	0.351785528543761	13
0.10647884198302	0.352309794326609	13
0.10826925398621	0.351630194981725	13
0.10579067361142	0.351785528543761	29
-0.02267829016192	0.579106936023567	643
0.10647884198302	0.352309794326609	29
0.10716674266205	0.352132388893513	5054
0.10328279028361	0.353197314225222	197
0.11023341597372	0.349898349308083	197
0.10895780785609	0.350714860686515	197
0.08876235876415	0.650754614292679	2083
0.10826925398621	0.351630194981725	569
0.10895780785609	0.350714860686515	569
0.10758043184799	0.351807769829277	569
0.10218335279232	0.353699707342604	615
0.10716674266205	0.352132388893513	232
0.10647884198302	0.352309794326609	578
0.10647884198302	0.352309794326609	1061
-0.07572999281747	0.829307037080084	59
-0.00310888497732997	1.16736094886793	1971
0.10218335279232	0.353699707342604	1891
0.01105526642734	1.61186488503929	1278
-0.10278984621415	1.9039098177903	1278
0.0614374302810601	1.21521824933666	1278
-0.08323897166025	0.836854548113291	428
-0.10064510752154	1.34842690925937	428
0.0898800710634	1.00676978201277	986
0.0205603806453201	0.923153613701468	103
0.11100814515972	1.25996707772179	103
-0.07451685363401	0.825759258827981	2889
-0.10139024133683	1.11187899407931	1018
-0.10725640802885	1.35432004367817	62
-0.0752439062419199	0.828825229159885	62
0.0889418121888199	0.650550150792748	62
-0.0694359566063301	0.822779556033557	62
-0.00969212261883001	1.16937591592548	62
0.0885563574289101	0.650194172814921	62
0.08949273347165	0.650191977967804	62
0.0939467201281301	0.645784338390518	62
0.0933944704887899	0.646019881766231	1500
-0.0259013793896701	0.582633022248989	293
-0.07180549896509	0.824779730602868	293
-0.02032538013449	0.58045220816518	1165
0.0793186645478301	0.657843294254402	1165
0.10258640259334	0.352883231159087	2554
0.10826925398621	0.351630194981725	189
0.10716674266205	0.352132388893513	13
0.10258640259334	0.352883231159087	13
0.10647884198302	0.352309794326609	643
-0.02099398512007	0.58063946719774	643
0.10218335279232	0.353699707342604	643
0.10758043184799	0.351807769829277	643
0.10716674266205	0.352132388893513	5208
0.10647884198302	0.352309794326609	29
0.10328279028361	0.353197314225222	45
0.10716674266205	0.352132388893513	292
0.11023341597372	0.349898349308083	197
0.10826925398621	0.351630194981725	1105
0.10218335279232	0.353699707342604	569
0.10218335279232	0.353699707342604	836
0.10758043184799	0.351807769829277	218
0.11092586756108	0.350415838742694	4297
-0.0270647789966201	1.38747225968537	59
0.03904014946351	1.41350274510839	59
-0.0331201922064801	1.39789781983349	363
0.0898800710634	1.00676978201277	428
-0.0218764981402999	1.38190366907426	428
0.02200692534856	0.921341396565078	428
0.1001114037562	0.991685841548207	62
-0.0206064013082601	0.579256545559091	62
0.02152490366363	0.922273858660409	62
0.10397890323872	0.352462565358244	62
0.02345574679871	0.918239554519319	62
0.09359641443929	0.647190211436835	1165
0.10148789770049	0.353384284502155	1165
0.01927108275218	0.923213447472463	1165
0.10647884198302	0.352309794326609	189
-0.02071168876143	0.578406004795778	189
0.10758043184799	0.351807769829277	13
0.10218335279232	0.353699707342604	223
0.10647884198302	0.352309794326609	292
0.10758043184799	0.351807769829277	197
0.10328279028361	0.353197314225222	2083
0.10826925398621	0.351630194981725	1507
0.10647884198302	0.352309794326609	569
0.10826925398621	0.351630194981725	1105
0.10579067361142	0.351785528543761	836
0.10758043184799	0.351807769829277	76
0.10647884198302	0.352309794326609	218
0.01278160352545	1.61186200286414	59
-0.00724423259057994	1.17059061317099	59
0.11092586756108	0.350415838742694	1891
-0.02099398512007	0.58063946719774	428
-0.00724423259057994	1.17059061317099	1018
0.0261326553266601	0.914169218912551	2889
-0.0259013793896701	0.582633022248989	1514
0.10647884198302	0.352309794326609	62
0.10785437586757	0.351215554477081	62
-0.02032538013449	0.58045220816518	62
0.10689134122138	0.351285302005725	293
0.10826925398621	0.351630194981725	822
0.0880395164151999	0.652449440273683	2554
0.0793186645478301	0.657843294254402	2554
0.11230995697287	0.349325823144218	13
0.10785437586757	0.351215554477081	13
-0.0846041357980401	0.836131985916409	13
0.10593382759709	0.35148923313409	698
0.10689134122138	0.351285302005725	643
0.10758043184799	0.351807769829277	643
-0.0214546059215199	0.580072466612979	45
0.10826925398621	0.351630194981725	298
0.10826925398621	0.351630194981725	298
0.10895780785609	0.350714860686515	223
0.10647884198302	0.352309794326609	292
0.10716674266205	0.352132388893513	197
0.10579067361142	0.351785528543761	2083
0.10647884198302	0.352309794326609	569
0.10826925398621	0.351630194981725	569
0.10647884198302	0.352309794326609	374
0.10689134122138	0.351285302005725	374
0.10689134122138	0.351285302005725	232
0.10689134122138	0.351285302005725	218
0.10826925398621	0.351630194981725	218
0.10647884198302	0.352309794326609	578
0.10579067361142	0.351785528543761	1120
0.10716674266205	0.352132388893513	1120
0.10258640259334	0.352883231159087	1120
0.00250282684757996	1.1521673226112	93
-0.0199377346304801	0.578438416169099	59
0.09144863638025	1.00239650167097	363
0.11092586756108	0.350415838742694	363
0.0989630106853701	0.353478679518203	428
-0.0256210160689501	0.583695327776066	428
-0.02400836223229	0.581258703136909	428
0.0817525671716901	0.654332014627069	428
0.10826925398621	0.351630194981725	103
-0.0199377346304801	0.578438416169099	103
-0.07480862840562	0.82835962569904	103
-0.02656840239241	0.58297122228144	1018
0.10716674266205	0.352132388893513	1018
-0.0792787682866301	0.831828482540017	62
-0.02495473558411	0.58335694060492	62
0.10785437586757	0.351215554477081	62
0.11023341597372	0.349898349308083	1514
0.10647884198302	0.352309794326609	62
0.10716674266205	0.352132388893513	62
0.11092586756108	0.350415838742694	62
0.10785437586757	0.351215554477081	62
0.10716674266205	0.352132388893513	62
0.09786574616812	0.353978519341629	62
0.10663361484863	0.351799503810815	62
-0.0774378530941899	0.832339460717058	293
0.10826925398621	0.351630194981725	822
0.08931722660306	0.650273274268608	13
-0.10123516380674	1.54828116710903	13
0.10826925398621	0.351630194981725	45
-0.0846041357980401	0.836131985916409	298
0.10218335279232	0.353699707342604	298
0.10826925398621	0.351630194981725	292
-0.0358726885832701	0.584868341546577	292
0.10593382759709	0.35148923313409	197
0.10716674266205	0.352132388893513	569
0.10716674266205	0.352132388893513	3714
0.10826925398621	0.351630194981725	569
-0.0221182132134701	0.580408422501073	374
-0.0737484919429701	0.827865968081847	374
0.10287853396258	0.35296389743942	10
0.10758043184799	0.351807769829277	5386
0.10287853396258	0.35296389743942	76
0.10218335279232	0.353699707342604	4474
0.10716674266205	0.352132388893513	4474
0.10647884198302	0.352309794326609	1161
0.10287853396258	0.35296389743942	301
-0.07704543603291	0.830073818425413	59
0.10826925398621	0.351630194981725	1278
-0.02099398512007	0.58063946719774	428
0.10716674266205	0.352132388893513	103
-0.0233431592753299	0.580545475751851	103
0.10647884198302	0.352309794326609	428
-0.08736936739862	0.834330251122764	62
0.11230995697287	0.349325823144218	1018
0.02752115027819	0.913970348903043	2889
0.10785437586757	0.351215554477081	1018
0.08876235876415	0.650754614292679	672
0.10647884198302	0.352309794326609	1514
-0.02628763158757	0.583658225403998	62
0.10826925398621	0.351630194981725	62
0.11092586756108	0.350415838742694	62
0.10716674266205	0.352132388893513	62
-0.01965711158767	0.579970689675105	62
0.11092586756108	0.350415838742694	189
0.10716674266205	0.352132388893513	822
-0.0963311440999499	1.33294532447873	13
0.10826925398621	0.351630194981725	643
0.10716674266205	0.352132388893513	29
0.11230995697287	0.349325823144218	45
0.11230995697287	0.349325823144218	298
0.10647884198302	0.352309794326609	298
0.10328279028361	0.353197314225222	218
0.0989630106853701	0.353478679518203	1120
0.10716674266205	0.352132388893513	1120
0.10689134122138	0.351285302005725	301
0.00386282382141001	1.77093919160785	955
-0.01341380046719	1.17835487920893	59
0.12125230009226	1.47495456144659	59
-0.10258271273153	1.55443506160284	59
0.10647884198302	0.352309794326609	1891
-0.0315410291954501	1.57156633504498	59
-0.10587874074629	1.10775701146594	428
-0.0945310982457299	1.33439418130934	1034
-0.0152067997466201	0.576118661909323	1034
0.0242021101282099	0.916495577401371	62
0.0832335746052799	0.653693295787917	62
-0.0996265795722699	1.10876311421043	672
-0.09283111913972	1.09622341777706	1514
0.10647884198302	0.352309794326609	293
-0.02533977086171	0.581560371416527	293
-0.0206064013082601	0.579256545559091	189
0.10579067361142	0.351785528543761	13
0.10758043184799	0.351807769829277	13
-0.0786322328525999	0.830739639663377	643
0.10826925398621	0.351630194981725	643
0.10826925398621	0.351630194981725	292
0.10716674266205	0.352132388893513	197
0.10895780785609	0.350714860686515	2207
0.10758043184799	0.351807769829277	569
0.11092586756108	0.350415838742694	2420
-0.0152067997466201	0.576118661909323	2420
0.10716674266205	0.352132388893513	569
0.10785437586757	0.351215554477081	615
0.10397890323872	0.352462565358244	232
0.10758043184799	0.351807769829277	218
0.0632425358382101	1.2150745646122	59
0.0788633289595699	1.45749819645668	59
-0.00894649842863005	1.17242908504693	59
0.10258640259334	0.352883231159087	1891
-0.02032538013449	0.58045220816518	59
-0.0761660306668299	0.831314833981947	363
-0.0972487043950301	1.106741966799	428
-0.0199377346304801	0.578438416169099	428
-0.0783584733706999	0.833288890400322	428
0.0743178824317401	0.659581316392577	428
0.10328279028361	0.353197314225222	62
0.08167406607633	0.654134514886414	62
0.11161804781962	0.350237547909829	62
-0.0212754047183501	0.579737208933733	62
-0.0205075928915399	0.579490279223785	806
0.08911118682812	0.650217800895839	62
0.10218335279232	0.353699707342604	293
0.10716674266205	0.352132388893513	189
-0.02628763158757	0.583658225403998	2554
0.10689134122138	0.351285302005725	13
0.10287853396258	0.35296389743942	13
0.10689134122138	0.351285302005725	13
0.11161804781962	0.350237547909829	13
0.10785437586757	0.351215554477081	13
0.10647884198302	0.352309794326609	13
0.10647884198302	0.352309794326609	643
0.10758043184799	0.351807769829277	643
0.10647884198302	0.352309794326609	1423
0.10716674266205	0.352132388893513	45
0.10258640259334	0.352883231159087	45
0.10647884198302	0.352309794326609	45
0.11092586756108	0.350415838742694	2207
0.10826925398621	0.351630194981725	569
0.10716674266205	0.352132388893513	2420
0.10758043184799	0.351807769829277	1566
0.10647884198302	0.352309794326609	232
0.10218335279232	0.353699707342604	218
0.10397890323872	0.352462565358244	1120
0.10148789770049	0.353384284502155	301
-0.0477275319644099	1.91343744597843	59
0.11436325152414	1.25583905270205	59
0.07998493006352	1.01394072668355	59
-0.08025415993052	0.83299924878818	428
-0.0702195754543999	0.822698475091872	986
-0.10151451571407	1.34824078349426	103
-0.01898917918035	0.579150144945583	103
-0.0751102407520801	0.831210858504437	62
0.10647884198302	0.352309794326609	672
-0.08165417303619	0.834406870783564	62
0.00138517858206	1.15688093206926	62
0.11023341597372	0.349898349308083	62
-0.02099398512007	0.58063946719774	62
-0.0689081082983001	0.822098808056114	119
-0.01587168520504	0.57659573259799	62
0.10218335279232	0.353699707342604	62
0.10579067361142	0.351785528543761	293
0.10148789770049	0.353384284502155	189
0.10328279028361	0.353197314225222	189
0.10328279028361	0.353197314225222	293
-0.0786322328525999	0.830739639663377	13
-0.07180549896509	0.824779730602868	13
0.0752193911527399	0.658810095871722	13
0.10258640259334	0.352883231159087	1870
0.11023341597372	0.349898349308083	29
-0.0259013793896701	0.582633022248989	1423
-0.0200434839469901	0.578549734222855	29
0.10826925398621	0.351630194981725	298
0.10258640259334	0.352883231159087	292
0.10826925398621	0.351630194981725	292
0.11230995697287	0.349325823144218	162
-0.01898917918035	0.579150144945583	569
0.10826925398621	0.351630194981725	569
0.10287853396258	0.35296389743942	1105
0.10826925398621	0.351630194981725	168
0.10826925398621	0.351630194981725	232
0.10647884198302	0.352309794326609	218
0.10579067361142	0.351785528543761	156
0.0960936749921499	0.996710047625773	59
-0.0167794441962701	1.17709520678735	59
-0.0702195754543999	0.822698475091872	59
0.0941487081716199	0.646451404526215	59
0.0665172274127299	1.82807156121152	59
-0.0252346917202799	0.58191737664116	59
0.0908472487441701	1.97532396925693	1983
0.09304389476812	0.647668753377714	59
-0.01898917918035	0.579150144945583	1278
-0.0200434839469901	0.578549734222855	428
0.10218335279232	0.353699707342604	986
0.0690429655988101	1.20401858846764	428
0.0581895008653199	1.22391014893277	3200
-0.0165369043550301	0.576781738217319	103
-0.01965711158767	0.579970689675105	428
0.10826925398621	0.351630194981725	103
0.0882072633098401	0.650992030959653	103
-0.02079133119985	0.57936096462064	103
0.10826925398621	0.351630194981725	62
-0.01898917918035	0.579150144945583	62
-0.02032538013449	0.58045220816518	1018
0.10328279028361	0.353197314225222	62
0.10716674266205	0.352132388893513	62
0.10218335279232	0.353699707342604	2719
-0.01720245749258	0.576637775977831	62
0.10826925398621	0.351630194981725	119
0.11161804781962	0.350237547909829	119
-0.02099398512007	0.58063946719774	62
0.0982592360254899	0.353721534917221	62
0.10826925398621	0.351630194981725	62
0.10689134122138	0.351285302005725	62
0.10647884198302	0.352309794326609	293
-0.02428878983577	0.582639355082303	293
0.10148789770049	0.353384284502155	293
0.10397890323872	0.352462565358244	13
0.10328279028361	0.353197314225222	29
0.10826925398621	0.351630194981725	223
0.11230995697287	0.349325823144218	223
0.10663361484863	0.351799503810815	292
0.0880395164151999	0.652449440273683	569
0.10328279028361	0.353197314225222	569
0.11092586756108	0.350415838742694	2689
0.10826925398621	0.351630194981725	218
0.10785437586757	0.351215554477081	59
0.00418923429832008	0.934157283004178	59
-0.0737484919429701	0.827865968081847	59
-0.0799470570269301	0.834996837205207	59
-0.0112848248679001	1.17622003127759	363
-0.10521110572351	1.35394291316079	986
0.0852209906930499	0.654392144647465	986
-0.09684131930076	1.33277557652385	103
0.08632690639061	0.652735113629601	62
0.10397890323872	0.352462565358244	62
-0.07849590914857	0.833815212107253	1018
-0.08561272175478	0.836339075674175	672
0.10716674266205	0.352132388893513	119
0.11092586756108	0.350415838742694	62
0.10579067361142	0.351785528543761	62
0.10785437586757	0.351215554477081	62
0.10826925398621	0.351630194981725	293
-0.02495473558411	0.58335694060492	293
0.09059390112036	0.648549439477228	189
0.10758043184799	0.351807769829277	189
0.10328279028361	0.353197314225222	13
0.10758043184799	0.351807769829277	29
0.10647884198302	0.352309794326609	29
0.10826925398621	0.351630194981725	698
0.10258640259334	0.352883231159087	698
0.10895780785609	0.350714860686515	643
0.10716674266205	0.352132388893513	29
0.10647884198302	0.352309794326609	3580
0.10826925398621	0.351630194981725	569
0.10647884198302	0.352309794326609	569
0.10716674266205	0.352132388893513	2420
0.11092586756108	0.350415838742694	1566
-0.0546155370588799	2.21123670954962	59
0.08524048015324	1.44114489831098	59
-0.0340740150385901	1.57793034129478	363
-0.02495473558411	0.58335694060492	363
0.0974114958074901	0.993089361612188	363
0.09775166005935	0.997792030955	363
0.0592784701906599	1.21766179865552	363
0.0921467271774701	1.00182383870115	428
-0.08946819452922	1.09253083745134	1034
0.09035039836001	1.00496814851003	3200
0.0896657887737	0.649980701034027	103
-0.0970280555498499	1.33906591893212	103
-0.02261442293622	0.579780704461	62
0.07987113043911	0.657313340361156	119
0.0876519400772999	0.650968305198471	62
0.08431855036541	0.655167690820231	62
-0.0206064013082601	0.579256545559091	2177
0.08949273347165	0.650191977967804	189
0.10826925398621	0.351630194981725	13
0.10758043184799	0.351807769829277	13
0.11092586756108	0.350415838742694	226
0.10689134122138	0.351285302005725	13
0.10826925398621	0.351630194981725	643
0.10826925398621	0.351630194981725	29
0.0982592360254899	0.353721534917221	29
0.09716291462318	0.354221264198155	29
0.10689134122138	0.351285302005725	298
0.10716674266205	0.352132388893513	3241
0.10826925398621	0.351630194981725	3241
0.10689134122138	0.351285302005725	569
0.0902201634281701	0.649500065308071	59
0.0801663647736099	1.45424850305446	93
0.0205603806453201	0.923153613701468	103
0.02944944026591	0.912268561660191	103
0.09042628008524	0.64845225589603	103
-0.09590541302511	1.1052733229326	103
0.0668818516826399	1.20763197681305	62
-0.0789374483294201	0.831782358900724	62
-0.09630831417898	1.10379143714341	62
-0.0979145191733599	1.33545238279948	62
-0.00813326347520005	1.17127647162529	62
0.0169314900914199	0.926963123360201	119
0.08431855036541	0.655167690820231	62
0.10579067361142	0.351785528543761	62
-0.02032538013449	0.58045220816518	293
0.0120409595097799	0.927852802916474	293
0.0867475491926599	0.649998001219271	293
0.10579067361142	0.351785528543761	293
0.10218335279232	0.353699707342604	13
0.10397890323872	0.352462565358244	13
0.10593382759709	0.35148923313409	29
0.10647884198302	0.352309794326609	29
0.10758043184799	0.351807769829277	5278
-0.01587168520504	0.57659573259799	162
0.10579067361142	0.351785528543761	1102
0.10733312446004	0.351067215845013	1102
-0.01937561527664	0.578362564289604	569
0.10218335279232	0.353699707342604	569
0.10716674266205	0.352132388893513	569
0.10647884198302	0.352309794326609	569
0.11092586756108	0.350415838742694	615
0.10895780785609	0.350714860686515	615
0.11161804781962	0.350237547909829	232
0.10785437586757	0.351215554477081	232
0.10716674266205	0.352132388893513	232
0.10826925398621	0.351630194981725	218
0.10758043184799	0.351807769829277	218
0.10716674266205	0.352132388893513	593
0.10328279028361	0.353197314225222	218
-0.02495473558411	0.58335694060492	59
-0.0305471390401799	0.583752148236366	59
0.0837839229014501	0.652787590638108	59
-0.00121826951549009	1.16290514866767	59
0.0794611359000199	1.45607503354373	59
-0.09476037235377	1.53833899229125	59
-0.05708990579761	1.93195996184049	59
0.0630012316956201	1.21436711811698	1278
0.02800559381878	0.91269524961822	363
-0.09753632672082	1.53644778518705	428
0.0242021101282099	0.916495577401371	986
0.0885909386274999	0.652090173543142	428
0.0793186645478301	0.657843294254402	2887
-0.0288547756533599	1.55975119262202	62
-0.09321446670341	1.09852497890506	62
-0.08944725198316	1.3240440349577	62
-0.02428878983577	0.582639355082303	62
-0.0212754047183501	0.579737208933733	293
-0.0742784587630301	0.828259284544803	293
-0.0246738993289199	0.581595777089794	293
-0.02261442293622	0.579780704461	293
-0.0152067997466201	0.576118661909323	293
-0.01720245749258	0.576637775977831	293
0.10826925398621	0.351630194981725	13
0.10579067361142	0.351785528543761	29
0.10716674266205	0.352132388893513	29
0.10647884198302	0.352309794326609	162
0.10895780785609	0.350714860686515	1507
0.10826925398621	0.351630194981725	162
0.11092586756108	0.350415838742694	162
-0.0272357610266101	0.58293567232368	162
0.10758043184799	0.351807769829277	4122
0.10716674266205	0.352132388893513	615
0.10397890323872	0.352462565358244	141
0.10826925398621	0.351630194981725	218
0.10647884198302	0.352309794326609	114
0.11092586756108	0.350415838742694	3606
0.10397890323872	0.352462565358244	1983
0.0939467201281301	0.645784338390518	428
-0.09866042653354	1.10817099418239	103
-0.0945223077972801	1.10123922156622	62
-0.09276011393816	1.097427644446	672
0.10826925398621	0.351630194981725	2887
0.10826925398621	0.351630194981725	2887
-0.0949657567240201	1.10546047051022	62
0.09751807489995	0.641263307273673	62
-0.08899886388459	1.09222236412755	293
0.0852209906930499	0.654392144647465	189
0.10218335279232	0.353699707342604	13
0.10733312446004	0.351067215845013	13
0.10647884198302	0.352309794326609	29
0.10826925398621	0.351630194981725	351
-0.0212754047183501	0.579737208933733	351
0.10826925398621	0.351630194981725	29
-0.02261442293622	0.579780704461	29
0.10579067361142	0.351785528543761	29
0.10579067361142	0.351785528543761	162
0.10647884198302	0.352309794326609	162
0.10647884198302	0.352309794326609	569
0.10716674266205	0.352132388893513	615
0.10647884198302	0.352309794326609	354
0.10826925398621	0.351630194981725	218
0.10328279028361	0.353197314225222	301
0.05454714167183	1.22477851467858	59
0.11023341597372	0.349898349308083	59
0.10647884198302	0.352309794326609	1983
-0.10396095398211	1.91354016396884	59
-0.0233431592753299	0.580545475751851	59
-0.02071168876143	0.578406004795778	59
0.10663361484863	0.351799503810815	59
0.0243555019897099	0.920328771307225	363
0.10826925398621	0.351630194981725	1034
0.0918229061281299	1.00119859900336	3200
0.08466769309659	0.654753086475839	103
0.0222718909015101	0.915511452062372	428
-0.08363240005469	0.837408038208625	1018
0.08042337020513	0.656400453451052	62
-0.0808685467783601	0.833531868826024	62
0.07632081041164	0.657658374274116	62
-0.01965711158767	0.579970689675105	62
-0.0200434839469901	0.578549734222855	293
-0.09798104667605	1.10874948573511	293
-0.02166292684413	0.580493155786958	189
0.10758043184799	0.351807769829277	13
-0.0206064013082601	0.579256545559091	29
0.10716674266205	0.352132388893513	2001
0.10826925398621	0.351630194981725	351
0.10647884198302	0.352309794326609	29
0.10716674266205	0.352132388893513	2203
0.10826925398621	0.351630194981725	29
0.10826925398621	0.351630194981725	223
-0.02628763158757	0.583658225403998	2535
0.10397890323872	0.352462565358244	569
0.10826925398621	0.351630194981725	162
0.10579067361142	0.351785528543761	593
0.10218335279232	0.353699707342604	1120
-0.0469263718745201	1.90949282978656	59
0.08899044130024	1.00642332833915	59
-0.00166126496403995	1.16413397661669	59
-0.0406052680617699	1.58226987248276	93
0.10218335279232	0.353699707342604	59
-0.0461724957218701	1.75707002398227	1942
0.10716674266205	0.352132388893513	59
0.0829454828762	1.44609754218541	428
0.0876519400772999	0.650968305198471	3200
0.10716674266205	0.352132388893513	428
-0.09970801574202	1.34308289304889	62
0.0958661073715401	0.642701436121446	62
-0.01832158261363	0.57762571413367	2887
0.0585169079036201	1.22219782117829	62
0.02072883138505	0.923402051833666	62
0.0865850831163499	0.651961755580813	62
-0.0211704534369199	0.579825727743365	62
-0.07133730050746	0.82407778772056	513
0.0921410851526601	0.647122135526749	2177
-0.0309320665117701	0.585162590702791	293
0.10689134122138	0.351285302005725	189
0.08946079988539	0.647809890682391	189
0.10826925398621	0.351630194981725	13
0.10218335279232	0.353699707342604	13
0.10826925398621	0.351630194981725	189
0.10758043184799	0.351807769829277	189
0.10716674266205	0.352132388893513	351
-0.02099398512007	0.58063946719774	351
0.0857740617371201	0.653741388644674	1499
0.10758043184799	0.351807769829277	29
0.10716674266205	0.352132388893513	29
0.10218335279232	0.353699707342604	162
0.11161804781962	0.350237547909829	3009
0.10258640259334	0.352883231159087	1234
0.10758043184799	0.351807769829277	218
-0.02771930722684	1.38883928923913	59
-0.02008372077385	1.18416744665469	93
0.07966843983398	0.657264267464277	1034
0.10647884198302	0.352309794326609	1034
-0.0944961554619099	1.10498519766348	3200
-0.0753390010060999	0.828132219850736	428
0.0832107315839501	0.655600676812176	62
0.09217799631885	1.00414157757179	672
-0.0218764175194901	1.38074147626704	62
-0.0845539718525701	0.835934876757901	806
0.0862423575034901	1.00970411625956	2719
0.0978480156833099	0.996743179940076	62
-0.0165342244228399	1.18133939784809	62
-0.0200434839469901	0.578549734222855	62
0.09716291462318	0.354221264198155	189
0.10716674266205	0.352132388893513	29
0.10287853396258	0.35296389743942	1499
0.10287853396258	0.35296389743942	29
0.10328279028361	0.353197314225222	29
0.10758043184799	0.351807769829277	223
0.10826925398621	0.351630194981725	1171
0.10785437586757	0.351215554477081	881
0.10758043184799	0.351807769829277	218
0.10826925398621	0.351630194981725	218
0.10826925398621	0.351630194981725	218
0.10218335279232	0.353699707342604	593
-0.0045561819887201	1.16872091603677	59
-0.0886469859235599	1.08867680044158	59
-0.0977191267817501	1.10758811364727	59
0.0855706511387799	0.652347007412662	59
0.10647884198302	0.352309794326609	59
-0.0979436131707401	1.34280866622685	3200
0.08998094254255	1.00697489638651	103
-0.01893391147979	1.37802733007929	103
-0.0980789970699501	1.10480904949436	103
0.0869425214470301	0.649556106245305	62
0.11092586756108	0.350415838742694	62
0.0919556760490201	0.646860540064004	2887
0.09004342972879	0.649546766482322	62
0.09078446163776	1.00417427643985	806
0.0284840366597401	0.913383628276364	62
0.0958661073715401	0.642701436121446	62
0.0229109294454399	0.920115134081015	62
-0.0737484919429701	0.827865968081847	513
-0.0850832455039401	0.836331276164506	293
-0.0219447451608401	0.579924971604282	189
0.10826925398621	0.351630194981725	2780
-0.02166292684413	0.580493155786958	29
-0.02032538013449	0.58045220816518	29
-0.0269545824372	0.582913354723689	351
0.10785437586757	0.351215554477081	1499
0.10758043184799	0.351807769829277	223
0.10647884198302	0.352309794326609	223
0.10758043184799	0.351807769829277	615
0.10716674266205	0.352132388893513	615
0.10689134122138	0.351285302005725	218
0.10716674266205	0.352132388893513	218
0.10328279028361	0.353197314225222	593
0.09786574616812	0.353978519341629	593
0.0941487081716199	0.646451404526215	59
-0.07133730050746	0.82407778772056	59
-0.10785128124564	1.56433583767824	59
0.10758043184799	0.351807769829277	59
0.10826925398621	0.351630194981725	363
0.11412723330711	1.25271928783326	363
0.06072698013844	1.21519222662763	986
-0.09818970079986	1.10806467480942	103
0.11161804781962	0.350237547909829	62
-0.0180408851730201	0.577068127053539	62
-0.01524118661547	1.37051193454773	672
0.00991857245968997	0.929942751345718	62
0.0953003391184599	0.99779402801072	806
0.0233926132209801	0.920553756197955	806
0.00923318012369001	0.931972322211739	62
-0.0792001258980699	0.830960421728324	62
0.0857740617371201	0.653741388644674	62
-0.0721598070663001	0.824720768215814	513
0.10716674266205	0.352132388893513	293
-0.08363240005469	0.837408038208625	293
-0.0256210160689501	0.583695327776066	5111
0.10258640259334	0.352883231159087	189
0.10895780785609	0.350714860686515	13
0.10328279028361	0.353197314225222	189
0.10647884198302	0.352309794326609	29
0.10689134122138	0.351285302005725	29
-0.01898917918035	0.579150144945583	351
0.10758043184799	0.351807769829277	29
0.10647884198302	0.352309794326609	29
0.10647884198302	0.352309794326609	29
0.10689134122138	0.351285302005725	162
0.10647884198302	0.352309794326609	2535
-0.10669994147139	2.22985553109871	59
0.0243555019897099	0.920328771307225	59
0.0819235623746899	1.45004578654831	59
0.02468477839688	0.916384127518116	59
-0.02747474203126	1.38842181035805	59
0.08914213548745	0.651442119559592	59
0.10287853396258	0.35296389743942	59
0.0935690898722901	1.65183464891714	428
0.0323691009045	1.42235313438429	428
-0.0794173265377101	0.834766722893349	3200
0.10716674266205	0.352132388893513	2449
0.0925999311450001	1.00118427334663	103
-0.0200434839469901	0.578549734222855	62
-0.0989707849906301	1.11009980832992	672
-0.0256210160689501	0.583695327776066	1018
0.10218335279232	0.353699707342604	62
0.10258640259334	0.352883231159087	293
0.10218335279232	0.353699707342604	293
0.08431855036541	0.655167690820231	293
0.10647884198302	0.352309794326609	189
0.10258640259334	0.352883231159087	1491
0.10647884198302	0.352309794326609	1491
-0.02099398512007	0.58063946719774	29
0.10148789770049	0.353384284502155	223
0.10895780785609	0.350714860686515	162
0.10397890323872	0.352462565358244	2197
0.10218335279232	0.353699707342604	232
0.10716674266205	0.352132388893513	2054
0.10647884198302	0.352309794326609	1120
-0.00543856050679992	2.27949154228068	59
-0.0750587616076399	0.826686329329098	59
-0.0392148250329001	1.58473449973926	93
0.10218335279232	0.353699707342604	59
0.09324688884083	0.645906963789496	363
0.10287853396258	0.35296389743942	1034
0.0902201634281701	0.649500065308071	1034
-0.02428878983577	0.582639355082303	103
0.0978643888698301	0.992606804880198	428
-0.09421967384005	1.10136956016379	62
-0.0125979156116001	1.36076160154107	672
0.10430075172003	1.27002203143249	62
0.0285433459744699	0.907338076804397	806
-0.07704543603291	0.830073818425413	119
0.0889418121888199	0.650550150792748	62
0.0841343437690301	0.654257008970129	62
-0.07088491271612	0.825639858099944	3229
0.10689134122138	0.351285302005725	513
0.10758043184799	0.351807769829277	293
0.10647884198302	0.352309794326609	293
-0.01937561527664	0.578362564289604	293
-0.02628763158757	0.583658225403998	5111
-0.01965711158767	0.579970689675105	189
0.10148789770049	0.353384284502155	1491
0.10895780785609	0.350714860686515	29
0.10758043184799	0.351807769829277	29
0.10826925398621	0.351630194981725	29
-0.0212754047183501	0.579737208933733	2535
0.10826925398621	0.351630194981725	162
0.10826925398621	0.351630194981725	162
0.10826925398621	0.351630194981725	615
0.10647884198302	0.352309794326609	40
0.10579067361142	0.351785528543761	593
0.10716674266205	0.352132388893513	156
0.10826925398621	0.351630194981725	156
0.10826925398621	0.351630194981725	1255
0.10716674266205	0.352132388893513	316
-0.09508627465116	0.837759743427671	59
0.0614045383670101	1.21464756468605	363
-0.01302194373869	0.57267678940045	62
0.02200692534856	0.921341396565078	62
-0.02099398512007	0.58063946719774	62
-0.0739204808321099	0.825142904136243	62
-0.0211704534369199	0.579825727743365	513
-0.02099398512007	0.58063946719774	513
0.10579067361142	0.351785528543761	293
-0.02495473558411	0.58335694060492	293
0.10733312446004	0.351067215845013	1491
0.10758043184799	0.351807769829277	29
-0.02742959465009	0.581879879551057	29
-0.0212754047183501	0.579737208933733	29
0.10716674266205	0.352132388893513	1499
-0.0302678201580699	0.585048846712041	29
0.10218335279232	0.353699707342604	1719
0.10785437586757	0.351215554477081	162
0.10647884198302	0.352309794326609	2535
0.11161804781962	0.350237547909829	2535
0.10785437586757	0.351215554477081	162
0.10716674266205	0.352132388893513	615
0.10716674266205	0.352132388893513	615
0.10785437586757	0.351215554477081	4959
0.10785437586757	0.351215554477081	40
0.10689134122138	0.351285302005725	114
0.10716674266205	0.352132388893513	593
0.10218335279232	0.353699707342604	301
-0.0751994282328501	0.829206647171541	93
-0.0029910393855701	1.16568066704153	93
0.0793186645478301	0.657843294254402	363
0.11217860448075	1.2597917975794	428
0.10647884198302	0.352309794326609	428
0.0902201634281701	0.649500065308071	428
-0.00579731799328997	1.16807411767875	103
0.0513153986525301	1.22957868577567	103
0.09359641443929	0.647190211436835	62
0.0711368019304199	1.1947528979548	62
-0.06982822110286	0.824564420176428	62
-0.00452355096190993	1.16349157306473	62
-0.07572999281747	0.829307037080084	3229
0.08876235876415	0.650754614292679	293
0.10218335279232	0.353699707342604	13
0.10758043184799	0.351807769829277	1418
0.10785437586757	0.351215554477081	113
0.11161804781962	0.350237547909829	29
0.10218335279232	0.353699707342604	29
0.10758043184799	0.351807769829277	351
0.0989630106853701	0.353478679518203	3403
0.10328279028361	0.353197314225222	29
0.10328279028361	0.353197314225222	29
0.10826925398621	0.351630194981725	29
0.10895780785609	0.350714860686515	29
0.10826925398621	0.351630194981725	223
0.10328279028361	0.353197314225222	223
0.10716674266205	0.352132388893513	162
0.10826925398621	0.351630194981725	615
-0.02032538013449	0.58045220816518	615
-0.0206064013082601	0.579256545559091	615
0.10647884198302	0.352309794326609	615
0.10758043184799	0.351807769829277	615
0.10716674266205	0.352132388893513	232
0.10716674266205	0.352132388893513	232
0.10689134122138	0.351285302005725	40
-0.0260797831911099	1.38734193268486	59
0.10826925398621	0.351630194981725	59
0.10218335279232	0.353699707342604	59
0.08987186698926	0.649530308387677	363
-0.0875917772975401	1.08927419065659	363
-0.0197539364371999	1.37821876117944	428
0.08533548746629	1.00989753657926	428
-0.10302833988227	1.34632687556257	428
0.09169338476733	1.00215281438038	1034
0.0242021101282099	0.916495577401371	428
0.03703032024971	1.41571537233083	428
-0.0995905384207301	1.72511476160501	1018
-0.09462631954157	1.10045373991042	62
0.0802206285856899	0.657069110109831	62
0.09453796244302	1.00192697937236	513
0.10287853396258	0.35296389743942	293
-0.08271050353359	0.836458145602786	293
0.10610709741256	1.2690419129024	293
0.0989630106853701	0.353478679518203	189
0.08949273347165	0.650191977967804	1418
0.10758043184799	0.351807769829277	1499
0.10826925398621	0.351630194981725	29
0.10647884198302	0.352309794326609	29
0.10579067361142	0.351785528543761	29
0.10647884198302	0.352309794326609	162
0.10397890323872	0.352462565358244	615
0.11230995697287	0.349325823144218	114
0.11023341597372	0.349898349308083	1060
0.08431855036541	0.655167690820231	93
-0.10413829562892	1.55491778344429	93
0.0878589542234101	0.649782359675678	59
-0.0298828099181101	0.58241606372645	363
0.0997782594055801	1.27729626823123	428
0.11092586756108	0.350415838742694	428
0.10647884198302	0.352309794326609	2449
-0.03335661733101	1.39679949235078	2449
0.0339830414447699	1.41696696662178	1018
-0.0904816467326199	1.09298507695541	62
-0.09907262643382	1.34030818024642	62
0.0935880756632901	1.00081895905658	62
-0.07972704233647	0.832217195612665	119
0.0793186645478301	0.657843294254402	62
0.0902201634281701	0.649500065308071	62
0.0280594149162301	0.909132086822549	293
0.10785437586757	0.351215554477081	293
-0.01937561527664	0.578362564289604	513
-0.02656840239241	0.58297122228144	189
0.10826925398621	0.351630194981725	13
0.11092586756108	0.350415838742694	1418
0.10647884198302	0.352309794326609	29
0.10733312446004	0.351067215845013	29
0.10287853396258	0.35296389743942	29
0.10716674266205	0.352132388893513	29
0.10218335279232	0.353699707342604	5184
0.10647884198302	0.352309794326609	615
0.10647884198302	0.352309794326609	1631
0.10785437586757	0.351215554477081	141
-0.0219447451608401	0.579924971604282	232
0.10826925398621	0.351630194981725	114
0.05274689191758	1.22774422277489	59
0.08768915422257	0.651530929339694	59
0.0863884733151099	1.43782342194971	59
-0.00713008611479005	1.16962537041658	59
0.10758043184799	0.351807769829277	4741
0.10231922993712	0.352082943164405	59
0.10579067361142	0.351785528543761	59
0.10895780785609	0.350714860686515	59
-0.0732187278101999	0.827179762016143	59
0.09404093929929	0.999860002465036	428
0.05092348594259	1.22705663215069	428
-0.04991679845472	1.76363959632718	428
0.0832335746052799	0.653693295787917	103
0.01927737560992	0.924197772051975	428
-0.02099398512007	0.58063946719774	62
-0.0756380349010699	0.831439589392411	62
-0.07466906671733	0.828812827260658	672
0.09189174934087	1.00397620484044	672
0.10328279028361	0.353197314225222	1018
0.00105711530447006	1.1575552455696	62
-0.0883722425889699	0.839449743227902	62
0.02371954232839	0.916934181780596	62
0.0802206285856899	0.657069110109831	62
-0.0728637918823201	0.824655366099588	62
0.0878589542234101	0.649782359675678	62
0.02104027720589	0.921892238789281	62
-0.0732187278101999	0.827179762016143	4874
0.10258640259334	0.352883231159087	189
-0.0976937319318301	1.10600130738814	13
0.10647884198302	0.352309794326609	13
0.10647884198302	0.352309794326609	189
0.10579067361142	0.351785528543761	1418
0.10758043184799	0.351807769829277	29
0.10647884198302	0.352309794326609	4475
0.10397890323872	0.352462565358244	1065
0.10579067361142	0.351785528543761	593
0.10328279028361	0.353197314225222	593
0.10758043184799	0.351807769829277	593
0.10689134122138	0.351285302005725	3791
0.0640100171659701	2.15821824339639	59
0.0318072665685301	1.42281095127227	93
0.10328279028361	0.353197314225222	59
0.0802206285856899	0.657069110109831	59
-0.08315527017478	0.833469224228705	363
-0.0957492164617499	1.53943572849023	279
0.0397986675605999	1.41201404486048	62
-0.09694253220748	1.34013133032219	62
0.10065703518714	0.989534499608323	62
0.0904332810067801	1.00668050388414	293
-0.02400836223229	0.581258703136909	189
-0.01870808245147	0.577883497327535	1418
-0.02099398512007	0.58063946719774	3403
0.10647884198302	0.352309794326609	29
0.10758043184799	0.351807769829277	800
-0.01720245749258	0.576637775977831	29
0.10689134122138	0.351285302005725	29
0.10148789770049	0.353384284502155	162
0.10758043184799	0.351807769829277	162
0.10258640259334	0.352883231159087	162
0.10758043184799	0.351807769829277	615
0.10647884198302	0.352309794326609	232
0.10716674266205	0.352132388893513	301
0.10647884198302	0.352309794326609	301
-0.0958671727406999	2.04598217186307	59
0.03737857283143	1.79704065180156	93
-0.0438034487469701	1.74885150386584	59
0.0242021101282099	0.916495577401371	62
0.0832335746052799	0.653693295787917	62
0.09765638907658	0.996286088791943	62
-0.0795547748035701	0.833920396876194	4874
-0.01965711158767	0.579970689675105	1366
-0.0258231300371701	0.581187080143393	683
-0.07497545963571	0.828866649310839	293
0.10579067361142	0.351785528543761	13
0.10826925398621	0.351630194981725	29
0.11023341597372	0.349898349308083	223
0.10826925398621	0.351630194981725	615
0.10716674266205	0.352132388893513	232
0.10826925398621	0.351630194981725	593
0.10647884198302	0.352309794326609	1255
-0.02465218074773	1.96765996231334	93
0.10758043184799	0.351807769829277	59
0.0750161709611401	0.655578498503891	59
0.10647884198302	0.352309794326609	59
0.10218335279232	0.353699707342604	59
0.02072142257117	0.924011401023554	59
-0.0291938158135101	1.39183121889889	279
0.10758043184799	0.351807769829277	428
0.11081866042479	1.26254317143583	428
-0.0112848248679001	1.17622003127759	62
0.11282755353028	1.25717792995187	62
0.0232368144300601	0.917084635256968	1018
-0.0185249785477799	1.3776362852388	62
-0.0045561819887201	1.16872091603677	62
0.09359641443929	0.647190211436835	513
-0.08033841776218	0.833301306316734	4874
0.10218335279232	0.353699707342604	2150
0.10647884198302	0.352309794326609	293
0.10647884198302	0.352309794326609	189
0.10689134122138	0.351285302005725	522
0.10579067361142	0.351785528543761	522
-0.0176586507196601	0.575702155841993	29
0.10218335279232	0.353699707342604	29
0.10785437586757	0.351215554477081	4248
0.10758043184799	0.351807769829277	162
0.10579067361142	0.351785528543761	141
0.0869359952923301	0.652238168620569	93
0.11161804781962	0.350237547909829	59
-0.02071168876143	0.578406004795778	428
0.11161804781962	0.350237547909829	103
-0.0808685467783601	0.833531868826024	428
0.09359641443929	0.647190211436835	428
-0.0799470570269301	0.834996837205207	428
0.0637564012612899	1.20887378746119	62
0.03807041754052	1.41416236720296	672
0.08911118682812	0.650217800895839	1018
-0.11208563139988	1.56735437347571	62
-0.00467719793421995	1.16143741045155	62
0.0215283086151901	0.921359378423402	62
-0.0751994282328501	0.829206647171541	62
0.10647884198302	0.352309794326609	2150
0.10716674266205	0.352132388893513	2150
-0.07413890813543	0.828125663215551	293
0.10647884198302	0.352309794326609	189
-0.0269545824372	0.582913354723689	3403
-0.0272357610266101	0.58293567232368	29
0.10716674266205	0.352132388893513	800
0.11161804781962	0.350237547909829	800
0.10826925398621	0.351630194981725	504
0.10826925398621	0.351630194981725	223
0.11161804781962	0.350237547909829	29
0.10895780785609	0.350714860686515	29
0.11092586756108	0.350415838742694	1171
0.10716674266205	0.352132388893513	162
0.10895780785609	0.350714860686515	162
0.10716674266205	0.352132388893513	426
0.10647884198302	0.352309794326609	615
0.10716674266205	0.352132388893513	5452
0.10716674266205	0.352132388893513	5452
0.10647884198302	0.352309794326609	232
0.10826925398621	0.351630194981725	114
0.10895780785609	0.350714860686515	114
0.10397890323872	0.352462565358244	4409
0.10689134122138	0.351285302005725	257
0.10785437586757	0.351215554477081	316
0.10826925398621	0.351630194981725	316
0.10218335279232	0.353699707342604	1255
0.10716674266205	0.352132388893513	598
0.10716674266205	0.352132388893513	301
-0.05311578350588	1.77142301151933	59
0.11771240845358	1.24765858913072	4741
-0.0961342033472199	1.88473923310675	59
0.0180724706111	0.925404835091637	279
-0.01184520399815	1.17627293471789	103
0.09775166005935	0.997792030955	103
-0.0247515026251	1.38829204409206	428
-0.0161564891964301	0.576700733308464	62
0.10826925398621	0.351630194981725	672
0.11534422826367	1.2460797418142	62
0.0247076790773799	1.58602521812586	62
-0.0956329153473101	1.10286315879405	62
0.10785437586757	0.351215554477081	513
-0.00857797700621998	1.17107584694593	62
-0.06838046138878	0.821093576434953	683
-0.02790345559029	0.582195629058972	293
0.10716674266205	0.352132388893513	189
0.10758043184799	0.351807769829277	189
0.10328279028361	0.353197314225222	29
-0.0214546059215199	0.580072466612979	3403
-0.03493034680445	0.585592217145805	504
0.10716674266205	0.352132388893513	29
0.10218335279232	0.353699707342604	4248
0.10733312446004	0.351067215845013	162
0.10579067361142	0.351785528543761	426
0.10328279028361	0.353197314225222	615
0.05496720471455	1.22476647241794	59
0.01959167718143	0.921226436515766	93
0.10077275332811	2.13577393581199	59
0.0232368144300601	0.917084635256968	59
-0.0799470570269301	0.834996837205207	59
0.10689134122138	0.351285302005725	672
-0.0949657567240201	1.10546047051022	62
-0.02866095646662	0.582384335707824	513
-0.0176586507196601	0.575702155841993	513
0.08987186698926	0.649530308387677	293
0.0933944704887899	0.646019881766231	189
0.10758043184799	0.351807769829277	189
0.10895780785609	0.350714860686515	189
0.11092586756108	0.350415838742694	294
0.10716674266205	0.352132388893513	522
-0.02099398512007	0.58063946719774	800
0.10663361484863	0.351799503810815	29
0.10758043184799	0.351807769829277	29
0.11092586756108	0.350415838742694	162
0.10148789770049	0.353384284502155	4105
0.10716674266205	0.352132388893513	24
0.10647884198302	0.352309794326609	232
0.10826925398621	0.351630194981725	114
0.10826925398621	0.351630194981725	1066
-0.03121180177176	0.584322987944732	59
-0.10844434384416	1.74903836488311	59
-0.02495473558411	0.58335694060492	103
-0.0993603414891899	1.10687004574521	103
0.10218335279232	0.353699707342604	62
0.12224029881069	1.23704505987714	672
-0.00904072028759995	1.17329070405956	672
0.0962994489100599	0.999191259441656	672
0.0889751300889701	1.00773906312174	62
0.09408579708075	1.00275626877492	62
0.08265648146988	0.655317487706668	62
0.10895780785609	0.350714860686515	62
-0.0742784587630301	0.828259284544803	62
0.10895780785609	0.350714860686515	294
0.10647884198302	0.352309794326609	29
0.10716674266205	0.352132388893513	29
0.10328279028361	0.353197314225222	29
0.10895780785609	0.350714860686515	3609
0.10579067361142	0.351785528543761	3609
0.11092586756108	0.350415838742694	162
-0.0245683390865099	0.580473910496962	162
0.10647884198302	0.352309794326609	162
0.10826925398621	0.351630194981725	3866
0.10647884198302	0.352309794326609	3866
0.10826925398621	0.351630194981725	24
0.10826925398621	0.351630194981725	114
0.10758043184799	0.351807769829277	1066
0.10716674266205	0.352132388893513	1066
0.11092586756108	0.350415838742694	316
0.10258640259334	0.352883231159087	301
-0.0779667799886701	0.833254538561395	59
-0.0180408851730201	0.577068127053539	59
-0.02032538013449	0.58045220816518	279
0.10716674266205	0.352132388893513	62
0.000942012920819968	1.15822413226398	119
0.0174192795652901	0.925241406047656	62
0.0876519400772999	0.650968305198471	62
0.07765990851031	0.656883185199293	293
-0.0798084916433699	0.832741341170684	293
0.10758043184799	0.351807769829277	189
-0.02166292684413	0.580493155786958	29
-0.0246738993289199	0.581595777089794	29
0.10218335279232	0.353699707342604	3403
0.10785437586757	0.351215554477081	3609
0.10579067361142	0.351785528543761	3609
0.10758043184799	0.351807769829277	162
0.10716674266205	0.352132388893513	162
0.10716674266205	0.352132388893513	162
0.11092586756108	0.350415838742694	162
0.11023341597372	0.349898349308083	162
0.10287853396258	0.35296389743942	1345
0.10287853396258	0.35296389743942	232
0.10663361484863	0.351799503810815	114
0.10716674266205	0.352132388893513	1066
0.10758043184799	0.351807769829277	5034
-0.02032538013449	0.58045220816518	59
-0.00352323453954995	1.16185472049984	59
-0.02428878983577	0.582639355082303	59
0.0884143147476999	0.649302054491071	103
0.0622570627263701	1.21311420331429	103
-0.0769091283304799	0.830971076182268	62
-0.02960390710866	0.58447674818335	951
0.01428004194639	0.927920514032119	62
0.10826925398621	0.351630194981725	294
0.11092586756108	0.350415838742694	29
0.10218335279232	0.353699707342604	29
-0.0199377346304801	0.578438416169099	29
0.10148789770049	0.353384284502155	3403
-0.02099398512007	0.58063946719774	29
-0.0223322056066999	0.579667431665503	29
0.10716674266205	0.352132388893513	29
0.10647884198302	0.352309794326609	162
-0.0259013793896701	0.582633022248989	2484
0.10826925398621	0.351630194981725	86
0.10716674266205	0.352132388893513	426
0.10826925398621	0.351630194981725	426
0.10716674266205	0.352132388893513	24
0.10826925398621	0.351630194981725	114
0.10647884198302	0.352309794326609	1838
0.10218335279232	0.353699707342604	593
0.10895780785609	0.350714860686515	316
0.10287853396258	0.35296389743942	316
0.10689134122138	0.351285302005725	1237
-0.1023827732275	1.11323055137846	59
-0.06800165039928	2.10343066137491	59
0.07577021337391	0.65844706785752	59
-0.08376764188472	0.836860680576432	59
0.07896968465565	0.656318924351277	59
-0.0997731862431801	1.73017750469086	59
-0.0181161599193	1.3768932974293	59
-0.10044375149103	1.34039519403525	428
-0.10223598882381	1.11232655499359	103
0.0983002106823401	0.99641537241926	103
0.0262847890234299	0.91767823062004	103
0.02007559025623	0.923424698221672	3405
0.0625671021855301	1.21601920754603	3405
0.10785437586757	0.351215554477081	62
0.10733312446004	0.351067215845013	513
0.0989630106853701	0.353478679518203	189
0.10397890323872	0.352462565358244	189
-0.01965711158767	0.579970689675105	29
0.10689134122138	0.351285302005725	29
-0.0219447451608401	0.579924971604282	29
0.10579067361142	0.351785528543761	29
0.10647884198302	0.352309794326609	29
0.10218335279232	0.353699707342604	162
0.10716674266205	0.352132388893513	162
-0.0181543658115899	0.577220737180536	162
0.10895780785609	0.350714860686515	615
0.10218335279232	0.353699707342604	141
0.10647884198302	0.352309794326609	669
0.11161804781962	0.350237547909829	1066
0.10647884198302	0.352309794326609	1948
0.10218335279232	0.353699707342604	316
0.10287853396258	0.35296389743942	316
0.10785437586757	0.351215554477081	316
0.10647884198302	0.352309794326609	301
0.07577021337391	0.65844706785752	59
0.0837647544950799	0.655529150841431	59
-0.09421967384005	1.10136956016379	59
0.10826925398621	0.351630194981725	59
-0.00345352751346995	1.16431214955034	59
0.10707619558599	1.26872556034372	279
-0.07180549896509	0.824779730602868	279
-0.01748807245685	0.577364796631369	103
0.0823073157091701	0.654612114470796	103
-0.0739982653382201	0.824234396762722	103
-0.0721598070663001	0.824720768215814	103
-0.0732187278101999	0.827179762016143	428
-0.0252346917202799	0.58191737664116	428
0.08213220310358	0.654413913177199	672
0.01547606099306	0.925460115023956	62
0.03179669228075	0.906876915811242	62
-0.0302678201580699	0.585048846712041	62
0.10826925398621	0.351630194981725	1014
0.10758043184799	0.351807769829277	189
0.10716674266205	0.352132388893513	189
0.10328279028361	0.353197314225222	294
-0.0212754047183501	0.579737208933733	29
0.10218335279232	0.353699707342604	29
0.10716674266205	0.352132388893513	29
0.10758043184799	0.351807769829277	1897
0.10758043184799	0.351807769829277	162
0.11092586756108	0.350415838742694	86
0.10895780785609	0.350714860686515	86
0.10716674266205	0.352132388893513	426
0.10758043184799	0.351807769829277	3299
0.10733312446004	0.351067215845013	4061
0.10716674266205	0.352132388893513	1066
0.11161804781962	0.350237547909829	156
0.07219436521731	1.46258520347844	59
0.12300561482163	1.46473155333666	59
0.0982592360254899	0.353721534917221	59
0.10758043184799	0.351807769829277	59
-0.0794173265377101	0.834766722893349	59
-0.01898917918035	0.579150144945583	59
0.029446285541	0.911626738788338	59
0.11161804781962	0.350237547909829	59
-0.0795547748035701	0.833920396876194	59
0.0832107315839501	0.655600676812176	103
-0.07028580869866	0.823297898922333	103
0.0933944704887899	0.646019881766231	62
0.0904806810340699	0.646982272796758	119
-0.02099398512007	0.58063946719774	62
-0.10171093985376	1.11036179916054	513
0.0200778791271701	0.923099815251616	513
0.10895780785609	0.350714860686515	293
0.0834161303561301	0.654178336506151	293
0.10148789770049	0.353384284502155	29
0.10647884198302	0.352309794326609	29
0.10579067361142	0.351785528543761	29
0.10716674266205	0.352132388893513	223
-0.01587168520504	0.57659573259799	1897
-0.0206064013082601	0.579256545559091	162
0.11023341597372	0.349898349308083	2818
0.10231922993712	0.352082943164405	162
0.10758043184799	0.351807769829277	2484
0.10579067361142	0.351785528543761	141
0.10826925398621	0.351630194981725	316
0.10785437586757	0.351215554477081	279
-0.08047699029971	0.834871868878997	279
0.1130040124527	1.25720806309158	428
-0.07466906671733	0.828812827260658	428
0.0318023198702899	0.903613211313143	428
-0.01937561527664	0.578362564289604	3405
0.0949899903634199	1.00072767280274	181
-0.0913972134001599	1.09789518646574	62
-0.0200434839469901	0.578549734222855	119
0.0242022899021399	0.916534369479005	62
-0.017868344914	0.575821689199037	230
-0.0821822373703201	0.835671513699384	62
0.0919381769649299	0.647880740377681	513
-0.0751102407520801	0.831210858504437	513
0.10826925398621	0.351630194981725	293
0.10218335279232	0.353699707342604	189
0.10647884198302	0.352309794326609	294
0.10689134122138	0.351285302005725	703
0.10716674266205	0.352132388893513	29
-0.0256210160689501	0.583695327776066	29
0.10716674266205	0.352132388893513	29
0.10148789770049	0.353384284502155	162
-0.02071168876143	0.578406004795778	162
0.10895780785609	0.350714860686515	162
0.10647884198302	0.352309794326609	162
0.10647884198302	0.352309794326609	86
0.10397890323872	0.352462565358244	426
0.10328279028361	0.353197314225222	426
0.10758043184799	0.351807769829277	114
0.10716674266205	0.352132388893513	316
0.10689134122138	0.351285302005725	316
-0.0206064013082601	0.579256545559091	59
-0.02400836223229	0.581258703136909	1354
-0.09677843355547	1.10549942578576	428
-0.07480862840562	0.82835962569904	279
-0.09672649566613	1.10135730208688	3405
0.09453796244302	1.00192697937236	62
0.0232368144300601	0.917084635256968	62
0.10287853396258	0.35296389743942	189
0.10579067361142	0.351785528543761	189
0.10895780785609	0.350714860686515	294
0.10328279028361	0.353197314225222	29
0.10397890323872	0.352462565358244	29
0.10148789770049	0.353384284502155	703
0.10716674266205	0.352132388893513	29
0.10826925398621	0.351630194981725	29
-0.0200434839469901	0.578549734222855	162
0.10647884198302	0.352309794326609	162
0.11092586756108	0.350415838742694	86
0.10758043184799	0.351807769829277	86
0.10397890323872	0.352462565358244	86
0.11230995697287	0.349325823144218	114
0.10328279028361	0.353197314225222	59
-0.01720245749258	0.576637775977831	59
-0.02676803648149	0.581766483346834	59
-0.0750587616076399	0.826686329329098	59
0.0555485946610601	1.22455223288671	181
-0.10220920489149	1.11269030957236	428
0.0933944704887899	0.646019881766231	672
0.0855844559521399	0.651455390564002	62
0.08931722660306	0.650273274268608	62
-0.0719424119829399	0.82551236681541	119
-0.0975608321724499	1.10804259978306	62
-0.0264839353201201	0.581300229956136	513
0.0967687580801799	0.642132545674737	293
0.10258640259334	0.352883231159087	294
-0.01587168520504	0.57659573259799	294
0.10647884198302	0.352309794326609	294
0.10826925398621	0.351630194981725	294
-0.02628763158757	0.583658225403998	703
-0.0200434839469901	0.578549734222855	29
-0.02495473558411	0.58335694060492	29
0.10579067361142	0.351785528543761	29
0.10716674266205	0.352132388893513	29
0.11023341597372	0.349898349308083	86
0.10287853396258	0.35296389743942	615
0.10716674266205	0.352132388893513	401
0.10258640259334	0.352883231159087	257
0.1248607451736	1.46581699079057	59
0.10148789770049	0.353384284502155	59
-0.0256210160689501	0.583695327776066	59
0.09189174934087	1.00397620484044	428
0.08466769309659	0.654753086475839	279
-0.00591167570673989	1.16684853500384	103
-0.0737484919429701	0.827865968081847	428
-0.0181543658115899	0.577220737180536	428
-0.10369468673733	1.34970434766156	672
0.01959167718143	0.921226436515766	62
-0.0272357610266101	0.58293567232368	62
0.01451056659366	0.925979460375656	951
-0.07902524070871	0.834045071633638	119
0.08911118682812	0.650217800895839	62
0.0839701967903499	0.653528558133648	29
-0.02656840239241	0.58297122228144	29
0.10716674266205	0.352132388893513	29
0.11092586756108	0.350415838742694	162
-0.0246738993289199	0.581595777089794	162
0.11230995697287	0.349325823144218	114
0.10758043184799	0.351807769829277	316
-0.00713008611479005	1.16962537041658	59
-0.0986429428787701	1.34040914411154	428
-0.0846903445879501	0.837811003657512	428
-0.00121826951549009	1.16290514866767	103
-0.02533977086171	0.581560371416527	103
-0.07655943915553	0.830562999915865	181
0.0915878437528499	0.647358309178234	428
0.10758043184799	0.351807769829277	672
-0.0783584733706999	0.833288890400322	62
-0.0212754047183501	0.579737208933733	62
-0.0750587616076399	0.826686329329098	119
0.08286183671648	0.6545394097211	62
0.10826925398621	0.351630194981725	2149
0.10647884198302	0.352309794326609	189
0.10716674266205	0.352132388893513	344
0.0989630106853701	0.353478679518203	294
-0.02032538013449	0.58045220816518	1378
-0.0181543658115899	0.577220737180536	703
0.10579067361142	0.351785528543761	29
0.10785437586757	0.351215554477081	29
0.10397890323872	0.352462565358244	162
0.10758043184799	0.351807769829277	1974
0.10716674266205	0.352132388893513	162
0.11092586756108	0.350415838742694	162
0.10148789770049	0.353384284502155	4480
0.10895780785609	0.350714860686515	615
0.10758043184799	0.351807769829277	141
0.10785437586757	0.351215554477081	401
0.10826925398621	0.351630194981725	120
0.11421828257749	1.48741594366979	59
0.0221640348847101	0.920263903473887	428
0.0996778162012899	0.99011226758927	279
-0.1012683291397	1.11173613099302	103
0.00274106914613004	1.15320382423942	103
0.0905692428887701	0.647595041048012	103
-0.0256210160689501	0.583695327776066	98
-0.02400836223229	0.581258703136909	119
0.02766595812791	0.913426495622461	62
-0.07708783588191	0.830440072130666	4780
0.10895780785609	0.350714860686515	4780
0.10689134122138	0.351285302005725	513
0.10826925398621	0.351630194981725	293
0.10231922993712	0.352082943164405	294
-0.02656840239241	0.58297122228144	29
0.10647884198302	0.352309794326609	29
0.10826925398621	0.351630194981725	29
0.10647884198302	0.352309794326609	703
0.0865406096252901	0.649511086187562	326
0.10785437586757	0.351215554477081	1126
0.11230995697287	0.349325823144218	396
0.10716674266205	0.352132388893513	4729
0.10689134122138	0.351285302005725	86
0.10593382759709	0.35148923313409	1149
0.10647884198302	0.352309794326609	401
0.10716674266205	0.352132388893513	171
0.10579067361142	0.351785528543761	3413
0.0907743109538099	0.648758219491063	428
-0.0732187278101999	0.827179762016143	924
-0.08949398352774	1.09563967769053	924
0.0215223807929701	0.920576942644377	428
0.0834161303561301	0.654178336506151	98
0.0834161303561301	0.654178336506151	428
-0.0256210160689501	0.583695327776066	672
0.0930831371848	1.00351877381766	672
-0.03570334797083	1.57213088192966	62
0.10647884198302	0.352309794326609	870
-0.01870808245147	0.577883497327535	62
0.10826925398621	0.351630194981725	62
-0.02428878983577	0.582639355082303	62
0.10218335279232	0.353699707342604	119
-0.00396772151944003	1.16188813927747	119
-0.02428878983577	0.582639355082303	62
0.09359641443929	0.647190211436835	62
0.10716674266205	0.352132388893513	62
0.10758043184799	0.351807769829277	62
0.11092586756108	0.350415838742694	344
-0.0161564891964301	0.576700733308464	294
0.10689134122138	0.351285302005725	294
0.10716674266205	0.352132388893513	29
0.10287853396258	0.35296389743942	1353
0.10593382759709	0.35148923313409	1353
0.10258640259334	0.352883231159087	703
0.08949273347165	0.650191977967804	162
0.10895780785609	0.350714860686515	162
0.10785437586757	0.351215554477081	1126
0.10716674266205	0.352132388893513	1126
0.10647884198302	0.352309794326609	86
0.10579067361142	0.351785528543761	615
0.10689134122138	0.351285302005725	615
-0.02742959465009	0.581879879551057	257
0.10785437586757	0.351215554477081	1658
0.10663361484863	0.351799503810815	93
0.0841141687861899	0.654824552022475	59
0.0880395164151999	0.652449440273683	59
0.10826925398621	0.351630194981725	59
-0.02628763158757	0.583658225403998	59
0.10716674266205	0.352132388893513	59
-0.0259013793896701	0.582633022248989	428
0.10716674266205	0.352132388893513	428
0.10758043184799	0.351807769829277	1146
-0.02526070940742	1.38422652118289	279
0.08713723158925	0.651890032056221	279
-0.02495473558411	0.58335694060492	103
0.10579067361142	0.351785528543761	103
0.10826925398621	0.351630194981725	428
0.08713723158925	0.651890032056221	428
0.10716674266205	0.352132388893513	428
0.10716674266205	0.352132388893513	39
0.10826925398621	0.351630194981725	62
0.0229741267826	0.919551013388354	62
0.10826925398621	0.351630194981725	62
-0.09543550921712	1.10556590845868	513
-0.00512119835709002	1.16160734594598	513
0.10397890323872	0.352462565358244	2149
0.0634052005191399	1.21592175861197	344
0.0924911489970699	0.647904639842956	344
0.08503511805493	0.65235888959993	294
0.01879570738312	0.923331746030889	294
-0.0949918473232201	1.10247508863857	29
0.10397890323872	0.352462565358244	1353
0.10218335279232	0.353699707342604	703
0.10758043184799	0.351807769829277	703
-0.01965711158767	0.579970689675105	29
0.10218335279232	0.353699707342604	29
-0.0206064013082601	0.579256545559091	162
0.10647884198302	0.352309794326609	396
-0.01965711158767	0.579970689675105	3118
0.10647884198302	0.352309794326609	615
0.10148789770049	0.353384284502155	615
0.10397890323872	0.352462565358244	141
0.10758043184799	0.351807769829277	257
0.10328279028361	0.353197314225222	301
0.09004342972879	0.649546766482322	59
0.0505924500378201	1.23092752304285	279
-0.07413890813543	0.828125663215551	279
0.0585169079036201	1.22219782117829	428
-0.0256210160689501	0.583695327776066	181
-0.09439692841272	1.33425193876493	181
0.10258640259334	0.352883231159087	62
0.10647884198302	0.352309794326609	39
-0.01235938680316	0.572491611501038	62
0.10397890323872	0.352462565358244	62
0.10647884198302	0.352309794326609	62
-0.0212754047183501	0.579737208933733	62
0.10785437586757	0.351215554477081	230
0.10231922993712	0.352082943164405	62
0.100029100373	0.99174755332481	62
0.10758043184799	0.351807769829277	513
0.10733312446004	0.351067215845013	513
0.10647884198302	0.352309794326609	513
0.08431855036541	0.655167690820231	1261
0.10689134122138	0.351285302005725	1353
0.10647884198302	0.352309794326609	703
0.10826925398621	0.351630194981725	703
0.0299304038096699	0.911545057923848	703
0.0802206285856899	0.657069110109831	703
0.08713723158925	0.651890032056221	703
0.10716674266205	0.352132388893513	703
0.10826925398621	0.351630194981725	703
0.0956021150359101	0.643505432727063	162
0.10826925398621	0.351630194981725	1126
0.10647884198302	0.352309794326609	1126
0.11161804781962	0.350237547909829	396
-0.02099398512007	0.58063946719774	86
-0.02261442293622	0.579780704461	615
0.10826925398621	0.351630194981725	141
0.10716674266205	0.352132388893513	141
0.10716674266205	0.352132388893513	4857
0.10785437586757	0.351215554477081	1059
0.10826925398621	0.351630194981725	2011
0.10758043184799	0.351807769829277	622
0.07251659806	1.19574319562105	59
0.10287853396258	0.35296389743942	59
0.0837647544950799	0.655529150841431	428
0.08487211935683	0.654515958017152	428
0.01331620770664	0.929644878331493	428
0.10882423647852	1.26514404466628	103
-0.01870808245147	0.577883497327535	103
0.10148789770049	0.353384284502155	103
0.0887923226131	0.649884352175995	98
0.10328279028361	0.353197314225222	428
0.10716674266205	0.352132388893513	62
0.10287853396258	0.35296389743942	62
-0.0161564891964301	0.576700733308464	62
0.10397890323872	0.352462565358244	62
-0.0731347363150801	0.827255415223399	62
-0.1010090843898	1.9068609652709	62
0.10397890323872	0.352462565358244	62
0.10758043184799	0.351807769829277	62
0.10826925398621	0.351630194981725	230
0.10758043184799	0.351807769829277	62
0.10733312446004	0.351067215845013	513
-0.0309320665117701	0.585162590702791	4354
0.10397890323872	0.352462565358244	2149
0.01886507795604	0.923921570336521	189
0.08914213548745	0.651442119559592	294
-0.0206608772416299	1.37387594467376	294
0.0795224266797201	0.655409398711473	294
-0.1037457385046	1.11224010602349	3865
0.10716674266205	0.352132388893513	29
0.10716674266205	0.352132388893513	29
-0.01984506431962	0.578779752990184	326
0.10895780785609	0.350714860686515	162
0.10579067361142	0.351785528543761	141
0.10895780785609	0.350714860686515	1149
0.10758043184799	0.351807769829277	1027
0.10895780785609	0.350714860686515	1059
-0.01984506431962	0.578779752990184	257
0.10785437586757	0.351215554477081	120
0.10895780785609	0.350714860686515	316
-0.0200434839469901	0.578549734222855	316
0.10758043184799	0.351807769829277	4025
0.0579336533661801	1.22033428648924	59
0.10689134122138	0.351285302005725	2157
0.05738997638984	1.22282634795683	103
0.0174136678724199	0.926522234186164	103
-0.0259013793896701	0.582633022248989	103
-0.09970801574202	1.34308289304889	181
-0.0949918473232201	1.10247508863857	98
-0.08310373117641	0.836620292385383	62
0.10647884198302	0.352309794326609	62
0.0835604176000799	0.654541861848122	39
0.09841923176741	0.640695939728626	62
0.10785437586757	0.351215554477081	62
-0.02099398512007	0.58063946719774	62
0.0243555019897099	0.920328771307225	230
-0.02032538013449	0.58045220816518	62
-0.10059219115124	1.10662388851131	4780
0.10826925398621	0.351630194981725	344
-0.0305471390401799	0.583752148236366	294
0.10758043184799	0.351807769829277	1261
0.10258640259334	0.352883231159087	294
0.0989630106853701	0.353478679518203	29
0.11092586756108	0.350415838742694	29
0.11092586756108	0.350415838742694	703
0.10647884198302	0.352309794326609	703
0.10785437586757	0.351215554477081	326
0.10397890323872	0.352462565358244	326
0.10716674266205	0.352132388893513	162
0.11161804781962	0.350237547909829	24
0.10826925398621	0.351630194981725	257
0.10895780785609	0.350714860686515	316
0.11315192766333	1.25103283585966	2096
0.08468418712269	0.653349101940307	59
0.0878589542234101	0.649782359675678	59
0.0949899903634199	1.00072767280274	2157
0.10567240171621	1.26753255747924	924
0.04598001367941	1.78308431200203	924
-0.11612493489972	1.76178399266932	279
0.0852684316697601	1.66873066542	103
-0.02754554308416	1.39191622033941	62
-0.0256210160689501	0.583695327776066	230
-0.0320913741017099	0.582669620397052	62
-0.0214546059215199	0.580072466612979	513
-0.09821413865831	1.10733340719619	4354
-0.0256210160689501	0.583695327776066	344
0.10328279028361	0.353197314225222	344
0.09786574616812	0.353978519341629	344
0.10258640259334	0.352883231159087	29
0.0982592360254899	0.353721534917221	703
0.10647884198302	0.352309794326609	703
0.10758043184799	0.351807769829277	223
0.10716674266205	0.352132388893513	396
0.10826925398621	0.351630194981725	86
0.10785437586757	0.351215554477081	86
0.10647884198302	0.352309794326609	141
0.10716674266205	0.352132388893513	4857
0.10663361484863	0.351799503810815	120
0.10647884198302	0.352309794326609	604
0.10287853396258	0.35296389743942	301
0.07214337235587	2.32693844847554	93
0.0251683174647299	0.914757371582531	59
-0.0221182132134701	0.580408422501073	59
-0.10400273522876	1.73616169069958	924
0.06174857370072	1.21877866793446	279
0.08468418712269	0.653349101940307	181
0.0841141687861899	0.654824552022475	428
-0.0756380349010699	0.831439589392411	428
0.0846174426247	1.00895642503676	4796
0.02483670716692	0.919730639223693	62
-0.07466906671733	0.828812827260658	119
0.0837647544950799	0.655529150841431	62
-0.09684567492162	1.10310851402625	62
-0.02099398512007	0.58063946719774	3630
-0.0200434839469901	0.578549734222855	4354
-0.02261442293622	0.579780704461	29
0.10328279028361	0.353197314225222	703
0.10328279028361	0.353197314225222	518
0.10826925398621	0.351630194981725	703
-0.02656840239241	0.58297122228144	3910
0.10647884198302	0.352309794326609	1513
0.10218335279232	0.353699707342604	141
0.10785437586757	0.351215554477081	1059
0.10758043184799	0.351807769829277	120
0.11092586756108	0.350415838742694	1658
0.09716291462318	0.354221264198155	59
0.11092586756108	0.350415838742694	59
-0.01870808245147	0.577883497327535	98
0.0139755578126499	0.926680204869985	62
0.02007418221241	0.920297400678051	62
-0.0704922579537901	0.823270430998809	119
0.02483670716692	0.919730639223693	4356
-0.02495473558411	0.58335694060492	4354
0.09476367061326	0.642332096322725	1353
0.11161804781962	0.350237547909829	29
0.10647884198302	0.352309794326609	703
0.10716674266205	0.352132388893513	29
0.10716674266205	0.352132388893513	223
-0.02600597712709	0.58082284511866	162
0.10647884198302	0.352309794326609	162
0.10287853396258	0.35296389743942	162
0.10397890323872	0.352462565358244	86
0.10287853396258	0.35296389743942	257
0.10689134122138	0.351285302005725	566
0.10258640259334	0.352883231159087	120
0.10148789770049	0.353384284502155	4025
0.10647884198302	0.352309794326609	707
-0.10420492351256	1.74422620672435	2096
0.0616958003759101	1.21489137490386	93
0.0200778791271701	0.923099815251616	59
0.0334079983901101	1.80847553030445	924
-0.11102947571474	1.56843635979003	924
0.0921410851526601	0.647122135526749	924
0.02468477839688	0.916384127518116	924
-0.06085056577751	2.22901856810462	103
-0.0940267053470001	1.10414074404699	103
-0.09462631954157	1.10045373991042	98
-0.0250941000451701	1.3859155879681	62
-0.10032805967472	1.10903814268458	62
0.0972994057256999	0.998430777827098	62
0.08876235876415	0.650754614292679	62
0.0978692983487599	0.641425137571665	62
0.0852209906930499	0.654392144647465	230
0.0954418809137201	0.999094109181396	3630
0.08944389838513	1.00628404975671	62
0.0793186645478301	0.657843294254402	189
0.08431855036541	0.655167690820231	344
0.10593382759709	0.35148923313409	344
0.10758043184799	0.351807769829277	294
0.10758043184799	0.351807769829277	294
0.10895780785609	0.350714860686515	29
0.10716674266205	0.352132388893513	29
0.08911118682812	0.650217800895839	443
0.11092586756108	0.350415838742694	29
0.10826925398621	0.351630194981725	2790
0.0982592360254899	0.353721534917221	162
-0.01965711158767	0.579970689675105	86
0.10785437586757	0.351215554477081	5170
0.10758043184799	0.351807769829277	1513
0.10716674266205	0.352132388893513	1513
0.10895780785609	0.350714860686515	2033
0.10579067361142	0.351785528543761	2033
0.10733312446004	0.351067215845013	257
0.10895780785609	0.350714860686515	316
0.10218335279232	0.353699707342604	316
0.10716674266205	0.352132388893513	4025
-0.09254415652805	1.32532182001865	2096
0.10258640259334	0.352883231159087	59
-0.01965711158767	0.579970689675105	59
0.10328279028361	0.353197314225222	151
0.0242022899021399	0.916534369479005	1146
0.02752115027819	0.913970348903043	924
-0.000656122083380062	1.15937194955998	103
0.0308961129788301	0.908271823758523	103
-0.07550325116642	0.829776224136777	103
-0.10450656496174	1.73737015559173	181
-0.0799470570269301	0.834996837205207	98
-0.0707480146886399	0.823705980665358	98
-0.0835519189770699	0.835340735710311	428
-0.0755893142410899	0.827371293184792	2149
-0.02166292684413	0.580493155786958	2149
0.0950505422410799	0.64457218511105	344
-0.0152067997466201	0.576118661909323	294
0.10826925398621	0.351630194981725	294
0.10826925398621	0.351630194981725	294
0.08210200399054	0.654270938076109	703
0.10785437586757	0.351215554477081	29
0.10328279028361	0.353197314225222	223
0.0860327086430199	0.651681884960965	162
0.10647884198302	0.352309794326609	162
0.10826925398621	0.351630194981725	162
0.10689134122138	0.351285302005725	15
0.10895780785609	0.350714860686515	162
0.10716674266205	0.352132388893513	162
0.10826925398621	0.351630194981725	396
0.10689134122138	0.351285302005725	86
0.10716674266205	0.352132388893513	1513
0.10258640259334	0.352883231159087	1149
0.10647884198302	0.352309794326609	2033
0.10716674266205	0.352132388893513	815
0.10758043184799	0.351807769829277	815
0.10689134122138	0.351285302005725	257
0.10647884198302	0.352309794326609	1658
0.10397890323872	0.352462565358244	707
-0.07572999281747	0.829307037080084	103
0.08876235876415	0.650754614292679	103
-0.0268718437047799	1.56123270468549	181
0.08713723158925	0.651890032056221	181
0.11161804781962	0.350237547909829	62
0.08213220310358	0.654413913177199	39
-0.0976321643717399	1.10432445824705	62
-0.07180549896509	0.824779730602868	4356
0.0919381769649299	0.647880740377681	294
-0.02032538013449	0.58045220816518	294
-0.02790345559029	0.582195629058972	294
0.11023341597372	0.349898349308083	1593
0.11161804781962	0.350237547909829	29
0.10647884198302	0.352309794326609	29
0.10826925398621	0.351630194981725	29
0.10716674266205	0.352132388893513	2790
0.10758043184799	0.351807769829277	29
-0.01720245749258	0.576637775977831	29
0.10328279028361	0.353197314225222	223
-0.0168221136840501	0.577178479347997	162
0.10328279028361	0.353197314225222	162
0.10218335279232	0.353699707342604	86
0.10218335279232	0.353699707342604	86
0.10148789770049	0.353384284502155	171
0.10647884198302	0.352309794326609	257
0.10647884198302	0.352309794326609	316
-0.10390783905878	1.35160955213107	59
0.08431855036541	0.655167690820231	428
-0.09506101540531	1.53307719611624	1146
-0.08784425663655	0.838827240360376	1146
0.02766080238083	1.56925496780396	924
-0.02960390710866	0.58447674818335	103
0.0852209906930499	0.654392144647465	103
0.0949676940653199	0.997234339908473	967
-0.000867466441649922	1.16096384946724	98
-0.10540080186993	1.74222362710626	4796
0.10707619558599	1.26872556034372	62
-0.0699640064468099	0.823170125254251	62
-0.03187679840853	0.584437589685732	62
0.0907743109538099	0.648758219491063	62
-0.0783584733706999	0.833288890400322	39
-0.0199377346304801	0.578438416169099	62
0.0787659723701499	0.658038712603471	230
-0.02166292684413	0.580493155786958	2045
0.0947007761259899	0.645379255468817	344
-0.01937561527664	0.578362564289604	294
-0.0941324847654199	1.09830203194894	29
0.0896657887737	0.649980701034027	703
0.07841671617754	0.656847582683595	703
-0.02400836223229	0.581258703136909	468
-0.02676803648149	0.581766483346834	29
0.11092586756108	0.350415838742694	29
-0.03559222840957	0.585939068936265	29
-0.02428878983577	0.582639355082303	162
-0.0200434839469901	0.578549734222855	1440
0.10716674266205	0.352132388893513	162
0.10716674266205	0.352132388893513	86
0.10785437586757	0.351215554477081	86
0.10258640259334	0.352883231159087	1513
0.11161804781962	0.350237547909829	107
-0.01748807245685	0.577364796631369	1170
0.10287853396258	0.35296389743942	141
0.10328279028361	0.353197314225222	2033
-0.0168221136840501	0.577178479347997	257
0.10218335279232	0.353699707342604	316
0.10826925398621	0.351630194981725	604
0.10218335279232	0.353699707342604	707
0.11161804781962	0.350237547909829	301
-0.0212754047183501	0.579737208933733	2096
0.0793186645478301	0.657843294254402	59
0.0212221351919	1.58602317154701	59
0.06472440445219	1.61289053111964	151
-0.0820504718403401	2.28419617794761	59
-0.0206064013082601	0.579256545559091	59
-0.10013150083546	1.54903856692195	924
0.08911118682812	0.650217800895839	103
-0.10907309241293	1.11807451506643	103
0.08466769309659	0.654753086475839	967
-0.0154911986975901	0.575887232891104	98
0.0884143147476999	0.649302054491071	62
-0.01898917918035	0.579150144945583	62
0.10287853396258	0.35296389743942	62
-0.0252346917202799	0.58191737664116	62
0.0205603806453201	0.923153613701468	62
-0.0212754047183501	0.579737208933733	230
0.10895780785609	0.350714860686515	62
0.08523380604802	0.651655676788009	62
-0.0714135613256299	0.825739488694593	344
-0.0792787682866301	0.831828482540017	344
0.0907743109538099	0.648758219491063	294
-0.0200434839469901	0.578549734222855	294
0.08987186698926	0.649530308387677	294
0.10826925398621	0.351630194981725	70
0.01233892269824	0.926854506841184	1593
-0.0212754047183501	0.579737208933733	703
0.10758043184799	0.351807769829277	703
0.10826925398621	0.351630194981725	29
0.10218335279232	0.353699707342604	29
0.10826925398621	0.351630194981725	696
0.10647884198302	0.352309794326609	326
0.10647884198302	0.352309794326609	326
-0.0200434839469901	0.578549734222855	326
0.10218335279232	0.353699707342604	396
0.10328279028361	0.353197314225222	2033
0.10826925398621	0.351630194981725	171
0.10785437586757	0.351215554477081	707
-0.10063763492316	1.90155412875675	780
0.12363955737824	1.47178482850563	59
-0.10173869118768	1.11241692037146	59
-0.00263465632261006	1.16082213067007	1146
-0.10027849662762	1.34379741033499	1146
0.0251667658022501	0.914734367633405	103
0.0950505422410799	0.64457218511105	98
-0.07413890813543	0.828125663215551	62
-0.0755893142410899	0.827371293184792	62
0.02371954232839	0.916934181780596	62
-0.0737484919429701	0.827865968081847	62
-0.09462631954157	1.10045373991042	62
0.0815811795782599	0.654230038629157	62
-0.0852196205123401	0.837338300458352	62
0.0857740617371201	0.653741388644674	62
-0.0214546059215199	0.580072466612979	230
-0.0256210160689501	0.583695327776066	62
-0.02099398512007	0.58063946719774	62
-0.02099398512007	0.58063946719774	294
0.10785437586757	0.351215554477081	294
0.10716674266205	0.352132388893513	29
-0.06982822110286	0.824564420176428	3835
0.11161804781962	0.350237547909829	3835
0.10716674266205	0.352132388893513	468
0.10287853396258	0.35296389743942	29
0.10328279028361	0.353197314225222	29
0.10785437586757	0.351215554477081	1367
-0.02032538013449	0.58045220816518	326
-0.01965711158767	0.579970689675105	1440
0.10647884198302	0.352309794326609	1440
0.10895780785609	0.350714860686515	396
0.10647884198302	0.352309794326609	107
0.10826925398621	0.351630194981725	141
0.10826925398621	0.351630194981725	1149
0.08949273347165	0.650191977967804	3062
0.10716674266205	0.352132388893513	604
0.10716674266205	0.352132388893513	604
0.10716674266205	0.352132388893513	301
0.02458833668433	1.58293430422125	93
-0.11548671787645	1.93371564477574	2057
0.10828560105581	1.26240477773438	59
-0.1029087907421	1.54949549728054	59
-0.06838046138878	0.821093576434953	59
-0.0211704534369199	0.579825727743365	924
0.09453796244302	1.00192697937236	181
0.0253177529953099	0.91880020409554	428
-0.10434213433992	1.35284995790668	98
0.10895780785609	0.350714860686515	4796
-0.02495473558411	0.58335694060492	62
0.0911231238591399	0.647116713701421	592
0.02751917928195	0.91217895308592	62
-0.0976937319318301	1.10600130738814	62
-0.0214546059215199	0.580072466612979	230
-0.0922506595711099	1.09640816260747	230
-0.0733571621476901	0.825105299411808	230
-0.0200434839469901	0.578549734222855	62
0.0262847890234299	0.91767823062004	513
-0.02032538013449	0.58045220816518	344
0.10258640259334	0.352883231159087	344
0.10716674266205	0.352132388893513	70
-0.0961484156038399	1.10059575526646	294
0.10826925398621	0.351630194981725	3254
0.10328279028361	0.353197314225222	3835
0.10895780785609	0.350714860686515	1593
-0.0264839353201201	0.581300229956136	703
-0.08139887882688	0.833409406769247	468
-0.02656840239241	0.58297122228144	703
0.10895780785609	0.350714860686515	29
0.10647884198302	0.352309794326609	29
-0.07466906671733	0.828812827260658	326
0.10647884198302	0.352309794326609	326
0.11092586756108	0.350415838742694	162
0.10218335279232	0.353699707342604	1440
-0.01965711158767	0.579970689675105	1440
0.10716674266205	0.352132388893513	396
0.10328279028361	0.353197314225222	107
0.10689134122138	0.351285302005725	1149
0.10579067361142	0.351785528543761	566
0.10647884198302	0.352309794326609	120
-0.01228987106653	1.17660128873378	2096
-0.0994874077644301	1.1081701431542	59
-0.03969229419304	1.58700298960996	59
-0.09927243278621	1.34195583481371	1146
-0.0988369759435801	1.34041386116206	428
0.0953941340975	0.999527199345284	924
0.06482533809017	1.21358217116464	103
0.10397890323872	0.352462565358244	103
0.0343022101455299	1.41913609351587	181
-0.0233431592753299	0.580545475751851	428
0.0167971924085399	0.922493439843997	98
0.0233885277227901	0.919102062394618	62
-0.0975111218364999	1.10847652830436	62
-0.07035646601997	0.825248140293113	592
-0.07888779869732	0.834205282807095	592
-0.07088491271612	0.825639858099944	62
-0.0196672201543899	1.374216723911	62
-0.02400836223229	0.581258703136909	62
0.10148789770049	0.353384284502155	70
0.10148789770049	0.353384284502155	70
0.10716674266205	0.352132388893513	29
-0.02166292684413	0.580493155786958	468
0.10328279028361	0.353197314225222	396
0.10758043184799	0.351807769829277	24
0.10716674266205	0.352132388893513	4648
0.10758043184799	0.351807769829277	4648
0.10647884198302	0.352309794326609	120
0.10716674266205	0.352132388893513	316
0.0254790880112601	0.914695403281965	2096
-0.0468443611023801	1.76149073175919	59
-0.08890043044031	0.839622784557726	59
-0.08038673746998	0.834283143981661	1146
-0.0940267053470001	1.10414074404699	1146
0.0926819335267	1.00178736459428	103
-0.0206064013082601	0.579256545559091	103
-0.02032538013449	0.58045220816518	181
0.08876235876415	0.650754614292679	39
0.10218335279232	0.353699707342604	592
-0.01870808245147	0.577883497327535	592
-0.0783584733706999	0.833288890400322	62
-0.0318950203052699	1.39339319496668	62
0.10826925398621	0.351630194981725	62
0.10826925398621	0.351630194981725	344
0.11161804781962	0.350237547909829	1593
0.10579067361142	0.351785528543761	1593
0.0880395164151999	0.652449440273683	326
-0.02656840239241	0.58297122228144	396
0.10328279028361	0.353197314225222	86
0.10716674266205	0.352132388893513	2366
0.10826925398621	0.351630194981725	171
0.10647884198302	0.352309794326609	257
0.10716674266205	0.352132388893513	566
0.0254790880112601	0.914695403281965	1146
0.01644458659371	0.927072112028693	1146
0.08099656398792	1.01147280108746	181
-0.0264839353201201	0.581300229956136	98
0.09584686035524	0.999519514504974	98
-0.0794173265377101	0.834766722893349	98
-0.0272357610266101	0.58293567232368	592
0.10785437586757	0.351215554477081	592
-0.07888779869732	0.834205282807095	592
0.10826925398621	0.351630194981725	62
0.10716674266205	0.352132388893513	2045
-0.07757416610979	0.830631655983589	2045
0.10826925398621	0.351630194981725	344
0.08876235876415	0.650754614292679	344
-0.02656840239241	0.58297122228144	344
0.0852209906930499	0.654392144647465	344
-0.02362317852698	0.581190591414601	193
0.09786574616812	0.353978519341629	344
0.11092586756108	0.350415838742694	70
0.10826925398621	0.351630194981725	344
0.10826925398621	0.351630194981725	70
0.10218335279232	0.353699707342604	703
-0.0205075928915399	0.579490279223785	468
0.10758043184799	0.351807769829277	326
0.10895780785609	0.350714860686515	1586
0.10647884198302	0.352309794326609	107
0.11092586756108	0.350415838742694	141
0.10397890323872	0.352462565358244	4358
0.10579067361142	0.351785528543761	171
0.10826925398621	0.351630194981725	566
0.10826925398621	0.351630194981725	120
0.11161804781962	0.350237547909829	707
-0.1001942277216	1.73266610921779	2096
-0.0980306670165201	1.10914661319701	924
-0.07972704233647	0.832217195612665	103
0.02516710692654	0.915945725286258	181
0.08431855036541	0.655167690820231	98
-0.1045652958628	1.74504014698538	62
-0.02032538013449	0.58045220816518	870
-0.00399592151049011	1.1680444095308	62
0.0835842758277401	0.654783910829574	62
-0.0246738993289199	0.581595777089794	62
-0.0205075928915399	0.579490279223785	344
-0.0717690541560601	0.823023963180799	344
0.10218335279232	0.353699707342604	344
0.10328279028361	0.353197314225222	344
0.10826925398621	0.351630194981725	70
-0.01870808245147	0.577883497327535	29
-0.02099398512007	0.58063946719774	29
-0.0152067997466201	0.576118661909323	703
0.10895780785609	0.350714860686515	3750
0.0939467201281301	0.645784338390518	326
0.0896657887737	0.649980701034027	326
-0.0799470570269301	0.834996837205207	326
0.10148789770049	0.353384284502155	1440
0.10895780785609	0.350714860686515	1586
0.09786574616812	0.353978519341629	86
0.10826925398621	0.351630194981725	86
0.10895780785609	0.350714860686515	2503
0.10716674266205	0.352132388893513	2836
0.10716674266205	0.352132388893513	257
-0.0206064013082601	0.579256545559091	93
0.01959300670875	0.923705052755737	1028
0.0954821886053401	0.997142214625701	1028
0.10647884198302	0.352309794326609	59
0.0961432331521299	1.64272237029326	151
-0.10079811866341	1.11063098053462	428
-0.0799470570269301	0.834996837205207	428
0.05923080776822	1.21873178195398	428
-0.0778293504229299	0.831918491026819	103
-0.08376764188472	0.836860680576432	967
0.08969310715554	0.65043980789045	181
0.0837647544950799	0.655529150841431	98
0.08876235876415	0.650754614292679	98
-0.0794173265377101	0.834766722893349	62
-0.10139024133683	1.11187899407931	62
0.01331620770664	0.929644878331493	62
0.10218335279232	0.353699707342604	62
-0.0256210160689501	0.583695327776066	592
-0.0221182132134701	0.580408422501073	62
-0.02495473558411	0.58335694060492	62
0.10647884198302	0.352309794326609	230
0.10148789770049	0.353384284502155	344
-0.01937561527664	0.578362564289604	344
0.0741170705196399	0.657879107644869	344
-0.0786322328525999	0.830739639663377	344
-0.07124008934789	0.821588857816913	70
0.10826925398621	0.351630194981725	70
0.10716674266205	0.352132388893513	70
0.10258640259334	0.352883231159087	29
-0.01870808245147	0.577883497327535	29
0.10758043184799	0.351807769829277	29
0.10895780785609	0.350714860686515	703
0.10758043184799	0.351807769829277	703
0.10716674266205	0.352132388893513	326
0.10218335279232	0.353699707342604	326
0.10647884198302	0.352309794326609	107
0.10258640259334	0.352883231159087	815
0.10689134122138	0.351285302005725	170
0.06174857370072	1.21877866793446	1028
0.10148789770049	0.353384284502155	59
0.0793186645478301	0.657843294254402	428
0.0884143147476999	0.649302054491071	1146
-0.01965711158767	0.579970689675105	1146
-0.0769091283304799	0.830971076182268	924
0.10716674266205	0.352132388893513	103
-0.0795547748035701	0.833920396876194	967
0.10785437586757	0.351215554477081	98
-0.02079133119985	0.57936096462064	62
0.08911118682812	0.650217800895839	62
-0.0272357610266101	0.58293567232368	62
0.10716674266205	0.352132388893513	62
-0.01965711158767	0.579970689675105	1575
0.10647884198302	0.352309794326609	62
0.08431855036541	0.655167690820231	62
0.10579067361142	0.351785528543761	62
0.08911118682812	0.650217800895839	62
0.10716674266205	0.352132388893513	230
-0.0256210160689501	0.583695327776066	344
0.08876235876415	0.650754614292679	193
0.0205603806453201	0.923153613701468	193
0.10758043184799	0.351807769829277	344
0.10258640259334	0.352883231159087	344
0.10579067361142	0.351785528543761	344
0.0989630106853701	0.353478679518203	70
0.11230995697287	0.349325823144218	70
0.10218335279232	0.353699707342604	29
0.10258640259334	0.352883231159087	29
0.10397890323872	0.352462565358244	1732
0.10148789770049	0.353384284502155	703
-0.02099398512007	0.58063946719774	703
-0.02032538013449	0.58045220816518	703
0.10328279028361	0.353197314225222	468
0.10218335279232	0.353699707342604	468
0.10826925398621	0.351630194981725	3750
0.10716674266205	0.352132388893513	326
-0.0745826480862599	0.830652290472693	345
0.10758043184799	0.351807769829277	833
-0.10071427047288	1.34492613551455	93
-0.0821822373703201	0.835671513699384	428
0.11092586756108	0.350415838742694	428
-0.0129610056513101	1.17908733396866	103
0.10647884198302	0.352309794326609	103
-0.0302678201580699	0.585048846712041	181
0.02532302458674	0.919204901694303	181
0.08466769309659	0.654753086475839	98
0.10826925398621	0.351630194981725	98
0.10218335279232	0.353699707342604	62
0.10826925398621	0.351630194981725	592
-0.0259013793896701	0.582633022248989	592
0.10785437586757	0.351215554477081	592
-0.03559222840957	0.585939068936265	592
0.10716674266205	0.352132388893513	592
0.10218335279232	0.353699707342604	592
0.10758043184799	0.351807769829277	62
-0.0320913741017099	0.582669620397052	62
0.10579067361142	0.351785528543761	62
-0.02628763158757	0.583658225403998	230
0.10328279028361	0.353197314225222	230
0.11230995697287	0.349325823144218	344
0.10716674266205	0.352132388893513	344
0.0802206285856899	0.657069110109831	29
0.10663361484863	0.351799503810815	29
0.10716674266205	0.352132388893513	1593
0.10647884198302	0.352309794326609	3600
-0.0246738993289199	0.581595777089794	703
-0.0168221136840501	0.577178479347997	703
0.10647884198302	0.352309794326609	468
0.11092586756108	0.350415838742694	4571
0.10218335279232	0.353699707342604	326
0.10689134122138	0.351285302005725	326
-0.06982822110286	0.824564420176428	345
0.10826925398621	0.351630194981725	326
0.10647884198302	0.352309794326609	1440
0.10758043184799	0.351807769829277	86
0.10826925398621	0.351630194981725	86
0.10785437586757	0.351215554477081	833
0.10826925398621	0.351630194981725	497
0.0857740617371201	0.653741388644674	151
-0.03111734459937	1.56486515694798	59
0.10895780785609	0.350714860686515	573
0.10647884198302	0.352309794326609	450
-0.11297908311952	1.56613115203139	924
-0.0909274057962599	1.09758623461493	428
-0.01965711158767	0.579970689675105	98
-0.07366172701221	0.828162934778137	98
-0.07480862840562	0.82835962569904	98
0.03234697180361	1.42361032390169	62
0.10895780785609	0.350714860686515	62
0.10826925398621	0.351630194981725	62
0.10218335279232	0.353699707342604	592
0.10397890323872	0.352462565358244	592
0.10579067361142	0.351785528543761	230
0.11230995697287	0.349325823144218	344
0.10328279028361	0.353197314225222	344
0.10716674266205	0.352132388893513	344
0.11092586756108	0.350415838742694	344
0.11092586756108	0.350415838742694	244
0.10647884198302	0.352309794326609	1593
0.10895780785609	0.350714860686515	703
-0.0165369043550301	0.576781738217319	703
0.10397890323872	0.352462565358244	703
0.10579067361142	0.351785528543761	703
0.10579067361142	0.351785528543761	703
-0.0221182132134701	0.580408422501073	468
0.0989630106853701	0.353478679518203	326
-0.0219447451608401	0.579924971604282	1483
-0.01587168520504	0.57659573259799	345
0.10758043184799	0.351807769829277	345
0.10716674266205	0.352132388893513	1440
0.10895780785609	0.350714860686515	464
0.10716674266205	0.352132388893513	3905
0.11023341597372	0.349898349308083	2503
0.08946079988539	0.647809890682391	2503
0.10647884198302	0.352309794326609	141
0.10758043184799	0.351807769829277	553
0.10328279028361	0.353197314225222	1209
0.11230995697287	0.349325823144218	833
0.10826925398621	0.351630194981725	171
0.10328279028361	0.353197314225222	170
0.10758043184799	0.351807769829277	125
0.10716674266205	0.352132388893513	301
0.10716674266205	0.352132388893513	301
0.11161804781962	0.350237547909829	4113
-0.0294334876653799	1.39272792275492	151
0.10716674266205	0.352132388893513	573
0.10218335279232	0.353699707342604	428
0.10826925398621	0.351630194981725	1146
-0.0298828099181101	0.58241606372645	924
0.10663361484863	0.351799503810815	428
0.09751807489995	0.641263307273673	428
0.10785437586757	0.351215554477081	103
0.10785437586757	0.351215554477081	181
0.10826925398621	0.351630194981725	1270
0.10785437586757	0.351215554477081	1270
-0.03559222840957	0.585939068936265	181
0.10579067361142	0.351785528543761	98
0.10785437586757	0.351215554477081	62
0.10785437586757	0.351215554477081	62
0.10826925398621	0.351630194981725	39
0.10258640259334	0.352883231159087	39
0.10716674266205	0.352132388893513	62
0.08265648146988	0.655317487706668	344
-0.03561170171767	1.57515329179017	70
0.10258640259334	0.352883231159087	468
-0.02676803648149	0.581766483346834	326
0.10148789770049	0.353384284502155	326
-0.0152067997466201	0.576118661909323	1699
0.10785437586757	0.351215554477081	326
0.10328279028361	0.353197314225222	3911
-0.03143224367924	0.582325380224468	107
0.0989630106853701	0.353478679518203	107
0.10716674266205	0.352132388893513	1209
-0.0755893142410899	0.827371293184792	1428
-0.0180408851730201	0.577068127053539	257
0.10716674266205	0.352132388893513	120
0.10758043184799	0.351807769829277	170
-0.0259013793896701	0.582633022248989	2364
-0.0245025107075001	0.579293512762132	2057
-0.0152067997466201	0.576118661909323	1612
-0.0206064013082601	0.579256545559091	151
0.10287853396258	0.35296389743942	450
-0.02362317852698	0.581190591414601	450
0.10663361484863	0.351799503810815	450
-0.0733571621476901	0.825105299411808	924
0.10371734256339	1.27282307583684	428
-0.07466906671733	0.828812827260658	428
0.10758043184799	0.351807769829277	967
0.10689134122138	0.351285302005725	98
-0.08165417303619	0.834406870783564	428
0.11766351942873	1.69151100558	62
0.10716674266205	0.352132388893513	62
0.10785437586757	0.351215554477081	592
0.0982592360254899	0.353721534917221	62
0.10287853396258	0.35296389743942	62
0.10758043184799	0.351807769829277	230
-0.10163628688259	1.54925249430713	344
0.08876235876415	0.650754614292679	193
-0.02400836223229	0.581258703136909	344
-0.07480862840562	0.82835962569904	344
-0.00857797700621998	1.17107584694593	29
0.10148789770049	0.353384284502155	244
0.10647884198302	0.352309794326609	244
0.10328279028361	0.353197314225222	244
0.10647884198302	0.352309794326609	3600
0.10826925398621	0.351630194981725	326
0.10826925398621	0.351630194981725	326
-0.0272357610266101	0.58293567232368	1699
-0.0211704534369199	0.579825727743365	107
0.10647884198302	0.352309794326609	107
0.10716674266205	0.352132388893513	553
0.10218335279232	0.353699707342604	1209
0.10647884198302	0.352309794326609	4077
0.0752193911527399	0.658810095871722	171
-0.08323897166025	0.836854548113291	1428
0.10826925398621	0.351630194981725	1301
0.10716674266205	0.352132388893513	604
0.10895780785609	0.350714860686515	604
0.08914213548745	0.651442119559592	4113
0.02416010551973	1.43724577102374	59
0.10785437586757	0.351215554477081	151
0.10716674266205	0.352132388893513	967
-0.10694842853291	1.74561355809877	181
0.10895780785609	0.350714860686515	98
0.10716674266205	0.352132388893513	98
0.10785437586757	0.351215554477081	98
0.10758043184799	0.351807769829277	5050
0.11023341597372	0.349898349308083	592
0.11092586756108	0.350415838742694	592
-0.01748807245685	0.577364796631369	62
0.10397890323872	0.352462565358244	4673
-0.0719424119829399	0.82551236681541	344
0.0852209906930499	0.654392144647465	344
0.10785437586757	0.351215554477081	193
0.0304112082038099	0.910513912074372	344
0.10689134122138	0.351285302005725	344
0.10647884198302	0.352309794326609	344
-0.07704543603291	0.830073818425413	344
0.10826925398621	0.351630194981725	244
0.08730336575946	0.650020051366068	703
-0.0199377346304801	0.578438416169099	326
0.10647884198302	0.352309794326609	107
0.10716674266205	0.352132388893513	553
0.11161804781962	0.350237547909829	553
-0.01748807245685	0.577364796631369	1428
0.10895780785609	0.350714860686515	1428
-0.02261442293622	0.579780704461	171
0.10647884198302	0.352309794326609	120
0.10716674266205	0.352132388893513	120
0.10647884198302	0.352309794326609	104
-0.01898917918035	0.579150144945583	170
-0.07718219176388	0.827641388296643	170
-0.0751994282328501	0.829206647171541	170
0.10328279028361	0.353197314225222	125
0.10579067361142	0.351785528543761	4113
0.10579067361142	0.351785528543761	59
0.0911231238591399	0.647116713701421	103
0.10826925398621	0.351630194981725	967
0.11092586756108	0.350415838742694	98
0.10785437586757	0.351215554477081	62
0.10647884198302	0.352309794326609	5050
0.11161804781962	0.350237547909829	62
0.10785437586757	0.351215554477081	230
0.10689134122138	0.351285302005725	344
0.03371697996956	0.904553331167201	344
-0.0737484919429701	0.827865968081847	344
-0.10302246461182	1.54989233737039	344
0.08934970317823	1.00534668085049	344
0.0855706511387799	0.652347007412662	344
0.00146560457897005	1.15787749791165	29
-0.0674988839524999	0.818989459922804	326
0.10758043184799	0.351807769829277	326
-0.0212754047183501	0.579737208933733	326
0.10470969485815	0.98401880655277	326
0.0852209906930499	0.654392144647465	326
0.10716674266205	0.352132388893513	1020
0.10716674266205	0.352132388893513	553
0.10647884198302	0.352309794326609	1209
-0.00679991510354006	1.16972353488739	1428
0.0233885277227901	0.919102062394618	1428
-0.0252346917202799	0.58191737664116	1829
0.10716674266205	0.352132388893513	191
0.11161804781962	0.350237547909829	191
0.10716674266205	0.352132388893513	170
0.02896831748076	0.912705307834054	170
0.08911118682812	0.650217800895839	170
0.0876519400772999	0.650968305198471	125
0.02323766478519	0.914922118565484	1028
0.10826925398621	0.351630194981725	1028
0.0701366858802499	1.19989461556635	59
0.0989630106853701	0.353478679518203	450
-0.02428878983577	0.582639355082303	428
0.10716674266205	0.352132388893513	924
-0.01832158261363	0.57762571413367	924
0.11161804781962	0.350237547909829	967
0.10758043184799	0.351807769829277	967
-0.01587168520504	0.57659573259799	181
0.10785437586757	0.351215554477081	98
0.10826925398621	0.351630194981725	98
0.10579067361142	0.351785528543761	2647
0.10716674266205	0.352132388893513	39
0.10148789770049	0.353384284502155	1749
-0.0821822373703201	0.835671513699384	62
0.11230995697287	0.349325823144218	62
0.10287853396258	0.35296389743942	62
0.10785437586757	0.351215554477081	4673
0.10579067361142	0.351785528543761	1610
0.10397890323872	0.352462565358244	344
0.0174136678724199	0.926522234186164	344
-0.0168221136840501	0.577178479347997	1846
0.10663361484863	0.351799503810815	244
0.10716674266205	0.352132388893513	703
0.10218335279232	0.353699707342604	326
-0.02495473558411	0.58335694060492	326
-0.08038673746998	0.834283143981661	326
-0.0972232461567699	1.10589452374101	326
0.10785437586757	0.351215554477081	345
0.10716674266205	0.352132388893513	326
0.10826925398621	0.351630194981725	2329
0.10733312446004	0.351067215845013	107
0.09359641443929	0.647190211436835	553
0.10287853396258	0.35296389743942	833
-0.0161564891964301	0.576700733308464	833
-0.0219447451608401	0.579924971604282	1756
0.10758043184799	0.351807769829277	120
0.10218335279232	0.353699707342604	120
-0.0807814788138299	0.833393762227025	170
0.10826925398621	0.351630194981725	170
0.0759354526851601	1.46211552455058	1659
-0.02400836223229	0.581258703136909	103
0.10716674266205	0.352132388893513	181
0.0885909386274999	0.652090173543142	98
0.10218335279232	0.353699707342604	62
-0.0200434839469901	0.578549734222855	5050
-0.01587168520504	0.57659573259799	62
0.09359641443929	0.647190211436835	62
-0.0227821533700701	0.580372488261402	230
0.10826925398621	0.351630194981725	230
0.10579067361142	0.351785528543761	1324
-0.0256210160689501	0.583695327776066	230
0.10397890323872	0.352462565358244	344
-0.0152067997466201	0.576118661909323	1610
0.10758043184799	0.351807769829277	344
-0.07035646601997	0.825248140293113	344
0.0924911489970699	0.647904639842956	29
0.10218335279232	0.353699707342604	244
0.10218335279232	0.353699707342604	244
0.10397890323872	0.352462565358244	2486
0.10647884198302	0.352309794326609	1732
0.10758043184799	0.351807769829277	703
0.10826925398621	0.351630194981725	326
0.11023341597372	0.349898349308083	158
0.10593382759709	0.35148923313409	326
0.10647884198302	0.352309794326609	2329
0.11230995697287	0.349325823144218	2329
0.10826925398621	0.351630194981725	464
0.10689134122138	0.351285302005725	464
0.10689134122138	0.351285302005725	107
0.11092586756108	0.350415838742694	553
0.10826925398621	0.351630194981725	1756
0.10758043184799	0.351807769829277	120
-0.0261485538472901	1.3910297983632	780
0.0962994489100599	0.999191259441656	59
-0.0953428180787099	1.10163266737724	1889
-0.0751994282328501	0.829206647171541	924
0.0205580137244501	0.922824886840433	428
0.09269410012819	0.646644202235759	967
0.10148789770049	0.353384284502155	181
0.07896968465565	0.656318924351277	181
-0.07849590914857	0.833815212107253	181
-0.07229822113558	0.824031087836264	181
0.09304389476812	0.647668753377714	181
-0.01937561527664	0.578362564289604	428
-0.0168221136840501	0.577178479347997	428
0.08667602254785	0.651340343074828	62
0.05992567910888	1.22164212909669	62
-0.07451685363401	0.825759258827981	39
0.10716674266205	0.352132388893513	1454
0.07987113043911	0.657313340361156	2647
0.11230995697287	0.349325823144218	2647
0.10758043184799	0.351807769829277	2647
0.10647884198302	0.352309794326609	592
0.10758043184799	0.351807769829277	592
0.10397890323872	0.352462565358244	592
0.10218335279232	0.353699707342604	592
-0.02099398512007	0.58063946719774	230
0.0939467201281301	0.645784338390518	2559
0.10826925398621	0.351630194981725	4673
0.08612344995625	0.651987418512096	344
0.0921410851526601	0.647122135526749	344
0.10579067361142	0.351785528543761	344
0.10397890323872	0.352462565358244	344
0.08466769309659	0.654753086475839	70
-0.07418891881002	0.828719306568647	3069
0.10647884198302	0.352309794326609	70
0.10826925398621	0.351630194981725	244
-0.01965711158767	0.579970689675105	244
0.10716674266205	0.352132388893513	29
0.10647884198302	0.352309794326609	468
0.0841141687861899	0.654824552022475	703
0.10328279028361	0.353197314225222	326
0.10689134122138	0.351285302005725	326
0.11161804781962	0.350237547909829	107
0.10716674266205	0.352132388893513	1756
0.10758043184799	0.351807769829277	120
0.10758043184799	0.351807769829277	170
-0.0774378530941899	0.832339460717058	93
0.0289652407419501	0.912659239984059	151
0.0934386028384	0.998461216144111	151
0.0824962637206099	1.44982532873022	1659
-0.0200434839469901	0.578549734222855	428
0.11042820928362	1.26260693388883	924
-0.10453873413194	1.55530523632948	428
0.03686463316283	1.41378424255753	428
-0.01184520399815	1.17627293471789	103
-0.0972232461567699	1.10589452374101	967
0.10826925398621	0.351630194981725	181
0.10689134122138	0.351285302005725	98
0.08914213548745	0.651442119559592	98
0.10716674266205	0.352132388893513	1454
-0.0293241189514	0.582953239357999	39
0.10218335279232	0.353699707342604	592
0.10579067361142	0.351785528543761	1749
-0.0309320665117701	0.585162590702791	1324
-0.07902524070871	0.834045071633638	344
-0.01870808245147	0.577883497327535	344
0.10716674266205	0.352132388893513	344
0.10826925398621	0.351630194981725	344
0.10689134122138	0.351285302005725	2224
0.0982592360254899	0.353721534917221	244
0.10826925398621	0.351630194981725	244
-0.02495473558411	0.58335694060492	468
0.10716674266205	0.352132388893513	703
0.0837647544950799	0.655529150841431	2665
0.11161804781962	0.350237547909829	326
0.10258640259334	0.352883231159087	326
0.0755703710644	0.656346431280271	326
0.10826925398621	0.351630194981725	326
0.10716674266205	0.352132388893513	96
0.10716674266205	0.352132388893513	107
0.10148789770049	0.353384284502155	2848
0.10785437586757	0.351215554477081	1020
0.10647884198302	0.352309794326609	553
-0.01937561527664	0.578362564289604	171
0.10689134122138	0.351285302005725	1756
0.10716674266205	0.352132388893513	120
0.10579067361142	0.351785528543761	170
0.10579067361142	0.351785528543761	170
0.10826925398621	0.351630194981725	125
0.10148789770049	0.353384284502155	125
0.10826925398621	0.351630194981725	5361
-0.0256210160689501	0.583695327776066	93
-0.02960390710866	0.58447674818335	93
-0.01870808245147	0.577883497327535	93
-0.0538972451314299	1.91906432839778	1612
0.0253970139005899	1.95284574692466	151
0.10287853396258	0.35296389743942	1889
0.10287853396258	0.35296389743942	1889
-0.00537318749195004	1.16934924972139	924
-0.09449175446604	1.53417406017257	428
0.09862083154181	0.992908348925695	924
0.10716674266205	0.352132388893513	3969
0.10826925398621	0.351630194981725	967
0.10328279028361	0.353197314225222	967
0.10785437586757	0.351215554477081	181
-0.0161564891964301	0.576700733308464	62
-0.0108403531071299	1.17589190279249	62
0.10758043184799	0.351807769829277	39
0.10785437586757	0.351215554477081	592
0.10218335279232	0.353699707342604	62
0.10716674266205	0.352132388893513	62
0.10716674266205	0.352132388893513	62
-0.0256210160689501	0.583695327776066	230
-0.0246738993289199	0.581595777089794	344
-0.02183364624937	0.579789745439092	344
0.09771855556058	0.995717138292775	3069
0.10716674266205	0.352132388893513	3752
0.10895780785609	0.350714860686515	4543
-0.0221182132134701	0.580408422501073	703
0.10579067361142	0.351785528543761	703
-0.0211704534369199	0.579825727743365	703
-0.0298828099181101	0.58241606372645	326
-0.0214546059215199	0.580072466612979	326
0.10328279028361	0.353197314225222	326
0.10647884198302	0.352309794326609	326
-0.07603124429498	0.830333865261929	326
0.10758043184799	0.351807769829277	3514
0.10689134122138	0.351285302005725	286
0.10647884198302	0.352309794326609	286
0.10785437586757	0.351215554477081	553
0.10826925398621	0.351630194981725	833
0.10579067361142	0.351785528543761	120
0.09716291462318	0.354221264198155	170
0.10733312446004	0.351067215845013	170
0.10826925398621	0.351630194981725	93
-0.0251626552633499	0.580620515914332	93
0.10007537168512	0.989362976060113	93
0.10218335279232	0.353699707342604	59
0.0915878437528499	0.647358309178234	1612
0.0211958675153701	0.919040382825557	59
0.0982592360254899	0.353721534917221	103
0.10895780785609	0.350714860686515	3969
0.10826925398621	0.351630194981725	181
0.10826925398621	0.351630194981725	98
0.10218335279232	0.353699707342604	39
0.10826925398621	0.351630194981725	2647
0.10716674266205	0.352132388893513	62
0.09716291462318	0.354221264198155	39
-0.07480862840562	0.82835962569904	62
-0.0245683390865099	0.580473910496962	1341
0.10328279028361	0.353197314225222	230
0.10647884198302	0.352309794326609	344
-0.0219447451608401	0.579924971604282	344
-0.0365138638861999	1.58061915806228	344
0.0880395164151999	0.652449440273683	344
-0.0932929864329499	1.32770738306704	344
-0.1037457385046	1.11224010602349	3069
0.0563660055802	1.22639504634621	2224
0.10785437586757	0.351215554477081	1365
0.10647884198302	0.352309794326609	3752
-0.01302194373869	0.57267678940045	703
0.10716674266205	0.352132388893513	468
0.10785437586757	0.351215554477081	326
0.10148789770049	0.353384284502155	326
-0.02032538013449	0.58045220816518	326
-0.03143224367924	0.582325380224468	326
0.10663361484863	0.351799503810815	345
0.11092586756108	0.350415838742694	107
0.10716674266205	0.352132388893513	2848
0.10785437586757	0.351215554477081	2848
0.10716674266205	0.352132388893513	553
-0.02656840239241	0.58297122228144	833
-0.10195386743599	1.34490103435478	566
-0.03284658096254	1.57228357769304	566
-0.0227821533700701	0.580372488261402	171
-0.07902524070871	0.834045071633638	1756
0.08487211935683	0.654515958017152	120
0.10716674266205	0.352132388893513	120
-0.09915561411758	1.10865653530461	170
-0.0305471390401799	0.583752148236366	170
-0.08402490066582	0.835149918908457	93
-0.02079133119985	0.57936096462064	573
0.10258640259334	0.352883231159087	1889
-0.0251626552633499	0.580620515914332	1889
0.10758043184799	0.351807769829277	924
-0.0256210160689501	0.583695327776066	924
0.0968781924403199	0.994006979285228	924
0.09401460369007	2.04438691117665	428
0.10328279028361	0.353197314225222	3969
0.11230995697287	0.349325823144218	62
-0.10908462370845	1.92313605445081	62
0.0789289085673901	0.654588522109707	62
0.10895780785609	0.350714860686515	39
0.10895780785609	0.350714860686515	39
0.10716674266205	0.352132388893513	344
0.10328279028361	0.353197314225222	1610
0.10758043184799	0.351807769829277	1048
-0.07466906671733	0.828812827260658	344
0.0285433459744699	0.907338076804397	344
-0.0261485538472901	1.3910297983632	70
0.10663361484863	0.351799503810815	244
0.10716674266205	0.352132388893513	468
0.08911118682812	0.650217800895839	326
-0.0212754047183501	0.579737208933733	326
-0.02656840239241	0.58297122228144	326
0.08931722660306	0.650273274268608	326
0.11092586756108	0.350415838742694	2828
-0.0745826480862599	0.830652290472693	286
-0.0211704534369199	0.579825727743365	553
-0.0200434839469901	0.578549734222855	553
0.10647884198302	0.352309794326609	553
0.11161804781962	0.350237547909829	553
0.10785437586757	0.351215554477081	553
-0.02362317852698	0.581190591414601	833
-0.1096982639237	1.3563447364272	566
-0.0168221136840501	0.577178479347997	171
0.10826925398621	0.351630194981725	566
0.10647884198302	0.352309794326609	170
0.10307906523352	2.0229453149544	59
0.10647884198302	0.352309794326609	573
0.10579067361142	0.351785528543761	886
0.11230995697287	0.349325823144218	1867
0.10716674266205	0.352132388893513	1867
0.11092586756108	0.350415838742694	181
0.10218335279232	0.353699707342604	98
0.10647884198302	0.352309794326609	62
-0.0125179525322801	1.17785709666662	62
0.10148789770049	0.353384284502155	2647
0.01451056659366	0.925979460375656	62
-0.01965711158767	0.579970689675105	62
0.10826925398621	0.351630194981725	62
-0.01737402314317	0.575554514837542	62
0.0562135342069101	1.22623329848688	62
0.10287853396258	0.35296389743942	62
-0.07088491271612	0.825639858099944	344
0.10758043184799	0.351807769829277	1048
0.10689134122138	0.351285302005725	344
0.10593382759709	0.35148923313409	344
-0.0219447451608401	0.579924971604282	344
-0.02183364624937	0.579789745439092	344
-0.08139887882688	0.833409406769247	344
0.0907743109538099	0.648758219491063	344
-0.10285300339445	1.11324573019071	2224
0.10287853396258	0.35296389743942	244
-0.09866042653354	1.10817099418239	468
0.10647884198302	0.352309794326609	326
-0.0867454719526299	1.08930020977838	326
0.10826925398621	0.351630194981725	326
0.10826925398621	0.351630194981725	107
0.10716674266205	0.352132388893513	2828
-0.02032538013449	0.58045220816518	4787
0.10716674266205	0.352132388893513	286
0.10785437586757	0.351215554477081	833
0.10716674266205	0.352132388893513	833
0.10647884198302	0.352309794326609	1756
0.11230995697287	0.349325823144218	120
0.10328279028361	0.353197314225222	498
0.11161804781962	0.350237547909829	3897
0.10397890323872	0.352462565358244	170
0.10785437586757	0.351215554477081	125
-0.02538917188342	1.38678611843236	780
0.10647884198302	0.352309794326609	59
-0.0309320665117701	0.585162590702791	573
0.03137667672178	0.907246505448478	1867
0.11315912098433	1.25506126600624	181
0.10826925398621	0.351630194981725	98
-0.0168221136840501	0.577178479347997	62
-0.0269545824372	0.582913354723689	39
0.08713723158925	0.651890032056221	62
0.0933944704887899	0.646019881766231	62
-0.07888779869732	0.834205282807095	344
-0.0794173265377101	0.834766722893349	344
0.00972552021006989	0.930137900545946	344
0.10785437586757	0.351215554477081	1048
0.10328279028361	0.353197314225222	230
-0.01870808245147	0.577883497327535	344
-0.07466906671733	0.828812827260658	70
0.08768915422257	0.651530929339694	3069
-0.02099398512007	0.58063946719774	70
-0.0745826480862599	0.830652290472693	70
-0.0200434839469901	0.578549734222855	2224
0.10647884198302	0.352309794326609	1365
0.10758043184799	0.351807769829277	1365
0.11092586756108	0.350415838742694	244
0.10579067361142	0.351785528543761	468
0.11161804781962	0.350237547909829	468
0.10758043184799	0.351807769829277	703
-0.01937561527664	0.578362564289604	468
-0.0836810693930301	0.83364129081233	468
-0.0219447451608401	0.579924971604282	167
-0.0256210160689501	0.583695327776066	326
-0.02071168876143	0.578406004795778	326
0.11092586756108	0.350415838742694	5473
0.10716674266205	0.352132388893513	5473
0.10647884198302	0.352309794326609	2828
0.10328279028361	0.353197314225222	4787
0.10258640259334	0.352883231159087	286
0.10785437586757	0.351215554477081	566
0.10148789770049	0.353384284502155	566
0.09716291462318	0.354221264198155	566
0.10758043184799	0.351807769829277	120
0.10716674266205	0.352132388893513	120
0.10579067361142	0.351785528543761	170
0.10716674266205	0.352132388893513	170
-0.02024979003897	1.37363484423047	93
-0.07550325116642	0.829776224136777	428
-0.02032538013449	0.58045220816518	428
0.10716674266205	0.352132388893513	886
0.10218335279232	0.353699707342604	1867
0.10758043184799	0.351807769829277	1867
-0.01748807245685	0.577364796631369	98
-0.0219447451608401	0.579924971604282	62
0.10148789770049	0.353384284502155	39
-0.0161564891964301	0.576700733308464	62
0.10758043184799	0.351807769829277	62
0.0907743109538099	0.648758219491063	62
0.08431855036541	0.655167690820231	4194
0.0880395164151999	0.652449440273683	344
0.0402235568073099	1.40815465066101	344
0.10716674266205	0.352132388893513	344
-0.0717690541560601	0.823023963180799	344
0.0905692428887701	0.647595041048012	344
-0.0773004297192601	0.829535217281011	70
-0.0753390010060999	0.828132219850736	3069
0.10826925398621	0.351630194981725	70
0.10287853396258	0.35296389743942	1841
-0.0256210160689501	0.583695327776066	4543
0.10826925398621	0.351630194981725	326
0.10758043184799	0.351807769829277	326
0.10328279028361	0.353197314225222	326
0.10826925398621	0.351630194981725	326
-0.01720245749258	0.576637775977831	326
-0.0212754047183501	0.579737208933733	2828
0.09786574616812	0.353978519341629	1674
0.10758043184799	0.351807769829277	107
0.10218335279232	0.353699707342604	2796
0.10895780785609	0.350714860686515	737
0.10716674266205	0.352132388893513	566
0.10647884198302	0.352309794326609	120
0.10647884198302	0.352309794326609	301
-0.01898917918035	0.579150144945583	4562
0.01620250255623	1.60006421639465	428
-0.0958762970200799	1.53301839494407	62
-0.02495473558411	0.58335694060492	62
-0.07849590914857	0.833815212107253	62
0.10826925398621	0.351630194981725	4194
0.10895780785609	0.350714860686515	344
-0.0693001778306199	0.823554179611836	344
0.0885909386274999	0.652090173543142	344
0.0205603806453201	0.923153613701468	344
0.10647884198302	0.352309794326609	230
0.10716674266205	0.352132388893513	344
0.10148789770049	0.353384284502155	344
0.10579067361142	0.351785528543761	344
-0.0730007199793099	0.823214603935486	70
0.10826925398621	0.351630194981725	70
0.10328279028361	0.353197314225222	1365
0.10397890323872	0.352462565358244	326
-0.03254212924539	0.583808355887704	326
0.10826925398621	0.351630194981725	107
0.11230995697287	0.349325823144218	107
0.10647884198302	0.352309794326609	286
0.08632690639061	0.652735113629601	59
-0.08047699029971	0.834871868878997	103
-0.0879772081318599	0.838675877614107	428
0.00417843042181998	0.931650316643	181
-0.0986848005076999	1.10817974753552	39
-0.02495473558411	0.58335694060492	2589
0.0832107315839501	0.655600676812176	62
0.09135194517055	1.00353668629294	62
-0.07718219176388	0.827641388296643	344
0.0852209906930499	0.654392144647465	344
0.10785437586757	0.351215554477081	344
-0.0794173265377101	0.834766722893349	344
0.10218335279232	0.353699707342604	344
0.11023341597372	0.349898349308083	4333
0.08748786869031	0.652520255624373	1365
-0.02099398512007	0.58063946719774	1365
0.10716674266205	0.352132388893513	1365
0.10716674266205	0.352132388893513	468
0.08911118682812	0.650217800895839	468
0.10647884198302	0.352309794326609	326
0.10689134122138	0.351285302005725	1674
0.10287853396258	0.35296389743942	107
0.10647884198302	0.352309794326609	286
0.10895780785609	0.350714860686515	120
0.10716674266205	0.352132388893513	120
0.12113717567149	1.47505499436407	93
-0.11648525152269	1.76311250690184	59
0.10328279028361	0.353197314225222	59
0.0284870353623601	0.912854830950349	181
-0.02960390710866	0.58447674818335	428
0.0835604176000799	0.654541861848122	428
-0.0199377346304801	0.578438416169099	62
-0.0474221388179801	1.91197000050761	62
0.0911231238591399	0.647116713701421	2589
-0.07088491271612	0.825639858099944	39
-0.0798084916433699	0.832741341170684	62
-0.01898917918035	0.579150144945583	62
0.02387413737171	0.920607959029751	344
-0.01870808245147	0.577883497327535	230
0.10716674266205	0.352132388893513	344
0.10287853396258	0.35296389743942	344
0.10328279028361	0.353197314225222	344
-0.02428878983577	0.582639355082303	344
-0.0742784587630301	0.828259284544803	70
0.10826925398621	0.351630194981725	70
-0.0227821533700701	0.580372488261402	70
-0.02099398512007	0.58063946719774	70
0.10647884198302	0.352309794326609	70
0.10148789770049	0.353384284502155	468
0.10716674266205	0.352132388893513	326
0.10258640259334	0.352883231159087	326
-0.09511929225581	1.10070647801779	326
-0.0200434839469901	0.578549734222855	326
-0.01965711158767	0.579970689675105	326
0.10328279028361	0.353197314225222	107
0.10328279028361	0.353197314225222	107
0.10148789770049	0.353384284502155	464
0.10647884198302	0.352309794326609	107
0.10647884198302	0.352309794326609	171
0.10647884198302	0.352309794326609	833
-0.02071168876143	0.578406004795778	171
0.10758043184799	0.351807769829277	833
0.10663361484863	0.351799503810815	833
0.08911118682812	0.650217800895839	1966
-0.01587168520504	0.57659573259799	428
-0.0180408851730201	0.577068127053539	428
-0.0693001778306199	0.823554179611836	39
0.08431855036541	0.655167690820231	39
-0.02032538013449	0.58045220816518	62
-0.0214546059215199	0.580072466612979	62
0.08487211935683	0.654515958017152	62
-0.02656840239241	0.58297122228144	62
-0.02495473558411	0.58335694060492	344
-0.07480862840562	0.82835962569904	70
0.10397890323872	0.352462565358244	344
0.10647884198302	0.352309794326609	3223
-0.10182258524046	1.3448913262554	1365
-0.01870808245147	0.577883497327535	1365
-0.07028580869866	0.823297898922333	29
-0.02099398512007	0.58063946719774	468
0.10826925398621	0.351630194981725	96
0.10758043184799	0.351807769829277	96
0.10758043184799	0.351807769829277	107
0.10647884198302	0.352309794326609	2612
0.10579067361142	0.351785528543761	2472
0.10826925398621	0.351630194981725	566
0.08946079988539	0.647809890682391	566
0.10826925398621	0.351630194981725	566
0.10218335279232	0.353699707342604	120
0.10663361484863	0.351799503810815	5248
-0.02286682687867	1.38295875726538	93
-0.0469084681852601	1.76255886122617	151
0.0861452319177201	1.0083357258463	1064
-0.0778293504229299	0.831918491026819	1867
0.0925189656660099	0.99723601279615	181
-0.0841612711469799	0.837804955574193	428
-0.09306102821023	1.10282344244005	62
-0.01937561527664	0.578362564289604	62
0.10218335279232	0.353699707342604	344
-0.0219447451608401	0.579924971604282	230
-0.08376764188472	0.836860680576432	344
0.0833857581741599	0.652894079339778	344
0.0865850831163499	0.651961755580813	344
-0.02231617876324	0.577072017422024	70
-0.0212754047183501	0.579737208933733	70
0.10716674266205	0.352132388893513	70
-0.0302678201580699	0.585048846712041	29
-0.0712766558140601	0.824388271855092	326
0.0817525671716901	0.654332014627069	326
0.10689134122138	0.351285302005725	2943
0.10758043184799	0.351807769829277	326
0.10758043184799	0.351807769829277	326
-0.0181543658115899	0.577220737180536	96
-0.09543550921712	1.10556590845868	96
0.10826925398621	0.351630194981725	389
0.11230995697287	0.349325823144218	389
-0.02099398512007	0.58063946719774	107
0.10826925398621	0.351630194981725	1674
0.10647884198302	0.352309794326609	1674
0.10647884198302	0.352309794326609	107
0.10218335279232	0.353699707342604	286
0.11092586756108	0.350415838742694	286
0.10758043184799	0.351807769829277	553
0.10647884198302	0.352309794326609	2495
0.10218335279232	0.353699707342604	1603
0.0841141687861899	0.654824552022475	566
0.10397890323872	0.352462565358244	1966
0.0989630106853701	0.353478679518203	191
0.10689134122138	0.351285302005725	59
0.0840120453911499	1.44392121606869	1451
-0.10139024133683	1.11187899407931	573
0.08768915422257	0.651530929339694	573
-0.10572805998337	1.11506151501797	1064
-0.0219447451608401	0.579924971604282	4562
-0.02428878983577	0.582639355082303	428
-0.01870808245147	0.577883497327535	39
-0.02099398512007	0.58063946719774	62
0.0919381769649299	0.647880740377681	230
0.08931722660306	0.650273274268608	62
0.10397890323872	0.352462565358244	62
0.10785437586757	0.351215554477081	230
-0.02676803648149	0.581766483346834	230
-0.0965327668181399	1.10057832612062	344
-0.02960390710866	0.58447674818335	70
-0.0925795662001301	0.840257559551521	29
-0.02032538013449	0.58045220816518	29
0.0835604176000799	0.654541861848122	326
-0.02866095646662	0.582384335707824	326
0.10716674266205	0.352132388893513	326
0.10758043184799	0.351807769829277	326
0.10758043184799	0.351807769829277	389
0.10826925398621	0.351630194981725	553
0.10579067361142	0.351785528543761	553
0.10716674266205	0.352132388893513	566
0.10716674266205	0.352132388893513	566
0.10579067361142	0.351785528543761	566
0.10826925398621	0.351630194981725	120
0.10647884198302	0.352309794326609	497
0.10895780785609	0.350714860686515	365
0.10647884198302	0.352309794326609	170
0.01381508653081	0.923380067306945	59
-0.01898917918035	0.579150144945583	151
0.10716674266205	0.352132388893513	573
0.09390967967812	0.353808839268374	573
0.08265648146988	0.655317487706668	1064
0.10287853396258	0.35296389743942	428
0.10758043184799	0.351807769829277	1954
0.10895780785609	0.350714860686515	1954
0.10716674266205	0.352132388893513	39
0.10647884198302	0.352309794326609	39
0.10647884198302	0.352309794326609	62
0.10826925398621	0.351630194981725	62
0.10785437586757	0.351215554477081	62
0.10758043184799	0.351807769829277	2060
0.10689134122138	0.351285302005725	230
0.10689134122138	0.351285302005725	230
0.10579067361142	0.351785528543761	230
-0.08033841776218	0.833301306316734	344
-0.07704543603291	0.830073818425413	344
0.10785437586757	0.351215554477081	1202
0.10826925398621	0.351630194981725	299
0.10647884198302	0.352309794326609	468
-0.03159664646384	0.58452904588601	468
0.11230995697287	0.349325823144218	326
0.10716674266205	0.352132388893513	107
0.10287853396258	0.35296389743942	107
0.10258640259334	0.352883231159087	553
0.10716674266205	0.352132388893513	566
0.10647884198302	0.352309794326609	191
0.10287853396258	0.35296389743942	191
0.10663361484863	0.351799503810815	191
0.0929863156636199	1.00008855314195	573
-0.0976937319318301	1.10600130738814	573
-0.0935302374823499	1.10366682986264	428
0.01766935061232	1.599523518606	924
0.10826925398621	0.351630194981725	886
0.0857740617371201	0.653741388644674	181
0.10716674266205	0.352132388893513	181
0.10826925398621	0.351630194981725	62
-0.0219447451608401	0.579924971604282	62
0.0579732259508901	1.22089312532267	62
-0.10173869118768	1.11241692037146	1954
0.08466769309659	0.654753086475839	1954
-0.0251626552633499	0.580620515914332	1954
0.10647884198302	0.352309794326609	39
-0.0180408851730201	0.577068127053539	62
0.0222708779674099	0.916400059300484	62
-0.02166292684413	0.580493155786958	230
-0.01965711158767	0.579970689675105	230
-0.0742784587630301	0.828259284544803	230
0.10287853396258	0.35296389743942	230
0.11230995697287	0.349325823144218	344
-0.0813089991201099	0.833400695858997	344
0.10895780785609	0.350714860686515	1579
0.10716674266205	0.352132388893513	29
-0.0233431592753299	0.580545475751851	29
-0.0206064013082601	0.579256545559091	29
0.10826925398621	0.351630194981725	299
0.10826925398621	0.351630194981725	299
-0.01870808245147	0.577883497327535	299
0.08713723158925	0.651890032056221	326
0.10689134122138	0.351285302005725	2472
0.10647884198302	0.352309794326609	2472
0.10218335279232	0.353699707342604	286
0.10826925398621	0.351630194981725	286
0.10218335279232	0.353699707342604	170
0.04648803368245	1.78083245652572	59
0.12061228745409	1.68415728883769	428
-0.0212754047183501	0.579737208933733	3193
0.092856761537	0.646292405535603	1867
-0.0996265795722699	1.10876311421043	181
-0.0962827292814801	1.10457470801944	230
0.10716674266205	0.352132388893513	230
-0.02261442293622	0.579780704461	4070
-0.02261442293622	0.579780704461	461
0.0207371394258	0.918894673010714	344
0.10716674266205	0.352132388893513	1579
-0.01965711158767	0.579970689675105	1579
0.0693165272827201	0.660580458450123	1202
0.10758043184799	0.351807769829277	299
0.10758043184799	0.351807769829277	299
0.10716674266205	0.352132388893513	326
0.10689134122138	0.351285302005725	389
0.10579067361142	0.351785528543761	1707
0.10716674266205	0.352132388893513	107
0.10758043184799	0.351807769829277	1603
0.10826925398621	0.351630194981725	1603
0.10785437586757	0.351215554477081	1603
-0.07366172701221	0.828162934778137	566
0.10895780785609	0.350714860686515	566
0.10716674266205	0.352132388893513	38
0.10716674266205	0.352132388893513	59
-0.0279981263911899	0.581052805298475	151
-0.08363240005469	0.837408038208625	573
-0.01027893171429	1.17456152510093	1064
-0.03121180177176	0.584322987944732	428
0.01547606099306	0.925460115023956	181
0.10758043184799	0.351807769829277	62
-0.03121180177176	0.584322987944732	62
0.0782130537447801	0.657852425330512	1954
0.10716674266205	0.352132388893513	1954
0.10826925398621	0.351630194981725	39
-0.0161564891964301	0.576700733308464	230
0.11161804781962	0.350237547909829	461
0.10826925398621	0.351630194981725	230
0.10579067361142	0.351785528543761	230
0.10758043184799	0.351807769829277	816
0.10579067361142	0.351785528543761	344
-0.0269545824372	0.582913354723689	1579
-0.0309320665117701	0.585162590702791	1579
0.10258640259334	0.352883231159087	70
0.11161804781962	0.350237547909829	1202
-0.02495473558411	0.58335694060492	1202
0.10895780785609	0.350714860686515	29
0.11092586756108	0.350415838742694	29
-0.0258231300371701	0.581187080143393	299
0.10689134122138	0.351285302005725	299
0.10328279028361	0.353197314225222	326
0.11092586756108	0.350415838742694	326
0.10758043184799	0.351807769829277	326
0.11230995697287	0.349325823144218	326
0.0880013004134901	0.649837394152127	96
-0.07572999281747	0.829307037080084	96
0.10647884198302	0.352309794326609	107
0.10716674266205	0.352132388893513	107
0.10218335279232	0.353699707342604	286
-0.0212754047183501	0.579737208933733	1603
0.10716674266205	0.352132388893513	1603
0.10258640259334	0.352883231159087	170
0.10200352011286	1.84006590417156	573
0.0907743109538099	0.648758219491063	151
0.11092586756108	0.350415838742694	336
0.10287853396258	0.35296389743942	336
0.0834161303561301	0.654178336506151	62
0.10328279028361	0.353197314225222	428
0.10328279028361	0.353197314225222	62
0.0231856211722199	1.58725491727826	428
0.10509484626562	1.26817326838107	62
0.11092586756108	0.350415838742694	39
0.10826925398621	0.351630194981725	62
0.10647884198302	0.352309794326609	39
0.10647884198302	0.352309794326609	62
0.10826925398621	0.351630194981725	230
0.0245090687587199	0.917332308295266	4070
-0.01720245749258	0.576637775977831	461
-0.01937561527664	0.578362564289604	461
0.10689134122138	0.351285302005725	230
-0.10364825706778	1.11312896707106	344
0.0154795813594499	0.927590728608008	344
-0.09913130406714	1.10787884937124	344
0.0941242040612	1.0000452377672	344
-0.01965711158767	0.579970689675105	344
0.0175917224594999	0.926047313455014	1579
0.10785437586757	0.351215554477081	1202
0.10287853396258	0.35296389743942	1202
0.10647884198302	0.352309794326609	1365
-0.0206064013082601	0.579256545559091	299
0.0832107315839501	0.655600676812176	326
0.0876519400772999	0.650968305198471	468
0.10716674266205	0.352132388893513	326
0.10716674266205	0.352132388893513	389
0.10148789770049	0.353384284502155	3602
0.10218335279232	0.353699707342604	286
0.11023341597372	0.349898349308083	171
0.10579067361142	0.351785528543761	1603
-0.0232844383453501	0.578960155602578	1603
0.10716674266205	0.352132388893513	171
0.10895780785609	0.350714860686515	566
0.10647884198302	0.352309794326609	120
0.10218335279232	0.353699707342604	170
0.10647884198302	0.352309794326609	301
-0.03521038313764	0.583680193814339	170
0.10785437586757	0.351215554477081	780
0.11230995697287	0.349325823144218	93
0.09390967967812	0.353808839268374	59
0.10647884198302	0.352309794326609	151
0.10716674266205	0.352132388893513	151
0.10663361484863	0.351799503810815	151
0.10826925398621	0.351630194981725	573
0.10758043184799	0.351807769829277	428
0.11092586756108	0.350415838742694	428
0.10716674266205	0.352132388893513	62
0.10647884198302	0.352309794326609	62
0.10218335279232	0.353699707342604	1954
0.10689134122138	0.351285302005725	1954
0.10716674266205	0.352132388893513	39
0.10328279028361	0.353197314225222	39
-0.01937561527664	0.578362564289604	344
-0.0298828099181101	0.58241606372645	344
0.0834482061094799	1.44714864299343	1579
0.10895780785609	0.350714860686515	3076
0.10716674266205	0.352132388893513	299
-0.0181543658115899	0.577220737180536	326
0.09716291462318	0.354221264198155	96
0.07966843983398	0.657264267464277	96
-0.01937561527664	0.578362564289604	96
-0.01870808245147	0.577883497327535	739
0.08987186698926	0.649530308387677	107
-0.00424419934134002	1.16480847101661	286
0.10826925398621	0.351630194981725	566
0.10716674266205	0.352132388893513	566
-0.08100712649179	0.83429276603643	191
-0.02495473558411	0.58335694060492	170
0.10218335279232	0.353699707342604	2122
0.10716674266205	0.352132388893513	301
-0.0256210160689501	0.583695327776066	780
0.0216908772550299	0.922886104206456	780
-0.02495473558411	0.58335694060492	780
-0.0233431592753299	0.580545475751851	59
0.09359641443929	0.647190211436835	59
-0.0687723360691701	0.822113690030357	59
0.0563660055802	1.22639504634621	59
0.10647884198302	0.352309794326609	151
0.10785437586757	0.351215554477081	151
-0.10322372866233	1.10847671654288	59
0.0882408511769	0.650884112892455	59
-0.02032538013449	0.58045220816518	573
-0.0148262418915399	0.574376653983274	573
0.10716674266205	0.352132388893513	573
-0.0788059950000399	0.833098851203486	428
0.02104272212667	0.922873470954488	428
0.0624044884627899	1.21648718412617	336
0.10895780785609	0.350714860686515	336
0.02498901703558	0.916895796696202	428
0.10148789770049	0.353384284502155	62
-0.02960390710866	0.58447674818335	1954
0.10647884198302	0.352309794326609	1954
0.10328279028361	0.353197314225222	1588
0.10328279028361	0.353197314225222	1285
0.10758043184799	0.351807769829277	62
-0.00768868202556994	1.17110848854209	62
0.10647884198302	0.352309794326609	230
0.10716674266205	0.352132388893513	461
0.10328279028361	0.353197314225222	461
0.09208132850185	1.00211088313084	70
0.10397890323872	0.352462565358244	1202
-0.02676803648149	0.581766483346834	3076
0.10895780785609	0.350714860686515	299
0.10689134122138	0.351285302005725	299
0.10647884198302	0.352309794326609	468
0.10826925398621	0.351630194981725	2025
-0.03121180177176	0.584322987944732	326
0.10826925398621	0.351630194981725	739
0.10758043184799	0.351807769829277	3602
-0.07888779869732	0.834205282807095	566
0.10716674266205	0.352132388893513	5489
0.10647884198302	0.352309794326609	191
0.10579067361142	0.351785528543761	191
0.10895780785609	0.350714860686515	170
-0.0130898047225301	1.17716888617524	59
0.0924911489970699	0.647904639842956	59
0.10328279028361	0.353197314225222	59
0.09035039836001	1.00496814851003	151
0.0921410851526601	0.647122135526749	1064
-0.0341854301798199	1.57596774970749	1064
-0.05831758174653	1.93188035879513	428
-0.10144276156336	1.11181496810303	336
0.10716674266205	0.352132388893513	3193
0.09004342972879	0.649546766482322	3193
-0.0937507601107701	1.10069531122458	2951
0.10716674266205	0.352132388893513	428
0.0928155627579701	0.354305410254477	62
0.0982592360254899	0.353721534917221	39
0.10647884198302	0.352309794326609	62
0.10758043184799	0.351807769829277	62
0.0832107315839501	0.655600676812176	62
-0.0259013793896701	0.582633022248989	62
-0.01720245749258	0.576637775977831	62
0.0939877275752501	1.00148951594956	62
0.10895780785609	0.350714860686515	39
-0.0256210160689501	0.583695327776066	409
0.10218335279232	0.353699707342604	230
-0.0671051368672599	0.818421755238088	230
-0.07849590914857	0.833815212107253	461
0.0501146842978499	1.76357060307901	461
0.01959300670875	0.923705052755737	344
-0.00145944083666993	0.899150801159646	344
0.01499683843486	0.927261065301685	70
-0.0737484919429701	0.827865968081847	344
-0.0733276487745	2.25619038076365	344
0.0874906853784401	0.649034904319458	344
0.10689134122138	0.351285302005725	299
-0.0161564891964301	0.576700733308464	468
-0.0835519189770699	0.835340735710311	326
-0.07572999281747	0.829307037080084	326
0.10328279028361	0.353197314225222	96
0.10689134122138	0.351285302005725	389
-0.0212754047183501	0.579737208933733	739
-0.02428878983577	0.582639355082303	107
0.10579067361142	0.351785528543761	107
-0.0289403270686499	0.583135876548882	286
0.09359641443929	0.647190211436835	286
0.10785437586757	0.351215554477081	553
0.10895780785609	0.350714860686515	471
-0.0212754047183501	0.579737208933733	566
0.10647884198302	0.352309794326609	191
0.10647884198302	0.352309794326609	749
0.10826925398621	0.351630194981725	1420
0.10758043184799	0.351807769829277	59
0.02468477839688	0.916384127518116	59
-0.0671051368672599	0.818421755238088	573
-0.0973050770419499	1.33322853249059	573
0.0922302055470901	0.645309948854565	1740
0.01943413926798	0.919670131036109	1954
-0.0211704534369199	0.579825727743365	39
0.0514046416799201	1.23029970729225	39
0.0787659723701499	0.658038712603471	39
-0.02099398512007	0.58063946719774	461
-0.01937561527664	0.578362564289604	461
0.10826925398621	0.351630194981725	461
-0.02099398512007	0.58063946719774	461
0.10148789770049	0.353384284502155	344
0.10689134122138	0.351285302005725	1202
0.10716674266205	0.352132388893513	1242
-0.02656840239241	0.58297122228144	299
0.10716674266205	0.352132388893513	299
0.11092586756108	0.350415838742694	468
-0.0181543658115899	0.577220737180536	2025
0.10218335279232	0.353699707342604	326
-0.0180408851730201	0.577068127053539	326
0.10287853396258	0.35296389743942	790
0.10287853396258	0.35296389743942	2984
0.10826925398621	0.351630194981725	286
0.10663361484863	0.351799503810815	286
0.11092586756108	0.350415838742694	471
0.10647884198302	0.352309794326609	1395
0.10758043184799	0.351807769829277	171
0.10579067361142	0.351785528543761	171
0.10758043184799	0.351807769829277	171
0.10328279028361	0.353197314225222	566
0.10716674266205	0.352132388893513	191
0.10287853396258	0.35296389743942	191
0.10579067361142	0.351785528543761	301
0.10352374432765	1.27390040531065	59
0.0275779643052401	0.911019425845617	573
-0.09970801574202	1.34308289304889	640
-0.0185249785477799	1.3776362852388	62
0.08216661131936	1.44620064737985	62
0.08042337020513	0.656400453451052	1285
0.10218335279232	0.353699707342604	1285
0.08876235876415	0.650754614292679	62
0.0844855558989701	0.652883681608437	39
-0.02071168876143	0.578406004795778	461
-0.00511534367277999	1.16643215300021	461
-0.01870808245147	0.577883497327535	344
0.08167406607633	0.654134514886414	344
-0.02628763158757	0.583658225403998	1202
0.10218335279232	0.353699707342604	299
0.11092586756108	0.350415838742694	2025
0.10716674266205	0.352132388893513	326
0.10895780785609	0.350714860686515	326
-0.01748807245685	0.577364796631369	326
0.10579067361142	0.351785528543761	326
0.10716674266205	0.352132388893513	389
0.11161804781962	0.350237547909829	790
0.10148789770049	0.353384284502155	107
0.10218335279232	0.353699707342604	2472
0.10647884198302	0.352309794326609	107
0.10287853396258	0.35296389743942	286
0.10758043184799	0.351807769829277	1476
0.10647884198302	0.352309794326609	1395
0.10716674266205	0.352132388893513	566
0.10716674266205	0.352132388893513	566
0.10328279028361	0.353197314225222	120
0.10758043184799	0.351807769829277	191
0.10218335279232	0.353699707342604	301
0.10328279028361	0.353197314225222	59
0.11912609978579	1.24284841118519	573
0.10280718528348	0.985450101271137	573
-0.0199377346304801	0.578438416169099	573
-0.02826813765114	1.56165471856964	336
0.09408579708075	1.00275626877492	336
-0.0205075928915399	0.579490279223785	336
0.0896657887737	0.649980701034027	428
-0.01870808245147	0.577883497327535	2951
0.09359641443929	0.647190211436835	62
-0.01965711158767	0.579970689675105	62
-0.00995180548114005	1.17408479638215	62
-0.10289503499215	1.34460745379211	62
-0.0191828674279599	0.577346026506201	39
-0.10273241116484	1.10907153770944	1285
-0.02267829016192	0.579106936023567	62
-0.0795547748035701	0.833920396876194	39
-0.07480862840562	0.82835962569904	39
0.10716674266205	0.352132388893513	39
0.02945346728717	0.909577482700193	461
-0.02071168876143	0.578406004795778	461
0.0830339831393301	0.654977959690159	461
-0.02166292684413	0.580493155786958	461
-0.0219447451608401	0.579924971604282	461
-0.01587168520504	0.57659573259799	461
0.10287853396258	0.35296389743942	230
0.10689134122138	0.351285302005725	461
0.10647884198302	0.352309794326609	461
0.11161804781962	0.350237547909829	461
0.10826925398621	0.351630194981725	344
-0.0180408851730201	0.577068127053539	344
0.10328279028361	0.353197314225222	1202
-0.0206064013082601	0.579256545559091	1202
0.11092586756108	0.350415838742694	1202
0.11230995697287	0.349325823144218	1202
-0.0165369043550301	0.576781738217319	299
0.10647884198302	0.352309794326609	299
0.10258640259334	0.352883231159087	299
0.10758043184799	0.351807769829277	299
0.10579067361142	0.351785528543761	468
0.10647884198302	0.352309794326609	4215
0.10716674266205	0.352132388893513	326
0.10895780785609	0.350714860686515	739
-0.0211704534369199	0.579825727743365	739
0.10758043184799	0.351807769829277	3656
0.10328279028361	0.353197314225222	196
0.10258640259334	0.352883231159087	286
0.10258640259334	0.352883231159087	566
0.10758043184799	0.351807769829277	566
0.10148789770049	0.353384284502155	120
0.10895780785609	0.350714860686515	191
0.10689134122138	0.351285302005725	191
0.10826925398621	0.351630194981725	1005
-0.09920785849999	1.34519021092566	780
0.0865018573840699	2.47015181195492	59
-0.0794173265377101	0.834766722893349	59
0.11092586756108	0.350415838742694	59
0.0933944704887899	0.646019881766231	151
0.10287853396258	0.35296389743942	573
0.0304112082038099	0.910513912074372	573
-0.0161564891964301	0.576700733308464	336
0.0982592360254899	0.353721534917221	336
-0.0845539718525701	0.835934876757901	2951
0.0829542992975201	1.01044240112354	2951
-0.07603124429498	0.830333865261929	62
0.10826925398621	0.351630194981725	39
0.0902201634281701	0.649500065308071	39
-0.02267829016192	0.579106936023567	62
0.10758043184799	0.351807769829277	62
-0.0258231300371701	0.581187080143393	461
-0.0728637918823201	0.824655366099588	461
-0.07366172701221	0.828162934778137	461
0.10647884198302	0.352309794326609	461
-0.0206064013082601	0.579256545559091	461
0.10785437586757	0.351215554477081	461
-0.0855268860928	0.835245796393325	70
0.08944389838513	1.00628404975671	1202
0.10716674266205	0.352132388893513	1242
-0.02032538013449	0.58045220816518	299
-0.0259013793896701	0.582633022248989	299
0.10826925398621	0.351630194981725	468
0.10733312446004	0.351067215845013	326
0.10826925398621	0.351630194981725	326
-0.0732187278101999	0.827179762016143	4215
0.10647884198302	0.352309794326609	326
-0.0998012574799201	1.10557412486501	96
0.10287853396258	0.35296389743942	389
0.10826925398621	0.351630194981725	286
0.10647884198302	0.352309794326609	286
0.11161804781962	0.350237547909829	171
0.08876235876415	0.650754614292679	171
0.10647884198302	0.352309794326609	171
0.10826925398621	0.351630194981725	566
0.10826925398621	0.351630194981725	566
0.10826925398621	0.351630194981725	191
0.10826925398621	0.351630194981725	191
0.02828939073493	0.907598277493514	151
-0.0794173265377101	0.834766722893349	428
0.06934349205081	1.46785009277891	62
0.0925999311450001	1.00118427334663	1954
-0.0846903445879501	0.837811003657512	39
-0.10173869118768	1.11241692037146	62
0.10328279028361	0.353197314225222	230
0.0837647544950799	0.655529150841431	461
0.10921326671798	1.26349238780329	461
-0.01870808245147	0.577883497327535	461
0.0289722669299	0.909420996807011	461
-0.0272357610266101	0.58293567232368	461
-0.0219447451608401	0.579924971604282	70
0.0128418919006901	0.927132461676257	180
0.0834161303561301	0.654178336506151	1202
-0.02032538013449	0.58045220816518	1202
0.10328279028361	0.353197314225222	1242
-0.02032538013449	0.58045220816518	299
0.10758043184799	0.351807769829277	299
0.10895780785609	0.350714860686515	468
0.10593382759709	0.35148923313409	326
0.10716674266205	0.352132388893513	326
-0.02099398512007	0.58063946719774	96
0.0896657887737	0.649980701034027	326
0.10826925398621	0.351630194981725	96
0.10579067361142	0.351785528543761	326
-0.01937561527664	0.578362564289604	326
-0.0152067997466201	0.576118661909323	739
0.10758043184799	0.351807769829277	790
0.10895780785609	0.350714860686515	790
-0.02032538013449	0.58045220816518	107
0.10218335279232	0.353699707342604	196
0.10689134122138	0.351285302005725	2782
0.10716674266205	0.352132388893513	196
0.10758043184799	0.351807769829277	286
0.11161804781962	0.350237547909829	286
0.10148789770049	0.353384284502155	258
0.10647884198302	0.352309794326609	553
0.10647884198302	0.352309794326609	553
0.10397890323872	0.352462565358244	553
0.10716674266205	0.352132388893513	1476
0.10328279028361	0.353197314225222	1476
0.10716674266205	0.352132388893513	1476
0.10647884198302	0.352309794326609	171
0.10218335279232	0.353699707342604	566
0.10287853396258	0.35296389743942	171
0.10397890323872	0.352462565358244	171
0.02484190345592	0.919483883144089	573
0.09269410012819	0.646644202235759	499
-0.0305895121667299	1.39315107785824	428
0.12148037368741	1.46752649990073	62
0.0191090120289901	0.921824597558665	39
-0.0704922579537901	0.823270430998809	62
0.0246845179220101	0.915769290102222	39
0.0968781924403199	0.994006979285228	461
-0.0936849326902001	1.09950463545713	461
0.10647884198302	0.352309794326609	461
0.08466769309659	0.654753086475839	461
-0.0161564891964301	0.576700733308464	70
-0.0206064013082601	0.579256545559091	180
0.10689134122138	0.351285302005725	326
0.10218335279232	0.353699707342604	389
0.10716674266205	0.352132388893513	323
-0.03521038313764	0.583680193814339	107
0.10579067361142	0.351785528543761	2782
0.10328279028361	0.353197314225222	2782
0.10826925398621	0.351630194981725	286
0.10716674266205	0.352132388893513	286
0.11161804781962	0.350237547909829	281
0.10895780785609	0.350714860686515	1476
0.10716674266205	0.352132388893513	1887
0.10826925398621	0.351630194981725	171
0.10758043184799	0.351807769829277	171
0.10328279028361	0.353197314225222	566
0.11161804781962	0.350237547909829	3876
0.10716674266205	0.352132388893513	191
0.0981382560148301	0.991039360582381	59
-0.1012683291397	1.11173613099302	151
-0.0021043917144199	1.16499768797325	573
0.0845240361816599	0.652524616558064	573
0.08730336575946	0.650020051366068	336
0.0856919424191101	1.0094068398197	62
-0.05718504020254	1.77574887971295	738
-0.06172077979797	2.08889052887869	738
-0.00668569818179998	1.16945728484065	62
-0.0993313805906599	1.10489840782001	62
-0.07902524070871	0.834045071633638	62
-0.0944691091636001	1.10424711765891	39
-0.07888779869732	0.834205282807095	39
-0.0938038689606899	1.53280873695568	230
-0.0751994282328501	0.829206647171541	461
-0.0181118915354099	1.18263741782429	461
0.08931722660306	0.650273274268608	461
-0.0206064013082601	0.579256545559091	344
-0.07180549896509	0.824779730602868	344
-0.02610680942434	0.58119911984102	1202
0.11092586756108	0.350415838742694	1202
0.0280026732024801	0.913820819996367	1242
0.10647884198302	0.352309794326609	115
0.08466769309659	0.654753086475839	299
-0.0161564891964301	0.576700733308464	2511
0.10785437586757	0.351215554477081	326
0.10218335279232	0.353699707342604	326
0.10826925398621	0.351630194981725	326
0.10647884198302	0.352309794326609	326
0.10716674266205	0.352132388893513	326
0.10218335279232	0.353699707342604	326
0.10647884198302	0.352309794326609	96
0.10258640259334	0.352883231159087	96
-0.02099398512007	0.58063946719774	107
0.10895780785609	0.350714860686515	323
0.10218335279232	0.353699707342604	107
0.11092586756108	0.350415838742694	323
0.10218335279232	0.353699707342604	1206
0.10328279028361	0.353197314225222	258
0.10716674266205	0.352132388893513	553
0.10826925398621	0.351630194981725	553
-0.0256210160689501	0.583695327776066	1887
0.10716674266205	0.352132388893513	1887
0.10716674266205	0.352132388893513	171
0.10328279028361	0.353197314225222	171
0.10287853396258	0.35296389743942	171
0.10758043184799	0.351807769829277	301
-0.0252346917202799	0.58191737664116	640
-0.11175329439038	1.75507616387232	640
-0.0289403270686499	0.583135876548882	336
0.0261326553266601	0.914169218912551	336
0.0310106261521099	1.4186922772527	62
-0.07708783588191	0.830440072130666	62
-0.10158619703699	1.34602181923795	62
0.09263063559722	1.00400314805696	62
0.00105711530447006	1.1575552455696	461
0.0265576256603299	0.913285605686718	461
-0.09152561825879	0.837227965670761	461
-0.02495473558411	0.58335694060492	461
0.10647884198302	0.352309794326609	461
0.11161804781962	0.350237547909829	461
0.10716674266205	0.352132388893513	299
0.10826925398621	0.351630194981725	299
0.10895780785609	0.350714860686515	299
0.10148789770049	0.353384284502155	326
0.10716674266205	0.352132388893513	96
0.10826925398621	0.351630194981725	96
0.10397890323872	0.352462565358244	107
0.11161804781962	0.350237547909829	196
0.10716674266205	0.352132388893513	258
0.10218335279232	0.353699707342604	1112
0.10328279028361	0.353197314225222	1476
0.10785437586757	0.351215554477081	1887
0.10647884198302	0.352309794326609	171
0.10647884198302	0.352309794326609	818
0.10579067361142	0.351785528543761	171
0.11023341597372	0.349898349308083	301
0.10785437586757	0.351215554477081	301
0.09453796244302	1.00192697937236	59
-0.02656840239241	0.58297122228144	499
-0.01158400637482	1.94399466241151	151
-0.07507478735268	2.40808438158708	428
0.02944944026591	0.912268561660191	428
-0.00757460602913995	1.16942554754407	336
0.05893589054078	1.22218766456757	2951
-0.02428878983577	0.582639355082303	62
0.10758043184799	0.351807769829277	62
0.0286520603886	1.43220532021067	62
-0.10034346869271	1.34638900727539	62
-0.0825752643776301	0.835353802342332	62
-0.0302678201580699	0.585048846712041	39
-0.0737484919429701	0.827865968081847	230
-0.00166126496403995	1.16413397661669	461
-0.0182826754230401	1.36971375687547	461
-0.07586957669993	0.827473001789094	70
-0.01748807245685	0.577364796631369	461
0.10758043184799	0.351807769829277	461
-0.07388693645013	0.825206638977586	180
-0.0206064013082601	0.579256545559091	180
-0.07480862840562	0.82835962569904	1202
0.10716674266205	0.352132388893513	299
0.10758043184799	0.351807769829277	96
-0.0246738993289199	0.581595777089794	323
0.10826925398621	0.351630194981725	196
0.10647884198302	0.352309794326609	553
0.10895780785609	0.350714860686515	553
0.11092586756108	0.350415838742694	553
0.10785437586757	0.351215554477081	281
0.10895780785609	0.350714860686515	1112
0.10716674266205	0.352132388893513	5120
0.11023341597372	0.349898349308083	1078
0.10397890323872	0.352462565358244	171
0.10218335279232	0.353699707342604	171
0.10826925398621	0.351630194981725	548
0.10218335279232	0.353699707342604	301
-0.0300382410476401	1.56811045603952	2951
0.0406483056906	1.39904406679065	2951
0.0672453319317701	1.60718202273311	62
-0.01531155145408	1.17975650229492	62
-0.0212754047183501	0.579737208933733	70
-0.07572999281747	0.829307037080084	180
0.10579067361142	0.351785528543761	180
0.10258640259334	0.352883231159087	180
-0.03187679840853	0.584437589685732	1242
-0.0908147867370599	1.0949038881777	115
0.10758043184799	0.351807769829277	299
0.10647884198302	0.352309794326609	5025
0.10716674266205	0.352132388893513	299
0.11161804781962	0.350237547909829	115
0.10716674266205	0.352132388893513	326
0.10148789770049	0.353384284502155	326
0.10647884198302	0.352309794326609	96
-0.01937561527664	0.578362564289604	96
0.10826925398621	0.351630194981725	323
-0.0227821533700701	0.580372488261402	196
0.09716291462318	0.354221264198155	196
0.11230995697287	0.349325823144218	281
0.10758043184799	0.351807769829277	171
0.11230995697287	0.349325823144218	1078
0.10826925398621	0.351630194981725	1078
0.10826925398621	0.351630194981725	301
-0.02628763158757	0.583658225403998	499
0.10758043184799	0.351807769829277	499
0.10647884198302	0.352309794326609	640
0.10003088136703	0.992537880056	336
0.09234507470486	1.42484351559551	39
0.10647884198302	0.352309794326609	461
-0.0929751224019999	0.837817251630843	461
0.0318570815403201	0.905862509551693	461
0.08925902760288	1.00146027247136	461
0.10689134122138	0.351285302005725	70
0.10647884198302	0.352309794326609	461
0.10148789770049	0.353384284502155	70
0.10826925398621	0.351630194981725	70
0.10895780785609	0.350714860686515	1202
0.10826925398621	0.351630194981725	299
0.10785437586757	0.351215554477081	326
0.11230995697287	0.349325823144218	1078
0.10647884198302	0.352309794326609	171
0.10826925398621	0.351630194981725	171
0.10258640259334	0.352883231159087	171
0.10895780785609	0.350714860686515	2469
0.10716674266205	0.352132388893513	2122
0.10647884198302	0.352309794326609	2122
0.10758043184799	0.351807769829277	38
0.10895780785609	0.350714860686515	151
0.10287853396258	0.35296389743942	151
0.02564927558353	0.915219630626735	2951
0.0815695846965101	1.44962543014362	62
-0.0940267053470001	1.10414074404699	62
-0.07888779869732	0.834205282807095	461
0.10647884198302	0.352309794326609	230
0.10758043184799	0.351807769829277	461
-0.01575629699444	1.17886356605874	461
-0.0302678201580699	0.585048846712041	461
0.10663361484863	0.351799503810815	70
0.10826925398621	0.351630194981725	461
0.10785437586757	0.351215554477081	1202
-0.0751102407520801	0.831210858504437	115
-0.01898917918035	0.579150144945583	299
-0.07035646601997	0.825248140293113	1456
0.10716674266205	0.352132388893513	299
-0.0852196205123401	0.837338300458352	389
-0.02495473558411	0.58335694060492	323
0.0807725913801201	0.656539941503435	323
0.10895780785609	0.350714860686515	196
0.11023341597372	0.349898349308083	196
0.10758043184799	0.351807769829277	2759
0.10895780785609	0.350714860686515	1078
0.10647884198302	0.352309794326609	171
0.10689134122138	0.351285302005725	548
0.10716674266205	0.352132388893513	301
0.10579067361142	0.351785528543761	59
0.10785437586757	0.351215554477081	151
0.10758043184799	0.351807769829277	151
0.0822774516398099	1.45012171511063	4785
0.02751917928195	0.91217895308592	4785
0.10328279028361	0.353197314225222	640
0.10716674266205	0.352132388893513	738
0.10138520517907	0.990625934783535	461
-0.0165369043550301	0.576781738217319	70
-0.0168221136840501	0.577178479347997	70
0.10579067361142	0.351785528543761	461
0.10663361484863	0.351799503810815	180
0.10826925398621	0.351630194981725	180
0.10895780785609	0.350714860686515	1202
0.0982592360254899	0.353721534917221	1202
-0.02428878983577	0.582639355082303	299
0.08876235876415	0.650754614292679	299
0.10647884198302	0.352309794326609	326
0.10328279028361	0.353197314225222	326
0.08844280789663	1.00666244673867	96
0.10895780785609	0.350714860686515	323
-0.02400836223229	0.581258703136909	323
0.10785437586757	0.351215554477081	196
-0.02183364624937	0.579789745439092	196
-0.0289403270686499	0.583135876548882	196
0.10895780785609	0.350714860686515	171
0.10328279028361	0.353197314225222	171
0.10716674266205	0.352132388893513	2759
0.10716674266205	0.352132388893513	171
0.10647884198302	0.352309794326609	171
-0.01832158261363	0.57762571413367	151
-0.0282067433514199	1.39040187596095	499
-0.0751994282328501	0.829206647171541	640
0.10593382759709	0.35148923313409	640
-0.02495473558411	0.58335694060492	640
0.11590869352892	1.24935150513401	2951
-0.08447385125699	0.834455079517533	62
-0.09074245036559	1.09370985861012	39
0.10716674266205	0.352132388893513	461
0.08542546163149	0.653508143571156	461
0.0995768397630701	0.992229660403499	461
0.05761857431322	1.22476786659041	461
0.10895780785609	0.350714860686515	70
0.10716674266205	0.352132388893513	180
0.0832107315839501	0.655600676812176	115
0.10663361484863	0.351799503810815	90
0.11092586756108	0.350415838742694	299
0.10716674266205	0.352132388893513	299
0.10826925398621	0.351630194981725	96
0.10716674266205	0.352132388893513	96
0.10647884198302	0.352309794326609	323
0.10758043184799	0.351807769829277	553
0.10663361484863	0.351799503810815	627
0.10689134122138	0.351285302005725	171
0.10716674266205	0.352132388893513	5045
0.10758043184799	0.351807769829277	1346
0.10579067361142	0.351785528543761	1078
0.10716674266205	0.352132388893513	171
0.10287853396258	0.35296389743942	548
0.10716674266205	0.352132388893513	59
-0.0375904416855899	1.74038694852258	59
0.02386997600291	0.918505259601628	59
0.08931722660306	0.650273274268608	151
0.02007559025623	0.923424698221672	2951
0.0885909386274999	0.652090173543142	4811
0.0933944704887899	0.646019881766231	2405
-0.0958126980130301	1.10333561255148	62
-0.0498891237522101	1.91048752086204	62
0.09361399591475	1.00047737149099	39
0.09893400125713	0.986639790467082	62
0.0215283086151901	0.921359378423402	461
0.10758043184799	0.351807769829277	461
-0.02495473558411	0.58335694060492	461
0.10758043184799	0.351807769829277	461
0.0924911489970699	0.647904639842956	180
0.10895780785609	0.350714860686515	2074
0.10328279028361	0.353197314225222	37
-0.0180408851730201	0.577068127053539	1242
0.10758043184799	0.351807769829277	326
0.11161804781962	0.350237547909829	96
0.10647884198302	0.352309794326609	96
-0.01965711158767	0.579970689675105	96
0.10287853396258	0.35296389743942	196
0.10826925398621	0.351630194981725	73
-0.0200434839469901	0.578549734222855	73
0.10689134122138	0.351285302005725	281
0.10287853396258	0.35296389743942	777
0.10218335279232	0.353699707342604	38
0.10647884198302	0.352309794326609	59
-0.02032538013449	0.58045220816518	151
0.11612274931303	1.25224360397453	499
0.0945770037097899	0.999406427294097	4785
-0.0783584733706999	0.833288890400322	2951
0.0967518998339401	0.998552255492522	2405
0.11617444617078	1.24899532410356	62
-0.0160568822415299	1.3716403331875	27
0.0876519400772999	0.650968305198471	70
0.10785437586757	0.351215554477081	70
0.10328279028361	0.353197314225222	461
0.10647884198302	0.352309794326609	1202
0.10663361484863	0.351799503810815	1202
0.10785437586757	0.351215554477081	1202
0.0913282315128601	0.647681819507928	37
0.10647884198302	0.352309794326609	115
0.10826925398621	0.351630194981725	115
0.10328279028361	0.353197314225222	657
0.11161804781962	0.350237547909829	326
0.10758043184799	0.351807769829277	96
0.10663361484863	0.351799503810815	107
0.10758043184799	0.351807769829277	323
-0.0183191519058901	0.575668284724182	323
0.10785437586757	0.351215554477081	67
0.10716674266205	0.352132388893513	281
0.10218335279232	0.353699707342604	171
-0.01965711158767	0.579970689675105	171
0.10689134122138	0.351285302005725	2759
0.10689134122138	0.351285302005725	171
0.10758043184799	0.351807769829277	715
0.10785437586757	0.351215554477081	1329
0.11092586756108	0.350415838742694	59
0.10716674266205	0.352132388893513	59
0.10287853396258	0.35296389743942	59
0.0586066427769401	1.22298617529539	499
0.07241966271581	1.82024267998197	499
-0.07466906671733	0.828812827260658	640
-0.0252346917202799	0.58191737664116	4811
0.0603438505412399	1.22127438646284	62
0.10397890323872	0.352462565358244	888
0.10716674266205	0.352132388893513	888
0.10826925398621	0.351630194981725	62
0.0386631707718399	1.40695253659632	39
0.0849622989027099	1.44461793490225	27
-0.10490694246367	1.34234719389447	62
0.06307347928643	1.20971868408316	62
-0.00198531288267989	1.16091335182498	461
0.0982037769380999	0.996834089882909	461
-0.0278848199074899	1.38899096880902	461
-0.0913725629836699	1.09615029106132	37
0.11161804781962	0.350237547909829	1242
0.10758043184799	0.351807769829277	657
0.10647884198302	0.352309794326609	657
0.10647884198302	0.352309794326609	779
0.10758043184799	0.351807769829277	323
0.10647884198302	0.352309794326609	281
-0.0256210160689501	0.583695327776066	171
0.10895780785609	0.350714860686515	2759
0.11023341597372	0.349898349308083	2759
0.10826925398621	0.351630194981725	88
0.10689134122138	0.351285302005725	1329
0.0129825366321501	2.4436553316589	59
0.0885909386274999	0.652090173543142	59
0.05992567910888	1.22164212909669	59
0.10593382759709	0.35148923313409	59
-0.03846655120883	1.57621447409744	59
-0.07704543603291	0.830073818425413	499
0.0682999411734899	1.20515832363728	2951
0.08914213548745	0.651442119559592	2951
0.11230995697287	0.349325823144218	4811
-0.0212754047183501	0.579737208933733	888
-0.10071427047288	1.34492613551455	62
0.0841407494529101	1.67364402741127	39
0.1130040124527	1.25720806309158	62
-0.0259013793896701	0.582633022248989	39
0.10647884198302	0.352309794326609	461
-0.07655943915553	0.830562999915865	461
-0.00158751764982989	1.78364362826793	461
0.10397890323872	0.352462565358244	4204
0.10716674266205	0.352132388893513	1202
-0.01870808245147	0.577883497327535	115
0.0939467201281301	0.645784338390518	96
0.10689134122138	0.351285302005725	323
0.10647884198302	0.352309794326609	984
-0.01898917918035	0.579150144945583	196
0.10826925398621	0.351630194981725	73
0.10647884198302	0.352309794326609	627
-0.01965711158767	0.579970689675105	171
0.10716674266205	0.352132388893513	171
0.10647884198302	0.352309794326609	1078
0.10647884198302	0.352309794326609	1078
0.10397890323872	0.352462565358244	715
0.10716674266205	0.352132388893513	1329
0.10647884198302	0.352309794326609	263
0.11161804781962	0.350237547909829	301
0.10758043184799	0.351807769829277	301
0.12031601009814	2.34168689781242	59
-0.10077501705305	1.73166584693349	59
0.0372581726275201	1.41700537201762	59
0.10826925398621	0.351630194981725	499
0.0818758397401	0.653928678288463	499
-0.09529466992153	1.33604790900277	4785
-0.02032538013449	0.58045220816518	640
0.10984932569478	1.26395964396423	640
0.10758043184799	0.351807769829277	4811
0.11652106576433	1.69352140565525	62
0.0400093851952801	2.24954645774793	68
0.10785437586757	0.351215554477081	888
0.0337171474382501	1.41993393385012	27
0.10758043184799	0.351807769829277	1649
-0.0753390010060999	0.828132219850736	70
0.08487211935683	0.654515958017152	96
0.10895780785609	0.350714860686515	779
-0.07088491271612	0.825639858099944	96
-0.0221182132134701	0.580408422501073	323
0.0885563574289101	0.650194172814921	196
-0.0259013793896701	0.582633022248989	196
0.10647884198302	0.352309794326609	627
0.0876519400772999	0.650968305198471	171
0.10716674266205	0.352132388893513	88
0.10647884198302	0.352309794326609	2759
0.10716674266205	0.352132388893513	2759
0.10826925398621	0.351630194981725	5045
0.10758043184799	0.351807769829277	1078
0.10758043184799	0.351807769829277	301
0.11161804781962	0.350237547909829	59
0.0656378647032001	1.21045746255989	59
-0.0755893142410899	0.827371293184792	499
0.10895780785609	0.350714860686515	499
-0.0918908762672499	1.09594389160047	499
-0.00411253526819011	1.16820403478782	499
-0.08047699029971	0.834871868878997	428
0.094498743992	0.645307607362446	68
-0.0399239303255301	1.57631425426652	62
0.03198693464771	1.42327833677303	27
0.0832335746052799	0.653693295787917	62
0.08899044130024	1.00642332833915	62
-0.02902445853406	1.39236486118627	62
-0.10106354814804	1.10633600482041	461
0.0834161303561301	0.654178336506151	461
-0.0918908762672499	1.09594389160047	461
-0.00343456043891011	1.16548060333032	461
0.10895780785609	0.350714860686515	4204
-0.02166292684413	0.580493155786958	180
-0.08363240005469	0.837408038208625	1050
0.0793186645478301	0.657843294254402	115
0.10647884198302	0.352309794326609	115
-0.02261442293622	0.579780704461	96
0.10397890323872	0.352462565358244	323
0.10826925398621	0.351630194981725	323
0.10758043184799	0.351807769829277	323
0.10826925398621	0.351630194981725	196
-0.0783584733706999	0.833288890400322	196
0.10148789770049	0.353384284502155	73
0.10287853396258	0.35296389743942	281
0.10758043184799	0.351807769829277	281
0.10148789770049	0.353384284502155	627
0.10785437586757	0.351215554477081	171
0.10218335279232	0.353699707342604	88
0.10716674266205	0.352132388893513	2759
0.10758043184799	0.351807769829277	2759
0.10647884198302	0.352309794326609	715
0.10758043184799	0.351807769829277	301
-0.0465725390713001	1.76176801459118	59
0.11230995697287	0.349325823144218	59
0.10716674266205	0.352132388893513	499
0.02468477839688	0.916384127518116	499
-0.0935026077964101	0.838783241689271	2158
0.10148789770049	0.353384284502155	428
0.10716674266205	0.352132388893513	2951
0.10647884198302	0.352309794326609	2951
0.10716674266205	0.352132388893513	2951
0.10328279028361	0.353197314225222	4811
0.08931722660306	0.650273274268608	68
-0.01965711158767	0.579970689675105	62
-0.0212754047183501	0.579737208933733	27
0.10785437586757	0.351215554477081	27
0.10218335279232	0.353699707342604	62
-0.0246738993289199	0.581595777089794	461
-0.08605370509065	0.834908988594608	461
-0.0154911986975901	0.575887232891104	461
0.10397890323872	0.352462565358244	461
0.10826925398621	0.351630194981725	461
-0.01720245749258	0.576637775977831	70
0.10758043184799	0.351807769829277	37
0.10895780785609	0.350714860686515	37
0.10647884198302	0.352309794326609	196
0.02104272212667	0.922873470954488	59
0.10785437586757	0.351215554477081	59
0.09733114731389	0.993240313261419	428
0.10758043184799	0.351807769829277	428
0.08503511805493	0.65235888959993	2951
0.01596995666727	1.60434065123468	68
-0.09373458841926	1.88357683288703	68
0.0955396464667699	1.85497533022829	68
0.10826925398621	0.351630194981725	888
0.0139755578126499	0.926680204869985	62
-0.10689584336713	1.7442973992196	461
-0.00355233747666994	1.16787757787184	461
0.10231922993712	0.352082943164405	461
0.0823073157091701	0.654612114470796	461
0.10328279028361	0.353197314225222	1649
0.10218335279232	0.353699707342604	1202
0.10716674266205	0.352132388893513	1202
0.02072142257117	0.924011401023554	1050
0.10826925398621	0.351630194981725	657
0.10716674266205	0.352132388893513	115
0.10397890323872	0.352462565358244	96
0.10647884198302	0.352309794326609	779
0.11092586756108	0.350415838742694	779
0.10758043184799	0.351807769829277	107
-0.02495473558411	0.58335694060492	281
0.10148789770049	0.353384284502155	281
-0.0302678201580699	0.585048846712041	459
0.10758043184799	0.351807769829277	88
0.10758043184799	0.351807769829277	88
0.10895780785609	0.350714860686515	263
0.10895780785609	0.350714860686515	548
0.10758043184799	0.351807769829277	548
0.09340557241672	0.645652526328445	59
-0.0931676334256899	1.88090586294787	59
0.10287853396258	0.35296389743942	499
0.00416081714924998	1.76861716473569	499
-0.00301094617095998	1.1643738980966	428
0.10218335279232	0.353699707342604	1125
-0.0256210160689501	0.583695327776066	640
-0.0272357610266101	0.58293567232368	428
0.0939467201281301	0.645784338390518	2951
0.0232368144300601	0.917084635256968	2951
0.0810841264691	1.45268629996103	68
-0.02183364624937	0.579789745439092	888
-0.11208563139988	1.56735437347571	738
-0.09798104667605	1.10874948573511	27
-0.07466906671733	0.828812827260658	27
0.10826925398621	0.351630194981725	461
0.10716674266205	0.352132388893513	70
0.10785437586757	0.351215554477081	180
0.10826925398621	0.351630194981725	58
0.10328279028361	0.353197314225222	857
0.10689134122138	0.351285302005725	1202
0.0837647544950799	0.655529150841431	2318
0.10647884198302	0.352309794326609	3303
0.10397890323872	0.352462565358244	115
0.10758043184799	0.351807769829277	115
0.10647884198302	0.352309794326609	115
0.10647884198302	0.352309794326609	115
0.10148789770049	0.353384284502155	115
0.10647884198302	0.352309794326609	323
-0.01965711158767	0.579970689675105	1215
0.10647884198302	0.352309794326609	4118
0.10218335279232	0.353699707342604	281
0.10826925398621	0.351630194981725	171
0.10218335279232	0.353699707342604	383
0.10647884198302	0.352309794326609	1721
0.10689134122138	0.351285302005725	263
0.10716674266205	0.352132388893513	59
-0.0161564891964301	0.576700733308464	59
0.10895780785609	0.350714860686515	640
0.10716674266205	0.352132388893513	640
-0.0769091283304799	0.830971076182268	2951
0.11462600315187	1.49008812630155	68
0.0658273667129901	1.21058849412257	62
0.0805709220742901	0.654856106382552	62
0.0896657887737	0.649980701034027	461
0.10785437586757	0.351215554477081	850
0.0905692428887701	0.647595041048012	461
-0.10173869118768	1.11241692037146	461
-0.0214546059215199	0.580072466612979	2458
0.10148789770049	0.353384284502155	1202
0.10689134122138	0.351285302005725	115
0.10397890323872	0.352462565358244	115
0.10826925398621	0.351630194981725	657
0.10218335279232	0.353699707342604	96
0.10579067361142	0.351785528543761	1215
0.10218335279232	0.353699707342604	323
0.10593382759709	0.35148923313409	107
0.11092586756108	0.350415838742694	196
0.10716674266205	0.352132388893513	281
0.11161804781962	0.350237547909829	4118
0.10826925398621	0.351630194981725	4118
0.10785437586757	0.351215554477081	706
0.10716674266205	0.352132388893513	1721
0.0220104077830601	0.921079433700798	59
0.10716674266205	0.352132388893513	59
0.10826925398621	0.351630194981725	243
-0.0144259461699401	1.36795265989605	428
-0.11694776579179	2.1046125345679	428
-0.07849590914857	0.833815212107253	1125
-0.00525225270662011	1.16959804964684	68
-0.000614809183550058	1.15598073957634	68
0.01163690875764	1.98923491906636	388
0.0874288801022101	1.43589377232037	388
0.0971984608163401	1.28145588988723	39
-0.06796178794649	2.1020813840956	27
-0.0259013793896701	0.582633022248989	461
0.10785437586757	0.351215554477081	461
0.10328279028361	0.353197314225222	461
0.02275392634061	0.916924983336225	461
0.10826925398621	0.351630194981725	2458
0.10287853396258	0.35296389743942	31
0.09786574616812	0.353978519341629	1202
0.10593382759709	0.35148923313409	1202
0.0889418121888199	0.650550150792748	2318
0.10716674266205	0.352132388893513	115
0.10328279028361	0.353197314225222	115
0.10647884198302	0.352309794326609	657
0.02007559025623	0.923424698221672	323
0.10716674266205	0.352132388893513	323
0.10895780785609	0.350714860686515	107
0.10647884198302	0.352309794326609	706
0.10716674266205	0.352132388893513	2658
0.0845240361816599	0.652524616558064	2658
0.10716674266205	0.352132388893513	459
0.10663361484863	0.351799503810815	849
0.10579067361142	0.351785528543761	88
0.10758043184799	0.351807769829277	1172
0.10647884198302	0.352309794326609	512
0.10287853396258	0.35296389743942	1721
0.10826925398621	0.351630194981725	5086
0.10758043184799	0.351807769829277	1118
0.0178908942949501	0.92331668130111	59
0.10785437586757	0.351215554477081	59
-0.09866042653354	1.10817099418239	499
0.11533371881557	1.25397474149567	499
-0.04122412008262	1.58177253009868	631
0.10826925398621	0.351630194981725	2895
-0.0165369043550301	0.576781738217319	640
-0.08954845202035	1.32260080813234	640
-0.0272357610266101	0.58293567232368	640
0.08987186698926	0.649530308387677	640
-0.02099398512007	0.58063946719774	388
0.05208549156497	1.22798071026871	27
0.10758043184799	0.351807769829277	62
-0.01869326134578	1.36995466514724	70
-0.02628763158757	0.583658225403998	70
0.10328279028361	0.353197314225222	1202
0.10328279028361	0.353197314225222	1202
-0.01748807245685	0.577364796631369	2658
0.10716674266205	0.352132388893513	1172
0.10716674266205	0.352132388893513	88
0.09786574616812	0.353978519341629	301
0.10148789770049	0.353384284502155	59
-0.0549388904832699	1.92867429440595	499
-0.10709279371049	1.11419180850964	640
-0.10667022425912	1.116480261713	640
0.10785437586757	0.351215554477081	640
0.0639878953083499	1.21434329325294	68
0.0904332810067801	1.00668050388414	39
0.0308355952505299	0.906205707509018	461
-0.09607321358694	1.33981170842657	461
0.10287853396258	0.35296389743942	461
0.10758043184799	0.351807769829277	461
-0.09283111913972	1.09622341777706	461
0.10826925398621	0.351630194981725	70
0.10328279028361	0.353197314225222	2458
0.10397890323872	0.352462565358244	2458
0.10328279028361	0.353197314225222	58
0.10218335279232	0.353699707342604	1202
0.10103278112627	0.991195624107269	37
-0.0168221136840501	0.577178479347997	369
-0.07480862840562	0.82835962569904	115
0.10328279028361	0.353197314225222	657
0.10895780785609	0.350714860686515	2287
0.10579067361142	0.351785528543761	779
0.08001901147048	0.654673174106403	779
-0.0221182132134701	0.580408422501073	323
0.10663361484863	0.351799503810815	323
0.10258640259334	0.352883231159087	323
-0.01587168520504	0.57659573259799	2514
0.10758043184799	0.351807769829277	2442
0.10647884198302	0.352309794326609	171
0.11023341597372	0.349898349308083	2658
0.10716674266205	0.352132388893513	1721
0.10895780785609	0.350714860686515	1721
0.10647884198302	0.352309794326609	191
0.10258640259334	0.352883231159087	301
0.11161804781962	0.350237547909829	59
0.10895780785609	0.350714860686515	59
0.10716674266205	0.352132388893513	59
0.06578654497848	1.20716771968996	631
-0.07972704233647	0.832217195612665	2895
-0.00679991510354006	1.16972353488739	640
0.01710102859247	0.926528868194077	68
0.10411065473236	0.982263831792506	388
-0.00480924802133997	1.1685034172925	27
-0.0723345442762899	0.824880271864117	62
-0.0264839353201201	0.581300229956136	62
0.0159666544163499	0.926710509723545	62
-0.00127578712916998	1.1599695156662	461
0.10647884198302	0.352309794326609	2458
0.10148789770049	0.353384284502155	1202
-0.0256210160689501	0.583695327776066	369
0.02751917928195	0.91217895308592	369
0.0200778791271701	0.923099815251616	115
-0.01937561527664	0.578362564289604	657
0.10785437586757	0.351215554477081	115
0.10287853396258	0.35296389743942	4359
0.10895780785609	0.350714860686515	3383
0.10895780785609	0.350714860686515	5026
0.09765638907658	0.996286088791943	779
0.10647884198302	0.352309794326609	323
-0.0199377346304801	0.578438416169099	2514
0.10579067361142	0.351785528543761	149
0.10716674266205	0.352132388893513	281
0.10895780785609	0.350714860686515	2442
0.11230995697287	0.349325823144218	171
0.10758043184799	0.351807769829277	2658
0.10758043184799	0.351807769829277	459
0.10647884198302	0.352309794326609	88
0.10716674266205	0.352132388893513	88
0.10895780785609	0.350714860686515	1172
0.10647884198302	0.352309794326609	1721
0.10758043184799	0.351807769829277	263
0.10758043184799	0.351807769829277	59
0.01959167718143	0.921226436515766	59
0.10397890323872	0.352462565358244	243
0.10663361484863	0.351799503810815	243
0.0639878953083499	1.21434329325294	631
0.10895780785609	0.350714860686515	640
0.10826925398621	0.351630194981725	68
-0.10917525845722	2.38801429350121	68
0.10119577357028	0.982770073992194	388
-0.0399259720032801	1.74582067372821	27
-0.02597502762689	1.38683623421566	62
-0.10194941046731	1.34743429653432	39
-0.00657039091221989	1.16654767442584	461
0.10647884198302	0.352309794326609	461
-0.02656840239241	0.58297122228144	461
0.0185530595404899	0.92432878906006	70
-0.00871505312890997	1.17173966068551	70
0.10758043184799	0.351807769829277	2458
0.10716674266205	0.352132388893513	2458
0.10758043184799	0.351807769829277	58
0.0300739841637201	0.909981700452179	37
0.10579067361142	0.351785528543761	657
0.10328279028361	0.353197314225222	5282
0.10148789770049	0.353384284502155	4359
0.11023341597372	0.349898349308083	779
0.10826925398621	0.351630194981725	323
0.0982592360254899	0.353721534917221	323
0.10826925398621	0.351630194981725	323
0.09786574616812	0.353978519341629	107
-0.0161564891964301	0.576700733308464	196
0.10663361484863	0.351799503810815	241
0.10716674266205	0.352132388893513	281
0.10287853396258	0.35296389743942	281
0.0855706511387799	0.652347007412662	171
0.10716674266205	0.352132388893513	1172
0.0835604176000799	0.654541861848122	499
-0.0259013793896701	0.582633022248989	499
0.09025604626215	1.00251197409091	2895
-0.0967529119680099	1.1054187726243	640
-0.0955061646573101	1.33463840840448	68
0.10093390099239	0.991576406338083	27
-0.00737696209241001	1.16547169977568	39
0.0925999311450001	1.00118427334663	62
-0.0227981158775299	1.38374938802623	62
-0.1061990670961	1.11600168423747	461
-0.10208213672335	1.34943216487625	461
0.10258640259334	0.352883231159087	70
0.10647884198302	0.352309794326609	3561
0.10647884198302	0.352309794326609	70
0.10716674266205	0.352132388893513	58
0.10716674266205	0.352132388893513	1760
0.092856761537	0.646292405535603	369
-0.07418891881002	0.828719306568647	37
-0.02032538013449	0.58045220816518	115
-0.07603124429498	0.830333865261929	115
-0.03521038313764	0.583680193814339	2287
-0.01748807245685	0.577364796631369	314
0.0832107315839501	0.655600676812176	779
0.10826925398621	0.351630194981725	323
0.10826925398621	0.351630194981725	196
0.10716674266205	0.352132388893513	2773
-0.07035646601997	0.825248140293113	1153
0.10579067361142	0.351785528543761	1153
0.10826925398621	0.351630194981725	1153
0.10647884198302	0.352309794326609	2852
0.10579067361142	0.351785528543761	602
0.10716674266205	0.352132388893513	602
0.11301851430616	1.99840406936756	59
0.03335590844545	1.42302288559665	499
-0.10689584336713	1.7442973992196	428
0.0885224530228199	1.00763616322627	640
-0.0745826480862599	0.830652290472693	640
0.08431855036541	0.655167690820231	68
-0.0259013793896701	0.582633022248989	318
-0.0161564891964301	0.576700733308464	318
-0.09672649566613	1.10135730208688	68
0.10716674266205	0.352132388893513	388
0.0299304038096699	0.911545057923848	388
0.06349364816654	1.20962818389866	62
-0.00757460602913995	1.16942554754407	27
-0.0984565141883	1.72770084899653	27
0.0631802258205101	1.20779076927456	39
0.10716674266205	0.352132388893513	62
0.0989630106853701	0.353478679518203	70
0.10647884198302	0.352309794326609	2458
0.10161201644474	0.352326436107844	70
0.10647884198302	0.352309794326609	31
-0.0259013793896701	0.582633022248989	369
0.08876235876415	0.650754614292679	115
0.10758043184799	0.351807769829277	657
0.10647884198302	0.352309794326609	115
0.10148789770049	0.353384284502155	3312
0.10397890323872	0.352462565358244	734
0.10328279028361	0.353197314225222	500
0.10579067361142	0.351785528543761	281
0.10218335279232	0.353699707342604	2773
0.10826925398621	0.351630194981725	88
0.10579067361142	0.351785528543761	88
0.10716674266205	0.352132388893513	59
0.0960936749921499	0.996710047625773	243
0.10759251448917	1.49967686250444	499
-0.0946484378007399	1.10006643649717	640
0.10758043184799	0.351807769829277	640
0.08431855036541	0.655167690820231	640
-0.0813089991201099	0.833400695858997	640
-0.02166292684413	0.580493155786958	388
0.0944936647436501	0.998551306698333	27
0.0941487081716199	0.646451404526215	62
0.06482533809017	1.21358217116464	62
0.000271895358489926	1.15205626453283	39
-0.0983396459949499	1.34282843334758	461
0.0328780684299399	0.902767034279835	461
0.09217799631885	1.00414157757179	461
-0.00219056495229997	1.15982420590672	461
-0.10468706247979	1.11365532154776	461
-0.0985087626894301	1.34372014424306	461
0.10663361484863	0.351799503810815	4450
0.10328279028361	0.353197314225222	58
-0.0962879247722399	1.0932817212033	369
0.08213220310358	0.654413913177199	115
-0.0721598070663001	0.824720768215814	115
0.10328279028361	0.353197314225222	2287
0.10647884198302	0.352309794326609	2653
0.10826925398621	0.351630194981725	734
-0.07612007005444	0.827764605419885	196
0.10647884198302	0.352309794326609	73
0.10826925398621	0.351630194981725	281
0.10758043184799	0.351807769829277	171
0.10758043184799	0.351807769829277	512
0.10647884198302	0.352309794326609	1721
-0.02656840239241	0.58297122228144	243
0.0162945839706301	1.59730895283538	428
-0.0016338832754399	1.15797204125364	68
-0.0737484919429701	0.827865968081847	68
0.0841141687861899	0.654824552022475	68
-0.0180408851730201	0.577068127053539	27
0.10716674266205	0.352132388893513	62
0.07449166630411	1.46326249900029	39
0.08931722660306	0.650273274268608	62
0.0251667658022501	0.914734367633405	62
-0.0371236723525901	1.58096707547996	461
0.10218335279232	0.353699707342604	70
0.0867475491926599	0.649998001219271	3561
0.0915878437528499	0.647358309178234	369
0.01451393518183	0.926394488388587	369
0.10647884198302	0.352309794326609	115
0.10218335279232	0.353699707342604	115
-0.02960390710866	0.58447674818335	314
-0.0206064013082601	0.579256545559091	96
0.10689134122138	0.351285302005725	2653
0.10328279028361	0.353197314225222	73
0.10148789770049	0.353384284502155	500
0.10895780785609	0.350714860686515	2773
0.10397890323872	0.352462565358244	849
0.10218335279232	0.353699707342604	88
0.10218335279232	0.353699707342604	1131
0.10647884198302	0.352309794326609	191
0.10785437586757	0.351215554477081	191
0.10716674266205	0.352132388893513	255
-0.0245683390865099	0.580473910496962	255
0.10210076513585	1.62865466702877	631
-0.0206064013082601	0.579256545559091	428
0.10716674266205	0.352132388893513	428
0.10138624029908	1.27413167649771	640
0.0933944704887899	0.646019881766231	68
0.0621662461014101	1.21770466281359	68
-0.0165369043550301	0.576781738217319	318
0.12146713169673	1.6833615599985	68
-0.00682241922606997	1.17171951340401	39
0.10218335279232	0.353699707342604	461
0.10758043184799	0.351807769829277	70
0.10218335279232	0.353699707342604	31
0.10716674266205	0.352132388893513	115
0.10218335279232	0.353699707342604	115
0.10579067361142	0.351785528543761	679
0.10647884198302	0.352309794326609	96
-0.0766510291834099	0.827866180037177	96
0.10716674266205	0.352132388893513	734
0.10647884198302	0.352309794326609	107
0.10785437586757	0.351215554477081	500
0.10647884198302	0.352309794326609	281
0.10826925398621	0.351630194981725	2307
0.11092586756108	0.350415838742694	4593
0.11092586756108	0.350415838742694	88
0.10826925398621	0.351630194981725	301
-0.0239254324145699	2.10216863991115	59
0.11686370401742	1.69272964064677	243
0.02532484956029	1.95646849873967	640
-0.0165369043550301	0.576781738217319	640
-0.09721304073139	1.54500950217809	640
0.0189538296805001	0.919478221297297	68
-0.0485686696387	1.75969685069675	1497
0.0842701042898699	1.43467146876113	68
-0.0311819531799999	1.39132174526482	27
0.08931722660306	0.650273274268608	62
0.10826925398621	0.351630194981725	70
0.10328279028361	0.353197314225222	31
-0.0143024999658701	1.17809470909975	369
0.0280026732024801	0.913820819996367	369
0.10826925398621	0.351630194981725	4250
0.0802206285856899	0.657069110109831	115
-0.0214546059215199	0.580072466612979	115
0.0927284756253599	1.00314461126066	96
0.08931722660306	0.650273274268608	734
-0.01965711158767	0.579970689675105	2040
0.10287853396258	0.35296389743942	500
0.10689134122138	0.351285302005725	2773
0.10758043184799	0.351807769829277	2307
0.10148789770049	0.353384284502155	4593
0.10716674266205	0.352132388893513	88
0.10579067361142	0.351785528543761	1131
0.11161804781962	0.350237547909829	301
0.10258640259334	0.352883231159087	59
0.000455543005869918	1.77183366086512	243
-0.10149636631509	1.55150654585254	640
0.08669558537495	1.00902845487906	640
-0.07902524070871	0.834045071633638	68
-0.02071168876143	0.578406004795778	68
0.10647884198302	0.352309794326609	68
0.10879089025611	0.97525765494836	27
0.10144832507868	0.987615018648924	62
0.11142568904774	1.25762849844189	62
0.0902201634281701	0.649500065308071	461
0.10785437586757	0.351215554477081	461
-0.0299876141396001	0.583067451775322	461
0.10287853396258	0.35296389743942	70
0.11161804781962	0.350237547909829	70
0.0837647544950799	0.655529150841431	369
0.10397890323872	0.352462565358244	657
0.11092586756108	0.350415838742694	115
0.10826925398621	0.351630194981725	2287
0.10148789770049	0.353384284502155	115
0.10218335279232	0.353699707342604	115
0.10758043184799	0.351807769829277	3012
-0.0212754047183501	0.579737208933733	651
0.10716674266205	0.352132388893513	2653
-0.0145422476842101	0.575306259165605	734
0.10716674266205	0.352132388893513	107
0.11092586756108	0.350415838742694	500
0.0982592360254899	0.353721534917221	500
0.10716674266205	0.352132388893513	281
0.10716674266205	0.352132388893513	2773
0.10647884198302	0.352309794326609	972
0.10148789770049	0.353384284502155	88
0.10826925398621	0.351630194981725	88
-0.02099398512007	0.58063946719774	243
0.10716674266205	0.352132388893513	428
-0.01965711158767	0.579970689675105	640
0.10397890323872	0.352462565358244	39
0.0832107315839501	0.655600676812176	62
0.0852209906930499	0.654392144647465	461
0.10785437586757	0.351215554477081	1404
0.10758043184799	0.351807769829277	70
0.10397890323872	0.352462565358244	219
0.08911118682812	0.650217800895839	115
0.10397890323872	0.352462565358244	115
0.0910343757672001	0.647335654749726	651
-0.0200434839469901	0.578549734222855	734
0.10647884198302	0.352309794326609	734
0.10758043184799	0.351807769829277	107
0.11092586756108	0.350415838742694	500
0.10689134122138	0.351285302005725	500
-0.0212754047183501	0.579737208933733	281
0.10758043184799	0.351807769829277	2292
0.10647884198302	0.352309794326609	2773
0.10826925398621	0.351630194981725	281
0.10397890323872	0.352462565358244	88
0.10689134122138	0.351285302005725	88
0.10826925398621	0.351630194981725	972
0.10579067361142	0.351785528543761	88
0.10579067361142	0.351785528543761	191
0.0174192795652901	0.925241406047656	59
-0.10551628620926	1.35023769620822	243
0.02903093557674	1.43163284381405	631
0.0967518998339401	0.998552255492522	640
0.10716674266205	0.352132388893513	68
-0.02866095646662	0.582384335707824	318
-0.0141771804581099	1.36621244408417	1279
0.10567240171621	1.26753255747924	1279
-0.0272357610266101	0.58293567232368	68
0.10785437586757	0.351215554477081	68
-0.10538786723602	1.34631611660716	1497
0.0870947660122701	1.66384265718345	68
0.1054703893457	1.26647142281399	39
0.11888701860818	1.24715225482254	27
-0.0045561819887201	1.16872091603677	27
-0.11037307980379	1.35793558998685	62
0.08431855036541	0.655167690820231	39
0.0608534403768299	1.21351548911077	70
0.0384933734342101	1.41010167263487	461
0.10148789770049	0.353384284502155	461
-0.0732187278101999	0.827179762016143	369
0.10826925398621	0.351630194981725	115
-0.08100712649179	0.83429276603643	115
0.11092586756108	0.350415838742694	115
0.10716674266205	0.352132388893513	115
-0.02166292684413	0.580493155786958	734
0.10758043184799	0.351807769829277	734
0.09340557241672	0.645652526328445	734
0.10328279028361	0.353197314225222	107
0.10579067361142	0.351785528543761	67
-0.0246738993289199	0.581595777089794	281
0.10758043184799	0.351807769829277	855
0.11092586756108	0.350415838742694	88
0.10647884198302	0.352309794326609	1172
0.10758043184799	0.351807769829277	512
0.10826925398621	0.351630194981725	972
0.10826925398621	0.351630194981725	191
0.0812155185716299	1.448833174436	428
0.09359641443929	0.647190211436835	640
-0.10355080208328	1.55251015619292	640
0.10785437586757	0.351215554477081	68
0.11589265346631	1.4881415639078	68
-0.0157696282273001	1.17671053012525	62
-0.00882900699814004	1.17392610431698	461
-0.0749470933232701	0.824331028540763	461
0.10716674266205	0.352132388893513	461
-0.09396175430549	1.33405943812363	461
0.0305535597097699	0.909064491150412	461
0.0205603806453201	0.923153613701468	1189
0.10826925398621	0.351630194981725	1189
0.10826925398621	0.351630194981725	58
0.10895780785609	0.350714860686515	58
0.10218335279232	0.353699707342604	31
0.10647884198302	0.352309794326609	31
0.10716674266205	0.352132388893513	1090
0.10148789770049	0.353384284502155	115
0.08687952481454	0.650960163049442	651
-0.07603124429498	0.830333865261929	96
0.10716674266205	0.352132388893513	734
0.10716674266205	0.352132388893513	734
-0.0259013793896701	0.582633022248989	107
0.10716674266205	0.352132388893513	3443
0.0982592360254899	0.353721534917221	1720
0.10758043184799	0.351807769829277	500
0.10689134122138	0.351285302005725	281
0.11161804781962	0.350237547909829	281
0.10758043184799	0.351807769829277	88
0.11230995697287	0.349325823144218	88
0.10758043184799	0.351807769829277	602
0.10647884198302	0.352309794326609	191
0.0818103295908099	1.44632262134982	59
-0.0756380349010699	0.831439589392411	255
0.10647884198302	0.352309794326609	255
0.10826925398621	0.351630194981725	59
0.0197588841555101	0.924527704200388	59
-0.10469577571079	1.35154473053324	59
0.11230995697287	0.349325823144218	243
-0.0983396459949499	1.34282843334758	243
-0.11181391630534	1.35982840752397	499
-0.0447335769585799	1.74938933981955	499
0.0956323975650299	1.64372333486201	631
-0.01965711158767	0.579970689675105	640
0.0935880756632901	1.00081895905658	68
0.10663361484863	0.351799503810815	68
0.09353550115341	1.0026891889984	39
0.0748813690663299	1.46141228154954	1405
0.10716674266205	0.352132388893513	1189
0.10826925398621	0.351630194981725	1189
0.10758043184799	0.351807769829277	1189
0.10647884198302	0.352309794326609	1189
0.10733312446004	0.351067215845013	219
0.11230995697287	0.349325823144218	31
-0.0165369043550301	0.576781738217319	369
0.10758043184799	0.351807769829277	115
0.11092586756108	0.350415838742694	4349
0.10826925398621	0.351630194981725	3883
-0.0302678201580699	0.585048846712041	3434
-0.07902524070871	0.834045071633638	96
0.08638389606059	0.651196619149385	96
0.11092586756108	0.350415838742694	107
-0.02656840239241	0.58297122228144	107
0.10826925398621	0.351630194981725	1452
0.10758043184799	0.351807769829277	67
0.11230995697287	0.349325823144218	3443
0.11092586756108	0.350415838742694	500
-0.02600597712709	0.58082284511866	2292
0.10758043184799	0.351807769829277	281
0.10647884198302	0.352309794326609	88
0.10758043184799	0.351807769829277	88
0.10689134122138	0.351285302005725	1715
0.10328279028361	0.353197314225222	59
0.10716674266205	0.352132388893513	255
-0.01965711158767	0.579970689675105	255
0.09144863638025	1.00239650167097	243
0.10328279028361	0.353197314225222	243
-0.01720245749258	0.576637775977831	640
-0.01870808245147	0.577883497327535	640
0.0945165983913301	0.998745919367494	1279
0.0563881806733	1.22417099859675	1497
-0.00399592151049011	1.1680444095308	39
0.11022928119833	1.25828911985982	39
0.10716674266205	0.352132388893513	461
0.10689134122138	0.351285302005725	1189
0.10218335279232	0.353699707342604	219
-0.0949663363248301	1.334940339142	369
0.0852209906930499	0.654392144647465	369
0.10716674266205	0.352132388893513	3883
-0.0227821533700701	0.580372488261402	96
0.10647884198302	0.352309794326609	96
-0.0245683390865099	0.580473910496962	96
0.10148789770049	0.353384284502155	2918
0.11092586756108	0.350415838742694	2918
0.09786574616812	0.353978519341629	734
0.10647884198302	0.352309794326609	500
-0.0154911986975901	0.575887232891104	2292
-0.01965711158767	0.579970689675105	2292
0.10716674266205	0.352132388893513	88
0.10148789770049	0.353384284502155	88
0.10826925398621	0.351630194981725	512
0.10758043184799	0.351807769829277	1131
0.10579067361142	0.351785528543761	191
-0.0200434839469901	0.578549734222855	59
-0.0975608321724499	1.10804259978306	243
0.12331098267644	1.47264297625356	499
0.11479214786766	1.48935017593917	428
-0.0212754047183501	0.579737208933733	640
-0.01965711158767	0.579970689675105	640
0.0162287904079701	1.59526503375792	27
0.0648856949169301	1.20638377023726	39
-0.0983396459949499	1.34282843334758	39
0.02120245262517	0.923209316173972	62
-0.0977362336277099	1.72803337461308	62
0.10758043184799	0.351807769829277	58
0.10218335279232	0.353699707342604	31
-0.02428878983577	0.582639355082303	31
0.10826925398621	0.351630194981725	31
0.0266169062169099	0.910903452515037	369
-0.0200434839469901	0.578549734222855	1143
-0.0256210160689501	0.583695327776066	1143
-0.0168221136840501	0.577178479347997	1144
0.10895780785609	0.350714860686515	1090
0.10647884198302	0.352309794326609	115
0.10397890323872	0.352462565358244	679
-0.0212754047183501	0.579737208933733	651
0.10758043184799	0.351807769829277	651
0.10647884198302	0.352309794326609	96
-0.02428878983577	0.582639355082303	734
0.10758043184799	0.351807769829277	107
0.08952435262926	0.647487705237952	734
-0.0212754047183501	0.579737208933733	107
0.10785437586757	0.351215554477081	67
0.10785437586757	0.351215554477081	1452
0.10716674266205	0.352132388893513	500
0.11161804781962	0.350237547909829	500
0.10758043184799	0.351807769829277	281
0.10579067361142	0.351785528543761	281
0.10647884198302	0.352309794326609	281
0.10826925398621	0.351630194981725	281
0.10287853396258	0.35296389743942	88
0.08286183671648	0.6545394097211	1381
0.10647884198302	0.352309794326609	88
0.10328279028361	0.353197314225222	1131
0.10826925398621	0.351630194981725	1131
0.10689134122138	0.351285302005725	1817
0.10218335279232	0.353699707342604	255
-0.0219447451608401	0.579924971604282	255
-0.0279981263911899	0.581052805298475	631
0.10546550169137	1.27010603892885	640
-0.10494756977428	1.34867760875	640
-0.0206064013082601	0.579256545559091	68
0.0205580137244501	0.922824886840433	39
-0.00407900443040998	1.1631335136912	39
-0.0272357610266101	0.58293567232368	62
0.0809006645822199	1.4474915821431	62
0.0841141687861899	0.654824552022475	39
-0.0891161283477699	1.08828103310809	70
0.0876519400772999	0.650968305198471	58
0.0304153902198601	0.908991804726943	369
0.0372581726275201	1.41700537201762	369
0.10716674266205	0.352132388893513	1143
0.0896657887737	0.649980701034027	1143
0.07987113043911	0.657313340361156	1143
0.10647884198302	0.352309794326609	115
0.11161804781962	0.350237547909829	115
0.10758043184799	0.351807769829277	88
0.10716674266205	0.352132388893513	512
0.10895780785609	0.350714860686515	1381
0.10716674266205	0.352132388893513	1381
0.10716674266205	0.352132388893513	88
0.10826925398621	0.351630194981725	1817
0.0889418121888199	0.650550150792748	59
0.10895780785609	0.350714860686515	243
0.0595954047087399	1.21999592320213	631
-0.0769091283304799	0.830971076182268	640
0.0939467201281301	0.645784338390518	640
0.10826925398621	0.351630194981725	68
0.10328279028361	0.353197314225222	68
0.11418652255014	1.25600050441827	39
-0.0944961554619099	1.10498519766348	27
0.09720421319883	0.99759399511106	27
0.09912444120514	0.992427683311519	62
-0.0808685467783601	0.833531868826024	461
0.10218335279232	0.353699707342604	1189
0.10579067361142	0.351785528543761	31
0.0915878437528499	0.647358309178234	369
-0.0259013793896701	0.582633022248989	1143
0.10647884198302	0.352309794326609	115
0.10647884198302	0.352309794326609	115
0.10826925398621	0.351630194981725	723
0.0882072633098401	0.650992030959653	651
0.0850176259342801	0.652419444182068	651
0.10826925398621	0.351630194981725	734
-0.0168221136840501	0.577178479347997	107
0.11092586756108	0.350415838742694	281
0.10287853396258	0.35296389743942	2292
0.11230995697287	0.349325823144218	849
0.10785437586757	0.351215554477081	88
0.10647884198302	0.352309794326609	3920
0.10218335279232	0.353699707342604	301
0.0464725446807499	1.39577430016831	428
0.02944944026591	0.912268561660191	640
0.08876235876415	0.650754614292679	640
0.0191102629895299	0.923651478846146	640
-0.02656840239241	0.58297122228144	640
0.0814383260824101	1.45179197513448	444
-0.10571076893639	1.55569496334374	1279
-0.00335871394234011	1.16221004077765	68
0.08987186698926	0.649530308387677	1208
-0.07413890813543	0.828125663215551	1208
0.10328279028361	0.353197314225222	461
-0.08902471635142	1.0946622578206	70
0.0308961129788301	0.908271823758523	461
0.00229817693437995	1.15323780299293	461
0.10826925398621	0.351630194981725	1281
-0.01870808245147	0.577883497327535	58
-0.0161564891964301	0.576700733308464	219
0.08911118682812	0.650217800895839	369
0.08632690639061	0.652735113629601	369
0.08487211935683	0.654515958017152	369
-0.02183364624937	0.579789745439092	115
0.10328279028361	0.353197314225222	1144
-0.01965711158767	0.579970689675105	651
0.10647884198302	0.352309794326609	281
-0.0256210160689501	0.583695327776066	281
0.10397890323872	0.352462565358244	281
0.10785437586757	0.351215554477081	88
-0.0181543658115899	0.577220737180536	1818
-0.0357843038333701	1.5807345651846	59
-0.01870808245147	0.577883497327535	499
-0.0726891662296401	0.826166043456925	631
-0.0258231300371701	0.581187080143393	631
0.10218335279232	0.353699707342604	640
-0.0211704534369199	0.579825727743365	640
0.0167971924085399	0.922493439843997	444
0.10785437586757	0.351215554477081	68
-0.00815300491990989	1.17385173245088	68
-0.0214546059215199	0.580072466612979	461
0.10826925398621	0.351630194981725	58
0.10895780785609	0.350714860686515	58
0.10328279028361	0.353197314225222	115
-0.0309320665117701	0.585162590702791	1144
0.10785437586757	0.351215554477081	734
0.10826925398621	0.351630194981725	734
0.10758043184799	0.351807769829277	2745
0.08487211935683	0.654515958017152	734
0.10647884198302	0.352309794326609	734
0.10758043184799	0.351807769829277	855
0.10716674266205	0.352132388893513	855
0.10716674266205	0.352132388893513	88
0.12168103297175	1.46311701632488	428
0.10758043184799	0.351807769829277	640
-0.00847743547065005	1.17143246769775	68
0.10647884198302	0.352309794326609	68
0.02532302458674	0.919204901694303	1279
0.05713424883501	1.2205353009664	27
-0.10097297990146	1.11036197947246	39
-0.09866042653354	1.10817099418239	1208
0.05877168887454	1.21924796268925	39
-0.08139887882688	0.833409406769247	62
0.10148789770049	0.353384284502155	461
0.10758043184799	0.351807769829277	70
0.10397890323872	0.352462565358244	58
0.10758043184799	0.351807769829277	115
0.10218335279232	0.353699707342604	1144
0.0919381769649299	0.647880740377681	651
-0.02032538013449	0.58045220816518	651
0.09786574616812	0.353978519341629	96
0.10663361484863	0.351799503810815	96
0.10895780785609	0.350714860686515	2745
0.11092586756108	0.350415838742694	734
-0.0272357610266101	0.58293567232368	734
0.10218335279232	0.353699707342604	107
0.10647884198302	0.352309794326609	3476
0.11092586756108	0.350415838742694	281
0.10826925398621	0.351630194981725	88
0.0205603806453201	0.923153613701468	255
-0.0205075928915399	0.579490279223785	145
0.0907743109538099	0.648758219491063	499
-0.09878662324959	1.89067697367744	428
-0.01965711158767	0.579970689675105	631
0.0221801855283299	0.919997532601341	68
0.08431855036541	0.655167690820231	68
-0.10520810474624	1.11538494733139	68
-0.0389517011499501	1.58702860761598	68
-0.00682241922606997	1.17171951340401	27
0.11161804781962	0.350237547909829	39
0.0169314900914199	0.926963123360201	39
0.0169314900914199	0.926963123360201	461
-0.0891507673449601	1.32195738692168	461
0.10148789770049	0.353384284502155	70
0.10689134122138	0.351285302005725	219
0.10716674266205	0.352132388893513	58
0.09786574616812	0.353978519341629	31
0.10716674266205	0.352132388893513	369
0.10647884198302	0.352309794326609	723
0.10647884198302	0.352309794326609	1999
0.0857740617371201	0.653741388644674	651
0.08192849739238	0.65133437179192	651
-0.02261442293622	0.579780704461	2745
-0.02960390710866	0.58447674818335	734
0.10258640259334	0.352883231159087	430
-0.01965711158767	0.579970689675105	3476
0.10647884198302	0.352309794326609	281
0.10716674266205	0.352132388893513	88
0.10647884198302	0.352309794326609	88
0.08448087428146	1.4434070275197	255
0.0996337579737101	1.63924021075038	59
0.08112260688938	0.654660978698684	59
0.0593547555009799	1.22181892623431	227
0.0896657887737	0.649980701034027	640
0.02007559025623	0.923424698221672	68
-0.0212754047183501	0.579737208933733	68
-0.10387482975765	1.55319688054268	1279
-0.0309320665117701	0.585162590702791	68
-0.0199205806754099	1.37998054582272	68
-0.00443963714517004	1.16784273641081	68
-0.0191722410831301	1.37772945609227	62
-0.08376764188472	0.836860680576432	62
-0.02495473558411	0.58335694060492	62
-0.09798104667605	1.10874948573511	461
0.02104272212667	0.922873470954488	461
0.0832107315839501	0.655600676812176	461
0.09004342972879	0.649546766482322	461
0.0857740617371201	0.653741388644674	1405
0.11092586756108	0.350415838742694	369
0.10579067361142	0.351785528543761	369
-0.0258231300371701	0.581187080143393	369
-0.02166292684413	0.580493155786958	369
0.10663361484863	0.351799503810815	369
-0.01937561527664	0.578362564289604	369
0.10716674266205	0.352132388893513	115
0.10826925398621	0.351630194981725	136
0.10716674266205	0.352132388893513	2434
0.10716674266205	0.352132388893513	722
-0.0747163118421399	0.828947905752136	651
0.09786574616812	0.353978519341629	1569
0.10647884198302	0.352309794326609	734
0.10785437586757	0.351215554477081	281
0.10826925398621	0.351630194981725	88
0.10716674266205	0.352132388893513	88
0.10758043184799	0.351807769829277	256
0.10256311086208	1.27217662708808	428
0.01282711900197	0.929547770571796	640
-0.09964215496632	1.34573575294608	1279
0.0852209906930499	0.654392144647465	39
0.08265648146988	0.655317487706668	62
-0.0269545824372	0.582913354723689	461
0.0582517923330601	1.21912507662969	461
0.06812343466272	1.20376452192828	461
0.10826925398621	0.351630194981725	70
0.10647884198302	0.352309794326609	58
0.10826925398621	0.351630194981725	31
0.10161201644474	0.352326436107844	115
0.10758043184799	0.351807769829277	369
0.10287853396258	0.35296389743942	115
0.10785437586757	0.351215554477081	2434
-0.01832158261363	0.57762571413367	722
0.10647884198302	0.352309794326609	107
0.10647884198302	0.352309794326609	430
0.10579067361142	0.351785528543761	281
0.10826925398621	0.351630194981725	516
0.11161804781962	0.350237547909829	281
0.10716674266205	0.352132388893513	88
0.10287853396258	0.35296389743942	256
0.0183775437831899	0.924509297461505	255
0.01547606099306	0.925460115023956	499
-0.03523802922901	1.57420980842456	631
-0.00569538872691999	1.17030354105811	640
-0.0176586507196601	0.575702155841993	640
-0.07827948283135	0.83183831932133	640
-0.00330065935511992	1.15876261598833	68
0.0905692428887701	0.647595041048012	68
0.0159621640482199	0.92751320939181	68
-0.00263465632261006	1.16082213067007	68
0.0547185958337899	1.22622552651172	39
0.0844643741812901	0.652140562828595	461
-0.09283111913972	1.09622341777706	58
-0.0227821533700701	0.580372488261402	58
0.10716674266205	0.352132388893513	58
0.0907743109538099	0.648758219491063	369
-0.0939995977722401	1.1041416059508	369
-0.0165369043550301	0.576781738217319	369
-0.0272357610266101	0.58293567232368	369
0.0826830013925901	0.654219411560461	369
0.10579067361142	0.351785528543761	115
-0.07626076060679	0.829079171551256	115
0.08431855036541	0.655167690820231	722
0.11161804781962	0.350237547909829	734
0.10758043184799	0.351807769829277	734
0.10826925398621	0.351630194981725	107
0.10218335279232	0.353699707342604	281
0.10785437586757	0.351215554477081	281
0.10716674266205	0.352132388893513	88
0.10716674266205	0.352132388893513	88
0.0982592360254899	0.353721534917221	88
0.10716674266205	0.352132388893513	1715
-0.02032538013449	0.58045220816518	227
-0.0088281098457299	1.17133910664562	640
0.10831419146133	1.26042343541894	640
-0.01027893171429	1.17456152510093	68
-0.0214546059215199	0.580072466612979	68
0.08431855036541	0.655167690820231	68
0.10287853396258	0.35296389743942	68
0.09269410012819	0.646644202235759	39
0.08612344995625	0.651987418512096	461
0.0174136678724199	0.926522234186164	461
-0.0161564891964301	0.576700733308464	461
-0.0794173265377101	0.834766722893349	461
-0.0807327583128701	0.831232630964089	58
0.09059390112036	0.648549439477228	58
-0.0883722425889699	0.839449743227902	58
0.0782130537447801	0.657852425330512	369
0.0914061382479301	0.647216656522794	369
0.10579067361142	0.351785528543761	369
-0.07480862840562	0.82835962569904	369
0.10579067361142	0.351785528543761	136
0.10716674266205	0.352132388893513	651
-0.0808685467783601	0.833531868826024	651
0.10758043184799	0.351807769829277	651
0.10647884198302	0.352309794326609	651
0.10716674266205	0.352132388893513	651
0.10785437586757	0.351215554477081	651
0.10826925398621	0.351630194981725	734
0.10716674266205	0.352132388893513	281
0.10397890323872	0.352462565358244	849
0.10826925398621	0.351630194981725	630
0.10647884198302	0.352309794326609	88
0.10716674266205	0.352132388893513	256
0.08748786869031	0.652520255624373	59
0.11161804781962	0.350237547909829	255
0.11161804781962	0.350237547909829	499
-0.00904056642032991	1.93670121975366	640
0.10716674266205	0.352132388893513	1279
0.10826925398621	0.351630194981725	1497
0.10716674266205	0.352132388893513	27
0.10647884198302	0.352309794326609	27
-0.01937561527664	0.578362564289604	62
-0.0168221136840501	0.577178479347997	62
0.10328279028361	0.353197314225222	2754
-0.0996929279530301	1.53276935698178	461
0.10785437586757	0.351215554477081	369
0.10716674266205	0.352132388893513	369
0.10758043184799	0.351807769829277	369
-0.0997762073327499	1.34691590185004	115
0.0907743109538099	0.648758219491063	115
0.08914213548745	0.651442119559592	115
-0.0256210160689501	0.583695327776066	136
0.10758043184799	0.351807769829277	651
-0.0309320665117701	0.585162590702791	107
0.0229109294454399	0.920115134081015	107
0.10826925398621	0.351630194981725	430
0.10218335279232	0.353699707342604	430
0.10328279028361	0.353197314225222	281
0.10758043184799	0.351807769829277	630
-0.02183364624937	0.579789745439092	630
0.07966843983398	0.657264267464277	88
0.10647884198302	0.352309794326609	88
0.10716674266205	0.352132388893513	256
0.10785437586757	0.351215554477081	5251
-0.0180408851730201	0.577068127053539	227
0.10647884198302	0.352309794326609	444
0.08839071353799	0.648469180284038	1318
-0.0751994282328501	0.829206647171541	1318
-0.03559222840957	0.585939068936265	68
-0.0206064013082601	0.579256545559091	27
0.10826925398621	0.351630194981725	27
0.10397890323872	0.352462565358244	62
-0.03121180177176	0.584322987944732	62
0.10895780785609	0.350714860686515	62
0.10647884198302	0.352309794326609	2754
-0.07757416610979	0.830631655983589	461
0.0981382560148301	0.991039360582381	461
-0.02742959465009	0.581879879551057	369
-0.02032538013449	0.58045220816518	369
-0.07704543603291	0.830073818425413	369
0.0832107315839501	0.655600676812176	115
0.0841343437690301	0.654257008970129	115
0.09681573140722	0.997021759266218	651
0.10716674266205	0.352132388893513	651
-0.08784425663655	0.838827240360376	651
-0.06697196502782	0.818601009337207	107
0.02483670716692	0.919730639223693	107
0.10785437586757	0.351215554477081	430
0.10328279028361	0.353197314225222	281
0.10218335279232	0.353699707342604	88
0.10758043184799	0.351807769829277	88
0.10218335279232	0.353699707342604	2424
0.10785437586757	0.351215554477081	3900
0.0802206285856899	0.657069110109831	1715
0.10218335279232	0.353699707342604	192
0.08525387215921	1.66692607087277	59
0.10716674266205	0.352132388893513	243
-0.0154911986975901	0.575887232891104	499
0.11397421495731	1.25654969528612	631
0.11081866042479	1.26254317143583	640
0.10148789770049	0.353384284502155	68
0.10647884198302	0.352309794326609	1279
0.10826925398621	0.351630194981725	27
0.10689134122138	0.351285302005725	27
0.10716674266205	0.352132388893513	27
0.11092586756108	0.350415838742694	27
0.10579067361142	0.351785528543761	461
0.10579067361142	0.351785528543761	461
0.10287853396258	0.35296389743942	461
0.0191102629895299	0.923651478846146	1231
0.06604333922933	1.20811431842354	58
0.0243555019897099	0.920328771307225	58
-0.02656840239241	0.58297122228144	369
0.10826925398621	0.351630194981725	369
-0.0733571621476901	0.825105299411808	369
-0.08047699029971	0.834871868878997	369
0.07896968465565	0.656318924351277	115
0.0795224266797201	0.655409398711473	115
0.01451056659366	0.925979460375656	107
0.10758043184799	0.351807769829277	107
0.10647884198302	0.352309794326609	107
-0.0721598070663001	0.824720768215814	107
0.10218335279232	0.353699707342604	430
-0.01965711158767	0.579970689675105	430
0.10397890323872	0.352462565358244	281
0.10716674266205	0.352132388893513	875
0.10826925398621	0.351630194981725	1650
-0.0293241189514	0.582953239357999	281
0.10758043184799	0.351807769829277	630
0.10785437586757	0.351215554477081	749
0.10397890323872	0.352462565358244	192
0.10287853396258	0.35296389743942	256
-0.10391521265282	1.73542273131325	227
-0.00552302865826992	1.16387289261682	68
-0.06241225604218	1.787403369109	1175
0.05298579320195	1.22568244350049	1175
-0.10582365564878	1.34771361512648	27
-0.07849590914857	0.833815212107253	62
-0.08204699952434	0.833054087097089	58
-0.07366172701221	0.828162934778137	369
-0.0214546059215199	0.580072466612979	369
-0.02400836223229	0.581258703136909	115
-0.02428878983577	0.582639355082303	115
0.10218335279232	0.353699707342604	107
0.10218335279232	0.353699707342604	107
0.11092586756108	0.350415838742694	734
0.10826925398621	0.351630194981725	734
0.10218335279232	0.353699707342604	2623
-0.0199377346304801	0.578438416169099	2623
0.11161804781962	0.350237547909829	281
0.10733312446004	0.351067215845013	281
0.10895780785609	0.350714860686515	281
0.10287853396258	0.35296389743942	481
0.11092586756108	0.350415838742694	1650
-0.0168221136840501	0.577178479347997	516
0.10647884198302	0.352309794326609	516
0.10895780785609	0.350714860686515	630
-0.01898917918035	0.579150144945583	630
0.10647884198302	0.352309794326609	256
0.10716674266205	0.352132388893513	256
0.10647884198302	0.352309794326609	256
0.0857740617371201	0.653741388644674	255
-0.0588308923663601	1.9372156948504	255
-0.10003841206048	2.21320468993055	243
0.12276828515385	1.67739734456671	227
-0.03373785615823	1.57320222012511	227
-0.10663052883658	1.55802584221854	227
0.00179385843691993	1.62650744462621	631
0.0186261866624899	0.92210518577733	27
0.00105711530447006	1.1575552455696	27
-0.0168903893371199	1.37243527285299	27
0.02024023311193	0.924451068974598	62
0.0191102629895299	0.923651478846146	62
0.0832335746052799	0.653693295787917	62
-0.10285300339445	1.11324573019071	461
-0.0674988839524999	0.818989459922804	461
0.10647884198302	0.352309794326609	58
0.10758043184799	0.351807769829277	58
-0.02032538013449	0.58045220816518	31
0.0850176259342801	0.652419444182068	369
-0.07180549896509	0.824779730602868	369
-0.02099398512007	0.58063946719774	369
-0.01965711158767	0.579970689675105	369
0.0867475491926599	0.649998001219271	115
-0.0219447451608401	0.579924971604282	115
0.11161804781962	0.350237547909829	107
0.10218335279232	0.353699707342604	107
0.10716674266205	0.352132388893513	734
0.10826925398621	0.351630194981725	107
0.10579067361142	0.351785528543761	430
0.10258640259334	0.352883231159087	430
0.10663361484863	0.351799503810815	1650
0.10785437586757	0.351215554477081	1650
0.10579067361142	0.351785528543761	281
0.10785437586757	0.351215554477081	630
0.10328279028361	0.353197314225222	630
0.10758043184799	0.351807769829277	301
0.0420077641051499	1.40381580409985	640
-0.0761660306668299	0.831314833981947	68
0.01200247615553	1.60910336504322	1175
-0.07399230800118	0.824516353761766	1175
-0.01900084973012	1.18367396444528	1497
-0.10624693000527	1.11147954274805	27
0.0857740617371201	0.653741388644674	27
-0.01965711158767	0.579970689675105	1231
-0.07933270807379	0.833882740653433	1231
-0.0852196205123401	0.837338300458352	58
0.10328279028361	0.353197314225222	31
-0.02378219802101	1.3827661316235	58
-0.0704922579537901	0.823270430998809	58
0.09786574616812	0.353978519341629	369
-0.0199377346304801	0.578438416169099	369
0.0841141687861899	0.654824552022475	369
0.08911118682812	0.650217800895839	115
0.10826925398621	0.351630194981725	651
0.10579067361142	0.351785528543761	651
0.11161804781962	0.350237547909829	107
0.10716674266205	0.352132388893513	107
0.10647884198302	0.352309794326609	2686
0.10716674266205	0.352132388893513	430
0.10218335279232	0.353699707342604	430
0.10758043184799	0.351807769829277	430
0.09786574616812	0.353978519341629	281
0.10579067361142	0.351785528543761	630
0.10647884198302	0.352309794326609	630
0.0989630106853701	0.353478679518203	88
0.12219072261737	1.47044145689714	35
0.08748786869031	0.652520255624373	1338
0.02120245262517	0.923209316173972	499
-0.0980306670165201	1.10914661319701	499
0.0155325058225899	1.59340709965006	640
0.0878589542234101	0.649782359675678	640
0.02765907762227	0.912562150971111	68
-0.0216404738792599	1.38355698582006	68
-0.01184520399815	1.17627293471789	1175
-0.0212754047183501	0.579737208933733	68
-0.01739728463128	1.18268094692056	1497
0.0818103295908099	1.44632262134982	68
-0.0980306670165201	1.10914661319701	27
0.08768915422257	0.651530929339694	461
0.0807725913801201	0.656539941503435	461
0.10516102537739	0.983539683184722	58
0.11230995697287	0.349325823144218	58
0.10689134122138	0.351285302005725	58
0.10826925398621	0.351630194981725	31
0.10716674266205	0.352132388893513	58
0.10758043184799	0.351807769829277	58
0.0837647544950799	0.655529150841431	58
0.10579067361142	0.351785528543761	369
0.10328279028361	0.353197314225222	369
-0.0269545824372	0.582913354723689	651
0.10785437586757	0.351215554477081	115
0.10758043184799	0.351807769829277	651
0.10647884198302	0.352309794326609	115
0.10826925398621	0.351630194981725	651
-0.0799470570269301	0.834996837205207	651
0.10895780785609	0.350714860686515	107
0.10579067361142	0.351785528543761	107
0.10647884198302	0.352309794326609	165
0.10647884198302	0.352309794326609	165
0.10148789770049	0.353384284502155	734
0.11161804781962	0.350237547909829	481
0.10826925398621	0.351630194981725	281
0.10826925398621	0.351630194981725	281
0.11023341597372	0.349898349308083	630
0.10593382759709	0.35148923313409	630
0.10148789770049	0.353384284502155	630
0.10647884198302	0.352309794326609	88
0.10758043184799	0.351807769829277	5066
0.10758043184799	0.351807769829277	88
0.10218335279232	0.353699707342604	35
-0.0152067997466201	0.576118661909323	243
-0.01937561527664	0.578362564289604	227
0.0887923226131	0.649884352175995	227
0.0867475491926599	0.649998001219271	68
0.0884143147476999	0.649302054491071	68
0.10716674266205	0.352132388893513	1279
-0.03121180177176	0.584322987944732	1497
-0.02099398512007	0.58063946719774	1497
0.10758043184799	0.351807769829277	27
0.10826925398621	0.351630194981725	39
-0.03121180177176	0.584322987944732	62
-0.0302678201580699	0.585048846712041	62
-0.0269545824372	0.582913354723689	62
-0.02495473558411	0.58335694060492	461
0.10826925398621	0.351630194981725	461
0.10328279028361	0.353197314225222	1231
0.10758043184799	0.351807769829277	58
0.10716674266205	0.352132388893513	58
0.10826925398621	0.351630194981725	369
0.10895780785609	0.350714860686515	31
0.10716674266205	0.352132388893513	369
0.10826925398621	0.351630194981725	369
0.11161804781962	0.350237547909829	369
0.10647884198302	0.352309794326609	651
0.10647884198302	0.352309794326609	651
0.11092586756108	0.350415838742694	108
0.10826925398621	0.351630194981725	651
0.10826925398621	0.351630194981725	165
0.10758043184799	0.351807769829277	165
0.10758043184799	0.351807769829277	630
0.10196585495342	1.27196640454353	59
0.0922286548811599	1.00179549889165	1338
0.00531997473023993	1.62100118981291	1338
-0.01748807245685	0.577364796631369	227
0.09589277564872	0.994372486347459	640
-0.02495473558411	0.58335694060492	640
0.0082687822235199	0.931310717831657	640
0.10716674266205	0.352132388893513	640
0.01234487444543	0.930192727125448	68
0.0822252997955499	0.653228778341304	68
-0.09818970079986	1.10806467480942	1175
0.0316046661196701	1.42385481291468	1497
-0.0259013793896701	0.582633022248989	39
0.09321819000058	1.00038228783875	461
0.0989630106853701	0.353478679518203	461
0.0844643741812901	0.652140562828595	58
0.10647884198302	0.352309794326609	58
-0.01748807245685	0.577364796631369	58
-0.02676803648149	0.581766483346834	2813
-0.0259013793896701	0.582633022248989	651
0.10716674266205	0.352132388893513	651
0.09786574616812	0.353978519341629	2623
0.10218335279232	0.353699707342604	2623
0.10716674266205	0.352132388893513	430
0.10328279028361	0.353197314225222	430
0.10716674266205	0.352132388893513	281
0.08931722660306	0.650273274268608	2159
0.10716674266205	0.352132388893513	630
0.10716674266205	0.352132388893513	630
0.10579067361142	0.351785528543761	798
0.10328279028361	0.353197314225222	35
0.10716674266205	0.352132388893513	35
-0.0916562022127301	0.839316150544912	640
-0.0958126980130301	1.10333561255148	640
-0.0798084916433699	0.832741341170684	68
0.0159621640482199	0.92751320939181	68
0.0964250992941	0.994490052199396	68
0.02532302458674	0.919204901694303	27
0.10328279028361	0.353197314225222	62
-0.0180408851730201	0.577068127053539	1231
0.10826925398621	0.351630194981725	1231
-0.07849590914857	0.833815212107253	58
-0.0981643693774199	1.1057109968672	58
-0.02960390710866	0.58447674818335	58
0.10785437586757	0.351215554477081	651
0.09786574616812	0.353978519341629	651
0.10647884198302	0.352309794326609	651
0.10826925398621	0.351630194981725	165
-0.0299876141396001	0.583067451775322	165
0.10716674266205	0.352132388893513	734
0.10716674266205	0.352132388893513	4595
0.10758043184799	0.351807769829277	281
0.10826925398621	0.351630194981725	481
0.10785437586757	0.351215554477081	3093
0.10689134122138	0.351285302005725	630
0.10716674266205	0.352132388893513	88
0.10895780785609	0.350714860686515	2038
0.10758043184799	0.351807769829277	798
0.0978643888698301	0.992606804880198	59
0.0884143147476999	0.649302054491071	227
0.0992041884847299	0.994822326681086	227
0.0869359952923301	0.652238168620569	640
-0.10034346869271	1.34638900727539	27
-0.0719424119829399	0.82551236681541	27
0.01564889307702	0.925927863496119	27
-0.00758984963335996	1.17294052006682	39
0.0232368326474699	0.915849341973956	39
0.0258039864119699	0.91860746365762	62
-0.0808685467783601	0.833531868826024	62
-0.10270659309063	1.11300755458358	60
0.10708517398359	1.26558258856505	461
0.10258640259334	0.352883231159087	687
0.11230995697287	0.349325823144218	1231
0.10716674266205	0.352132388893513	1231
0.08876235876415	0.650754614292679	58
0.10716674266205	0.352132388893513	58
-0.07088491271612	0.825639858099944	31
0.11092586756108	0.350415838742694	58
0.10716674266205	0.352132388893513	31
-0.08047699029971	0.834871868878997	31
0.10826925398621	0.351630194981725	651
0.10689134122138	0.351285302005725	651
0.0782130537447801	0.657852425330512	651
0.10579067361142	0.351785528543761	2039
-0.0145422476842101	0.575306259165605	2039
-0.02071168876143	0.578406004795778	2039
0.10218335279232	0.353699707342604	2039
0.10785437586757	0.351215554477081	481
0.0989630106853701	0.353478679518203	2159
0.10258640259334	0.352883231159087	2159
-0.02099398512007	0.58063946719774	88
0.10647884198302	0.352309794326609	788
0.10758043184799	0.351807769829277	256
0.10785437586757	0.351215554477081	256
0.11825938115068	1.47708137051647	640
-0.0410437260738801	1.57977720255456	1279
0.07987113043911	0.657313340361156	62
-0.0138475062102199	1.18012116318277	461
-0.02428878983577	0.582639355082303	31
0.0880395164151999	0.652449440273683	31
0.0962994489100599	0.999191259441656	719
0.0885563574289101	0.650194172814921	651
0.10826925398621	0.351630194981725	651
-0.0258231300371701	0.581187080143393	651
-0.0752439062419199	0.828825229159885	651
-0.10411931694681	1.11248567861516	108
-0.0841612711469799	0.837804955574193	108
-0.0753390010060999	0.828132219850736	651
0.10716674266205	0.352132388893513	430
0.10287853396258	0.35296389743942	281
0.09716291462318	0.354221264198155	261
0.10716674266205	0.352132388893513	88
0.0899267593913899	0.645893034779778	88
0.10647884198302	0.352309794326609	88
0.10689134122138	0.351285302005725	88
0.10579067361142	0.351785528543761	88
0.10826925398621	0.351630194981725	88
0.10758043184799	0.351807769829277	256
0.10258640259334	0.352883231159087	256
0.10758043184799	0.351807769829277	256
0.10716674266205	0.352132388893513	301
-0.09818970079986	1.10806467480942	227
0.006707234796	1.6226822229539	227
0.03803262699838	1.41051831464852	227
0.09589277564872	0.994372486347459	68
0.0946372053147	1.00121491022345	68
0.08836248145687	1.00383614844131	27
-0.02600597712709	0.58082284511866	27
-0.03604860377815	1.40099594877986	27
-0.02638265120207	1.38885964227556	461
0.08876235876415	0.650754614292679	461
0.0841141687861899	0.654824552022475	31
-0.07418891881002	0.828719306568647	31
0.09304389476812	0.647668753377714	719
0.08911118682812	0.650217800895839	369
0.10647884198302	0.352309794326609	651
-0.0232844383453501	0.578960155602578	651
0.10895780785609	0.350714860686515	651
0.10397890323872	0.352462565358244	165
0.10716674266205	0.352132388893513	165
-0.0136848325047201	0.572536423066486	107
0.10218335279232	0.353699707342604	430
0.11161804781962	0.350237547909829	430
0.10826925398621	0.351630194981725	281
0.10689134122138	0.351285302005725	281
0.10148789770049	0.353384284502155	281
0.0837647544950799	0.655529150841431	281
0.10218335279232	0.353699707342604	281
0.10287853396258	0.35296389743942	261
-0.02032538013449	0.58045220816518	261
-0.02495473558411	0.58335694060492	281
0.10579067361142	0.351785528543761	561
0.10826925398621	0.351630194981725	88
0.10826925398621	0.351630194981725	256
0.10647884198302	0.352309794326609	256
-0.05714311659003	2.47639382535215	227
-0.02960287253887	1.39302264425196	58
-0.00348102131423	1.16222099273586	58
-0.0165342244228399	1.18133939784809	651
0.0418208723069899	1.79298421144778	108
0.10072681319982	1.63501228496725	651
-0.10001352077421	1.73465030637591	651
0.0759165901090599	1.45127655960009	165
0.10647884198302	0.352309794326609	430
0.0907743109538099	0.648758219491063	281
0.0882408511769	0.650884112892455	261
0.10647884198302	0.352309794326609	88
0.10895780785609	0.350714860686515	88
0.10647884198302	0.352309794326609	88
0.11230995697287	0.349325823144218	88
-0.0256210160689501	0.583695327776066	256
0.0229741267826	0.919551013388354	256
0.10716674266205	0.352132388893513	4076
-0.01587168520504	0.57659573259799	256
0.10716674266205	0.352132388893513	301
0.10218335279232	0.353699707342604	301
0.10328279028361	0.353197314225222	301
0.10895780785609	0.350714860686515	755
0.11092586756108	0.350415838742694	755
0.02616047501686	1.95220116835322	1338
-0.0971743133326299	1.33581257600674	1338
0.0830339831393301	0.654977959690159	1338
0.02313800604991	1.43739124635928	227
0.08949273347165	0.650191977967804	640
0.02371954232839	0.916934181780596	68
0.0969432131304799	0.996408712146715	68
-0.00713008611479005	1.16962537041658	138
0.0914061382479301	0.647216656522794	27
-0.0299876141396001	0.583067451775322	27
-0.02261442293622	0.579780704461	62
0.0900151349515701	0.647831785542205	461
-0.01926657529592	1.3722203893299	2515
-0.02495473558411	0.58335694060492	58
0.0178956857389101	0.925718367547389	58
0.10669322897175	1.2656486209761	58
-0.00355233747666994	1.16787757787184	31
0.10826925398621	0.351630194981725	651
0.10716674266205	0.352132388893513	651
0.0913282315128601	0.647681819507928	651
-0.01965711158767	0.579970689675105	4143
0.0969676438585201	0.641993211781117	651
0.0857740617371201	0.653741388644674	651
0.10397890323872	0.352462565358244	165
-0.01937561527664	0.578362564289604	165
-0.0200434839469901	0.578549734222855	107
0.10716674266205	0.352132388893513	107
0.10826925398621	0.351630194981725	107
-0.0264839353201201	0.581300229956136	430
0.10826925398621	0.351630194981725	430
0.11092586756108	0.350415838742694	281
0.10826925398621	0.351630194981725	873
0.10785437586757	0.351215554477081	281
0.10826925398621	0.351630194981725	261
-0.0214546059215199	0.580072466612979	561
0.10579067361142	0.351785528543761	1069
0.10716674266205	0.352132388893513	88
-0.02032538013449	0.58045220816518	1411
0.10785437586757	0.351215554477081	256
0.10258640259334	0.352883231159087	256
0.10758043184799	0.351807769829277	256
0.10161201644474	0.352326436107844	1541
0.10826925398621	0.351630194981725	301
0.10785437586757	0.351215554477081	59
0.10218335279232	0.353699707342604	59
0.10647884198302	0.352309794326609	59
0.10895780785609	0.350714860686515	1338
0.09786574616812	0.353978519341629	145
0.10328279028361	0.353197314225222	145
0.10758043184799	0.351807769829277	227
0.10785437586757	0.351215554477081	68
0.10148789770049	0.353384284502155	68
0.10218335279232	0.353699707342604	27
0.10758043184799	0.351807769829277	1937
0.10758043184799	0.351807769829277	4143
-0.0272357610266101	0.58293567232368	492
0.0904806810340699	0.646982272796758	227
-0.0794173265377101	0.834766722893349	68
-0.07413890813543	0.828125663215551	461
0.0928069922769801	0.999890883239598	461
0.10397890323872	0.352462565358244	58
0.10716674266205	0.352132388893513	58
0.10895780785609	0.350714860686515	4039
0.11092586756108	0.350415838742694	719
0.10647884198302	0.352309794326609	719
-0.02656840239241	0.58297122228144	719
0.10716674266205	0.352132388893513	2006
0.10716674266205	0.352132388893513	1450
0.10689134122138	0.351285302005725	281
0.10579067361142	0.351785528543761	281
0.10758043184799	0.351807769829277	814
0.10287853396258	0.35296389743942	88
0.10826925398621	0.351630194981725	88
0.10785437586757	0.351215554477081	1411
-0.01965711158767	0.579970689675105	227
0.10647884198302	0.352309794326609	227
0.10826925398621	0.351630194981725	227
0.10826925398621	0.351630194981725	640
0.10647884198302	0.352309794326609	503
0.10579067361142	0.351785528543761	4028
0.10826925398621	0.351630194981725	27
0.10716674266205	0.352132388893513	27
0.10218335279232	0.353699707342604	27
0.10716674266205	0.352132388893513	27
0.10647884198302	0.352309794326609	62
0.11092586756108	0.350415838742694	62
0.10716674266205	0.352132388893513	62
0.10716674266205	0.352132388893513	62
0.11161804781962	0.350237547909829	1385
0.10218335279232	0.353699707342604	1385
0.10218335279232	0.353699707342604	3117
0.10758043184799	0.351807769829277	3117
0.11023341597372	0.349898349308083	201
0.10826925398621	0.351630194981725	719
0.10758043184799	0.351807769829277	719
0.10287853396258	0.35296389743942	651
0.10716674266205	0.352132388893513	107
0.10716674266205	0.352132388893513	589
0.10218335279232	0.353699707342604	28
0.10716674266205	0.352132388893513	28
0.10647884198302	0.352309794326609	28
0.10647884198302	0.352309794326609	28
0.09390967967812	0.353808839268374	227
0.10716674266205	0.352132388893513	640
0.10716674266205	0.352132388893513	503
0.10647884198302	0.352309794326609	27
0.10758043184799	0.351807769829277	2254
0.10826925398621	0.351630194981725	2006
0.10785437586757	0.351215554477081	1338
0.10758043184799	0.351807769829277	227
0.10826925398621	0.351630194981725	5060
0.10328279028361	0.353197314225222	492
0.10579067361142	0.351785528543761	640
0.10758043184799	0.351807769829277	2556
0.10397890323872	0.352462565358244	503
0.10258640259334	0.352883231159087	138
0.10716674266205	0.352132388893513	27
0.10716674266205	0.352132388893513	27
0.10785437586757	0.351215554477081	62
0.10689134122138	0.351285302005725	58
0.10258640259334	0.352883231159087	58
0.0989630106853701	0.353478679518203	201
0.10716674266205	0.352132388893513	1002
0.10716674266205	0.352132388893513	1937
0.0989630106853701	0.353478679518203	1338
0.10785437586757	0.351215554477081	589
0.10716674266205	0.352132388893513	68
0.10218335279232	0.353699707342604	62
0.10218335279232	0.353699707342604	62
0.10826925398621	0.351630194981725	58
0.10397890323872	0.352462565358244	81
0.10328279028361	0.353197314225222	589
0.10758043184799	0.351807769829277	589
0.10647884198302	0.352309794326609	68
0.11092586756108	0.350415838742694	68
0.10148789770049	0.353384284502155	138
0.10397890323872	0.352462565358244	27
0.10826925398621	0.351630194981725	62
0.10785437586757	0.351215554477081	62
0.10218335279232	0.353699707342604	62
0.10647884198302	0.352309794326609	62
0.10148789770049	0.353384284502155	62
0.10785437586757	0.351215554477081	976
0.11092586756108	0.350415838742694	461
0.10148789770049	0.353384284502155	461
0.10689134122138	0.351285302005725	3521
0.10826925398621	0.351630194981725	201
0.10328279028361	0.353197314225222	201
0.10826925398621	0.351630194981725	651
0.11605020732735	1.4827531116746	145
0.0858455228171899	0.649568822402081	5060
0.0795224266797201	0.655409398711473	640
0.10895780785609	0.350714860686515	68
-0.0773004297192601	0.829535217281011	68
0.07155985553767	1.46864775132668	138
-0.0180408851730201	0.577068127053539	228
-0.0309320665117701	0.585162590702791	27
-0.09803229557931	1.34078408527021	62
-0.00670279033590004	1.17267873531793	461
0.0985674838667401	1.27763107274004	461
0.0271786952448601	0.912840442005666	461
0.0924911489970699	0.647904639842956	461
0.11092586756108	0.350415838742694	4039
-0.017868344914	0.575821689199037	4039
0.08987186698926	0.649530308387677	201
0.08466769309659	0.654753086475839	81
-0.02400836223229	0.581258703136909	1002
0.0882072633098401	0.650992030959653	1002
-0.0272357610266101	0.58293567232368	143
0.07966843983398	0.657264267464277	143
-0.0794173265377101	0.834766722893349	31
-0.07849590914857	0.833815212107253	719
0.10716674266205	0.352132388893513	651
0.10826925398621	0.351630194981725	1912
0.10328279028361	0.353197314225222	1912
0.11230995697287	0.349325823144218	215
0.10716674266205	0.352132388893513	111
0.10758043184799	0.351807769829277	111
0.10758043184799	0.351807769829277	111
0.10826925398621	0.351630194981725	2006
-0.0199377346304801	0.578438416169099	142
0.10689134122138	0.351285302005725	430
0.10647884198302	0.352309794326609	107
0.10826925398621	0.351630194981725	185
0.10716674266205	0.352132388893513	1450
0.10758043184799	0.351807769829277	873
0.10647884198302	0.352309794326609	873
0.10716674266205	0.352132388893513	88
0.10689134122138	0.351285302005725	88
0.10758043184799	0.351807769829277	88
0.10826925398621	0.351630194981725	88
0.10785437586757	0.351215554477081	88
0.10785437586757	0.351215554477081	88
0.10258640259334	0.352883231159087	1411
0.10148789770049	0.353384284502155	97
-0.00523780807336993	1.16606041346635	28
0.07786352108392	0.657043512654335	492
0.0243512647991599	0.917577781149212	62
-0.0148669380673101	1.18011438856034	1253
-0.10615014902738	1.11587919300534	1253
0.0677902774350201	1.20763431069902	461
-0.0753390010060999	0.828132219850736	3521
0.10716674266205	0.352132388893513	58
-0.02495473558411	0.58335694060492	58
0.10218335279232	0.353699707342604	201
0.08612344995625	0.651987418512096	201
-0.10273241116484	1.10907153770944	719
0.0833857581741599	0.652894079339778	31
0.10218335279232	0.353699707342604	651
0.11161804781962	0.350237547909829	651
0.10826925398621	0.351630194981725	651
0.10895780785609	0.350714860686515	651
0.0205603806453201	0.923153613701468	108
0.11092586756108	0.350415838742694	107
-0.02099398512007	0.58063946719774	3860
0.10647884198302	0.352309794326609	111
0.10826925398621	0.351630194981725	111
0.10758043184799	0.351807769829277	107
0.10218335279232	0.353699707342604	107
0.10895780785609	0.350714860686515	430
0.10148789770049	0.353384284502155	281
0.10647884198302	0.352309794326609	873
0.10647884198302	0.352309794326609	88
0.10826925398621	0.351630194981725	88
0.10826925398621	0.351630194981725	814
0.10716674266205	0.352132388893513	88
0.10785437586757	0.351215554477081	88
0.10716674266205	0.352132388893513	256
0.10716674266205	0.352132388893513	256
0.10826925398621	0.351630194981725	301
-0.08284461417155	0.833673347483625	145
-0.0737484919429701	0.827865968081847	68
-0.0319578204951001	1.39459892428584	138
-0.00357673156177007	1.16560194316731	138
0.08931722660306	0.650273274268608	27
-0.0794173265377101	0.834766722893349	27
0.09042628008524	0.64845225589603	27
0.08286183671648	0.6545394097211	62
-0.02544591318668	0.579870378715601	62
-0.0302678201580699	0.585048846712041	1253
-0.02400836223229	0.581258703136909	62
0.10716674266205	0.352132388893513	461
0.09466138356984	0.99794521452535	461
0.0962054961501799	0.996201448115353	461
-0.0940267053470001	1.10414074404699	3521
-0.0985006512618001	1.10982670170027	201
0.08987186698926	0.649530308387677	719
-0.10124051713031	1.11051296600747	143
0.10397890323872	0.352462565358244	87
0.0876519400772999	0.650968305198471	87
0.08466769309659	0.654753086475839	651
0.10826925398621	0.351630194981725	651
0.10328279028361	0.353197314225222	651
0.0807725913801201	0.656539941503435	165
0.10716674266205	0.352132388893513	111
0.10647884198302	0.352309794326609	142
0.10218335279232	0.353699707342604	142
0.10647884198302	0.352309794326609	142
0.10785437586757	0.351215554477081	142
0.10826925398621	0.351630194981725	159
0.10785437586757	0.351215554477081	281
0.10895780785609	0.350714860686515	873
0.10716674266205	0.352132388893513	873
0.10647884198302	0.352309794326609	873
-0.07360895235181	0.82711047870906	561
0.10785437586757	0.351215554477081	88
0.10895780785609	0.350714860686515	88
0.10579067361142	0.351785528543761	1541
0.11161804781962	0.350237547909829	256
0.01838330496804	0.924723483967925	589
-0.0823163475706701	0.833665437461769	589
-0.0441419450298699	1.90234888448049	68
-0.02628763158757	0.583658225403998	3
-0.01870808245147	0.577883497327535	68
-0.01587168520504	0.57659573259799	62
-0.0850002681922899	0.835073301555823	62
0.11161804781962	0.350237547909829	461
-0.0689081082983001	0.822098808056114	58
0.08468418712269	0.653349101940307	58
-0.10775797148774	1.35674343591797	3521
-0.0799470570269301	0.834996837205207	58
-0.0287092043825701	1.56287756345298	58
-0.11006712065288	1.11869034452238	58
-0.10090964433004	1.3422709751288	58
0.10826925398621	0.351630194981725	143
0.10758043184799	0.351807769829277	143
-0.0246738993289199	0.581595777089794	143
0.0402103395526701	1.40433616677981	719
-0.10913109633234	1.35535525086549	719
0.10758043184799	0.351807769829277	143
0.07396822305422	0.658221005570004	651
0.10758043184799	0.351807769829277	651
0.10328279028361	0.353197314225222	651
0.10258640259334	0.352883231159087	651
0.10716674266205	0.352132388893513	651
0.10733312446004	0.351067215845013	1107
0.10758043184799	0.351807769829277	142
0.10328279028361	0.353197314225222	430
0.10785437586757	0.351215554477081	430
0.10328279028361	0.353197314225222	430
0.10218335279232	0.353699707342604	281
0.02248878727375	0.92002627208102	88
0.08911118682812	0.650217800895839	256
0.11092586756108	0.350415838742694	256
-0.02032538013449	0.58045220816518	589
0.10287853396258	0.35296389743942	589
0.10218335279232	0.353699707342604	28
-0.09736261221133	1.72755317326123	227
0.0118565910463599	0.927929807397721	586
-0.0219447451608401	0.579924971604282	68
-0.02428878983577	0.582639355082303	68
-0.0161564891964301	0.576700733308464	138
-0.02533977086171	0.581560371416527	228
-0.02400836223229	0.581258703136909	228
0.11161804781962	0.350237547909829	62
-0.0206064013082601	0.579256545559091	60
0.08917904106803	0.998412194490948	461
0.0199142898284801	0.919433165845756	58
0.0967687580801799	0.642132545674737	3521
-0.0152067997466201	0.576118661909323	58
0.06695456650799	1.20839264930834	58
-0.0168221136840501	0.577178479347997	143
0.10328279028361	0.353197314225222	143
0.10689134122138	0.351285302005725	143
0.029446285541	0.911626738788338	719
-0.07480862840562	0.82835962569904	719
-0.02714507140261	0.580674078251489	143
0.0885909386274999	0.652090173543142	143
0.08911118682812	0.650217800895839	143
-0.0206064013082601	0.579256545559091	651
0.0787659723701499	0.658038712603471	651
0.10148789770049	0.353384284502155	165
0.02104272212667	0.922873470954488	111
0.10218335279232	0.353699707342604	3301
0.10689134122138	0.351285302005725	873
0.11161804781962	0.350237547909829	124
0.10579067361142	0.351785528543761	88
-0.0264839353201201	0.581300229956136	88
-0.02032538013449	0.58045220816518	88
0.10161201644474	0.352326436107844	256
0.10647884198302	0.352309794326609	256
0.11161804781962	0.350237547909829	256
0.10647884198302	0.352309794326609	256
0.09390967967812	0.353808839268374	256
0.10647884198302	0.352309794326609	256
0.10826925398621	0.351630194981725	301
0.10785437586757	0.351215554477081	640
-0.07603124429498	0.830333865261929	68
-0.0799470570269301	0.834996837205207	3
-0.00366902011588	1.1673379769609	1046
0.07987113043911	0.657313340361156	138
0.08350755367869	1.01145976225149	138
-0.0252346917202799	0.58191737664116	27
-0.02600597712709	0.58082284511866	228
-0.01898917918035	0.579150144945583	228
-0.0199377346304801	0.578438416169099	27
-0.02960390710866	0.58447674818335	62
-0.0879772081318599	0.838675877614107	62
0.0834161303561301	0.654178336506151	62
-0.0214546059215199	0.580072466612979	461
-0.01141334812318	1.17442790512251	58
-0.0256210160689501	0.583695327776066	58
-0.00869045593675999	1.16208021415002	58
0.0882072633098401	0.650992030959653	143
0.10689134122138	0.351285302005725	143
-0.00355233747666994	1.16787757787184	143
0.0949899903634199	1.00072767280274	651
0.08748786869031	0.652520255624373	651
-0.09031768401469	1.09665965935602	651
-0.00679991510354006	1.16972353488739	532
0.0332371461152099	0.905575159650253	108
0.10758043184799	0.351807769829277	611
-0.01587168520504	0.57659573259799	142
0.10716674266205	0.352132388893513	4050
0.10647884198302	0.352309794326609	256
0.10579067361142	0.351785528543761	256
0.10758043184799	0.351807769829277	1541
0.10785437586757	0.351215554477081	256
0.10328279028361	0.353197314225222	256
0.0884143147476999	0.649302054491071	28
-0.0272189811022601	1.38785985561543	227
0.0343110390380199	1.80629564988733	227
-0.0277488765982199	1.55633700102765	586
0.09841923176741	0.640695939728626	586
0.0902201634281701	0.649500065308071	68
-0.0883722425889699	0.839449743227902	1046
0.0835842758277401	0.654783910829574	138
0.0852209906930499	0.654392144647465	27
-0.02628763158757	0.583658225403998	228
0.10148789770049	0.353384284502155	228
-0.0991790321738699	1.10519652782624	449
0.10287853396258	0.35296389743942	3913
0.10758043184799	0.351807769829277	62
-0.03121180177176	0.584322987944732	60
0.0625837987475899	1.21625028174779	461
-0.09960233348498	1.10711738341585	58
0.0924911489970699	0.647904639842956	143
-0.0221182132134701	0.580408422501073	143
-0.0145422476842101	0.575306259165605	651
-0.0976102135151999	1.33671241860646	108
0.10328279028361	0.353197314225222	108
0.10328279028361	0.353197314225222	215
0.10647884198302	0.352309794326609	1107
0.10716674266205	0.352132388893513	111
0.10218335279232	0.353699707342604	159
0.10647884198302	0.352309794326609	185
0.10785437586757	0.351215554477081	185
0.10258640259334	0.352883231159087	2050
0.10758043184799	0.351807769829277	281
0.10258640259334	0.352883231159087	2868
0.10826925398621	0.351630194981725	873
0.10758043184799	0.351807769829277	873
-0.01720245749258	0.576637775977831	5421
-0.0212754047183501	0.579737208933733	88
0.10689134122138	0.351285302005725	88
0.10716674266205	0.352132388893513	1827
0.11092586756108	0.350415838742694	1541
0.10716674266205	0.352132388893513	4307
-0.0168221136840501	0.577178479347997	2233
0.10328279028361	0.353197314225222	28
0.0982592360254899	0.353721534917221	28
-0.01965711158767	0.579970689675105	3
-0.0219447451608401	0.579924971604282	492
-0.0180408851730201	0.577068127053539	3
-0.08284461417155	0.833673347483625	68
-0.09820049801388	1.54713637622355	1046
0.10785437586757	0.351215554477081	27
0.10647884198302	0.352309794326609	228
0.10785437586757	0.351215554477081	27
0.10826925398621	0.351630194981725	62
0.10785437586757	0.351215554477081	62
0.10218335279232	0.353699707342604	3913
0.10758043184799	0.351807769829277	62
0.08876235876415	0.650754614292679	60
0.10758043184799	0.351807769829277	461
0.10826925398621	0.351630194981725	143
-0.10567905187798	1.11586332553171	87
-0.08047699029971	0.834871868878997	651
0.0791160249640801	0.657078316762695	532
0.10258640259334	0.352883231159087	651
0.10716674266205	0.352132388893513	111
-0.07360895235181	0.82711047870906	142
0.10716674266205	0.352132388893513	2050
-0.03121180177176	0.584322987944732	3302
0.10218335279232	0.353699707342604	185
0.10647884198302	0.352309794326609	281
0.10647884198302	0.352309794326609	873
-0.0256210160689501	0.583695327776066	88
0.10647884198302	0.352309794326609	256
0.10579067361142	0.351785528543761	3154
0.10647884198302	0.352309794326609	3446
0.11161804781962	0.350237547909829	28
0.10689134122138	0.351285302005725	492
0.10647884198302	0.352309794326609	586
0.10647884198302	0.352309794326609	492
0.0869359952923301	0.652238168620569	1046
-0.08376764188472	0.836860680576432	138
0.10218335279232	0.353699707342604	62
0.10826925398621	0.351630194981725	62
0.10826925398621	0.351630194981725	62
0.10826925398621	0.351630194981725	3913
0.10287853396258	0.35296389743942	1253
-0.0206064013082601	0.579256545559091	60
0.10689134122138	0.351285302005725	62
0.0572146539412299	1.63254444320879	461
0.10397890323872	0.352462565358244	116
0.11230995697287	0.349325823144218	58
-0.00238979670856998	1.15934448703547	58
0.08466769309659	0.654753086475839	58
-0.0208854774336	1.37913220667908	58
0.10716674266205	0.352132388893513	81
0.10258640259334	0.352883231159087	143
0.10785437586757	0.351215554477081	143
0.0830339831393301	0.654977959690159	143
0.0830064393762799	0.653497012794634	1399
0.10716674266205	0.352132388893513	651
0.0865850831163499	0.651961755580813	651
0.08487211935683	0.654515958017152	651
-0.08025415993052	0.83299924878818	651
0.10758043184799	0.351807769829277	651
0.01403087150766	0.924301605189402	111
0.10716674266205	0.352132388893513	159
0.10663361484863	0.351799503810815	281
0.10287853396258	0.35296389743942	3412
-0.0199377346304801	0.578438416169099	281
-0.0779667799886701	0.833254538561395	88
0.10716674266205	0.352132388893513	88
0.10758043184799	0.351807769829277	88
-0.0800845115686499	0.833342288425983	1827
-0.02656840239241	0.58297122228144	88
0.10647884198302	0.352309794326609	1541
0.10758043184799	0.351807769829277	1541
0.10785437586757	0.351215554477081	256
0.10758043184799	0.351807769829277	3154
0.10218335279232	0.353699707342604	1726
-0.0299214493272899	1.56583438644888	227
0.09518972772471	0.997331665289297	586
0.10397890323872	0.352462565358244	492
0.10785437586757	0.351215554477081	492
0.10397890323872	0.352462565358244	68
0.10218335279232	0.353699707342604	27
0.10647884198302	0.352309794326609	27
0.10758043184799	0.351807769829277	116
-0.0251626552633499	0.580620515914332	461
0.11161804781962	0.350237547909829	58
0.0902201634281701	0.649500065308071	58
0.10826925398621	0.351630194981725	1860
-0.02032538013449	0.58045220816518	143
-0.02400836223229	0.581258703136909	719
0.08632690639061	0.652735113629601	143
0.07896968465565	0.656318924351277	143
-0.08323897166025	0.836854548113291	1399
0.0233885277227901	0.919102062394618	651
0.0867475491926599	0.649998001219271	651
0.10758043184799	0.351807769829277	532
-0.0850832455039401	0.836331276164506	159
-0.02099398512007	0.58063946719774	159
-0.0211704534369199	0.579825727743365	88
-0.01748807245685	0.577364796631369	1827
-0.01937561527664	0.578362564289604	88
0.10328279028361	0.353197314225222	256
-0.02656840239241	0.58297122228144	256
-0.07572999281747	0.829307037080084	256
0.10716674266205	0.352132388893513	427
0.10785437586757	0.351215554477081	256
0.10716674266205	0.352132388893513	256
-0.08310373117641	0.836620292385383	145
-0.08025415993052	0.83299924878818	3446
0.06227636177244	1.21380742381755	3
0.0837647544950799	0.655529150841431	1046
0.09751807489995	0.641263307273673	138
0.09716291462318	0.354221264198155	3
0.0882072633098401	0.650992030959653	228
0.10579067361142	0.351785528543761	62
0.10647884198302	0.352309794326609	2878
-0.0212754047183501	0.579737208933733	2878
-0.0975086750657199	1.34284489327914	62
0.10895780785609	0.350714860686515	62
0.10287853396258	0.35296389743942	4936
0.10258640259334	0.352883231159087	617
0.10579067361142	0.351785528543761	617
-0.0246738993289199	0.581595777089794	116
0.10328279028361	0.353197314225222	58
0.01234487444543	0.930192727125448	58
-0.09915561411758	1.10865653530461	58
0.00542592580383006	1.62217002642769	58
-0.07466906671733	0.828812827260658	719
-0.02099398512007	0.58063946719774	87
0.10397890323872	0.352462565358244	111
0.10826925398621	0.351630194981725	611
0.0939467201281301	0.645784338390518	159
0.10218335279232	0.353699707342604	3269
0.10579067361142	0.351785528543761	88
0.10716674266205	0.352132388893513	1541
-0.0206064013082601	0.579256545559091	256
0.10287853396258	0.35296389743942	256
0.10328279028361	0.353197314225222	28
0.10647884198302	0.352309794326609	28
0.10785437586757	0.351215554477081	28
-0.0825005044727101	0.832026657462805	3
0.10647884198302	0.352309794326609	492
0.10647884198302	0.352309794326609	492
0.10785437586757	0.351215554477081	492
-0.0206064013082601	0.579256545559091	3
0.10785437586757	0.351215554477081	138
0.10663361484863	0.351799503810815	68
0.10785437586757	0.351215554477081	138
0.11092586756108	0.350415838742694	138
0.10716674266205	0.352132388893513	62
0.10218335279232	0.353699707342604	2878
0.11092586756108	0.350415838742694	62
0.10785437586757	0.351215554477081	617
0.10218335279232	0.353699707342604	116
0.0606250093794201	1.62190544172732	461
-0.0302678201580699	0.585048846712041	461
0.10689134122138	0.351285302005725	116
0.10218335279232	0.353699707342604	58
0.0275804451232	0.909746961422626	58
0.08431855036541	0.655167690820231	58
0.09208923106063	1.65710291877433	58
0.10895780785609	0.350714860686515	2229
0.10758043184799	0.351807769829277	143
0.10895780785609	0.350714860686515	143
0.10826925398621	0.351630194981725	719
-0.09677843355547	1.10549942578576	87
0.00754450621683001	1.61824336134411	651
0.10647884198302	0.352309794326609	159
0.10758043184799	0.351807769829277	2360
0.10826925398621	0.351630194981725	3269
-0.01965711158767	0.579970689675105	88
0.0713166754199299	0.659085200196182	88
0.10826925398621	0.351630194981725	88
-0.01965711158767	0.579970689675105	256
0.10647884198302	0.352309794326609	3154
0.10758043184799	0.351807769829277	97
-0.0774378530941899	0.832339460717058	28
0.10328279028361	0.353197314225222	28
0.02248878727375	0.92002627208102	3
0.09359641443929	0.647190211436835	227
0.10328279028361	0.353197314225222	492
0.10826925398621	0.351630194981725	492
0.10716674266205	0.352132388893513	3
-0.02428878983577	0.582639355082303	138
0.0989630106853701	0.353478679518203	1909
0.10579067361142	0.351785528543761	58
-0.03187679840853	0.584437589685732	58
0.0939877275752501	1.00148951594956	58
0.0930831371848	1.00351877381766	58
-0.0227821533700701	0.580372488261402	4737
0.10647884198302	0.352309794326609	143
-0.0722585556795401	0.824747317717633	143
-0.0728275904211699	0.824713420527391	143
0.0882072633098401	0.650992030959653	143
-0.0773004297192601	0.829535217281011	651
0.0883906657203799	0.650621618170471	532
0.10895780785609	0.350714860686515	130
-0.0799470570269301	0.834996837205207	159
0.10218335279232	0.353699707342604	2360
0.10826925398621	0.351630194981725	873
-0.02676803648149	0.581766483346834	124
0.10716674266205	0.352132388893513	88
0.10716674266205	0.352132388893513	88
0.0902201634281701	0.649500065308071	88
0.10826925398621	0.351630194981725	88
0.10689134122138	0.351285302005725	1446
0.10579067361142	0.351785528543761	1541
0.10785437586757	0.351215554477081	1541
-0.02656840239241	0.58297122228144	284
0.10231922993712	0.352082943164405	427
0.10716674266205	0.352132388893513	301
0.08085666501995	2.3031241882444	59
0.02007559025623	0.923424698221672	59
0.10328279028361	0.353197314225222	28
0.10647884198302	0.352309794326609	28
-0.0448172263556601	1.5902962307416	227
0.10758043184799	0.351807769829277	492
0.10826925398621	0.351630194981725	492
-0.0821822373703201	0.835671513699384	492
-0.0794173265377101	0.834766722893349	1046
0.10218335279232	0.353699707342604	68
0.10758043184799	0.351807769829277	3
0.01927108275218	0.923213447472463	138
0.10826925398621	0.351630194981725	3
0.10758043184799	0.351807769829277	27
0.10758043184799	0.351807769829277	228
0.10716674266205	0.352132388893513	228
0.10218335279232	0.353699707342604	449
-0.01965711158767	0.579970689675105	1425
0.10663361484863	0.351799503810815	62
0.10328279028361	0.353197314225222	617
0.10328279028361	0.353197314225222	461
0.11161804781962	0.350237547909829	58
0.0915878437528499	0.647358309178234	58
-0.10926247884116	1.35649182294551	58
0.0644066754788299	1.21412525025785	58
0.10408641419444	1.2654122661606	58
0.10647884198302	0.352309794326609	4737
0.10218335279232	0.353699707342604	143
-0.01965711158767	0.579970689675105	2229
0.10895780785609	0.350714860686515	143
0.10647884198302	0.352309794326609	143
0.10328279028361	0.353197314225222	143
0.0855844559521399	0.651455390564002	143
0.09654544263572	0.995887184191696	143
0.02040583414613	0.920320604341437	143
0.11230995697287	0.349325823144218	2072
0.06533559633302	1.20460695099835	651
0.0835604176000799	0.654541861848122	651
-0.0259013793896701	0.582633022248989	2360
0.11161804781962	0.350237547909829	281
0.10785437586757	0.351215554477081	124
0.10328279028361	0.353197314225222	4095
0.10826925398621	0.351630194981725	88
0.0841141687861899	0.654824552022475	88
-0.02032538013449	0.58045220816518	427
-0.0309320665117701	0.585162590702791	427
0.10716674266205	0.352132388893513	3154
0.01187531938091	2.23588747523725	59
0.0220104077830601	0.921079433700798	59
0.10287853396258	0.35296389743942	28
0.10826925398621	0.351630194981725	28
0.10287853396258	0.35296389743942	28
0.10758043184799	0.351807769829277	586
0.10895780785609	0.350714860686515	492
0.10826925398621	0.351630194981725	492
0.10397890323872	0.352462565358244	492
0.10397890323872	0.352462565358244	138
-0.08165417303619	0.834406870783564	138
0.10895780785609	0.350714860686515	436
0.11230995697287	0.349325823144218	436
0.09390967967812	0.353808839268374	436
0.10895780785609	0.350714860686515	1214
-0.0161564891964301	0.576700733308464	1425
0.10895780785609	0.350714860686515	62
0.11161804781962	0.350237547909829	617
0.10148789770049	0.353384284502155	461
-0.08994471242961	1.08947972050531	58
0.0823073157091701	0.654612114470796	143
0.02962218649468	1.43067165978449	143
-0.02495473558411	0.58335694060492	108
0.00318383017493007	1.15284820943153	159
0.10689134122138	0.351285302005725	1601
0.10785437586757	0.351215554477081	2360
0.10647884198302	0.352309794326609	124
0.10716674266205	0.352132388893513	284
-0.0849372696767099	0.830191911834435	492
-0.0294334876653799	1.39272792275492	492
-0.0755893142410899	0.827371293184792	1046
0.0852209906930499	0.654392144647465	138
0.0999923941851399	0.987686347968784	138
0.10647884198302	0.352309794326609	27
0.10689134122138	0.351285302005725	228
0.11092586756108	0.350415838742694	4611
-0.0165369043550301	0.576781738217319	228
0.10716674266205	0.352132388893513	436
0.10218335279232	0.353699707342604	436
0.01927108275218	0.923213447472463	58
-0.0302678201580699	0.585048846712041	143
0.10258640259334	0.352883231159087	143
0.10716674266205	0.352132388893513	143
-0.02032538013449	0.58045220816518	1013
0.10328279028361	0.353197314225222	108
0.10716674266205	0.352132388893513	108
-0.0219447451608401	0.579924971604282	651
-0.0751994282328501	0.829206647171541	651
0.10328279028361	0.353197314225222	2386
0.10758043184799	0.351807769829277	142
0.10758043184799	0.351807769829277	124
-0.01965711158767	0.579970689675105	88
0.10785437586757	0.351215554477081	88
-0.0219447451608401	0.579924971604282	88
-0.02676803648149	0.581766483346834	284
0.10218335279232	0.353699707342604	256
0.10826925398621	0.351630194981725	427
0.10689134122138	0.351285302005725	3154
0.10826925398621	0.351630194981725	1931
0.10647884198302	0.352309794326609	1931
0.05713424883501	1.2205353009664	28
0.11178220997031	1.25982936130784	586
0.08931722660306	0.650273274268608	492
0.0297883833035	1.42926484776131	492
0.10146758266999	0.990240785063206	492
-0.07849590914857	0.833815212107253	492
-0.0966391801640201	1.3417524034159	138
-0.10264867074505	1.34706095968542	27
-0.0965327668181399	1.10057832612062	62
-0.06838046138878	0.821093576434953	617
0.0791160249640801	0.657078316762695	58
0.10785437586757	0.351215554477081	58
0.10328279028361	0.353197314225222	58
0.10716674266205	0.352132388893513	143
0.0191102629895299	0.923651478846146	143
-0.07088491271612	0.825639858099944	143
0.10647884198302	0.352309794326609	143
0.10826925398621	0.351630194981725	143
0.10218335279232	0.353699707342604	1013
0.10218335279232	0.353699707342604	108
-0.0221182132134701	0.580408422501073	108
0.08969310715554	0.65043980789045	142
0.10895780785609	0.350714860686515	142
0.10647884198302	0.352309794326609	3471
0.10895780785609	0.350714860686515	4008
0.10328279028361	0.353197314225222	4095
0.11023341597372	0.349898349308083	4095
0.10716674266205	0.352132388893513	88
0.10647884198302	0.352309794326609	88
0.10647884198302	0.352309794326609	88
0.10218335279232	0.353699707342604	88
0.10758043184799	0.351807769829277	382
0.10758043184799	0.351807769829277	1446
0.10967371401926	1.26011437234514	227
0.05415099282317	1.22621810755726	492
-0.0721598070663001	0.824720768215814	492
0.0064264227739399	1.14304816604904	492
-0.00815300491990989	1.17385173245088	492
0.09584686035524	0.999519514504974	492
0.08466769309659	0.654753086475839	138
-0.0223322056066999	0.579667431665503	3
-0.0725496486386701	0.823227457707482	138
-0.09866042653354	1.10817099418239	27
-0.0259013793896701	0.582633022248989	4948
0.10328279028361	0.353197314225222	116
0.00825953261957002	0.932517632414158	461
-0.0934593682715801	1.33336753819681	58
0.0224251523427901	0.919329145735705	58
0.11092586756108	0.350415838742694	2034
0.10895780785609	0.350714860686515	87
-0.01937561527664	0.578362564289604	108
-0.01720245749258	0.576637775977831	651
0.09786574616812	0.353978519341629	3265
0.10826925398621	0.351630194981725	111
0.11161804781962	0.350237547909829	142
-0.03187679840853	0.584437589685732	142
0.10716674266205	0.352132388893513	4379
0.10689134122138	0.351285302005725	124
0.10647884198302	0.352309794326609	88
0.10785437586757	0.351215554477081	88
0.11023341597372	0.349898349308083	2953
0.10148789770049	0.353384284502155	1262
0.10647884198302	0.352309794326609	97
-0.09694253220748	1.34013133032219	492
-0.07550325116642	0.829776224136777	138
0.10726705008442	1.26806276264875	27
-0.00983465542143991	1.17423360028048	228
-0.00735729113849004	1.16887164290051	58
0.12163283113143	1.47435220347412	58
0.10785437586757	0.351215554477081	58
0.10328279028361	0.353197314225222	58
-0.08561272175478	0.836339075674175	58
0.10716674266205	0.352132388893513	143
0.10758043184799	0.351807769829277	143
-0.0214546059215199	0.580072466612979	87
0.11161804781962	0.350237547909829	4145
0.0870963889035501	0.650610899948797	4294
0.10258640259334	0.352883231159087	4294
-0.09818970079986	1.10806467480942	651
0.02371954232839	0.916934181780596	651
0.10826925398621	0.351630194981725	3265
0.10663361484863	0.351799503810815	3265
-0.0256210160689501	0.583695327776066	2363
0.10647884198302	0.352309794326609	142
0.10689134122138	0.351285302005725	3471
0.10397890323872	0.352462565358244	3826
-0.02656840239241	0.58297122228144	88
0.10716674266205	0.352132388893513	88
0.10579067361142	0.351785528543761	2953
0.10758043184799	0.351807769829277	1262
0.10716674266205	0.352132388893513	256
0.10758043184799	0.351807769829277	118
0.11092586756108	0.350415838742694	1931
0.10785437586757	0.351215554477081	138
0.11236662509028	1.25731969740919	27
0.0972598987764599	1.27566455742869	62
-0.0198388180989999	1.3730657593979	60
0.02752115027819	0.913970348903043	116
-0.10203751947614	1.54984400255121	58
0.11161804781962	0.350237547909829	58
0.10826925398621	0.351630194981725	2394
0.10328279028361	0.353197314225222	2394
-0.07035646601997	0.825248140293113	143
-0.02495473558411	0.58335694060492	1970
0.10647884198302	0.352309794326609	143
0.10647884198302	0.352309794326609	307
0.10647884198302	0.352309794326609	4145
0.10328279028361	0.353197314225222	4145
0.10826925398621	0.351630194981725	108
0.08431855036541	0.655167690820231	108
-0.0200434839469901	0.578549734222855	142
0.0844643741812901	0.652140562828595	142
0.10758043184799	0.351807769829277	3471
0.10579067361142	0.351785528543761	124
0.10716674266205	0.352132388893513	124
0.10647884198302	0.352309794326609	353
0.10716674266205	0.352132388893513	124
0.10826925398621	0.351630194981725	88
0.10647884198302	0.352309794326609	124
0.10218335279232	0.353699707342604	492
-0.10414075903239	1.90841151682571	492
-0.10107974808624	1.34855446327701	1946
-0.02591324650252	1.38795508415902	116
0.08914213548745	0.651442119559592	116
-0.10320310557795	1.11017218309091	58
0.10785437586757	0.351215554477081	58
0.10218335279232	0.353699707342604	58
-0.0979303766764701	1.10381959434419	58
0.10579067361142	0.351785528543761	58
0.10716674266205	0.352132388893513	2394
0.0847849490252801	1.01037812613202	143
-0.01984506431962	0.578779752990184	143
0.11161804781962	0.350237547909829	143
0.10689134122138	0.351285302005725	143
-0.0699640064468099	0.823170125254251	142
0.10647884198302	0.352309794326609	124
-0.0206064013082601	0.579256545559091	3942
0.10287853396258	0.35296389743942	3942
0.10689134122138	0.351285302005725	124
0.10647884198302	0.352309794326609	353
0.10826925398621	0.351630194981725	353
-0.0219447451608401	0.579924971604282	88
0.10758043184799	0.351807769829277	382
0.10689134122138	0.351285302005725	1136
0.10716674266205	0.352132388893513	492
0.11668080624004	1.24649043507857	492
0.0590236651598599	1.22166134551131	492
0.08931722660306	0.650273274268608	3
0.09786574616812	0.353978519341629	492
0.110400970754	1.25620384700606	228
-0.0850002681922899	0.835073301555823	1425
0.0982037769380999	0.996834089882909	116
0.10148789770049	0.353384284502155	58
-0.07466906671733	0.828812827260658	2255
-0.01870808245147	0.577883497327535	2255
0.10287853396258	0.35296389743942	576
0.10785437586757	0.351215554477081	576
-0.03604860377815	1.40099594877986	143
0.10895780785609	0.350714860686515	143
0.10826925398621	0.351630194981725	4294
-0.01898917918035	0.579150144945583	215
-0.0256210160689501	0.583695327776066	2363
-0.02261442293622	0.579780704461	3942
0.10758043184799	0.351807769829277	3942
0.08265648146988	0.655317487706668	88
0.10785437586757	0.351215554477081	382
0.10689134122138	0.351285302005725	4188
0.10689134122138	0.351285302005725	97
0.10218335279232	0.353699707342604	118
0.11023341597372	0.349898349308083	118
0.08044932446079	2.30219520917094	28
-0.10499658468019	2.21765387394842	28
-0.0751994282328501	0.829206647171541	492
0.10561221892918	0.982780431251814	586
0.10347781125925	1.26901457792631	138
-0.10267987033538	1.11253779302325	228
0.10475799089492	1.26677454137966	4948
0.02752115027819	0.913970348903043	116
0.0197525181637399	0.922774327849809	58
-0.08946819452922	1.09253083745134	58
0.05580421995824	1.6295499353928	58
0.0216833233657601	0.922002653942356	2255
-0.0862496238156501	1.08641445335414	143
-0.10072642380335	1.34498238780336	143
0.02120245262517	0.923209316173972	143
0.09304389476812	0.647668753377714	1970
-0.01748807245685	0.577364796631369	143
-0.0779667799886701	0.833254538561395	143
0.10397890323872	0.352462565358244	143
0.10785437586757	0.351215554477081	108
0.0253177529953099	0.91880020409554	108
-0.0950972405747099	1.10042201048904	2363
0.10647884198302	0.352309794326609	2363
0.08431855036541	0.655167690820231	111
0.11230995697287	0.349325823144218	281
0.10647884198302	0.352309794326609	5446
0.10826925398621	0.351630194981725	1548
-0.0256210160689501	0.583695327776066	5447
0.10785437586757	0.351215554477081	2953
0.10716674266205	0.352132388893513	2953
-0.0200434839469901	0.578549734222855	2953
0.10895780785609	0.350714860686515	382
0.10826925398621	0.351630194981725	382
0.10826925398621	0.351630194981725	2017
-0.02099398512007	0.58063946719774	256
-0.10264867074505	1.34706095968542	28
-0.07902524070871	0.834045071633638	3
-0.06517975232545	2.23530469711945	492
-0.01353389016165	1.17855997160629	492
0.10716674266205	0.352132388893513	492
0.09786574616812	0.353978519341629	492
-0.07849590914857	0.833815212107253	492
0.10371064899656	0.985349471141559	492
-0.00613865614846998	1.17063026426275	3
-0.10809839832379	1.92371502113053	27
-0.02880799056258	1.5640655958047	228
0.0270375753987	0.912615597886753	436
-0.0799470570269301	0.834996837205207	60
-0.0808685467783601	0.833531868826024	4509
0.01233892269824	0.926854506841184	60
-0.07360895235181	0.82711047870906	58
-0.06552557585603	0.817257653507552	58
0.10328279028361	0.353197314225222	1777
-0.02183364624937	0.579789745439092	1777
-0.0161564891964301	0.576700733308464	1777
0.11063050222415	1.26285186768596	143
-0.02574521604172	1.3848746101209	143
0.11161804781962	0.350237547909829	143
0.11161804781962	0.350237547909829	3470
0.0837647544950799	0.655529150841431	618
-0.0212754047183501	0.579737208933733	618
-0.01898917918035	0.579150144945583	618
0.10647884198302	0.352309794326609	2386
0.10689134122138	0.351285302005725	4617
0.10258640259334	0.352883231159087	2219
0.10287853396258	0.35296389743942	124
0.0882072633098401	0.650992030959653	88
0.10218335279232	0.353699707342604	312
0.10579067361142	0.351785528543761	256
-0.01870808245147	0.577883497327535	97
-0.0574163094306099	1.93193680849079	28
0.0215223807929701	0.920576942644377	28
0.10716674266205	0.352132388893513	28
-0.00166126496403995	1.16413397661669	492
0.02516710692654	0.915945725286258	492
-0.06110575505647	1.93623328067907	138
0.10218335279232	0.353699707342604	3
-0.0685105264803601	2.10402381427762	138
-0.09550987284293	1.53752719053408	4509
-0.10109698416282	1.55197001288693	58
0.10663361484863	0.351799503810815	2226
0.10785437586757	0.351215554477081	58
-0.0152067997466201	0.576118661909323	2255
0.0253177529953099	0.91880020409554	576
0.10758043184799	0.351807769829277	2255
0.10826925398621	0.351630194981725	81
0.10647884198302	0.352309794326609	143
0.0787659723701499	0.658038712603471	108
-0.0873164724489	0.837691072393056	2363
-0.0737484919429701	0.827865968081847	665
-0.02099398512007	0.58063946719774	142
0.10647884198302	0.352309794326609	483
0.10689134122138	0.351285302005725	5446
0.10647884198302	0.352309794326609	124
-0.02099398512007	0.58063946719774	2219
0.0883906657203799	0.650621618170471	124
0.10716674266205	0.352132388893513	88
0.10148789770049	0.353384284502155	382
0.10647884198302	0.352309794326609	3540
0.10826925398621	0.351630194981725	3540
-0.0302678201580699	0.585048846712041	312
0.10758043184799	0.351807769829277	312
0.10826925398621	0.351630194981725	312
0.10826925398621	0.351630194981725	256
0.10689134122138	0.351285302005725	97
0.07005139792764	1.46858324692893	436
0.0926819335267	1.00178736459428	436
-0.01721002821585	1.37098237297284	60
-0.0256210160689501	0.583695327776066	58
0.10826925398621	0.351630194981725	330
0.0982592360254899	0.353721534917221	81
0.11230995697287	0.349325823144218	143
0.08508768988631	1.44255813077666	143
0.10647884198302	0.352309794326609	143
0.10663361484863	0.351799503810815	143
0.10758043184799	0.351807769829277	143
0.10287853396258	0.35296389743942	4294
0.10328279028361	0.353197314225222	108
0.10785437586757	0.351215554477081	618
-0.02099398512007	0.58063946719774	2363
0.10218335279232	0.353699707342604	2363
0.0823073157091701	0.654612114470796	665
0.10895780785609	0.350714860686515	124
0.10258640259334	0.352883231159087	124
0.10287853396258	0.35296389743942	88
0.10287853396258	0.35296389743942	3540
0.10826925398621	0.351630194981725	3540
0.10258640259334	0.352883231159087	312
-0.01965711158767	0.579970689675105	118
-0.08363240005469	0.837408038208625	28
0.0378104201251901	1.41517442212499	3
0.0962994489100599	0.999191259441656	492
-0.10082751905524	2.0636123519292	138
-0.01678504460916	1.36891184338363	27
-0.10315068760358	1.11189416939249	228
-0.0214546059215199	0.580072466612979	449
-0.10572805998337	1.11506151501797	449
-0.01072333996027	1.17449806189007	436
0.10826925398621	0.351630194981725	2255
0.10328279028361	0.353197314225222	81
0.10647884198302	0.352309794326609	143
0.10785437586757	0.351215554477081	143
-0.0212754047183501	0.579737208933733	618
-0.02495473558411	0.58335694060492	618
0.10258640259334	0.352883231159087	5352
0.10758043184799	0.351807769829277	1548
0.10716674266205	0.352132388893513	88
0.11161804781962	0.350237547909829	88
-0.02533977086171	0.581560371416527	382
0.10758043184799	0.351807769829277	382
0.10647884198302	0.352309794326609	208
-0.0799470570269301	0.834996837205207	492
-0.00770934477395002	1.17352459903684	27
0.0249992286804801	0.914774384738761	228
0.08132432837806	0.655628440263254	60
-0.02032538013449	0.58045220816518	2255
0.10647884198302	0.352309794326609	2255
0.10218335279232	0.353699707342604	2255
0.0989630106853701	0.353478679518203	81
-0.0994874077644301	1.1081701431542	3808
-0.02960287253887	1.39302264425196	143
0.0923077268324499	0.646648107851539	143
0.0915878437528499	0.647358309178234	143
-0.09915561411758	1.10865653530461	143
0.10328279028361	0.353197314225222	143
0.10328279028361	0.353197314225222	143
0.10826925398621	0.351630194981725	143
0.10328279028361	0.353197314225222	4294
0.10826925398621	0.351630194981725	108
0.10716674266205	0.352132388893513	124
0.10716674266205	0.352132388893513	3598
0.10689134122138	0.351285302005725	88
0.10826925398621	0.351630194981725	88
0.10758043184799	0.351807769829277	88
0.10647884198302	0.352309794326609	382
0.11023341597372	0.349898349308083	3540
0.10716674266205	0.352132388893513	349
-0.0246738993289199	0.581595777089794	1244
0.10826925398621	0.351630194981725	427
0.06695456650799	1.20839264930834	28
0.08487211935683	0.654515958017152	28
-0.07888779869732	0.834205282807095	492
0.0855706511387799	0.652347007412662	3
0.0266145846025501	0.913444813531549	492
-0.0045561819887201	1.16872091603677	3
0.10920926291602	1.26226570325224	138
-0.01801041141988	1.37095662257432	138
0.0590889760434501	1.22127601554633	436
0.0793186645478301	0.657843294254402	60
-0.0219447451608401	0.579924971604282	60
0.0885368460540401	1.00619011070835	116
-0.0233431592753299	0.580545475751851	58
-0.09845112096704	1.10859764235125	58
0.10287853396258	0.35296389743942	2255
0.05761857431322	1.22476786659041	2255
-0.0205075928915399	0.579490279223785	2255
-0.07124008934789	0.821588857816913	143
-0.0841612711469799	0.837804955574193	143
-0.0246738993289199	0.581595777089794	143
-0.07413890813543	0.828125663215551	143
-0.02628763158757	0.583658225403998	143
-0.0674988839524999	0.818989459922804	143
0.08876235876415	0.650754614292679	143
-0.02400836223229	0.581258703136909	143
0.11023341597372	0.349898349308083	4294
0.08466769309659	0.654753086475839	108
0.10328279028361	0.353197314225222	215
0.10785437586757	0.351215554477081	142
0.10716674266205	0.352132388893513	124
0.10716674266205	0.352132388893513	353
0.10579067361142	0.351785528543761	353
0.10758043184799	0.351807769829277	353
0.10258640259334	0.352883231159087	88
0.10218335279232	0.353699707342604	88
0.10785437586757	0.351215554477081	88
0.10716674266205	0.352132388893513	3540
0.10689134122138	0.351285302005725	256
-0.0940267053470001	1.10414074404699	46
0.08987186698926	0.649530308387677	138
0.08914213548745	0.651442119559592	3
0.10579067361142	0.351785528543761	449
0.10647884198302	0.352309794326609	449
0.10397890323872	0.352462565358244	449
-0.02428878983577	0.582639355082303	449
0.01740895162471	0.925058813381335	436
0.02958619153664	0.911685493788845	60
0.0974928729061999	0.990787031516614	116
-0.0972232461567699	1.10589452374101	58
0.11092586756108	0.350415838742694	1830
-0.0256210160689501	0.583695327776066	2255
0.10758043184799	0.351807769829277	2255
-0.0212754047183501	0.579737208933733	2255
0.10716674266205	0.352132388893513	143
-0.0221182132134701	0.580408422501073	143
0.11230995697287	0.349325823144218	143
0.0878589542234101	0.649782359675678	488
-0.02495473558411	0.58335694060492	2306
0.0933944704887899	0.646019881766231	143
-0.09866042653354	1.10817099418239	143
0.10689134122138	0.351285302005725	618
0.10895780785609	0.350714860686515	111
0.10287853396258	0.35296389743942	618
0.10647884198302	0.352309794326609	142
0.10647884198302	0.352309794326609	325
0.10579067361142	0.351785528543761	325
0.10826925398621	0.351630194981725	2179
0.10758043184799	0.351807769829277	88
0.10218335279232	0.353699707342604	349
0.10758043184799	0.351807769829277	828
0.10758043184799	0.351807769829277	828
0.05237148669531	1.6384609092088	2345
-0.03889377191861	1.58307004583944	28
-0.0152067997466201	0.576118661909323	449
0.10328279028361	0.353197314225222	449
-0.07035646601997	0.825248140293113	436
0.0921410851526601	0.647122135526749	116
0.10287853396258	0.35296389743942	116
0.0174192795652901	0.925241406047656	878
0.01234487444543	0.930192727125448	58
0.11161804781962	0.350237547909829	1830
0.11161804781962	0.350237547909829	58
0.10287853396258	0.35296389743942	2255
0.02121831416992	0.919750773095116	143
-0.02099398512007	0.58063946719774	143
-0.0256210160689501	0.583695327776066	143
-0.01937561527664	0.578362564289604	143
0.10758043184799	0.351807769829277	143
0.0266145846025501	0.913444813531549	108
-0.02261442293622	0.579780704461	108
0.10716674266205	0.352132388893513	618
0.10758043184799	0.351807769829277	618
0.10647884198302	0.352309794326609	618
0.10826925398621	0.351630194981725	111
0.10218335279232	0.353699707342604	3408
0.10785437586757	0.351215554477081	124
0.10218335279232	0.353699707342604	693
0.10328279028361	0.353197314225222	353
0.10328279028361	0.353197314225222	88
0.10328279028361	0.353197314225222	1244
-0.1027242684492	1.34264861503142	28
0.00229817693437995	1.15323780299293	28
0.03018879846864	1.42644315451564	3
0.0154795813594499	0.927590728608008	3
-0.0655731872723899	1.9482514363598	138
0.0876519400772999	0.650968305198471	3
0.0879891530008201	1.00680205251619	27
0.0884143147476999	0.649302054491071	436
-0.02428878983577	0.582639355082303	60
0.0941487081716199	0.646451404526215	60
-0.0136848325047201	0.572536423066486	878
-0.08033841776218	0.833301306316734	58
-0.0256210160689501	0.583695327776066	58
0.10826925398621	0.351630194981725	58
0.0941242040612	1.0000452377672	2255
-0.01803475602178	1.36952447598619	143
0.10218335279232	0.353699707342604	143
-0.0272357610266101	0.58293567232368	143
-0.11556573279751	1.35975445851376	143
-0.0242630941140201	1.3854166614773	143
0.10716674266205	0.352132388893513	143
-0.0708114544451	0.823850099617228	1435
0.10689134122138	0.351285302005725	618
0.09786574616812	0.353978519341629	1295
0.10826925398621	0.351630194981725	142
0.10397890323872	0.352462565358244	3408
0.11230995697287	0.349325823144218	3408
0.10895780785609	0.350714860686515	124
0.10716674266205	0.352132388893513	124
0.10579067361142	0.351785528543761	1765
0.10218335279232	0.353699707342604	97
0.0898800710634	1.00676978201277	145
-0.0971367961641201	1.53703754871394	28
-0.02628763158757	0.583658225403998	3228
0.10716674266205	0.352132388893513	492
-0.0788059950000399	0.833098851203486	2047
0.10895780785609	0.350714860686515	138
-0.02628763158757	0.583658225403998	138
0.10826925398621	0.351630194981725	2531
0.10716674266205	0.352132388893513	27
0.10328279028361	0.353197314225222	449
0.09269410012819	0.646644202235759	436
0.07632081041164	0.657658374274116	4678
0.10287853396258	0.35296389743942	436
0.0924911489970699	0.647904639842956	60
0.10716674266205	0.352132388893513	878
-0.07933270807379	0.833882740653433	58
0.0648211145170401	1.20764885517024	2255
0.02498901703558	0.916895796696202	81
-0.0909274057962599	1.09758623461493	143
-0.10883612776071	1.56481920120374	143
0.10826925398621	0.351630194981725	143
-0.0212754047183501	0.579737208933733	143
0.10647884198302	0.352309794326609	143
0.0899925817309	1.00499031572993	143
-0.0774378530941899	0.832339460717058	143
0.08987186698926	0.649530308387677	143
-0.0191828674279599	0.577346026506201	108
-0.01965711158767	0.579970689675105	618
0.10218335279232	0.353699707342604	111
0.10647884198302	0.352309794326609	1295
-0.0726891662296401	0.826166043456925	111
-0.0259013793896701	0.582633022248989	142
0.10579067361142	0.351785528543761	325
0.10258640259334	0.352883231159087	1672
0.10785437586757	0.351215554477081	3408
0.10758043184799	0.351807769829277	353
-0.09352670611032	1.33351353928217	353
0.10647884198302	0.352309794326609	349
0.10785437586757	0.351215554477081	1244
-0.02032538013449	0.58045220816518	1765
0.10716674266205	0.352132388893513	1765
-0.0233431592753299	0.580545475751851	2345
0.10758043184799	0.351807769829277	28
0.10218335279232	0.353699707342604	28
0.10218335279232	0.353699707342604	28
0.0721243872586399	1.59149143033212	28
0.11092586756108	0.350415838742694	1468
0.10647884198302	0.352309794326609	1468
0.10647884198302	0.352309794326609	1468
0.10826925398621	0.351630194981725	3228
0.10826925398621	0.351630194981725	492
0.10689134122138	0.351285302005725	564
0.0793186645478301	0.657843294254402	564
0.10826925398621	0.351630194981725	2047
0.10826925398621	0.351630194981725	2047
0.10733312446004	0.351067215845013	138
0.10826925398621	0.351630194981725	27
0.10826925398621	0.351630194981725	449
0.10663361484863	0.351799503810815	436
-0.01984506431962	0.578779752990184	60
0.10328279028361	0.353197314225222	878
0.11092586756108	0.350415838742694	878
0.10218335279232	0.353699707342604	878
0.10647884198302	0.352309794326609	878
0.10826925398621	0.351630194981725	58
-0.10173869118768	1.11241692037146	58
0.10647884198302	0.352309794326609	143
0.11230995697287	0.349325823144218	4207
0.10895780785609	0.350714860686515	143
0.0913282315128601	0.647681819507928	143
0.07577021337391	0.65844706785752	143
-0.0212754047183501	0.579737208933733	108
0.0982592360254899	0.353721534917221	1435
0.10716674266205	0.352132388893513	1435
0.0855706511387799	0.652347007412662	142
-0.0299876141396001	0.583067451775322	325
0.10328279028361	0.353197314225222	2721
0.10647884198302	0.352309794326609	124
0.10716674266205	0.352132388893513	124
-0.01898917918035	0.579150144945583	145
0.10826925398621	0.351630194981725	28
0.10716674266205	0.352132388893513	46
0.08213220310358	0.654413913177199	492
0.11023341597372	0.349898349308083	1468
0.10716674266205	0.352132388893513	3228
-0.01965711158767	0.579970689675105	492
0.10397890323872	0.352462565358244	492
0.10287853396258	0.35296389743942	492
-0.0745284120185099	0.825675234734154	564
0.09786574616812	0.353978519341629	2047
-0.0214546059215199	0.580072466612979	138
-0.1057797800212	1.11548341180959	2543
-0.0145422476842101	0.575306259165605	1478
0.10218335279232	0.353699707342604	436
0.10733312446004	0.351067215845013	436
-0.09659451949222	1.33893728406011	116
0.08949273347165	0.650191977967804	116
0.10716674266205	0.352132388893513	878
0.10785437586757	0.351215554477081	878
0.10647884198302	0.352309794326609	58
0.09634593031923	0.993605971124173	58
0.10287853396258	0.35296389743942	58
0.11230995697287	0.349325823144218	58
-0.10722365074798	1.11275549004575	2255
0.10758043184799	0.351807769829277	2255
0.10758043184799	0.351807769829277	143
0.10895780785609	0.350714860686515	143
0.09304389476812	0.647668753377714	143
-0.01072596318373	1.17692015832825	143
-0.0792787682866301	0.831828482540017	108
0.10716674266205	0.352132388893513	1435
-0.0251626552633499	0.580620515914332	1435
0.10758043184799	0.351807769829277	111
-0.0976410728149999	1.54383925115029	111
0.0755703710644	0.656346431280271	111
0.10579067361142	0.351785528543761	111
0.0284840366597401	0.913383628276364	142
0.10218335279232	0.353699707342604	483
0.10826925398621	0.351630194981725	353
0.08748786869031	0.652520255624373	353
-0.0212754047183501	0.579737208933733	2609
-0.01235938680316	0.572491611501038	2179
-0.0193465491953599	1.37727617403455	88
0.11161804781962	0.350237547909829	349
0.0216833233657601	0.922002653942356	863
0.10716674266205	0.352132388893513	28
0.10826925398621	0.351630194981725	46
0.11230995697287	0.349325823144218	46
0.10647884198302	0.352309794326609	492
0.0691688256140099	2.1451482869424	492
0.08487211935683	0.654515958017152	492
0.10826925398621	0.351630194981725	1468
-0.02727515363392	1.38458856295204	492
0.11161804781962	0.350237547909829	2047
0.10218335279232	0.353699707342604	3
0.10826925398621	0.351630194981725	3
0.10785437586757	0.351215554477081	1478
-0.0779667799886701	0.833254538561395	436
0.10593382759709	0.35148923313409	4678
0.11230995697287	0.349325823144218	436
0.10218335279232	0.353699707342604	116
0.10785437586757	0.351215554477081	2693
0.10758043184799	0.351807769829277	878
-0.03121180177176	0.584322987944732	878
0.09042628008524	0.64845225589603	58
0.0271786952448601	0.912840442005666	58
-0.0251591190251601	1.38906304320013	58
0.02752115027819	0.913970348903043	488
0.0885909386274999	0.652090173543142	143
0.05495675787396	1.63175979856078	143
-0.1063565978823	1.7446223571574	143
0.10397890323872	0.352462565358244	143
-0.02400836223229	0.581258703136909	143
-0.02533977086171	0.581560371416527	108
0.10647884198302	0.352309794326609	108
0.10647884198302	0.352309794326609	743
0.10758043184799	0.351807769829277	124
0.10218335279232	0.353699707342604	124
0.10647884198302	0.352309794326609	1196
0.10895780785609	0.350714860686515	353
0.10287853396258	0.35296389743942	5030
0.0837647544950799	0.655529150841431	2179
0.10826925398621	0.351630194981725	88
-0.02099398512007	0.58063946719774	1244
-0.02032538013449	0.58045220816518	28
-0.0272357610266101	0.58293567232368	1661
0.10758043184799	0.351807769829277	1661
-0.09721304073139	1.54500950217809	492
0.06227636177244	1.21380742381755	492
-0.0925637840278899	1.0995673486222	492
0.10647884198302	0.352309794326609	3
0.10758043184799	0.351807769829277	1468
0.10287853396258	0.35296389743942	492
0.10328279028361	0.353197314225222	2047
0.09786574616812	0.353978519341629	3
0.10716674266205	0.352132388893513	138
0.10287853396258	0.35296389743942	138
0.0878589542234101	0.649782359675678	3
0.10287853396258	0.35296389743942	27
0.10328279028361	0.353197314225222	970
-0.02495473558411	0.58335694060492	1478
-0.00254764983284006	1.16551348026391	116
-0.01965711158767	0.579970689675105	2693
0.10826925398621	0.351630194981725	878
0.0941849638391401	1.00135355751855	143
0.10758043184799	0.351807769829277	143
-0.0279981263911899	0.581052805298475	143
0.0916767780246299	0.64637927008539	3611
-0.10980152374385	1.3546582354051	143
0.08876235876415	0.650754614292679	111
-0.0272357610266101	0.58293567232368	111
0.10328279028361	0.353197314225222	1397
0.10218335279232	0.353699707342604	2965
0.10218335279232	0.353699707342604	142
0.0921410851526601	0.647122135526749	142
-0.09915561411758	1.10865653530461	2609
0.10328279028361	0.353197314225222	2609
0.10758043184799	0.351807769829277	2179
0.10716674266205	0.352132388893513	88
0.10716674266205	0.352132388893513	1244
0.10148789770049	0.353384284502155	1244
0.10287853396258	0.35296389743942	427
-0.01748807245685	0.577364796631369	2094
0.10716674266205	0.352132388893513	1122
0.10716674266205	0.352132388893513	1136
-0.0212754047183501	0.579737208933733	1661
0.10826925398621	0.351630194981725	3
-0.02676803648149	0.581766483346834	3
0.08112260688938	0.654660978698684	564
0.10716674266205	0.352132388893513	3
0.10258640259334	0.352883231159087	970
0.10689134122138	0.351285302005725	436
0.11092586756108	0.350415838742694	60
0.0837647544950799	0.655529150841431	116
0.10716674266205	0.352132388893513	878
0.08487211935683	0.654515958017152	58
-0.01748807245685	0.577364796631369	58
-0.10071427047288	1.34492613551455	2255
0.0837647544950799	0.655529150841431	2255
0.0197588841555101	0.924527704200388	143
0.0872468413045899	1.0093747455286	143
-0.10516715413054	1.55982266750486	108
0.0251683174647299	0.914757371582531	108
-0.02656840239241	0.58297122228144	1435
0.10826925398621	0.351630194981725	1388
0.11161804781962	0.350237547909829	2721
0.0269177140953101	0.912280286077954	2609
0.08768915422257	0.651530929339694	88
0.10689134122138	0.351285302005725	3605
-0.10176553625913	1.11122123533478	863
-0.0737484919429701	0.827865968081847	863
0.10328279028361	0.353197314225222	2094
-0.0206064013082601	0.579256545559091	3
0.02814625472665	0.913477599020844	492
0.10328279028361	0.353197314225222	28
-0.0219447451608401	0.579924971604282	492
-0.0813089991201099	0.833400695858997	492
-0.01965711158767	0.579970689675105	3
0.0939467201281301	0.645784338390518	868
0.0159621640482199	0.92751320939181	2543
-0.0252346917202799	0.58191737664116	27
0.10218335279232	0.353699707342604	970
0.10826925398621	0.351630194981725	436
-0.02428878983577	0.582639355082303	436
0.10397890323872	0.352462565358244	60
0.10328279028361	0.353197314225222	81
0.10663361484863	0.351799503810815	58
-0.00850229453981011	1.92893179662033	81
-0.0200434839469901	0.578549734222855	143
0.10895780785609	0.350714860686515	143
0.10287853396258	0.35296389743942	609
0.10758043184799	0.351807769829277	143
0.10758043184799	0.351807769829277	143
-0.01934295876728	1.37806011962152	143
0.10758043184799	0.351807769829277	3611
-0.02071168876143	0.578406004795778	110
-0.0977436284851101	1.10609070780557	143
-0.0913159738115099	1.52622893663697	143
0.01959521747973	0.922660959332297	1435
0.10579067361142	0.351785528543761	1435
0.10758043184799	0.351807769829277	1397
-0.01937561527664	0.578362564289604	111
-0.0794173265377101	0.834766722893349	205
0.10148789770049	0.353384284502155	1388
0.10785437586757	0.351215554477081	4752
0.11161804781962	0.350237547909829	124
0.10826925398621	0.351630194981725	3941
0.10593382759709	0.35148923313409	88
0.10716674266205	0.352132388893513	349
0.10716674266205	0.352132388893513	1244
0.10579067361142	0.351785528543761	1244
0.0841141687861899	0.654824552022475	863
-0.02032538013449	0.58045220816518	427
0.10148789770049	0.353384284502155	1070
0.10895780785609	0.350714860686515	28
0.10716674266205	0.352132388893513	492
0.10287853396258	0.35296389743942	492
0.10716674266205	0.352132388893513	138
0.10895780785609	0.350714860686515	1478
0.10397890323872	0.352462565358244	436
0.10218335279232	0.353699707342604	1204
0.10895780785609	0.350714860686515	1204
0.10397890323872	0.352462565358244	116
0.09716291462318	0.354221264198155	2255
-0.0977191267817501	1.10758811364727	81
0.10218335279232	0.353699707342604	143
0.11067292652065	1.25424391476258	143
0.0609128694102199	1.21986336653262	143
-0.0721598070663001	0.824720768215814	110
0.10786874099821	1.26447215552968	143
0.10287853396258	0.35296389743942	124
-0.0168221136840501	0.577178479347997	124
-0.0742784587630301	0.828259284544803	88
0.11092586756108	0.350415838742694	1244
-0.0751102407520801	0.831210858504437	1244
0.10218335279232	0.353699707342604	97
0.10826925398621	0.351630194981725	97
0.09716291462318	0.354221264198155	46
0.11092586756108	0.350415838742694	2519
-0.0821822373703201	0.835671513699384	28
-0.08047699029971	0.834871868878997	492
0.0950505422410799	0.64457218511105	3
0.10593382759709	0.35148923313409	27
0.10647884198302	0.352309794326609	449
0.10287853396258	0.35296389743942	4607
-0.0168221136840501	0.577178479347997	2255
0.10647884198302	0.352309794326609	143
0.10287853396258	0.35296389743942	143
-0.02656840239241	0.58297122228144	110
0.10647884198302	0.352309794326609	1435
0.10328279028361	0.353197314225222	2882
0.10826925398621	0.351630194981725	215
0.10328279028361	0.353197314225222	1093
0.10895780785609	0.350714860686515	3022
0.10663361484863	0.351799503810815	3941
0.10826925398621	0.351630194981725	88
-0.0707480146886399	0.823705980665358	1244
0.0907743109538099	0.648758219491063	1070
0.10218335279232	0.353699707342604	28
0.10716674266205	0.352132388893513	46
0.10895780785609	0.350714860686515	3
-0.0161564891964301	0.576700733308464	3
0.10218335279232	0.353699707342604	28
0.10785437586757	0.351215554477081	2356
0.10826925398621	0.351630194981725	1766
0.10647884198302	0.352309794326609	3
0.10287853396258	0.35296389743942	27
0.10647884198302	0.352309794326609	27
0.10647884198302	0.352309794326609	27
0.11092586756108	0.350415838742694	436
0.11161804781962	0.350237547909829	436
-0.00625945797389993	1.17197175714604	116
-0.0972232461567699	1.10589452374101	116
0.11161804781962	0.350237547909829	116
0.10716674266205	0.352132388893513	878
0.0656378647032001	1.21045746255989	2255
0.0982592360254899	0.353721534917221	81
0.0237203114718201	0.914198224290094	1138
0.10758043184799	0.351807769829277	108
0.10647884198302	0.352309794326609	2882
0.10758043184799	0.351807769829277	215
0.10579067361142	0.351785528543761	205
0.10218335279232	0.353699707342604	205
0.10647884198302	0.352309794326609	3941
0.10716674266205	0.352132388893513	1638
0.0243555019897099	0.920328771307225	2609
-0.08025415993052	0.83299924878818	2609
0.10689134122138	0.351285302005725	88
0.10647884198302	0.352309794326609	1244
0.10826925398621	0.351630194981725	1244
0.10647884198302	0.352309794326609	1244
-0.01965711158767	0.579970689675105	3
-0.09405291938016	1.09954080453584	3
-0.0161564891964301	0.576700733308464	27
0.01934669125805	0.922715807528215	868
0.10397890323872	0.352462565358244	27
0.10328279028361	0.353197314225222	27
0.10826925398621	0.351630194981725	27
0.10218335279232	0.353699707342604	27
0.10826925398621	0.351630194981725	970
0.10716674266205	0.352132388893513	60
0.10826925398621	0.351630194981725	854
0.10758043184799	0.351807769829277	854
0.10397890323872	0.352462565358244	878
-0.0201283887544399	0.577925349917484	81
-0.01217416461809	1.17566095107634	2255
-0.0252346917202799	0.58191737664116	352
0.10148789770049	0.353384284502155	352
0.10647884198302	0.352309794326609	352
-0.02032538013449	0.58045220816518	488
-0.08047699029971	0.834871868878997	143
-0.02428878983577	0.582639355082303	142
0.10287853396258	0.35296389743942	332
0.10826925398621	0.351630194981725	157
0.10579067361142	0.351785528543761	2179
0.10328279028361	0.353197314225222	88
0.0880013004134901	0.649837394152127	88
0.10287853396258	0.35296389743942	403
0.10826925398621	0.351630194981725	312
0.10218335279232	0.353699707342604	312
0.10287853396258	0.35296389743942	1244
0.10758043184799	0.351807769829277	1244
0.10826925398621	0.351630194981725	1244
0.10758043184799	0.351807769829277	145
-0.02495473558411	0.58335694060492	1070
0.10895780785609	0.350714860686515	46
0.10716674266205	0.352132388893513	27
0.10231922993712	0.352082943164405	970
0.10328279028361	0.353197314225222	60
-0.02591324650252	1.38795508415902	58
0.10826925398621	0.351630194981725	81
0.10826925398621	0.351630194981725	282
0.10733312446004	0.351067215845013	143
0.10258640259334	0.352883231159087	143
-0.0904329709379901	1.09658687829284	143
-0.02165844125869	0.576511471326317	1138
0.10663361484863	0.351799503810815	5327
0.10716674266205	0.352132388893513	111
-0.08271050353359	0.836458145602786	205
-0.0958126980130301	1.10333561255148	2609
0.09786574616812	0.353978519341629	2609
0.11092586756108	0.350415838742694	88
0.10663361484863	0.351799503810815	1244
0.08431855036541	0.655167690820231	1244
0.10689134122138	0.351285302005725	1244
0.10716674266205	0.352132388893513	27
0.10397890323872	0.352462565358244	27
0.10758043184799	0.351807769829277	27
0.10716674266205	0.352132388893513	449
0.11230995697287	0.349325823144218	449
0.02152490366363	0.922273858660409	449
0.10218335279232	0.353699707342604	60
0.10716674266205	0.352132388893513	58
0.0619195397503101	1.21079396702902	58
-0.10736157436373	2.36084706468126	2255
0.120809827763	1.47675014876324	2255
0.10397890323872	0.352462565358244	143
0.08876235876415	0.650754614292679	1138
-0.0935302374823499	1.10366682986264	110
0.0882072633098401	0.650992030959653	108
0.10785437586757	0.351215554477081	5125
0.10716674266205	0.352132388893513	111
-0.02261442293622	0.579780704461	142
-0.0977342185607	1.33748738872341	205
0.10716674266205	0.352132388893513	332
0.10826925398621	0.351630194981725	5412
0.02200692534856	0.921341396565078	2609
0.10716674266205	0.352132388893513	1244
0.08612344995625	0.651987418512096	1244
0.10826925398621	0.351630194981725	1244
-0.0989707849906301	1.11009980832992	28
-0.03001204370888	1.39379607131193	27
0.10826925398621	0.351630194981725	27
-0.0245683390865099	0.580473910496962	116
-0.0936618010933501	1.09833284853595	436
-0.02960390710866	0.58447674818335	60
0.08949273347165	0.650191977967804	81
-0.02032538013449	0.58045220816518	81
-0.09866042653354	1.10817099418239	58
-0.0846903445879501	0.837811003657512	81
0.02072142257117	0.924011401023554	143
0.0258039864119699	0.91860746365762	1323
0.10287853396258	0.35296389743942	254
0.10287853396258	0.35296389743942	215
0.10148789770049	0.353384284502155	111
0.0982592360254899	0.353721534917221	111
0.10826925398621	0.351630194981725	5206
-0.0302678201580699	0.585048846712041	1629
0.10579067361142	0.351785528543761	205
0.10785437586757	0.351215554477081	124
0.10328279028361	0.353197314225222	4454
0.10689134122138	0.351285302005725	693
0.11092586756108	0.350415838742694	2119
0.10716674266205	0.352132388893513	423
0.10826925398621	0.351630194981725	427
-0.08954845202035	1.32260080813234	28
-0.10766087426626	1.11405585713454	28
0.0907743109538099	0.648758219491063	27
-0.08165417303619	0.834406870783564	116
-0.07888779869732	0.834205282807095	449
-0.02099398512007	0.58063946719774	436
-0.0726079465851399	0.825898748748902	1186
0.01710102859247	0.926528868194077	116
-0.0302678201580699	0.585048846712041	2255
0.08132432837806	0.655628440263254	2255
-0.07771355793178	0.826986594554288	2255
-0.10420659765066	1.35306363307938	2255
0.11161804781962	0.350237547909829	2255
0.06431493263091	0.654988193270295	2255
0.10826925398621	0.351630194981725	2255
0.10826925398621	0.351630194981725	143
0.0822252997955499	0.653228778341304	143
-0.0309320665117701	0.585162590702791	143
0.10758043184799	0.351807769829277	110
0.07396822305422	0.658221005570004	108
0.0883906657203799	0.650621618170471	108
-0.02099398512007	0.58063946719774	111
0.10826925398621	0.351630194981725	111
0.10716674266205	0.352132388893513	111
0.10758043184799	0.351807769829277	142
0.11161804781962	0.350237547909829	142
0.11161804781962	0.350237547909829	483
0.10647884198302	0.352309794326609	1638
0.10826925398621	0.351630194981725	937
0.10647884198302	0.352309794326609	937
0.10895780785609	0.350714860686515	403
0.10689134122138	0.351285302005725	4522
0.10328279028361	0.353197314225222	1244
0.10826925398621	0.351630194981725	1136
0.10148789770049	0.353384284502155	97
-0.01910232222389	1.37884506904606	28
-0.09630831417898	1.10379143714341	4713
-0.0978477470444099	1.33635199571501	3
-0.02610680942434	0.58119911984102	27
0.05528729117584	1.22486853825071	27
-0.0212754047183501	0.579737208933733	27
0.10716674266205	0.352132388893513	449
0.10647884198302	0.352309794326609	60
0.10826925398621	0.351630194981725	116
-0.0154911986975901	0.575887232891104	485
-0.00983465542143991	1.17423360028048	58
-0.0737484919429701	0.827865968081847	58
0.0883906657203799	0.650621618170471	2255
0.10647884198302	0.352309794326609	2255
0.10218335279232	0.353699707342604	2255
0.10647884198302	0.352309794326609	282
0.02484190345592	0.919483883144089	143
-0.0152067997466201	0.576118661909323	143
0.10689134122138	0.351285302005725	1138
0.10716674266205	0.352132388893513	5125
-0.01870808245147	0.577883497327535	1295
-0.07418891881002	0.828719306568647	111
0.10647884198302	0.352309794326609	5206
0.10716674266205	0.352132388893513	142
0.10647884198302	0.352309794326609	124
0.11092586756108	0.350415838742694	937
0.10826925398621	0.351630194981725	2179
0.10826925398621	0.351630194981725	88
0.10148789770049	0.353384284502155	403
0.0982592360254899	0.353721534917221	2753
0.10593382759709	0.35148923313409	2753
0.10826925398621	0.351630194981725	2994
0.10716674266205	0.352132388893513	427
-0.07466906671733	0.828812827260658	4713
0.0896657887737	0.649980701034027	4687
-0.0774378530941899	0.832339460717058	3
-0.0219447451608401	0.579924971604282	27
-0.0114006690180399	1.1755647314746	27
0.0242027981117099	0.913167501864931	854
-0.0206064013082601	0.579256545559091	116
-0.01937561527664	0.578362564289604	116
-0.02495473558411	0.58335694060492	1186
0.0159621640482199	0.92751320939181	58
-0.0221182132134701	0.580408422501073	81
-0.01235938680316	0.572491611501038	2255
-0.0742784587630301	0.828259284544803	2255
-0.0227139085612	1.37729704454225	2255
-0.00443963714517004	1.16784273641081	143
-0.07572999281747	0.829307037080084	1138
-0.0732187278101999	0.827179762016143	1138
0.1001114037562	0.991685841548207	108
0.10328279028361	0.353197314225222	111
0.11092586756108	0.350415838742694	649
0.10647884198302	0.352309794326609	142
0.10716674266205	0.352132388893513	2912
0.10758043184799	0.351807769829277	332
0.11230995697287	0.349325823144218	937
0.10758043184799	0.351807769829277	157
-0.0272357610266101	0.58293567232368	124
0.10647884198302	0.352309794326609	1934
-0.01898917918035	0.579150144945583	2609
0.10689134122138	0.351285302005725	2609
0.10218335279232	0.353699707342604	88
0.10579067361142	0.351785528543761	403
0.10647884198302	0.352309794326609	2785
0.11161804781962	0.350237547909829	1244
0.08466769309659	0.654753086475839	74
0.10328279028361	0.353197314225222	2994
0.10647884198302	0.352309794326609	97
-0.0765169079730601	0.829164530191248	28
0.0936712661822701	1.0003737936306	28
0.0202475693175299	0.923072836467026	4713
0.09269410012819	0.646644202235759	28
0.0591905300976301	1.21817528408978	28
-0.0731347363150801	0.827255415223399	4687
0.0982592360254899	0.353721534917221	27
-0.01870808245147	0.577883497327535	27
-0.0181161599193	1.3768932974293	27
-0.0792001258980699	0.830960421728324	27
0.10716674266205	0.352132388893513	116
0.10785437586757	0.351215554477081	854
0.10716674266205	0.352132388893513	116
-0.0333273946706001	0.582322571770675	116
-0.0975086750657199	1.34284489327914	81
-0.0732187278101999	0.827179762016143	2255
-0.0165369043550301	0.576781738217319	143
0.10148789770049	0.353384284502155	143
-0.0949387717402299	1.10395521973681	143
-0.0211704534369199	0.579825727743365	1138
-0.0783584733706999	0.833288890400322	1138
-0.08677192429304	1.08679652580986	1138
0.10716674266205	0.352132388893513	743
0.10716674266205	0.352132388893513	5125
0.10758043184799	0.351807769829277	1295
0.07987113043911	0.657313340361156	142
0.10148789770049	0.353384284502155	205
0.10785437586757	0.351215554477081	2912
0.10758043184799	0.351807769829277	937
-0.0168221136840501	0.577178479347997	124
0.10579067361142	0.351785528543761	88
0.10758043184799	0.351807769829277	403
0.10689134122138	0.351285302005725	403
0.10287853396258	0.35296389743942	4522
0.07786352108392	0.657043512654335	4713
0.0714298814993899	1.19785394653666	28
-0.0221182132134701	0.580408422501073	28
-0.02183364624937	0.579789745439092	3
0.10647884198302	0.352309794326609	3
0.10328279028361	0.353197314225222	485
0.10826925398621	0.351630194981725	485
-0.09586479043264	1.3358864484628	81
-0.02099398512007	0.58063946719774	2255
0.10716674266205	0.352132388893513	282
0.10647884198302	0.352309794326609	143
0.0823073157091701	0.654612114470796	143
-0.0967529119680099	1.1054187726243	143
-0.02166292684413	0.580493155786958	143
-0.03559222840957	0.585939068936265	1370
-0.03121180177176	0.584322987944732	1138
0.10758043184799	0.351807769829277	1138
-0.08323897166025	0.836854548113291	254
-0.09950054227488	1.54961637724021	254
-0.01937561527664	0.578362564289604	649
0.0253177529953099	0.91880020409554	142
0.10758043184799	0.351807769829277	205
-0.02495473558411	0.58335694060492	332
0.10579067361142	0.351785528543761	124
-0.02032538013449	0.58045220816518	124
0.10397890323872	0.352462565358244	403
-0.02544591318668	0.579870378715601	312
0.10579067361142	0.351785528543761	1244
-0.02533977086171	0.581560371416527	1244
-0.01870808245147	0.577883497327535	427
0.10647884198302	0.352309794326609	427
0.10647884198302	0.352309794326609	427
0.10902206690884	1.26096922136224	28
-0.0953358901485299	1.33707013416573	46
-0.01855630459149	1.18338695509518	28
-0.0731347363150801	0.827255415223399	28
0.0785767417444601	0.656545607647471	27
0.0529982665450399	1.22722103321511	27
0.0907743109538099	0.648758219491063	27
-0.02362317852698	0.581190591414601	27
0.0841343437690301	0.654257008970129	449
0.10218335279232	0.353699707342604	449
0.11159924162296	1.2614366293046	436
0.10689134122138	0.351285302005725	854
0.10716674266205	0.352132388893513	81
0.0242021101282099	0.916495577401371	81
-0.0214546059215199	0.580072466612979	2255
-0.0766510291834099	0.827866180037177	143
0.0857740617371201	0.653741388644674	1370
-0.01587168520504	0.57659573259799	1370
-0.01965711158767	0.579970689675105	1138
-0.0742784587630301	0.828259284544803	254
-0.09462631954157	1.10045373991042	254
0.0164491523035399	0.927040416978514	254
0.08487211935683	0.654515958017152	254
-0.0256210160689501	0.583695327776066	1332
-0.0219447451608401	0.579924971604282	157
0.10716674266205	0.352132388893513	1934
0.10647884198302	0.352309794326609	2179
0.10218335279232	0.353699707342604	2179
0.10287853396258	0.35296389743942	2937
0.10758043184799	0.351807769829277	312
0.10826925398621	0.351630194981725	312
0.10647884198302	0.352309794326609	427
0.10758043184799	0.351807769829277	2994
-0.0944691091636001	1.10424711765891	4713
-0.10225763749685	1.34585272175988	3619
0.10785437586757	0.351215554477081	27
-0.09462631954157	1.10045373991042	3
0.10716674266205	0.352132388893513	27
-0.02032538013449	0.58045220816518	27
-0.11007366413799	1.35659902576995	27
0.10148789770049	0.353384284502155	27
0.10758043184799	0.351807769829277	970
0.08914213548745	0.651442119559592	970
0.10826925398621	0.351630194981725	116
0.10826925398621	0.351630194981725	436
0.11437203135263	1.25599876281885	436
0.10758043184799	0.351807769829277	854
0.10716674266205	0.352132388893513	854
-0.00960289743276999	1.17200442534961	116
0.10148789770049	0.353384284502155	485
0.10397890323872	0.352462565358244	2691
0.09304389476812	0.647668753377714	58
-0.01870808245147	0.577883497327535	2255
0.0374811452791799	1.4115642619906	2255
-0.00770934477395002	1.17352459903684	2255
0.05415099282317	1.22621810755726	2255
0.11023341597372	0.349898349308083	143
0.0880395164151999	0.652449440273683	143
-0.0722585556795401	0.824747317717633	143
0.10579067361142	0.351785528543761	1138
-0.01169716140508	0.572019285562981	1138
-0.01748807245685	0.577364796631369	110
-0.0219447451608401	0.579924971604282	254
0.10716674266205	0.352132388893513	1295
0.11161804781962	0.350237547909829	111
-0.0756380349010699	0.831439589392411	142
0.10826925398621	0.351630194981725	142
0.10579067361142	0.351785528543761	332
0.10258640259334	0.352883231159087	332
0.10647884198302	0.352309794326609	740
0.10328279028361	0.353197314225222	740
0.0852209906930499	0.654392144647465	2609
0.10716674266205	0.352132388893513	2609
-0.0161564891964301	0.576700733308464	88
-0.02261442293622	0.579780704461	88
0.10716674266205	0.352132388893513	427
-0.0751994282328501	0.829206647171541	28
-0.01870808245147	0.577883497327535	4713
0.08286183671648	0.6545394097211	28
-0.00455597778075001	1.78643758507517	28
0.0823073157091701	0.654612114470796	3
0.10826925398621	0.351630194981725	27
0.0795224266797201	0.655409398711473	27
0.10785437586757	0.351215554477081	27
0.10647884198302	0.352309794326609	27
0.0841141687861899	0.654824552022475	27
0.10758043184799	0.351807769829277	1348
-0.0161564891964301	0.576700733308464	27
0.10758043184799	0.351807769829277	116
0.11161804781962	0.350237547909829	116
-0.03121180177176	0.584322987944732	854
0.0224967907593501	0.917614596845139	1186
-0.02960390710866	0.58447674818335	1186
0.10647884198302	0.352309794326609	485
0.10826925398621	0.351630194981725	485
-0.0788059950000399	0.833098851203486	81
0.01499683843486	0.927261065301685	81
-0.09070883172359	1.318430379345	2255
0.01128502850567	1.61157560221806	143
0.0322770023621901	0.90672685505047	143
0.08987186698926	0.649530308387677	143
0.0905692428887701	0.647595041048012	1370
0.04793150451135	1.23329757878817	1370
-0.0206064013082601	0.579256545559091	1138
-0.0751994282328501	0.829206647171541	1138
0.0174136678724199	0.926522234186164	254
0.10758043184799	0.351807769829277	254
0.10218335279232	0.353699707342604	1332
0.10287853396258	0.35296389743942	205
0.0989630106853701	0.353478679518203	142
0.10647884198302	0.352309794326609	157
0.10148789770049	0.353384284502155	157
0.10579067361142	0.351785528543761	2609
-0.0214546059215199	0.580072466612979	2609
0.10579067361142	0.351785528543761	423
-0.02032538013449	0.58045220816518	423
0.10647884198302	0.352309794326609	88
-0.0165369043550301	0.576781738217319	88
-0.08323897166025	0.836854548113291	88
0.10716674266205	0.352132388893513	88
0.10148789770049	0.353384284502155	88
0.10785437586757	0.351215554477081	9
0.10716674266205	0.352132388893513	1244
-0.0212754047183501	0.579737208933733	1244
0.10148789770049	0.353384284502155	1244
0.02416986227056	0.911161829461991	4713
-0.0206064013082601	0.579256545559091	3619
0.0832107315839501	0.655600676812176	28
0.10647884198302	0.352309794326609	28
-0.07933270807379	0.833882740653433	28
0.01959300670875	0.923705052755737	28
-0.01910232222389	1.37884506904606	28
0.0212099340002601	0.923325318240281	28
0.0919381769649299	0.647880740377681	28
-0.0199377346304801	0.578438416169099	27
-0.0252346917202799	0.58191737664116	27
0.10218335279232	0.353699707342604	27
-0.02656840239241	0.58297122228144	116
0.10716674266205	0.352132388893513	116
0.0837647544950799	0.655529150841431	436
0.10579067361142	0.351785528543761	854
-0.01353389016165	1.17855997160629	854
0.10716674266205	0.352132388893513	854
-0.02032538013449	0.58045220816518	2117
0.0789741626539	1.01538105239485	2255
0.0839701967903499	0.653528558133648	143
0.10826925398621	0.351630194981725	143
-0.0165369043550301	0.576781738217319	143
0.09857791606716	0.991549624096106	143
0.10579067361142	0.351785528543761	143
0.0884143147476999	0.649302054491071	1370
-0.02714507140261	0.580674078251489	1138
0.09324688884083	0.645906963789496	254
0.10397890323872	0.352462565358244	254
0.11092586756108	0.350415838742694	2717
0.10397890323872	0.352462565358244	142
-0.0689081082983001	0.822098808056114	142
0.10218335279232	0.353699707342604	332
0.10287853396258	0.35296389743942	332
0.10826925398621	0.351630194981725	740
0.094498743992	0.645307607362446	427
-0.0256210160689501	0.583695327776066	28
0.09304389476812	0.647668753377714	28
-0.0251626552633499	0.580620515914332	28
-0.02610680942434	0.58119911984102	28
0.10716674266205	0.352132388893513	28
0.10826925398621	0.351630194981725	27
-0.01937561527664	0.578362564289604	27
0.05837812234354	1.6228115762968	27
0.11092586756108	0.350415838742694	27
0.0200778791271701	0.923099815251616	27
-0.0206064013082601	0.579256545559091	27
-0.0206064013082601	0.579256545559091	116
0.08487211935683	0.654515958017152	2475
0.10758043184799	0.351807769829277	116
0.0218450585908201	0.918380091741391	436
0.0989630106853701	0.353478679518203	60
-0.09352670611032	1.33351353928217	1186
-0.05913113217761	2.22104179876425	81
0.0941487081716199	0.646451404526215	143
-0.10186643617559	1.73405020652722	143
0.0557957500955499	1.22677616585327	143
-0.0161564891964301	0.576700733308464	1138
0.10328279028361	0.353197314225222	1138
-0.0913548947877601	1.09256464977693	254
0.10716674266205	0.352132388893513	743
0.10716674266205	0.352132388893513	743
0.10716674266205	0.352132388893513	1332
-0.0252346917202799	0.58191737664116	111
0.10758043184799	0.351807769829277	649
0.10716674266205	0.352132388893513	142
0.0743178824317401	0.659581316392577	142
0.10826925398621	0.351630194981725	142
0.10758043184799	0.351807769829277	332
0.10328279028361	0.353197314225222	332
0.02266088232619	0.919559708273575	124
0.07987113043911	0.657313340361156	88
0.10647884198302	0.352309794326609	9
0.11092586756108	0.350415838742694	1244
0.10716674266205	0.352132388893513	1244
0.10826925398621	0.351630194981725	427
0.10218335279232	0.353699707342604	427
-0.01870808245147	0.577883497327535	427
0.10218335279232	0.353699707342604	97
0.0323708717881599	2.27050996457258	28
0.0349395625694	1.42136634699138	3619
-0.10302246461182	1.54989233737039	3619
0.11159924162296	1.2614366293046	3619
-0.08323897166025	0.836854548113291	28
0.0978692983487599	0.641425137571665	28
0.11038230417752	1.25688778677868	28
-0.0872140731815101	1.08960782967353	28
-0.10283633435575	1.34668686250789	28
0.08989721738102	1.00579874481883	27
0.0334727389001199	1.41567997957153	27
0.0673009312727999	1.20693954817837	27
0.0191090120289901	0.921824597558665	27
0.000942012920819968	1.15822413226398	27
-0.07849590914857	0.833815212107253	288
0.0857740617371201	0.653741388644674	27
-0.0795547748035701	0.833920396876194	2475
0.1137951191573	1.25685632365302	1186
0.11023341597372	0.349898349308083	81
-0.0883722425889699	0.839449743227902	81
-0.0808685467783601	0.833531868826024	2255
-0.02628763158757	0.583658225403998	143
-0.0200434839469901	0.578549734222855	143
-0.0928075442701	1.09660314274827	143
-0.02099398512007	0.58063946719774	1138
0.10758043184799	0.351807769829277	254
0.10758043184799	0.351807769829277	111
0.10689134122138	0.351285302005725	1295
-0.0227821533700701	0.580372488261402	649
0.10258640259334	0.352883231159087	649
0.10579067361142	0.351785528543761	142
0.10716674266205	0.352132388893513	142
0.10663361484863	0.351799503810815	205
0.10758043184799	0.351807769829277	332
0.10785437586757	0.351215554477081	124
0.11161804781962	0.350237547909829	1878
0.10785437586757	0.351215554477081	1878
0.10895780785609	0.350714860686515	2545
0.0272495285032499	1.95250311495809	4713
-0.0291938158135101	1.39183121889889	3619
0.0857740617371201	0.653741388644674	3619
0.0721089955319401	1.82045050907141	3619
0.07059368537863	1.19771826957096	28
0.0518599213275099	1.22664505589946	28
-0.0874531257987801	1.08509694958338	27
-0.0740552567697299	0.829740364208364	27
-0.09915561411758	1.10865653530461	27
0.0967518998339401	0.998552255492522	27
-0.10171093985376	1.11036179916054	27
-0.07497545963571	0.828866649310839	27
-0.07028580869866	0.823297898922333	27
0.08748786869031	0.652520255624373	116
-0.00713008611479005	1.16962537041658	854
-0.0841612711469799	0.837804955574193	81
0.11161804781962	0.350237547909829	81
0.10716674266205	0.352132388893513	143
-0.10621483072717	1.35169032865846	143
-0.0936849326902001	1.09950463545713	143
0.0837647544950799	0.655529150841431	143
-0.0936618010933501	1.09833284853595	143
0.10716674266205	0.352132388893513	143
-0.07418891881002	0.828719306568647	1138
-0.0169984796309399	0.575369583410616	1138
0.10689134122138	0.351285302005725	1097
0.10287853396258	0.35296389743942	254
-0.0845539718525701	0.835934876757901	254
-0.01965711158767	0.579970689675105	649
0.10826925398621	0.351630194981725	111
0.10231922993712	0.352082943164405	111
0.10758043184799	0.351807769829277	91
0.10716674266205	0.352132388893513	451
0.10579067361142	0.351785528543761	2605
0.10785437586757	0.351215554477081	142
0.10218335279232	0.353699707342604	4867
0.10663361484863	0.351799503810815	124
-0.02099398512007	0.58063946719774	124
0.10785437586757	0.351215554477081	2609
0.10826925398621	0.351630194981725	88
0.10218335279232	0.353699707342604	403
0.10758043184799	0.351807769829277	312
0.10826925398621	0.351630194981725	2937
0.11161804781962	0.350237547909829	1244
-0.10302056775463	1.9121997090787	4713
0.03756788556844	2.46363148590624	4713
0.0255870774876099	1.95463606294648	4713
0.10973937286855	1.49594835425879	28
-0.0309320665117701	0.585162590702791	3619
-0.0149857154228701	1.1798808418717	3619
0.11635766286356	1.24694551943421	3619
-0.09866042653354	1.10817099418239	28
0.02217166124116	0.922085024507874	3
-0.0846903445879501	0.837811003657512	27
-0.09845112096704	1.10859764235125	27
0.09263063559722	1.00400314805696	288
-0.07849590914857	0.833815212107253	27
0.0867475491926599	0.649998001219271	2475
-0.02032538013449	0.58045220816518	2475
0.0896657887737	0.649980701034027	2475
0.02483670716692	0.919730639223693	116
0.0887923226131	0.649884352175995	116
-0.09798104667605	1.10874948573511	854
0.10148789770049	0.353384284502155	854
0.02387413737171	0.920607959029751	485
0.0857740617371201	0.653741388644674	81
-0.02628763158757	0.583658225403998	81
0.10716674266205	0.352132388893513	575
0.10716674266205	0.352132388893513	81
0.10716674266205	0.352132388893513	2255
0.10218335279232	0.353699707342604	2255
-0.0199377346304801	0.578438416169099	143
-0.0289403270686499	0.583135876548882	143
-0.08047699029971	0.834871868878997	143
0.0867475491926599	0.649998001219271	143
0.10758043184799	0.351807769829277	1138
0.10895780785609	0.350714860686515	1097
0.10758043184799	0.351807769829277	254
0.10716674266205	0.352132388893513	254
0.0837647544950799	0.655529150841431	254
0.09716291462318	0.354221264198155	743
0.10287853396258	0.35296389743942	254
0.10716674266205	0.352132388893513	254
-0.0165369043550301	0.576781738217319	1295
0.10895780785609	0.350714860686515	1295
0.10716674266205	0.352132388893513	91
0.10758043184799	0.351807769829277	124
0.11161804781962	0.350237547909829	124
0.10785437586757	0.351215554477081	124
0.10895780785609	0.350714860686515	124
0.10218335279232	0.353699707342604	5031
-0.02032538013449	0.58045220816518	157
0.10758043184799	0.351807769829277	124
0.10397890323872	0.352462565358244	2609
0.10758043184799	0.351807769829277	2609
0.10785437586757	0.351215554477081	88
0.10716674266205	0.352132388893513	88
0.10785437586757	0.351215554477081	99
0.09043755979338	1.42469383034815	28
0.10826925398621	0.351630194981725	28
0.10410589499434	1.27284278234456	28
0.11397421495731	1.25654969528612	28
-0.0200434839469901	0.578549734222855	27
-0.1065188410355	1.35207731327941	288
-0.10785132181938	1.74787566316175	27
-0.0218764981402999	1.38190366907426	27
0.0366695327144899	1.41903992074145	116
0.0169314900914199	0.926963123360201	116
0.0950296652003899	0.998448867574951	854
-0.10638609266	1.35322615139807	854
0.10758043184799	0.351807769829277	854
0.0885563574289101	0.650194172814921	1186
0.0581382109755	1.2171690238972	1186
0.06697025858956	1.60146230464369	485
-0.0986429428787701	1.34040914411154	485
-0.08047699029971	0.834871868878997	2255
-0.01870808245147	0.577883497327535	5263
-0.0846903445879501	0.837811003657512	5263
-0.10320130550352	1.35036434403759	143
0.06174857370072	1.21877866793446	488
0.10895780785609	0.350714860686515	488
0.08431855036541	0.655167690820231	1138
0.10579067361142	0.351785528543761	254
0.0147698484677401	0.927201471235122	743
-0.07480862840562	0.82835962569904	1295
0.10579067361142	0.351785528543761	205
0.10647884198302	0.352309794326609	5031
0.10758043184799	0.351807769829277	1245
-0.02032538013449	0.58045220816518	1245
0.10785437586757	0.351215554477081	5023
0.10647884198302	0.352309794326609	5023
0.10758043184799	0.351807769829277	2609
0.10647884198302	0.352309794326609	1878
0.10716674266205	0.352132388893513	88
0.10758043184799	0.351807769829277	2937
0.10132004711638	2.21731701379313	4713
0.10565904248597	1.26909045863522	28
0.10647884198302	0.352309794326609	28
0.0243555019897099	0.920328771307225	28
0.10716674266205	0.352132388893513	27
-0.00850261759557003	1.17090502573623	27
0.09634593031923	0.993605971124173	436
-0.0809140540594799	0.833812124303817	3542
-0.09866042653354	1.10817099418239	3542
-0.0841612711469799	0.837804955574193	1186
0.08687952481454	0.650960163049442	1186
0.0857740617371201	0.653741388644674	1186
0.11230995697287	0.349325823144218	3436
0.10647884198302	0.352309794326609	81
0.11230995697287	0.349325823144218	2255
0.11092586756108	0.350415838742694	2255
0.10218335279232	0.353699707342604	81
0.10328279028361	0.353197314225222	143
0.10287853396258	0.35296389743942	488
0.10328279028361	0.353197314225222	1370
0.10826925398621	0.351630194981725	254
0.10647884198302	0.352309794326609	743
-0.02032538013449	0.58045220816518	1295
0.10716674266205	0.352132388893513	1295
0.10647884198302	0.352309794326609	1245
0.10716674266205	0.352132388893513	1245
0.10663361484863	0.351799503810815	5023
0.10647884198302	0.352309794326609	101
0.10647884198302	0.352309794326609	101
0.10218335279232	0.353699707342604	88
0.10758043184799	0.351807769829277	88
0.10758043184799	0.351807769829277	88
0.10758043184799	0.351807769829277	88
0.10758043184799	0.351807769829277	427
0.11538087768358	1.2478261670076	28
0.10176701653674	1.27039905818018	27
0.11400232656743	1.25366468628795	27
-0.10589974803676	2.07868934797437	27
0.08260116831097	1.01286195607775	116
0.0697844505477201	1.19872382481827	116
0.0590236651598599	1.22166134551131	3542
-0.00411253526819011	1.16820403478782	854
0.10785437586757	0.351215554477081	544
0.10758043184799	0.351807769829277	143
-0.01937561527664	0.578362564289604	488
-0.08047699029971	0.834871868878997	488
0.10826925398621	0.351630194981725	1138
0.10397890323872	0.352462565358244	4412
0.10647884198302	0.352309794326609	4412
0.10716674266205	0.352132388893513	3139
-0.00859679673578007	1.17378674619214	392
0.10785437586757	0.351215554477081	254
0.10716674266205	0.352132388893513	254
0.10716674266205	0.352132388893513	2592
0.10826925398621	0.351630194981725	254
0.10689134122138	0.351285302005725	1295
0.08911118682812	0.650217800895839	1295
0.10328279028361	0.353197314225222	1280
0.10758043184799	0.351807769829277	124
0.10716674266205	0.352132388893513	943
0.10218335279232	0.353699707342604	124
0.10826925398621	0.351630194981725	124
0.10148789770049	0.353384284502155	1245
-0.0168221136840501	0.577178479347997	124
0.10287853396258	0.35296389743942	1878
0.10716674266205	0.352132388893513	88
0.10647884198302	0.352309794326609	9
0.11230995697287	0.349325823144218	5192
0.10758043184799	0.351807769829277	1306
0.10647884198302	0.352309794326609	78
0.10148789770049	0.353384284502155	1207
-0.0717690541560601	0.823023963180799	1207
-0.0309320665117701	0.585162590702791	28
-0.0259013793896701	0.582633022248989	27
0.03200575793775	1.42524644553706	27
-0.0901553730237099	1.32034496785037	146
0.11092586756108	0.350415838742694	27
-0.0185377824810999	1.95927573518714	27
0.11568681963439	1.4864897078159	27
0.0950296652003899	0.998448867574951	854
0.10607553246197	0.9756004421828	1186
-0.11088760301145	1.56486862190245	116
-0.0211704534369199	0.579825727743365	2255
0.09359641443929	0.647190211436835	2255
-0.0212754047183501	0.579737208933733	3810
0.10148789770049	0.353384284502155	3810
-0.08817799438953	1.08870411874139	143
-0.03146638241787	1.5682994464721	557
-0.02495473558411	0.58335694060492	557
0.0841141687861899	0.654824552022475	488
0.10328279028361	0.353197314225222	1775
-0.0246738993289199	0.581595777089794	1416
0.10647884198302	0.352309794326609	488
0.11161804781962	0.350237547909829	110
0.10785437586757	0.351215554477081	254
-0.02495473558411	0.58335694060492	111
0.10663361484863	0.351799503810815	943
0.0780276112038101	0.656483605597773	124
-0.0233431592753299	0.580545475751851	1245
0.11161804781962	0.350237547909829	1245
-0.0305471390401799	0.583752148236366	124
0.10826925398621	0.351630194981725	88
0.10826925398621	0.351630194981725	1306
0.10895780785609	0.350714860686515	427
0.11230995697287	0.349325823144218	427
0.0913282315128601	0.647681819507928	146
0.10663361484863	0.351799503810815	27
0.08844280789663	1.00666244673867	27
0.10716674266205	0.352132388893513	27
-0.0794173265377101	0.834766722893349	27
0.0586478379084301	1.21957381167909	27
-0.00927213934533011	1.17444243040817	27
0.10826925398621	0.351630194981725	116
-0.0960614566800599	1.10098452361213	116
-0.0737484919429701	0.827865968081847	116
-0.03210687060429	1.57261430611642	116
0.10647884198302	0.352309794326609	485
0.0772213114104401	0.655260599262291	81
0.10895780785609	0.350714860686515	2255
0.10593382759709	0.35148923313409	2255
0.10397890323872	0.352462565358244	544
0.10895780785609	0.350714860686515	3810
-0.01965711158767	0.579970689675105	143
0.10758043184799	0.351807769829277	143
0.10758043184799	0.351807769829277	1138
0.10647884198302	0.352309794326609	254
-0.0779667799886701	0.833254538561395	254
-0.0212754047183501	0.579737208933733	254
0.10826925398621	0.351630194981725	91
-0.0212754047183501	0.579737208933733	91
0.10647884198302	0.352309794326609	1280
0.10758043184799	0.351807769829277	2746
0.10895780785609	0.350714860686515	1280
0.11092586756108	0.350415838742694	1280
0.10826925398621	0.351630194981725	1280
-0.02610680942434	0.58119911984102	943
-0.07888779869732	0.834205282807095	1245
-0.01937561527664	0.578362564289604	124
0.10758043184799	0.351807769829277	2609
-0.02362317852698	0.581190591414601	423
0.10758043184799	0.351807769829277	88
0.10758043184799	0.351807769829277	88
0.10826925398621	0.351630194981725	312
0.11023341597372	0.349898349308083	78
0.10826925398621	0.351630194981725	225
-0.09257548352266	1.53354467836949	3619
0.08931722660306	0.650273274268608	1207
0.0688810488016001	1.20288279225802	28
0.11230995697287	0.349325823144218	27
0.10647884198302	0.352309794326609	27
-0.10869540184164	1.35601782083557	27
-0.0794173265377101	0.834766722893349	2475
0.06004612242445	1.62590282572141	854
0.10494052198483	1.26578782805276	854
-0.0922528380390999	1.32637342726507	116
-0.02183364624937	0.579789745439092	2255
-0.10105189032134	1.54832258203099	557
0.10148789770049	0.353384284502155	1775
0.10647884198302	0.352309794326609	254
-0.0766942281838901	0.830737987178773	1295
0.10579067361142	0.351785528543761	1280
0.10716674266205	0.352132388893513	142
0.11161804781962	0.350237547909829	1280
-0.02495473558411	0.58335694060492	124
0.10689134122138	0.351285302005725	101
0.10716674266205	0.352132388893513	88
0.10785437586757	0.351215554477081	88
0.10716674266205	0.352132388893513	312
0.11092586756108	0.350415838742694	1306
0.10758043184799	0.351807769829277	1306
0.10758043184799	0.351807769829277	74
0.10218335279232	0.353699707342604	78
0.10785437586757	0.351215554477081	225
0.02104272212667	0.922873470954488	1207
0.08042337020513	0.656400453451052	1207
-0.02297424459068	0.577185202969935	1207
-0.0206064013082601	0.579256545559091	28
-0.02495473558411	0.58335694060492	27
0.10579067361142	0.351785528543761	146
-0.0361409905007399	1.57421759274652	27
-0.01302194373869	0.57267678940045	27
0.09786574616812	0.353978519341629	27
-0.0259013793896701	0.582633022248989	27
-0.04198799843895	1.89268689288485	562
-0.09354569009608	1.71487602210892	116
0.09786574616812	0.353978519341629	485
-0.0246738993289199	0.581595777089794	3436
0.10826925398621	0.351630194981725	2255
-0.01984506431962	0.578779752990184	85
0.10647884198302	0.352309794326609	143
-0.0991786065691	1.33357179677565	143
0.11161804781962	0.350237547909829	3805
0.11023341597372	0.349898349308083	3805
0.10716674266205	0.352132388893513	1775
0.10826925398621	0.351630194981725	1775
0.10647884198302	0.352309794326609	488
0.10328279028361	0.353197314225222	254
-0.0808685467783601	0.833531868826024	254
-0.07849590914857	0.833815212107253	1295
-0.01937561527664	0.578362564289604	1295
0.10826925398621	0.351630194981725	111
0.10758043184799	0.351807769829277	2182
0.10758043184799	0.351807769829277	3057
0.10716674266205	0.352132388893513	3057
0.10758043184799	0.351807769829277	943
0.10758043184799	0.351807769829277	266
-0.0200434839469901	0.578549734222855	1245
0.10826925398621	0.351630194981725	1245
0.09716291462318	0.354221264198155	1977
0.10328279028361	0.353197314225222	101
0.10663361484863	0.351799503810815	88
0.10785437586757	0.351215554477081	88
0.10758043184799	0.351807769829277	312
0.10716674266205	0.352132388893513	312
0.10826925398621	0.351630194981725	312
0.11092586756108	0.350415838742694	1306
0.10218335279232	0.353699707342604	427
-0.0177673144756101	2.21659570476474	28
-0.0214546059215199	0.580072466612979	1207
-0.0742784587630301	0.828259284544803	28
0.09716291462318	0.354221264198155	27
0.03470592808294	1.41918157981581	27
0.0232368144300601	0.917084635256968	3542
0.10733312446004	0.351067215845013	81
0.10758043184799	0.351807769829277	81
-0.02099398512007	0.58063946719774	81
0.10397890323872	0.352462565358244	2255
0.10826925398621	0.351630194981725	2255
-0.0180408851730201	0.577068127053539	544
-0.1016769273355	1.72865637319938	557
0.09304389476812	0.647668753377714	143
0.0857740617371201	0.653741388644674	143
0.0939467201281301	0.645784338390518	143
0.10716674266205	0.352132388893513	488
0.0652438831970801	1.21271468297848	25
-0.00452355096190993	1.16349157306473	254
0.10328279028361	0.353197314225222	254
-0.02428878983577	0.582639355082303	1295
-0.0293241189514	0.582953239357999	91
0.10258640259334	0.352883231159087	1280
-0.02032538013449	0.58045220816518	1245
-0.01965711158767	0.579970689675105	1245
0.10689134122138	0.351285302005725	97
0.10716674266205	0.352132388893513	1207
-0.01302194373869	0.57267678940045	1207
0.10747701131009	1.26518850119794	28
-0.02960390710866	0.58447674818335	27
0.10716674266205	0.352132388893513	1527
0.0919381769649299	0.647880740377681	81
0.10716674266205	0.352132388893513	81
-0.08271050353359	0.836458145602786	2255
0.10287853396258	0.35296389743942	1221
0.0904332810067801	1.00668050388414	143
0.10647884198302	0.352309794326609	143
0.10785437586757	0.351215554477081	488
0.0900151349515701	0.647831785542205	25
0.10716674266205	0.352132388893513	25
0.10716674266205	0.352132388893513	25
0.10218335279232	0.353699707342604	1775
0.10758043184799	0.351807769829277	3284
0.10287853396258	0.35296389743942	254
0.10647884198302	0.352309794326609	909
0.10826925398621	0.351630194981725	1280
0.10716674266205	0.352132388893513	124
-0.08033841776218	0.833301306316734	101
-0.0212754047183501	0.579737208933733	88
0.10579067361142	0.351785528543761	88
0.10647884198302	0.352309794326609	789
0.10647884198302	0.352309794326609	427
0.0374302257839001	1.4168357673929	1207
-0.01937561527664	0.578362564289604	28
0.09172521927772	1.00390760162992	588
0.1187159020541	1.48129047693682	27
0.11141125042879	1.26042285108702	2475
-0.10203751947614	1.54984400255121	116
0.0130141426656101	0.929100395167138	116
-0.0935574062954501	1.1029003307037	116
-0.0808685467783601	0.833531868826024	1186
0.10647884198302	0.352309794326609	81
0.10328279028361	0.353197314225222	2095
0.10218335279232	0.353699707342604	143
-0.0779667799886701	0.833254538561395	143
0.10328279028361	0.353197314225222	143
0.10895780785609	0.350714860686515	488
0.10647884198302	0.352309794326609	488
0.10895780785609	0.350714860686515	488
0.10397890323872	0.352462565358244	110
0.09390967967812	0.353808839268374	254
0.10148789770049	0.353384284502155	254
0.10895780785609	0.350714860686515	254
-0.0269545824372	0.582913354723689	909
0.10758043184799	0.351807769829277	909
0.10716674266205	0.352132388893513	2182
0.10826925398621	0.351630194981725	1280
0.10148789770049	0.353384284502155	1245
0.10328279028361	0.353197314225222	109
-0.01965711158767	0.579970689675105	2392
0.10826925398621	0.351630194981725	88
0.10758043184799	0.351807769829277	88
0.10647884198302	0.352309794326609	88
0.10647884198302	0.352309794326609	2055
0.10328279028361	0.353197314225222	312
0.10647884198302	0.352309794326609	312
0.10647884198302	0.352309794326609	1306
0.11092586756108	0.350415838742694	427
0.10826925398621	0.351630194981725	97
0.10287853396258	0.35296389743942	28
0.0913849785103899	0.647524893655861	146
0.0614374302810601	1.21521824933666	146
0.04840953669156	1.39040611345035	27
0.02752115027819	0.913970348903043	27
-0.0355243761144901	1.73166193176922	288
0.02757532966767	1.42549143496351	116
-0.0918231525645501	1.09477342309988	116
-0.0980462400064299	1.33725957748631	560
0.07786352108392	0.657043512654335	1527
0.10203552967005	0.987647465484537	1527
-0.09820777379664	1.33928519849585	116
0.0668818516826399	1.20763197681305	116
0.10647884198302	0.352309794326609	544
-0.0977436284851101	1.10609070780557	708
-0.00724423259057994	1.17059061317099	708
-0.02123230628155	1.3826095493326	143
0.0802206285856899	0.657069110109831	143
0.0180724706111	0.925404835091637	557
0.10258640259334	0.352883231159087	488
0.10716674266205	0.352132388893513	5131
-0.02495473558411	0.58335694060492	111
0.10895780785609	0.350714860686515	1280
0.10647884198302	0.352309794326609	2737
0.10647884198302	0.352309794326609	943
-0.01937561527664	0.578362564289604	266
-0.0165369043550301	0.576781738217319	1245
-0.0246738993289199	0.581595777089794	109
0.09716291462318	0.354221264198155	101
0.10689134122138	0.351285302005725	2392
0.10758043184799	0.351807769829277	88
0.10758043184799	0.351807769829277	88
0.10785437586757	0.351215554477081	312
0.10647884198302	0.352309794326609	1306
0.10287853396258	0.35296389743942	28
0.10785437586757	0.351215554477081	146
-0.0552934299924299	2.07178166173702	27
0.10716674266205	0.352132388893513	27
0.10758043184799	0.351807769829277	27
-0.10369468673733	1.34970434766156	27
0.0343022101455299	1.41913609351587	288
-0.0111652385094201	1.17289225411009	116
0.06174857370072	1.21877866793446	116
0.10758043184799	0.351807769829277	116
-0.0984128575203	1.54443543429203	116
0.01331620770664	0.929644878331493	485
-0.0299876141396001	0.583067451775322	81
0.10716674266205	0.352132388893513	708
-0.0918924035109701	1.32466769085124	143
0.0924911489970699	0.647904639842956	143
-0.0256210160689501	0.583695327776066	1007
0.08503511805493	0.65235888959993	488
-0.01898917918035	0.579150144945583	25
-0.0221182132134701	0.580408422501073	254
0.0880013004134901	0.649837394152127	254
0.11092586756108	0.350415838742694	254
-0.0199377346304801	0.578438416169099	111
0.0242027981117099	0.913167501864931	111
0.10647884198302	0.352309794326609	1280
-0.0751994282328501	0.829206647171541	1245
-0.0252346917202799	0.58191737664116	109
0.10258640259334	0.352883231159087	124
0.10647884198302	0.352309794326609	9
0.10579067361142	0.351785528543761	1306
0.10758043184799	0.351807769829277	789
0.10397890323872	0.352462565358244	427
0.02610168069754	1.43544462096019	28
0.10663361484863	0.351799503810815	28
0.08768915422257	0.651530929339694	27
0.0660542300185301	1.20939260047111	562
-0.0252346917202799	0.58191737664116	116
0.08931722660306	0.650273274268608	116
0.08503511805493	0.65235888959993	485
0.0154795813594499	0.927590728608008	974
0.10716674266205	0.352132388893513	81
0.10716674266205	0.352132388893513	81
0.10287853396258	0.35296389743942	544
-0.06982822110286	0.824564420176428	143
0.10758043184799	0.351807769829277	143
0.10218335279232	0.353699707342604	1876
0.10733312446004	0.351067215845013	1876
0.10758043184799	0.351807769829277	2606
0.10716674266205	0.352132388893513	392
0.11092586756108	0.350415838742694	448
0.10716674266205	0.352132388893513	124
0.10826925398621	0.351630194981725	101
0.10647884198302	0.352309794326609	101
0.10647884198302	0.352309794326609	3142
-0.0206064013082601	0.579256545559091	3142
0.10758043184799	0.351807769829277	9
0.10716674266205	0.352132388893513	9
0.10716674266205	0.352132388893513	1306
0.10758043184799	0.351807769829277	97
0.10758043184799	0.351807769829277	97
0.10218335279232	0.353699707342604	28
0.10287853396258	0.35296389743942	588
-0.00995180548114005	1.17408479638215	4553
-0.0317371597252301	1.57221062684625	116
0.09305299674246	1.0002256142302	560
0.10785437586757	0.351215554477081	81
0.10758043184799	0.351807769829277	544
0.02104027720589	0.921892238789281	1007
-0.0299876141396001	0.583067451775322	488
0.10758043184799	0.351807769829277	3806
0.10758043184799	0.351807769829277	3806
0.10647884198302	0.352309794326609	1876
0.10716674266205	0.352132388893513	2606
-0.104388983882	1.34895377956241	254
0.10758043184799	0.351807769829277	448
0.10579067361142	0.351785528543761	909
0.10758043184799	0.351807769829277	111
-0.07603124429498	0.830333865261929	111
0.10716674266205	0.352132388893513	451
0.10758043184799	0.351807769829277	451
-0.0233431592753299	0.580545475751851	394
0.10895780785609	0.350714860686515	2737
-0.0168221136840501	0.577178479347997	1245
-0.02032538013449	0.58045220816518	1245
0.10758043184799	0.351807769829277	1245
-0.0206064013082601	0.579256545559091	101
0.10287853396258	0.35296389743942	681
0.10397890323872	0.352462565358244	1306
0.10758043184799	0.351807769829277	312
0.11161804781962	0.350237547909829	427
0.0623987998944799	1.8377128419344	28
0.0261326553266601	0.914169218912551	28
0.09453796244302	1.00192697937236	588
-0.0977191267817501	1.10758811364727	1193
0.00843901063447006	1.75691217769101	288
0.10785437586757	0.351215554477081	116
0.02408964817714	1.43637858289657	116
-0.00423332922604991	1.16092304022552	485
0.11092586756108	0.350415838742694	254
0.0902201634281701	0.649500065308071	254
0.0839701967903499	0.653528558133648	254
0.0169314900914199	0.926963123360201	63
0.10826925398621	0.351630194981725	1280
-0.01587168520504	0.57659573259799	124
-0.0807814788138299	0.833393762227025	1245
0.0885563574289101	0.650194172814921	1245
0.11161804781962	0.350237547909829	124
0.10689134122138	0.351285302005725	505
0.10287853396258	0.35296389743942	1562
0.10579067361142	0.351785528543761	9
0.10647884198302	0.352309794326609	427
-0.000775405302589904	1.1612699096475	562
0.0316046661196701	1.42385481291468	116
-0.01095626605947	1.17446627611185	1186
0.10826925398621	0.351630194981725	81
-0.01720245749258	0.576637775977831	81
0.10328279028361	0.353197314225222	2255
0.10647884198302	0.352309794326609	3038
0.0989630106853701	0.353478679518203	544
-0.0045561819887201	1.16872091603677	708
0.0362890339015101	1.41961385423023	143
-0.0789374483294201	0.831782358900724	143
0.10148789770049	0.353384284502155	1876
0.10689134122138	0.351285302005725	2606
-0.10869540184164	1.35601782083557	63
0.10647884198302	0.352309794326609	909
0.10647884198302	0.352309794326609	909
0.0205580137244501	0.922824886840433	909
0.10218335279232	0.353699707342604	124
-0.02495473558411	0.58335694060492	266
0.10826925398621	0.351630194981725	1245
0.10785437586757	0.351215554477081	2392
0.10758043184799	0.351807769829277	1562
-0.02866095646662	0.582384335707824	1562
0.10826925398621	0.351630194981725	1306
0.0910343757672001	0.647335654749726	28
0.11799880501844	1.48045640592738	28
-0.02079133119985	0.57936096462064	588
-0.10270659309063	1.11300755458358	28
0.0640801126072099	1.21230052624319	146
0.10287853396258	0.35296389743942	27
0.0768532913298401	1.45993030537032	27
-0.0908147867370599	1.0949038881777	562
0.0889418121888199	0.650550150792748	116
0.11180146402574	1.25866164178071	485
-0.02032538013449	0.58045220816518	81
0.0885368460540401	1.00619011070835	143
0.02703946779485	0.913810300212913	143
0.10663361484863	0.351799503810815	143
-0.0293241189514	0.582953239357999	1007
0.02564927558353	0.915219630626735	1947
-0.0951666860573199	1.33072073986263	63
0.10785437586757	0.351215554477081	448
-0.02099398512007	0.58063946719774	909
0.10716674266205	0.352132388893513	124
0.10826925398621	0.351630194981725	2737
0.0882072633098401	0.650992030959653	2737
0.11161804781962	0.350237547909829	1245
-0.0272357610266101	0.58293567232368	88
0.10826925398621	0.351630194981725	88
0.10218335279232	0.353699707342604	88
0.10258640259334	0.352883231159087	1306
0.10647884198302	0.352309794326609	1306
0.10826925398621	0.351630194981725	312
0.10758043184799	0.351807769829277	2641
0.10647884198302	0.352309794326609	97
-0.0221182132134701	0.580408422501073	146
0.10647884198302	0.352309794326609	27
-0.02960390710866	0.58447674818335	27
-0.0222198374264799	1.38456859902054	27
-0.10337449047903	1.11157011117325	116
0.0941487081716199	0.646451404526215	116
0.0949860511024001	0.995054811158283	560
-0.0326971162449601	1.57283397575973	1527
0.10647884198302	0.352309794326609	81
0.10663361484863	0.351799503810815	81
-0.01870808245147	0.577883497327535	2577
-0.0211704534369199	0.579825727743365	143
0.10647884198302	0.352309794326609	524
0.10231922993712	0.352082943164405	1876
0.11161804781962	0.350237547909829	2606
-0.0180408851730201	0.577068127053539	909
0.0855706511387799	0.652347007412662	909
0.10895780785609	0.350714860686515	2737
0.10218335279232	0.353699707342604	2737
0.07376632622572	0.659519437065587	124
0.10895780785609	0.350714860686515	124
0.10758043184799	0.351807769829277	465
0.10258640259334	0.352883231159087	1306
0.10218335279232	0.353699707342604	1306
0.10689134122138	0.351285302005725	1306
0.10647884198302	0.352309794326609	3695
0.11161804781962	0.350237547909829	28
0.06424282821199	1.21450927738156	588
-0.02428878983577	0.582639355082303	27
0.06482533809017	1.21358217116464	288
0.0946372053147	1.00121491022345	116
-0.0894102722063601	1.08969036914426	116
0.01927737560992	0.924197772051975	116
-0.10382467931974	1.35003113895261	116
-0.0148669380673101	1.18011438856034	485
0.10758043184799	0.351807769829277	81
-0.0205075928915399	0.579490279223785	2577
0.02387413737171	0.920607959029751	143
-0.0246738993289199	0.581595777089794	1007
0.10328279028361	0.353197314225222	1007
0.02387413737171	0.920607959029751	1947
0.10895780785609	0.350714860686515	2606
0.10579067361142	0.351785528543761	63
0.0928419949131101	0.645997208961592	63
-0.0161564891964301	0.576700733308464	909
0.10328279028361	0.353197314225222	2737
0.10258640259334	0.352883231159087	2737
0.10148789770049	0.353384284502155	109
0.10895780785609	0.350714860686515	88
0.10716674266205	0.352132388893513	681
-0.02099398512007	0.58063946719774	88
0.10895780785609	0.350714860686515	2381
0.10758043184799	0.351807769829277	1306
0.10716674266205	0.352132388893513	1306
0.10328279028361	0.353197314225222	2641
-0.02166292684413	0.580493155786958	28
0.10758043184799	0.351807769829277	588
-0.09817687617516	1.33615232466218	588
-0.00644726128971995	1.16691791272875	588
0.0824834655442099	0.654792221148453	588
-0.02004494239113	1.18468800105123	146
-0.08995741237534	0.837886705727775	146
0.09004342972879	0.649546766482322	116
-0.0732187278101999	0.827179762016143	116
0.0769139313704099	0.652389655535863	116
0.10826925398621	0.351630194981725	1527
0.08931722660306	0.650273274268608	432
0.0907743109538099	0.648758219491063	485
0.10826925398621	0.351630194981725	81
0.10328279028361	0.353197314225222	1947
0.0913849785103899	0.647524893655861	25
0.10826925398621	0.351630194981725	463
0.10826925398621	0.351630194981725	63
-0.07466906671733	0.828812827260658	63
-0.02495473558411	0.58335694060492	63
0.10328279028361	0.353197314225222	909
0.10895780785609	0.350714860686515	1280
0.10148789770049	0.353384284502155	874
0.11230995697287	0.349325823144218	874
0.10258640259334	0.352883231159087	2737
0.11230995697287	0.349325823144218	124
-0.01965711158767	0.579970689675105	876
0.11161804781962	0.350237547909829	1306
0.11161804781962	0.350237547909829	588
0.10328279028361	0.353197314225222	588
-0.0755893142410899	0.827371293184792	116
-0.0986848005076999	1.10817974753552	1527
0.0590889760434501	1.22127601554633	485
0.10826925398621	0.351630194981725	1016
-0.02032538013449	0.58045220816518	2577
0.10826925398621	0.351630194981725	544
-0.0967529119680099	1.1054187726243	143
0.10647884198302	0.352309794326609	2606
-0.01587168520504	0.57659573259799	909
0.10258640259334	0.352883231159087	909
0.11161804781962	0.350237547909829	909
0.11092586756108	0.350415838742694	874
0.10826925398621	0.351630194981725	2737
0.10287853396258	0.35296389743942	124
0.10689134122138	0.351285302005725	124
0.11092586756108	0.350415838742694	681
0.10733312446004	0.351067215845013	4489
0.10758043184799	0.351807769829277	437
0.10328279028361	0.353197314225222	28
0.0887923226131	0.649884352175995	146
0.02752115027819	0.913970348903043	116
-0.00850996630285006	1.172060466942	116
0.0159666544163499	0.926710509723545	116
0.0159621640482199	0.92751320939181	116
0.0822252997955499	0.653228778341304	116
-0.02032538013449	0.58045220816518	432
0.0959718678027801	0.994688956715915	485
0.10716674266205	0.352132388893513	965
0.10785437586757	0.351215554477081	965
0.0941487081716199	0.646451404526215	143
-0.03493034680445	0.585592217145805	1568
-0.0205075928915399	0.579490279223785	25
0.10895780785609	0.350714860686515	463
0.10258640259334	0.352883231159087	63
-0.01870808245147	0.577883497327535	63
0.11092586756108	0.350415838742694	909
0.10758043184799	0.351807769829277	1280
-0.02099398512007	0.58063946719774	2156
-0.02099398512007	0.58063946719774	266
0.10647884198302	0.352309794326609	3669
0.10758043184799	0.351807769829277	681
0.10716674266205	0.352132388893513	88
0.10785437586757	0.351215554477081	9
0.10689134122138	0.351285302005725	1306
0.10328279028361	0.353197314225222	56
-0.00939051101507005	1.17352625058068	28
0.02387413737171	0.920607959029751	28
-0.0199377346304801	0.578438416169099	588
0.10716674266205	0.352132388893513	27
0.01640757593972	1.60410776554508	288
0.08487211935683	0.654515958017152	116
0.02249234714144	0.920481090637812	116
0.0754203179784601	0.658427878313075	116
0.0221801855283299	0.919997532601341	485
0.10689134122138	0.351285302005725	485
0.10397890323872	0.352462565358244	601
0.10287853396258	0.35296389743942	544
0.10716674266205	0.352132388893513	143
0.10258640259334	0.352883231159087	1947
-0.07888779869732	0.834205282807095	3112
0.10287853396258	0.35296389743942	909
0.10647884198302	0.352309794326609	909
0.10218335279232	0.353699707342604	111
0.10895780785609	0.350714860686515	2156
0.10689134122138	0.351285302005725	88
-0.01965711158767	0.579970689675105	4547
0.10397890323872	0.352462565358244	648
0.10689134122138	0.351285302005725	88
0.10579067361142	0.351785528543761	1562
0.10397890323872	0.352462565358244	9
-0.02400836223229	0.581258703136909	28
-0.0812392226010601	0.829472099245158	588
0.10785437586757	0.351215554477081	588
0.08167406607633	0.654134514886414	27
-0.09620462324279	1.34062511338418	562
0.10101566082672	0.991006119895259	562
0.0908034413946199	1.00376737591041	1527
0.07841671617754	0.656847582683595	1527
-0.08890043044031	0.839622784557726	432
0.10647884198302	0.352309794326609	601
0.0896657887737	0.649980701034027	143
-0.0211704534369199	0.579825727743365	143
0.10826925398621	0.351630194981725	1568
0.10593382759709	0.35148923313409	1568
0.10218335279232	0.353699707342604	63
0.10716674266205	0.352132388893513	63
0.10895780785609	0.350714860686515	63
-0.02495473558411	0.58335694060492	63
0.02468477839688	0.916384127518116	3112
-0.0732187278101999	0.827179762016143	3112
0.10328279028361	0.353197314225222	106
0.10758043184799	0.351807769829277	124
0.10716674266205	0.352132388893513	2737
-0.02628763158757	0.583658225403998	109
0.10647884198302	0.352309794326609	109
0.10647884198302	0.352309794326609	88
0.10397890323872	0.352462565358244	88
0.10716674266205	0.352132388893513	505
-0.01870808245147	0.577883497327535	4117
0.11161804781962	0.350237547909829	9
0.10716674266205	0.352132388893513	1306
0.10647884198302	0.352309794326609	1306
0.10758043184799	0.351807769829277	1306
0.10647884198302	0.352309794326609	789
0.10716674266205	0.352132388893513	427
-0.09861296522347	1.33705193305498	48
0.0919381769649299	0.647880740377681	146
-0.11109821787181	1.75526161997426	27
0.0967518998339401	0.998552255492522	1527
0.10397890323872	0.352462565358244	432
0.06637002215486	1.209192803319	116
0.10826925398621	0.351630194981725	601
0.10826925398621	0.351630194981725	601
0.0857740617371201	0.653741388644674	143
0.10785437586757	0.351215554477081	1568
0.08911118682812	0.650217800895839	488
0.10716674266205	0.352132388893513	488
0.10397890323872	0.352462565358244	63
0.0885563574289101	0.650194172814921	63
0.08612344995625	0.651987418512096	3112
0.10716674266205	0.352132388893513	1178
0.08931722660306	0.650273274268608	909
0.10895780785609	0.350714860686515	124
0.10716674266205	0.352132388893513	874
0.10826925398621	0.351630194981725	124
0.10689134122138	0.351285302005725	1328
0.10758043184799	0.351807769829277	1328
-0.0206064013082601	0.579256545559091	124
-0.02261442293622	0.579780704461	2156
0.10148789770049	0.353384284502155	88
0.10218335279232	0.353699707342604	4547
0.10328279028361	0.353197314225222	783
0.10716674266205	0.352132388893513	783
0.10716674266205	0.352132388893513	1306
0.10895780785609	0.350714860686515	1379
-0.0199377346304801	0.578438416169099	28
-0.0737484919429701	0.827865968081847	588
0.0243512647991599	0.917577781149212	588
0.10218335279232	0.353699707342604	588
-0.0712062582870201	0.823966640168784	27
-0.08323897166025	0.836854548113291	562
0.11092586756108	0.350415838742694	1527
0.11161804781962	0.350237547909829	485
0.10287853396258	0.35296389743942	965
0.10895780785609	0.350714860686515	965
0.10785437586757	0.351215554477081	544
-0.0305471390401799	0.583752148236366	143
0.10785437586757	0.351215554477081	143
0.0982592360254899	0.353721534917221	143
0.10826925398621	0.351630194981725	488
0.08876235876415	0.650754614292679	25
0.10716674266205	0.352132388893513	4615
0.10218335279232	0.353699707342604	63
0.0823073157091701	0.654612114470796	3112
-0.02032538013449	0.58045220816518	909
0.10148789770049	0.353384284502155	909
0.10579067361142	0.351785528543761	2156
0.10826925398621	0.351630194981725	109
0.10647884198302	0.352309794326609	1562
0.10826925398621	0.351630194981725	312
0.10758043184799	0.351807769829277	1306
0.08987186698926	0.649530308387677	28
0.06133078148913	1.21949598262694	288
-0.08376764188472	0.836860680576432	116
0.10287853396258	0.35296389743942	116
0.0921410851526601	0.647122135526749	1527
0.0982716174278599	0.995192881955867	761
0.0924911489970699	0.647904639842956	116
0.0941849638391401	1.00135355751855	116
-0.02008779734003	1.37936998853208	485
0.07966843983398	0.657264267464277	601
0.11230995697287	0.349325823144218	544
0.0802206285856899	0.657069110109831	143
-0.00525225270662011	1.16959804964684	143
0.0841141687861899	0.654824552022475	488
0.10716674266205	0.352132388893513	63
0.10716674266205	0.352132388893513	4688
-0.02183364624937	0.579789745439092	63
0.10895780785609	0.350714860686515	3112
0.10716674266205	0.352132388893513	3112
-0.01870808245147	0.577883497327535	3112
-0.0223322056066999	0.579667431665503	909
0.10758043184799	0.351807769829277	1178
-0.02099398512007	0.58063946719774	111
0.10647884198302	0.352309794326609	909
0.10826925398621	0.351630194981725	346
0.11092586756108	0.350415838742694	124
-0.0205075928915399	0.579490279223785	2156
-0.0165369043550301	0.576781738217319	124
0.11161804781962	0.350237547909829	648
0.10716674266205	0.352132388893513	88
-0.01720245749258	0.576637775977831	88
0.10328279028361	0.353197314225222	791
0.10716674266205	0.352132388893513	791
0.10826925398621	0.351630194981725	312
0.10716674266205	0.352132388893513	1306
0.10258640259334	0.352883231159087	427
0.10647884198302	0.352309794326609	437
0.08667602254785	0.651340343074828	27
-0.09915561411758	1.10865653530461	27
-0.07035646601997	0.825248140293113	1584
0.0569704534650199	1.22319593291951	485
0.10328279028361	0.353197314225222	81
0.10218335279232	0.353699707342604	2324
0.10148789770049	0.353384284502155	544
0.10758043184799	0.351807769829277	488
-0.02495473558411	0.58335694060492	143
0.10647884198302	0.352309794326609	63
0.10647884198302	0.352309794326609	5024
0.11230995697287	0.349325823144218	63
0.10758043184799	0.351807769829277	63
-0.09915561411758	1.10865653530461	3112
0.10328279028361	0.353197314225222	3112
-0.08363240005469	0.837408038208625	909
-0.02628763158757	0.583658225403998	1368
0.10579067361142	0.351785528543761	124
0.0169314900914199	0.926963123360201	2156
-0.0269545824372	0.582913354723689	124
0.11161804781962	0.350237547909829	109
0.10218335279232	0.353699707342604	648
-0.02099398512007	0.58063946719774	88
0.10758043184799	0.351807769829277	791
0.10758043184799	0.351807769829277	1562
0.10826925398621	0.351630194981725	427
-0.0765169079730601	0.829164530191248	1379
0.0682999411734899	1.20515832363728	588
0.0603438505412399	1.22127438646284	48
0.0955184978938	0.994588456066608	48
-0.10071427047288	1.34492613551455	588
0.10758043184799	0.351807769829277	27
-0.00850261759557003	1.17090502573623	562
0.08946079988539	0.647809890682391	485
0.10647884198302	0.352309794326609	81
0.10287853396258	0.35296389743942	965
0.10716674266205	0.352132388893513	81
0.10218335279232	0.353699707342604	601
0.10328279028361	0.353197314225222	601
0.11230995697287	0.349325823144218	544
-0.0923609219958801	1.09625308255976	143
0.09912731292796	0.992208464136642	143
-0.0103960133337599	1.17518362804802	143
0.10328279028361	0.353197314225222	143
0.11230995697287	0.349325823144218	1859
-0.0846903445879501	0.837811003657512	909
0.08911118682812	0.650217800895839	909
-0.03187679840853	0.584437589685732	909
-0.07480862840562	0.82835962569904	909
-0.0213802300192001	0.57758827802239	3338
0.10218335279232	0.353699707342604	109
0.10647884198302	0.352309794326609	88
0.0885563574289101	0.650194172814921	88
0.10758043184799	0.351807769829277	88
0.10663361484863	0.351799503810815	1562
0.10689134122138	0.351285302005725	1306
0.11092586756108	0.350415838742694	1306
-0.10122179292434	1.73410490714537	28
0.0880395164151999	0.652449440273683	588
0.0748692129625199	0.65921776139167	27
0.0806600871810801	1.44941201493766	562
0.0681387374554201	1.20462989301269	116
0.10579067361142	0.351785528543761	761
0.05738997638984	1.22282634795683	1584
0.0224251523427901	0.919329145735705	601
0.0978692983487599	0.641425137571665	544
0.09304389476812	0.647668753377714	143
0.10716674266205	0.352132388893513	143
0.10758043184799	0.351807769829277	143
0.0802206285856899	0.657069110109831	3112
0.10689134122138	0.351285302005725	909
0.10716674266205	0.352132388893513	909
0.08632690639061	0.652735113629601	909
0.10758043184799	0.351807769829277	874
0.10218335279232	0.353699707342604	124
0.10716674266205	0.352132388893513	124
0.0841343437690301	0.654257008970129	1079
-0.0212754047183501	0.579737208933733	109
0.10826925398621	0.351630194981725	2439
0.10647884198302	0.352309794326609	88
0.10328279028361	0.353197314225222	88
0.10895780785609	0.350714860686515	3455
0.10218335279232	0.353699707342604	809
-0.0756380349010699	0.831439589392411	48
-0.10703015499205	1.55817695150688	588
0.10716674266205	0.352132388893513	588
-0.0289403270686499	0.583135876548882	116
0.10647884198302	0.352309794326609	761
-0.00958050493678009	1.17145786965658	1584
0.10101566082672	0.991006119895259	485
0.10826925398621	0.351630194981725	411
0.0904458408373501	1.00485091119142	700
0.10716674266205	0.352132388893513	4623
0.10716674266205	0.352132388893513	63
0.0869359952923301	0.652238168620569	3112
0.0926819335267	1.00178736459428	3112
0.0787659723701499	0.658038712603471	909
0.0907743109538099	0.648758219491063	909
0.0928155627579701	0.354305410254477	2737
0.10218335279232	0.353699707342604	1368
-0.02032538013449	0.58045220816518	1079
-0.01965711158767	0.579970689675105	1079
0.10328279028361	0.353197314225222	109
0.10758043184799	0.351807769829277	109
-0.0233431592753299	0.580545475751851	109
0.10826925398621	0.351630194981725	109
0.10287853396258	0.35296389743942	88
0.10716674266205	0.352132388893513	88
0.10826925398621	0.351630194981725	88
0.10758043184799	0.351807769829277	1562
0.10218335279232	0.353699707342604	783
0.11092586756108	0.350415838742694	783
0.10716674266205	0.352132388893513	1306
0.10716674266205	0.352132388893513	1873
0.10826925398621	0.351630194981725	2927
-0.02362317852698	0.581190591414601	48
0.02532302458674	0.919204901694303	27
-0.0753390010060999	0.828132219850736	27
0.0452773838590199	1.39636636615756	562
-0.09915561411758	1.10865653530461	562
-0.03740212541431	1.57985145471383	562
-0.1060033768979	1.35055717322292	562
-0.0145422476842101	0.575306259165605	562
-0.0742784587630301	0.828259284544803	562
0.09035039836001	1.00496814851003	116
-0.0279981263911899	0.581052805298475	116
0.0959718678027801	0.994688956715915	1527
-0.0177074555429699	1.37579329884009	2538
-0.0199377346304801	0.578438416169099	1584
-0.0789374483294201	0.831782358900724	1584
0.0983002106823401	0.99641537241926	1584
0.10328279028361	0.353197314225222	485
0.10895780785609	0.350714860686515	81
0.10593382759709	0.35148923313409	411
0.11230995697287	0.349325823144218	544
0.10397890323872	0.352462565358244	2079
0.10716674266205	0.352132388893513	143
0.10785437586757	0.351215554477081	143
0.10647884198302	0.352309794326609	143
0.10826925398621	0.351630194981725	1853
0.10895780785609	0.350714860686515	4623
0.10758043184799	0.351807769829277	3112
0.01662003148275	0.927172110054375	909
0.10758043184799	0.351807769829277	2737
0.10733312446004	0.351067215845013	1368
0.10647884198302	0.352309794326609	109
0.10647884198302	0.352309794326609	109
0.10716674266205	0.352132388893513	109
0.10826925398621	0.351630194981725	88
-0.02166292684413	0.580493155786958	88
0.10826925398621	0.351630194981725	1562
0.10716674266205	0.352132388893513	1306
0.10579067361142	0.351785528543761	1873
0.10647884198302	0.352309794326609	1873
0.10647884198302	0.352309794326609	56
0.10716674266205	0.352132388893513	427
0.11161804781962	0.350237547909829	28
-0.03899165721945	1.58130581792289	588
0.05950738762848	1.2216510932981	588
-0.0212754047183501	0.579737208933733	27
0.0586066867189201	1.61999801977434	27
0.0615659700426201	1.2165854730337	2037
-0.00735729113849004	1.16887164290051	2037
-0.0259013793896701	0.582633022248989	116
0.02200692534856	0.921341396565078	485
0.10647884198302	0.352309794326609	832
-0.06838046138878	0.821093576434953	81
0.10663361484863	0.351799503810815	2999
0.10218335279232	0.353699707342604	488
0.10647884198302	0.352309794326609	143
0.10258640259334	0.352883231159087	2353
0.10218335279232	0.353699707342604	4623
0.0682999411734899	1.20515832363728	63
0.0908034413946199	1.00376737591041	3112
0.10663361484863	0.351799503810815	1792
0.10647884198302	0.352309794326609	1859
-0.02032538013449	0.58045220816518	63
-0.0245683390865099	0.580473910496962	63
0.10826925398621	0.351630194981725	909
0.10579067361142	0.351785528543761	4483
0.11161804781962	0.350237547909829	2737
0.10647884198302	0.352309794326609	88
0.10647884198302	0.352309794326609	88
0.10716674266205	0.352132388893513	1562
0.10579067361142	0.351785528543761	9
0.10647884198302	0.352309794326609	783
0.10716674266205	0.352132388893513	2637
0.10716674266205	0.352132388893513	1306
0.10826925398621	0.351630194981725	3455
-0.10571890845718	1.34731808136362	588
0.10785437586757	0.351215554477081	27
-0.04276384782344	1.58773502718031	116
0.0857740617371201	0.653741388644674	2538
0.0896106831507599	1.00254809887189	2538
-0.10079811866341	1.11063098053462	761
-0.09252219602389	1.53156966473473	485
-0.01027893171429	1.17456152510093	485
0.09304389476812	0.647668753377714	81
0.10647884198302	0.352309794326609	81
0.10328279028361	0.353197314225222	601
0.10785437586757	0.351215554477081	601
0.10758043184799	0.351807769829277	143
0.10716674266205	0.352132388893513	1853
0.10287853396258	0.35296389743942	4623
-0.0256210160689501	0.583695327776066	63
0.10647884198302	0.352309794326609	3954
-0.02400836223229	0.581258703136909	1859
0.10758043184799	0.351807769829277	909
0.0815811795782599	0.654230038629157	1178
0.10716674266205	0.352132388893513	909
0.10758043184799	0.351807769829277	2737
0.11092586756108	0.350415838742694	2737
0.10758043184799	0.351807769829277	1079
0.10397890323872	0.352462565358244	109
-0.0200434839469901	0.578549734222855	88
0.10218335279232	0.353699707342604	88
0.10689134122138	0.351285302005725	1306
0.10826925398621	0.351630194981725	1873
0.10579067361142	0.351785528543761	809
-0.07933270807379	0.833882740653433	588
-0.11576004524111	1.57096325317114	27
0.0741170705196399	0.657879107644869	562
0.08931722660306	0.650273274268608	832
0.10397890323872	0.352462565358244	832
0.10397890323872	0.352462565358244	81
0.10785437586757	0.351215554477081	411
0.10148789770049	0.353384284502155	2468
-0.0800845115686499	0.833342288425983	143
-0.07360895235181	0.82711047870906	143
0.10785437586757	0.351215554477081	143
0.0191090120289901	0.921824597558665	143
0.11092586756108	0.350415838742694	4623
-0.02032538013449	0.58045220816518	1178
0.10689134122138	0.351285302005725	346
0.10895780785609	0.350714860686515	124
-0.0212754047183501	0.579737208933733	1079
0.10218335279232	0.353699707342604	124
0.10716674266205	0.352132388893513	1079
0.10758043184799	0.351807769829277	721
0.10716674266205	0.352132388893513	88
0.10895780785609	0.350714860686515	88
0.10647884198302	0.352309794326609	9
0.10758043184799	0.351807769829277	1306
-0.0214546059215199	0.580072466612979	1306
0.0598571804230399	1.21830440208982	48
0.01959167718143	0.921226436515766	27
-0.10409277795043	1.10774400763702	288
-0.0676320588052699	0.818200963837893	562
0.05346287146364	1.22785567161909	562
0.0896657887737	0.649980701034027	562
0.0832107315839501	0.655600676812176	562
0.0216908772550299	0.922886104206456	562
0.0917752377540699	1.0014510876606	562
0.07376632622572	0.659519437065587	485
-0.1019126926446	1.11275333687958	832
-0.11415260734772	2.39533761737866	143
0.0935880756632901	1.00081895905658	143
0.09564177004592	0.99719178346	143
0.01692684908841	0.926268054849153	1853
0.11161804781962	0.350237547909829	4623
0.0876519400772999	0.650968305198471	63
0.0553871495863201	1.22439636783877	3112
0.10231922993712	0.352082943164405	1859
-0.0728275904211699	0.824713420527391	1178
-0.0302678201580699	0.585048846712041	1178
-0.02362317852698	0.581190591414601	346
0.10895780785609	0.350714860686515	346
0.10785437586757	0.351215554477081	124
0.10826925398621	0.351630194981725	2737
-0.0152067997466201	0.576118661909323	2737
0.10397890323872	0.352462565358244	2737
0.10647884198302	0.352309794326609	3749
0.10826925398621	0.351630194981725	1079
0.10758043184799	0.351807769829277	1079
0.10826925398621	0.351630194981725	88
0.10328279028361	0.353197314225222	88
0.10218335279232	0.353699707342604	88
0.10826925398621	0.351630194981725	2637
-0.10984459428361	2.24306723019006	28
0.0489194759559599	1.2330991302683	588
-0.0995397854298701	1.54700196737579	588
-0.0221182132134701	0.580408422501073	588
0.0154795813594499	0.927590728608008	588
-0.0148669380673101	1.18011438856034	562
0.0861452319177201	1.0083357258463	562
-0.06849082307185	0.816512335037758	562
0.08998094254255	1.00697489638651	116
0.03275116493293	1.42106964503285	485
0.10647884198302	0.352309794326609	832
0.11230995697287	0.349325823144218	411
-0.0845539718525701	0.835934876757901	143
-0.0792787682866301	0.831828482540017	143
-0.10567905187798	1.11586332553171	143
-0.02267829016192	0.579106936023567	143
0.10895780785609	0.350714860686515	488
0.10579067361142	0.351785528543761	3587
-0.02099398512007	0.58063946719774	63
-0.0272357610266101	0.58293567232368	1293
-0.0259013793896701	0.582633022248989	63
-0.08271050353359	0.836458145602786	63
0.02249234714144	0.920481090637812	3112
0.10328279028361	0.353197314225222	1881
0.10287853396258	0.35296389743942	346
0.10785437586757	0.351215554477081	1368
0.10647884198302	0.352309794326609	1079
0.10785437586757	0.351215554477081	271
0.10258640259334	0.352883231159087	2731
0.10218335279232	0.353699707342604	88
0.10287853396258	0.35296389743942	2637
0.10647884198302	0.352309794326609	1306
-0.0978457109794599	1.54511041024121	28
0.0977308702876001	1.64021390593116	588
-0.00693334051932992	1.16438544007263	48
-0.10647898990104	1.56139683385415	146
-0.01854033179631	1.18122491510838	562
-0.07480862840562	0.82835962569904	116
0.10758043184799	0.351807769829277	116
0.0626956507332701	1.21260513932866	116
0.10785437586757	0.351215554477081	787
-0.0256210160689501	0.583695327776066	81
-0.0200434839469901	0.578549734222855	832
0.10716674266205	0.352132388893513	601
-0.02960390710866	0.58447674818335	601
0.10218335279232	0.353699707342604	411
-0.02428878983577	0.582639355082303	700
0.0299304038096699	0.911545057923848	143
0.10826925398621	0.351630194981725	1853
0.10218335279232	0.353699707342604	4623
0.10579067361142	0.351785528543761	63
0.08286183671648	0.6545394097211	3112
-0.00194585235583	1.15898730966586	135
-0.0152067997466201	0.576118661909323	92
0.10716674266205	0.352132388893513	1079
-0.03187679840853	0.584437589685732	1079
0.10218335279232	0.353699707342604	1079
0.10826925398621	0.351630194981725	88
0.10716674266205	0.352132388893513	648
0.10785437586757	0.351215554477081	9
0.10579067361142	0.351785528543761	9
0.10826925398621	0.351630194981725	1306
0.10579067361142	0.351785528543761	3115
0.10287853396258	0.35296389743942	809
-0.10744693085945	1.7427589777891	48
0.10647884198302	0.352309794326609	588
-0.04584901520609	1.75854438916086	27
-0.00726581623145006	1.17281732939833	2538
-0.01434805339469	0.571732892155019	2538
0.09359641443929	0.647190211436835	2538
-0.07841093939819	0.831388755246882	787
0.10785437586757	0.351215554477081	832
0.10895780785609	0.350714860686515	601
0.10647884198302	0.352309794326609	411
-0.0779667799886701	0.833254538561395	143
-0.0737484919429701	0.827865968081847	143
0.10579067361142	0.351785528543761	143
0.10397890323872	0.352462565358244	1853
0.10716674266205	0.352132388893513	1293
0.10826925398621	0.351630194981725	63
0.10287853396258	0.35296389743942	1293
0.10218335279232	0.353699707342604	88
0.10716674266205	0.352132388893513	88
0.10647884198302	0.352309794326609	1306
0.10689134122138	0.351285302005725	1306
0.10826925398621	0.351630194981725	56
-0.10105189032134	1.54832258203099	28
-0.0300703923488601	1.39582493024384	588
0.0857740617371201	0.653741388644674	588
-0.02656840239241	0.58297122228144	588
-0.0302678201580699	0.585048846712041	27
0.10647884198302	0.352309794326609	27
-0.0904329709379901	1.09658687829284	27
0.11482422787459	1.48551162581556	562
0.10733312446004	0.351067215845013	787
-0.0759628662307099	0.827199952065694	787
0.10716674266205	0.352132388893513	81
0.0882408511769	0.650884112892455	601
0.10148789770049	0.353384284502155	601
0.11161804781962	0.350237547909829	126
0.10647884198302	0.352309794326609	1293
-0.0252346917202799	0.58191737664116	63
0.10826925398621	0.351630194981725	63
0.10647884198302	0.352309794326609	1859
-0.08363240005469	0.837408038208625	63
0.0878589542234101	0.649782359675678	135
0.10287853396258	0.35296389743942	346
0.09716291462318	0.354221264198155	124
0.10758043184799	0.351807769829277	1368
-0.0252346917202799	0.58191737664116	1079
0.10579067361142	0.351785528543761	88
0.10716674266205	0.352132388893513	88
0.01644458659371	0.927072112028693	88
-0.0212754047183501	0.579737208933733	88
0.10218335279232	0.353699707342604	88
0.10895780785609	0.350714860686515	88
0.10826925398621	0.351630194981725	88
0.10579067361142	0.351785528543761	9
0.10758043184799	0.351807769829277	1306
0.10647884198302	0.352309794326609	1306
0.10148789770049	0.353384284502155	56
0.06067461557226	1.21859539105646	759
0.0852209906930499	0.654392144647465	28
-0.01965711158767	0.579970689675105	588
0.07557560257093	1.18523731556058	588
-0.07849590914857	0.833815212107253	146
0.10148789770049	0.353384284502155	27
0.00230265996633006	1.77476570747097	27
-0.0980737366887801	1.34336483294949	288
-0.0967529119680099	1.1054187726243	562
-0.00714625420027004	1.17300564989385	562
-0.0946484378007399	1.10006643649717	787
0.01838330496804	0.924723483967925	787
0.0882072633098401	0.650992030959653	81
0.09716291462318	0.354221264198155	832
0.10647884198302	0.352309794326609	832
0.10328279028361	0.353197314225222	411
0.10689134122138	0.351285302005725	4623
-0.01169716140508	0.572019285562981	4623
-0.02071168876143	0.578406004795778	1293
0.10758043184799	0.351807769829277	346
0.10647884198302	0.352309794326609	346
0.10647884198302	0.352309794326609	346
0.10328279028361	0.353197314225222	2816
0.10826925398621	0.351630194981725	3749
-0.0205075928915399	0.579490279223785	1368
0.10758043184799	0.351807769829277	1079
0.11230995697287	0.349325823144218	1079
0.10895780785609	0.350714860686515	1079
-0.0272357610266101	0.58293567232368	88
0.10328279028361	0.353197314225222	88
0.10579067361142	0.351785528543761	88
0.11023341597372	0.349898349308083	9
0.11092586756108	0.350415838742694	1306
-0.09689663549283	1.53770890941128	759
0.0924911489970699	0.647904639842956	28
-0.08271050353359	0.836458145602786	2538
-0.0398531456215201	1.58728243821723	2538
0.10716674266205	0.352132388893513	832
0.10895780785609	0.350714860686515	832
0.10287853396258	0.35296389743942	601
-0.10251717531998	1.54833261875779	143
-0.10513151516384	1.35167380794875	143
0.11092586756108	0.350415838742694	488
0.10758043184799	0.351807769829277	63
0.10579067361142	0.351785528543761	1293
0.10287853396258	0.35296389743942	1293
0.10826925398621	0.351630194981725	1293
-0.0269545824372	0.582913354723689	1293
-0.07849590914857	0.833815212107253	135
0.10716674266205	0.352132388893513	135
0.10689134122138	0.351285302005725	92
0.10826925398621	0.351630194981725	3749
0.10716674266205	0.352132388893513	751
0.10218335279232	0.353699707342604	271
0.10689134122138	0.351285302005725	1079
0.10689134122138	0.351285302005725	88
0.10716674266205	0.352132388893513	88
0.10785437586757	0.351215554477081	88
0.10218335279232	0.353699707342604	88
0.10716674266205	0.352132388893513	9
0.10647884198302	0.352309794326609	1306
0.09786574616812	0.353978519341629	517
0.11063050222415	1.26285186768596	48
-0.07550325116642	0.829776224136777	1927
0.07912564816193	0.656184276197409	27
0.09775166005935	0.997792030955	27
0.12208336472462	1.68150358141844	288
-0.00266556394614992	1.16649521102989	116
-0.09984284899143	1.3422529982823	116
0.10647884198302	0.352309794326609	116
0.08431855036541	0.655167690820231	81
-0.0272357610266101	0.58293567232368	81
0.10826925398621	0.351630194981725	832
0.10785437586757	0.351215554477081	4651
-0.01748807245685	0.577364796631369	81
-0.0227821533700701	0.580372488261402	143
-0.0246738993289199	0.581595777089794	143
-0.01965711158767	0.579970689675105	143
0.10397890323872	0.352462565358244	63
0.10785437586757	0.351215554477081	1293
0.10758043184799	0.351807769829277	1293
-0.0211704534369199	0.579825727743365	1293
0.10579067361142	0.351785528543761	1178
-0.000273381649879889	1.15763076682509	92
0.10826925398621	0.351630194981725	92
0.10689134122138	0.351285302005725	124
0.10647884198302	0.352309794326609	124
0.10758043184799	0.351807769829277	684
-0.0702195754543999	0.822698475091872	684
0.10826925398621	0.351630194981725	1079
0.10826925398621	0.351630194981725	88
0.10328279028361	0.353197314225222	88
0.10785437586757	0.351215554477081	1306
0.10826925398621	0.351630194981725	716
0.10716674266205	0.352132388893513	27
0.0101969379820099	0.930610239861558	562
0.0526567294049001	1.23062452119086	2538
0.10895780785609	0.350714860686515	832
-0.01965711158767	0.579970689675105	126
0.10689134122138	0.351285302005725	126
-0.03106106695884	1.39635031157388	143
0.0243555019897099	0.920328771307225	143
0.10258640259334	0.352883231159087	63
0.10716674266205	0.352132388893513	63
-0.01965711158767	0.579970689675105	1293
0.0743178824317401	0.659581316392577	63
-0.0778293504229299	0.831918491026819	92
0.08466769309659	0.654753086475839	92
0.10148789770049	0.353384284502155	684
0.10826925398621	0.351630194981725	1079
0.10758043184799	0.351807769829277	88
0.10826925398621	0.351630194981725	88
0.10716674266205	0.352132388893513	56
0.10647884198302	0.352309794326609	1626
0.11161804781962	0.350237547909829	250
-0.00658834163394007	1.16830275236438	28
0.09786574616812	0.353978519341629	588
0.0621478763913801	1.21553152315685	562
0.0953941340975	0.999527199345284	502
0.0837647544950799	0.655529150841431	562
0.0000179549460599393	1.16028259580818	116
0.00134510403737997	1.15657528370329	116
-0.0996265795722699	1.10876311421043	832
0.10785437586757	0.351215554477081	601
-0.0256210160689501	0.583695327776066	126
0.10758043184799	0.351807769829277	143
-0.02032538013449	0.58045220816518	4623
0.10647884198302	0.352309794326609	1293
0.10689134122138	0.351285302005725	63
0.10397890323872	0.352462565358244	63
0.10758043184799	0.351807769829277	135
-0.01965711158767	0.579970689675105	92
0.10231922993712	0.352082943164405	92
-0.0212754047183501	0.579737208933733	1079
0.10647884198302	0.352309794326609	2731
0.10826925398621	0.351630194981725	88
0.10785437586757	0.351215554477081	2305
0.10826925398621	0.351630194981725	716
0.0793186645478301	0.657843294254402	588
0.11161804781962	0.350237547909829	489
-0.0161564891964301	0.576700733308464	489
0.06608062111589	1.20994463615014	562
0.10785437586757	0.351215554477081	601
0.0299304038096699	0.911545057923848	143
0.10161201644474	0.352326436107844	143
0.0337229090739399	0.903694290193418	143
0.10758043184799	0.351807769829277	63
0.08911118682812	0.650217800895839	63
0.10716674266205	0.352132388893513	925
0.0928155627579701	0.354305410254477	5390
-0.0227821533700701	0.580372488261402	684
0.11161804781962	0.350237547909829	271
0.10733312446004	0.351067215845013	276
0.10716674266205	0.352132388893513	56
0.10716674266205	0.352132388893513	1626
0.09786574616812	0.353978519341629	716
0.0936712661822701	1.0003737936306	588
0.0967518998339401	0.998552255492522	588
-0.03459039026691	1.57594468879871	27
0.0479625011638101	1.23496186363975	27
-0.0699640064468099	0.823170125254251	562
0.0841141687861899	0.654824552022475	81
0.10758043184799	0.351807769829277	601
0.11161804781962	0.350237547909829	4530
0.10826925398621	0.351630194981725	126
-0.07849590914857	0.833815212107253	143
-0.00283387281982006	1.15937842660433	26
-0.0251626552633499	0.580620515914332	143
-0.02032538013449	0.58045220816518	387
0.10716674266205	0.352132388893513	1293
0.10287853396258	0.35296389743942	774
0.10826925398621	0.351630194981725	1293
-0.01103526725176	0.571216149520167	925
0.10716674266205	0.352132388893513	2731
0.10218335279232	0.353699707342604	9
0.10647884198302	0.352309794326609	3650
-0.01937561527664	0.578362564289604	56
-0.00924433950045001	1.93707860050678	48
-0.07985962218595	0.834277518094075	588
-0.0500725719312201	1.9187807683621	27
0.00158720504977006	1.15502927427969	27
0.11197460330103	1.25790685338907	288
-0.10320310557795	1.11017218309091	502
0.11195330933628	1.49362485331641	502
0.0941242040612	1.0000452377672	116
-0.00613865614846998	1.17063026426275	2538
-0.10202234987915	1.34598734883293	2538
0.10716674266205	0.352132388893513	81
-0.01965711158767	0.579970689675105	81
0.10647884198302	0.352309794326609	601
0.0205565272144701	0.918987966960131	143
0.10758043184799	0.351807769829277	1293
-0.10882682133225	1.35617098776486	63
-0.0714135613256299	0.825739488694593	63
-0.02428878983577	0.582639355082303	1578
0.10397890323872	0.352462565358244	2204
-0.02071168876143	0.578406004795778	684
-0.01898917918035	0.579150144945583	1368
0.10758043184799	0.351807769829277	271
0.10826925398621	0.351630194981725	271
0.10689134122138	0.351285302005725	271
0.10895780785609	0.350714860686515	271
0.10328279028361	0.353197314225222	271
0.10758043184799	0.351807769829277	271
-0.0219447451608401	0.579924971604282	88
0.10579067361142	0.351785528543761	88
0.11230995697287	0.349325823144218	88
0.10218335279232	0.353699707342604	88
0.08612344995625	0.651987418512096	88
0.10758043184799	0.351807769829277	9
0.10716674266205	0.352132388893513	123
0.10785437586757	0.351215554477081	56
0.10689134122138	0.351285302005725	56
0.11023341597372	0.349898349308083	56
0.10328279028361	0.353197314225222	839
0.0161485217538999	0.925331391959937	588
0.0575537963533199	1.22090532295795	48
0.02483239420355	0.916270136211916	502
-0.00713008611479005	1.16962537041658	562
0.09857791606716	0.991549624096106	116
0.0220104077830601	0.921079433700798	116
-0.10520810474624	1.11538494733139	116
0.10299111599828	0.98508507086224	787
0.10287853396258	0.35296389743942	601
0.10328279028361	0.353197314225222	601
0.10758043184799	0.351807769829277	2688
-0.09590541302511	1.1052733229326	143
-0.0809140540594799	0.833812124303817	143
-0.02495473558411	0.58335694060492	143
0.11092586756108	0.350415838742694	63
0.11230995697287	0.349325823144218	1293
0.10758043184799	0.351807769829277	63
0.0905692428887701	0.647595041048012	92
0.10785437586757	0.351215554477081	684
0.10826925398621	0.351630194981725	684
0.10895780785609	0.350714860686515	1368
0.10826925398621	0.351630194981725	2731
0.10758043184799	0.351807769829277	9
0.10716674266205	0.352132388893513	123
0.10826925398621	0.351630194981725	839
0.0802206285856899	0.657069110109831	27
-0.0972232461567699	1.10589452374101	27
-0.00252207830030993	1.15900256771436	288
0.11552247931407	1.2502372523933	562
-0.0955902985207699	1.101015966168	116
-0.02714507140261	0.580674078251489	116
0.0945770037097899	0.999406427294097	116
-0.0272357610266101	0.58293567232368	81
0.0828355222866199	0.651936188161506	143
0.0860327086430199	0.651681884960965	143
0.10579067361142	0.351785528543761	63
0.08431855036541	0.655167690820231	63
-0.0211704534369199	0.579825727743365	135
0.10716674266205	0.352132388893513	684
0.10689134122138	0.351285302005725	684
0.10758043184799	0.351807769829277	1368
0.11161804781962	0.350237547909829	1368
-0.0219447451608401	0.579924971604282	1368
0.10148789770049	0.353384284502155	1368
0.10826925398621	0.351630194981725	271
0.10826925398621	0.351630194981725	88
0.10826925398621	0.351630194981725	88
0.10826925398621	0.351630194981725	9
0.10826925398621	0.351630194981725	276
0.11230995697287	0.349325823144218	56
0.10689134122138	0.351285302005725	56
0.10716674266205	0.352132388893513	809
0.0885224530228199	1.00763616322627	588
-0.02656840239241	0.58297122228144	489
-0.02008779734003	1.37936998853208	562
0.0691373313699799	1.20285233133909	502
-0.00668569818179998	1.16945728484065	2538
0.10258640259334	0.352883231159087	601
-0.08376764188472	0.836860680576432	601
0.11092586756108	0.350415838742694	2246
0.0793186645478301	0.657843294254402	126
0.10826925398621	0.351630194981725	387
0.10647884198302	0.352309794326609	63
0.11092586756108	0.350415838742694	1293
0.11161804781962	0.350237547909829	55
0.10785437586757	0.351215554477081	925
0.11161804781962	0.350237547909829	135
0.11092586756108	0.350415838742694	1578
0.11092586756108	0.350415838742694	4905
0.10647884198302	0.352309794326609	4905
0.10663361484863	0.351799503810815	1815
0.10758043184799	0.351807769829277	684
0.10716674266205	0.352132388893513	271
0.10785437586757	0.351215554477081	213
0.10895780785609	0.350714860686515	88
0.10826925398621	0.351630194981725	88
-0.0188209940453901	0.576403728252704	88
0.10647884198302	0.352309794326609	88
0.10895780785609	0.350714860686515	315
0.10647884198302	0.352309794326609	56
0.10647884198302	0.352309794326609	56
0.10148789770049	0.353384284502155	1626
0.0611798334879301	1.21948030799584	48
-0.10320130550352	1.35036434403759	588
-0.07497545963571	0.828866649310839	288
0.07987113043911	0.657313340361156	562
0.06059802699684	1.21532025381011	562
0.10689134122138	0.351285302005725	116
0.0174136678724199	0.926522234186164	116
0.0256505663114801	0.914606893727347	2538
-0.07366172701221	0.828162934778137	787
-0.0778846312544801	0.830608468620618	116
-0.02071168876143	0.578406004795778	485
0.08487211935683	0.654515958017152	81
0.10758043184799	0.351807769829277	601
-0.0161564891964301	0.576700733308464	601
0.10826925398621	0.351630194981725	126
0.0286263924333701	0.913199532669962	26
0.10647884198302	0.352309794326609	2400
0.10647884198302	0.352309794326609	143
0.11161804781962	0.350237547909829	387
0.10647884198302	0.352309794326609	63
0.10218335279232	0.353699707342604	1293
0.10826925398621	0.351630194981725	925
0.08042337020513	0.656400453451052	1578
0.10287853396258	0.35296389743942	1815
0.10758043184799	0.351807769829277	684
0.10218335279232	0.353699707342604	271
0.10785437586757	0.351215554477081	648
0.10895780785609	0.350714860686515	276
0.10716674266205	0.352132388893513	56
-0.02099398512007	0.58063946719774	48
-0.11050853630472	1.35818754753951	288
-0.01937561527664	0.578362564289604	562
-0.06552557585603	0.817257653507552	502
-0.02428878983577	0.582639355082303	562
-0.0256210160689501	0.583695327776066	562
0.09359641443929	0.647190211436835	1783
0.0796743306149601	0.655398724204967	2538
-0.03559222840957	0.585939068936265	116
0.0914061382479301	0.647216656522794	485
0.0925049896985399	0.646220024093877	485
-0.0245169287804701	1.38432714714922	81
0.0884143147476999	0.649302054491071	143
0.01451393518183	0.926394488388587	2400
0.0795224266797201	0.655409398711473	2400
0.10689134122138	0.351285302005725	63
0.10895780785609	0.350714860686515	63
-0.02428878983577	0.582639355082303	63
0.10758043184799	0.351807769829277	1919
0.0835604176000799	0.654541861848122	135
0.10647884198302	0.352309794326609	92
-0.0205075928915399	0.579490279223785	1578
0.10689134122138	0.351285302005725	1815
0.10579067361142	0.351785528543761	2738
-0.02656840239241	0.58297122228144	1368
0.09786574616812	0.353978519341629	1079
0.10647884198302	0.352309794326609	1079
0.11092586756108	0.350415838742694	213
0.10397890323872	0.352462565358244	88
0.10758043184799	0.351807769829277	1743
0.10826925398621	0.351630194981725	276
0.10647884198302	0.352309794326609	276
-0.0958126980130301	1.10333561255148	27
0.0233885277227901	0.919102062394618	288
-0.1011501705888	1.34566512502377	288
0.0904458408373501	1.00485091119142	288
0.0896657887737	0.649980701034027	562
-0.0899634016953501	1.0962781646493	562
-0.08025415993052	0.83299924878818	562
-0.00894649842863005	1.17242908504693	2538
0.02152490366363	0.922273858660409	2538
0.0793186645478301	0.657843294254402	116
0.0600171003338501	1.21772929379881	81
0.092856761537	0.646292405535603	601
-0.07985962218595	0.834277518094075	126
0.01760249061923	0.922757921598586	126
-0.0206064013082601	0.579256545559091	143
-0.0726891662296401	0.826166043456925	143
0.10148789770049	0.353384284502155	63
-0.0737484919429701	0.827865968081847	1293
0.10647884198302	0.352309794326609	55
-0.01587168520504	0.57659573259799	135
0.10148789770049	0.353384284502155	92
0.10218335279232	0.353699707342604	684
-0.0161564891964301	0.576700733308464	684
0.10716674266205	0.352132388893513	2738
0.10758043184799	0.351807769829277	271
0.10785437586757	0.351215554477081	4891
0.11161804781962	0.350237547909829	88
0.10593382759709	0.35148923313409	648
0.10758043184799	0.351807769829277	4006
-0.09550987284293	1.53752719053408	588
0.06475344594788	1.20754512161776	588
0.02104027720589	0.921892238789281	562
-0.09747842918154	1.33562515793492	562
-0.0786322328525999	0.830739639663377	2538
0.02669815383995	0.912790651402286	2538
0.0983002106823401	0.99641537241926	2538
-0.07413890813543	0.828125663215551	2538
-0.0012419309618501	1.16074947631479	2538
-0.0946484378007399	1.10006643649717	1799
-0.0206064013082601	0.579256545559091	126
0.10716674266205	0.352132388893513	126
0.10716674266205	0.352132388893513	63
0.10758043184799	0.351807769829277	1293
0.10647884198302	0.352309794326609	135
-0.02656840239241	0.58297122228144	135
0.0982592360254899	0.353721534917221	92
0.10716674266205	0.352132388893513	92
0.10647884198302	0.352309794326609	747
0.10148789770049	0.353384284502155	684
0.10689134122138	0.351285302005725	684
0.10716674266205	0.352132388893513	2738
0.10785437586757	0.351215554477081	271
0.10785437586757	0.351215554477081	271
0.11161804781962	0.350237547909829	271
0.11023341597372	0.349898349308083	4891
0.10826925398621	0.351630194981725	123
0.10826925398621	0.351630194981725	123
0.10689134122138	0.351285302005725	839
0.09839867297602	0.990686184256124	588
0.0964250992941	0.994490052199396	27
-0.0989707849906301	1.11009980832992	27
0.08487211935683	0.654515958017152	502
-0.0732187278101999	0.827179762016143	562
-0.07068041030534	0.823066027770702	562
-0.0925637840278899	1.0995673486222	562
-0.08025415993052	0.83299924878818	2538
0.07577021337391	0.65844706785752	1799
-0.09624437964155	1.33280235009704	116
-0.0732187278101999	0.827179762016143	116
-0.10950339390598	1.35634066218906	81
0.0229741267826	0.919551013388354	601
0.08431855036541	0.655167690820231	601
0.11230995697287	0.349325823144218	601
0.10663361484863	0.351799503810815	1114
0.0907743109538099	0.648758219491063	2400
0.10647884198302	0.352309794326609	2400
0.10663361484863	0.351799503810815	143
-0.0995116599140999	1.10688765738951	26
0.10716674266205	0.352132388893513	1293
-0.02495473558411	0.58335694060492	1293
0.10579067361142	0.351785528543761	747
0.10758043184799	0.351807769829277	2738
0.11023341597372	0.349898349308083	271
0.10826925398621	0.351630194981725	1079
0.10758043184799	0.351807769829277	271
0.10218335279232	0.353699707342604	271
0.0837647544950799	0.655529150841431	271
0.11023341597372	0.349898349308083	271
0.10579067361142	0.351785528543761	1743
0.10758043184799	0.351807769829277	1743
0.10785437586757	0.351215554477081	588
-0.02628763158757	0.583658225403998	588
0.10328279028361	0.353197314225222	588
-0.03114842083878	0.582092654718806	48
-0.02495473558411	0.58335694060492	48
0.10758043184799	0.351807769829277	48
-0.0169984796309399	0.575369583410616	27
-0.02495473558411	0.58335694060492	27
0.10689134122138	0.351285302005725	288
-0.02533977086171	0.581560371416527	288
-0.01965711158767	0.579970689675105	81
-0.01965711158767	0.579970689675105	601
-0.03121180177176	0.584322987944732	1114
0.0841343437690301	0.654257008970129	126
-0.0935302374823499	1.10366682986264	126
0.10758043184799	0.351807769829277	143
0.01927108275218	0.923213447472463	26
0.10826925398621	0.351630194981725	26
0.0220104077830601	0.921079433700798	26
-0.0200434839469901	0.578549734222855	1293
0.10895780785609	0.350714860686515	1293
0.10287853396258	0.35296389743942	1293
0.0832335746052799	0.653693295787917	1293
-0.0299876141396001	0.583067451775322	1293
0.10287853396258	0.35296389743942	55
0.10826925398621	0.351630194981725	55
0.10758043184799	0.351807769829277	61
0.10647884198302	0.352309794326609	92
-0.0252346917202799	0.58191737664116	2549
0.0989630106853701	0.353478679518203	271
0.10758043184799	0.351807769829277	3292
0.10328279028361	0.353197314225222	271
0.11230995697287	0.349325823144218	271
0.10716674266205	0.352132388893513	88
0.10328279028361	0.353197314225222	648
0.10716674266205	0.352132388893513	2049
0.10579067361142	0.351785528543761	2049
0.10758043184799	0.351807769829277	276
0.10826925398621	0.351630194981725	56
0.10218335279232	0.353699707342604	27
-0.07180549896509	0.824779730602868	27
0.10785437586757	0.351215554477081	16
0.10218335279232	0.353699707342604	562
0.11064843421652	1.7035833676196	116
-0.07902524070871	0.834045071633638	2538
-0.02902445853406	1.39236486118627	116
-0.02628763158757	0.583658225403998	865
0.10826925398621	0.351630194981725	81
0.09025604626215	1.00251197409091	601
0.06381571785282	1.21400561650214	601
-0.02866095646662	0.582384335707824	601
-0.09894391592169	1.34368414250714	1293
0.10895780785609	0.350714860686515	55
0.0996778162012899	0.99011226758927	135
0.11230995697287	0.349325823144218	61
-0.01870808245147	0.577883497327535	684
0.11161804781962	0.350237547909829	648
0.0882072633098401	0.650992030959653	2049
0.11161804781962	0.350237547909829	276
0.11023341597372	0.349898349308083	276
0.11161804781962	0.350237547909829	276
0.10785437586757	0.351215554477081	56
0.10826925398621	0.351630194981725	831
0.08213220310358	0.654413913177199	588
0.08042337020513	0.656400453451052	562
-0.0289403270686499	0.583135876548882	562
-0.01965711158767	0.579970689675105	562
0.10826925398621	0.351630194981725	2538
-0.0724714648225999	0.824854744805949	601
0.10218335279232	0.353699707342604	126
0.0953601606530401	0.996153150680025	601
0.0837647544950799	0.655529150841431	601
-0.0869218486852401	0.837881369369234	126
0.10785437586757	0.351215554477081	1331
0.0322827054035	0.904124533859617	26
0.0882072633098401	0.650992030959653	26
0.0885909386274999	0.652090173543142	26
-0.0259013793896701	0.582633022248989	387
-0.03049005062231	0.581748951260022	387
-0.03493034680445	0.585592217145805	63
0.08768915422257	0.651530929339694	1293
0.10826925398621	0.351630194981725	1293
0.10287853396258	0.35296389743942	1293
-0.07612007005444	0.827764605419885	1293
0.10689134122138	0.351285302005725	135
0.10647884198302	0.352309794326609	61
0.10716674266205	0.352132388893513	92
0.10218335279232	0.353699707342604	92
0.10579067361142	0.351785528543761	684
0.10397890323872	0.352462565358244	684
0.10758043184799	0.351807769829277	271
0.0982592360254899	0.353721534917221	2668
0.10287853396258	0.35296389743942	4864
0.10647884198302	0.352309794326609	88
0.10895780785609	0.350714860686515	914
0.10689134122138	0.351285302005725	276
0.10287853396258	0.35296389743942	3688
0.10716674266205	0.352132388893513	3688
0.11161804781962	0.350237547909829	56
0.10895780785609	0.350714860686515	56
0.0982592360254899	0.353721534917221	56
-0.0674988839524999	0.818989459922804	588
0.06084532990287	1.21461021736	588
0.08667602254785	0.651340343074828	48
-0.0941555502748299	1.10014448871367	27
-0.0256210160689501	0.583695327776066	562
0.09035039836001	1.00496814851003	116
0.10895780785609	0.350714860686515	486
0.10716674266205	0.352132388893513	2538
-0.0699640064468099	0.823170125254251	126
0.0835842758277401	0.654783910829574	126
-0.0949918473232201	1.10247508863857	601
0.10758043184799	0.351807769829277	26
-0.01937561527664	0.578362564289604	1331
-0.01587168520504	0.57659573259799	1331
-0.02032538013449	0.58045220816518	26
-0.00971540312024999	1.17453822236486	26
-0.0967529119680099	1.1054187726243	387
0.10647884198302	0.352309794326609	1293
-0.09866042653354	1.10817099418239	1293
-0.07572999281747	0.829307037080084	1293
0.10689134122138	0.351285302005725	55
0.10716674266205	0.352132388893513	3060
0.10689134122138	0.351285302005725	3060
-0.07849590914857	0.833815212107253	135
-0.07088491271612	0.825639858099944	747
0.08466769309659	0.654753086475839	747
0.10647884198302	0.352309794326609	271
0.10689134122138	0.351285302005725	1079
0.10716674266205	0.352132388893513	271
0.10758043184799	0.351807769829277	2668
0.11092586756108	0.350415838742694	271
0.10647884198302	0.352309794326609	4864
0.10895780785609	0.350714860686515	4864
0.10716674266205	0.352132388893513	914
0.10826925398621	0.351630194981725	56
0.10218335279232	0.353699707342604	56
0.10716674266205	0.352132388893513	1617
0.0982592360254899	0.353721534917221	56
0.10579067361142	0.351785528543761	2636
0.10758043184799	0.351807769829277	839
0.10758043184799	0.351807769829277	588
0.0915878437528499	0.647358309178234	588
0.10397890323872	0.352462565358244	588
0.10647884198302	0.352309794326609	48
0.11023341597372	0.349898349308083	48
0.10733312446004	0.351067215845013	27
0.10895780785609	0.350714860686515	27
0.10579067361142	0.351785528543761	27
0.10826925398621	0.351630194981725	16
0.10328279028361	0.353197314225222	562
0.10287853396258	0.35296389743942	562
0.10716674266205	0.352132388893513	116
0.11230995697287	0.349325823144218	486
0.11161804781962	0.350237547909829	116
0.10689134122138	0.351285302005725	865
0.10287853396258	0.35296389743942	865
-0.09593138003687	1.10379170047272	601
-0.0152067997466201	0.576118661909323	601
0.0299304038096699	0.911545057923848	126
0.10826925398621	0.351630194981725	126
0.10397890323872	0.352462565358244	26
-0.0212754047183501	0.579737208933733	1331
0.10758043184799	0.351807769829277	1331
0.10826925398621	0.351630194981725	26
0.11092586756108	0.350415838742694	26
0.08669071637792	1.00922405750661	63
-0.00463368500133998	1.16283904943592	1293
-0.02495473558411	0.58335694060492	1293
0.0745198355328101	0.657433815589753	747
0.02217166124116	0.922085024507874	747
0.10895780785609	0.350714860686515	684
0.10647884198302	0.352309794326609	684
0.10258640259334	0.352883231159087	914
0.10716674266205	0.352132388893513	1617
0.08768915422257	0.651530929339694	1617
0.10231922993712	0.352082943164405	588
-0.01587168520504	0.57659573259799	588
0.11161804781962	0.350237547909829	48
0.10826925398621	0.351630194981725	27
0.10663361484863	0.351799503810815	16
0.11161804781962	0.350237547909829	562
0.11161804781962	0.350237547909829	562
0.10231922993712	0.352082943164405	562
-0.01965711158767	0.579970689675105	116
-0.02099398512007	0.58063946719774	116
0.10328279028361	0.353197314225222	486
0.10663361484863	0.351799503810815	2538
0.10218335279232	0.353699707342604	865
0.11887468623372	1.24456387017087	126
-0.10067791882842	1.54849292500087	126
0.10758043184799	0.351807769829277	26
0.10647884198302	0.352309794326609	1331
-0.0213802300192001	0.57758827802239	26
0.10258640259334	0.352883231159087	387
0.10218335279232	0.353699707342604	1293
0.10663361484863	0.351799503810815	33
-0.02628763158757	0.583658225403998	1713
0.10716674266205	0.352132388893513	61
0.11161804781962	0.350237547909829	92
0.0180724706111	0.925404835091637	747
0.10716674266205	0.352132388893513	684
0.10785437586757	0.351215554477081	684
0.10716674266205	0.352132388893513	684
-0.0944691091636001	1.10424711765891	271
0.0317919389324	0.905669885613076	271
-0.01587168520504	0.57659573259799	671
-0.0256210160689501	0.583695327776066	914
0.10826925398621	0.351630194981725	276
-0.0704922579537901	0.823270430998809	56
0.08949273347165	0.650191977967804	56
-0.07612007005444	0.827764605419885	588
0.10733312446004	0.351067215845013	588
0.10785437586757	0.351215554477081	588
-0.10520810474624	1.11538494733139	48
0.08286183671648	0.6545394097211	27
0.10758043184799	0.351807769829277	27
0.0841141687861899	0.654824552022475	27
-0.0147521275881299	1.36655831806041	27
0.10258640259334	0.352883231159087	903
0.10716674266205	0.352132388893513	562
-0.07985962218595	0.834277518094075	116
0.10826925398621	0.351630194981725	486
0.10716674266205	0.352132388893513	81
-0.0272357610266101	0.58293567232368	601
-0.01965711158767	0.579970689675105	601
-0.0212754047183501	0.579737208933733	126
-0.0161564891964301	0.576700733308464	126
0.10258640259334	0.352883231159087	126
0.0910343757672001	0.647335654749726	126
0.10716674266205	0.352132388893513	1331
-0.0245683390865099	0.580473910496962	2400
0.08487211935683	0.654515958017152	26
-0.00352323453954995	1.16185472049984	26
0.08487211935683	0.654515958017152	387
0.0928419949131101	0.645997208961592	387
0.10328279028361	0.353197314225222	387
-0.02495473558411	0.58335694060492	63
-0.0259013793896701	0.582633022248989	55
0.10689134122138	0.351285302005725	135
0.10758043184799	0.351807769829277	135
-0.02071168876143	0.578406004795778	135
0.10328279028361	0.353197314225222	92
-0.0264839353201201	0.581300229956136	747
-0.08033841776218	0.833301306316734	747
-0.07849590914857	0.833815212107253	747
0.10716674266205	0.352132388893513	92
0.10328279028361	0.353197314225222	4270
0.09304389476812	0.647668753377714	271
-0.0214546059215199	0.580072466612979	271
0.0834161303561301	0.654178336506151	271
0.10647884198302	0.352309794326609	671
0.10716674266205	0.352132388893513	276
0.11092586756108	0.350415838742694	56
-0.02400836223229	0.581258703136909	1617
0.10593382759709	0.35148923313409	3687
0.10328279028361	0.353197314225222	48
-0.02032538013449	0.58045220816518	27
-0.01302194373869	0.57267678940045	562
-0.01898917918035	0.579150144945583	2414
-0.02790345559029	0.582195629058972	562
0.11092586756108	0.350415838742694	1831
0.10785437586757	0.351215554477081	116
0.11161804781962	0.350237547909829	865
0.10758043184799	0.351807769829277	81
0.10647884198302	0.352309794326609	601
0.10647884198302	0.352309794326609	692
0.10397890323872	0.352462565358244	1331
-0.0256210160689501	0.583695327776066	26
-0.08323897166025	0.836854548113291	387
-0.07360895235181	0.82711047870906	1293
0.10218335279232	0.353699707342604	1684
0.10716674266205	0.352132388893513	135
0.10258640259334	0.352883231159087	1159
0.10328279028361	0.353197314225222	684
0.10287853396258	0.35296389743942	1100
-0.02656840239241	0.58297122228144	271
-0.07229822113558	0.824031087836264	213
0.10758043184799	0.351807769829277	1296
0.09786574616812	0.353978519341629	5152
0.0882408511769	0.650884112892455	671
0.10689134122138	0.351285302005725	914
0.10328279028361	0.353197314225222	276
0.10218335279232	0.353699707342604	276
-0.0214546059215199	0.580072466612979	276
0.10328279028361	0.353197314225222	56
0.0317957612734201	1.42716371385838	445
0.10716674266205	0.352132388893513	588
0.08876235876415	0.650754614292679	588
0.06125271849365	1.84383408244109	27
0.11230995697287	0.349325823144218	562
-0.0245683390865099	0.580473910496962	486
0.0344938107399799	1.42187168531653	486
0.0754203179784601	0.658427878313075	601
-0.12037977372715	1.57461088112391	126
-0.0214546059215199	0.580072466612979	126
0.0817525671716901	0.654332014627069	126
0.10716674266205	0.352132388893513	26
0.10758043184799	0.351807769829277	692
0.10716674266205	0.352132388893513	1598
-0.02402415029563	1.38660969594923	26
0.10148789770049	0.353384284502155	387
0.10785437586757	0.351215554477081	1293
0.08896944749537	0.648561527057336	747
0.09786574616812	0.353978519341629	1159
0.10397890323872	0.352462565358244	684
0.10758043184799	0.351807769829277	684
-0.000831963998809915	1.16028534529524	271
0.0787659723701499	0.658038712603471	1333
0.09786574616812	0.353978519341629	671
-0.02428878983577	0.582639355082303	671
-0.02362317852698	0.581190591414601	671
-0.0302678201580699	0.585048846712041	56
0.10826925398621	0.351630194981725	27
-0.01965711158767	0.579970689675105	903
0.09324688884083	0.645906963789496	562
0.0876519400772999	0.650968305198471	486
0.08803862593178	0.64813845724172	486
0.10758043184799	0.351807769829277	486
0.10785437586757	0.351215554477081	486
-0.0735280666687601	0.828376469468683	486
-0.10269281699916	1.34639880677769	116
-0.0219447451608401	0.579924971604282	116
-0.0252346917202799	0.58191737664116	2968
-0.0219447451608401	0.579924971604282	601
0.0925049896985399	0.646220024093877	126
-0.0745284120185099	0.825675234734154	126
0.08713723158925	0.651890032056221	126
0.0950893093098899	1.00073153866236	126
-0.0986423116504	1.54462377844993	26
0.08946079988539	0.647809890682391	2400
-0.0694359566063301	0.822779556033557	26
0.08899044130024	1.00642332833915	26
-0.10718921357414	1.1138644793492	26
0.07912564816193	0.656184276197409	26
-0.01898917918035	0.579150144945583	387
-0.0168221136840501	0.577178479347997	387
0.08431855036541	0.655167690820231	387
0.0793186645478301	0.657843294254402	55
-0.01748807245685	0.577364796631369	135
-0.09186717229111	1.09786353969072	747
-0.0728637918823201	0.824655366099588	747
0.09716291462318	0.354221264198155	747
0.10218335279232	0.353699707342604	92
0.10758043184799	0.351807769829277	92
0.10758043184799	0.351807769829277	684
0.10579067361142	0.351785528543761	5152
0.10647884198302	0.352309794326609	671
0.10716674266205	0.352132388893513	671
0.10647884198302	0.352309794326609	123
0.10647884198302	0.352309794326609	3245
0.10758043184799	0.351807769829277	276
0.10287853396258	0.35296389743942	56
0.10758043184799	0.351807769829277	56
0.0524966809126901	1.22851556164648	588
0.0253291815787	0.916118008463687	588
-0.00499996034386996	1.16888793201918	588
0.10148637764068	1.50794845003113	588
-0.0244330569970601	1.38679564400141	48
0.06282357100366	1.21594330998818	27
0.0935880756632901	1.00081895905658	27
0.08748786869031	0.652520255624373	16
-0.0211704534369199	0.579825727743365	16
-0.0264839353201201	0.581300229956136	16
0.08112260688938	0.654660978698684	1315
0.0183899632819899	0.92148266518719	601
0.02305923974754	0.916765894081837	601
0.0835842758277401	0.654783910829574	126
0.10716674266205	0.352132388893513	2625
0.0878589542234101	0.649782359675678	126
0.09359641443929	0.647190211436835	126
-0.09186717229111	1.09786353969072	26
0.09304389476812	0.647668753377714	2400
0.10328279028361	0.353197314225222	387
0.10733312446004	0.351067215845013	1293
-0.0980737366887801	1.34336483294949	1293
0.10647884198302	0.352309794326609	33
0.0186273590059001	0.923212860883111	33
0.0839357693251399	0.653077629604477	55
-0.0199377346304801	0.578438416169099	55
0.10328279028361	0.353197314225222	92
-0.02032538013449	0.58045220816518	92
0.10689134122138	0.351285302005725	92
0.10826925398621	0.351630194981725	271
0.10218335279232	0.353699707342604	2098
-0.0346493132516601	0.58385214452898	271
0.10758043184799	0.351807769829277	271
-0.0199377346304801	0.578438416169099	271
0.10328279028361	0.353197314225222	213
0.10328279028361	0.353197314225222	2277
0.10785437586757	0.351215554477081	1205
0.02703946779485	0.913810300212913	588
0.0869359952923301	0.652238168620569	27
-0.0966066281468001	1.33488467937722	27
0.08844280789663	1.00666244673867	27
-0.02032538013449	0.58045220816518	3003
0.0837647544950799	0.655529150841431	16
-0.02742959465009	0.581879879551057	16
-0.09462631954157	1.10045373991042	1315
-0.0787492475567999	0.830464243027037	486
0.0855706511387799	0.652347007412662	486
-0.08942882032356	0.839282258337388	2968
0.11092586756108	0.350415838742694	126
0.10287853396258	0.35296389743942	126
0.0830064393762799	0.653497012794634	692
-0.02032538013449	0.58045220816518	1331
0.0964714964626501	0.99472315728679	26
0.0735686621584599	0.657572776399279	387
0.10716674266205	0.352132388893513	387
0.10716674266205	0.352132388893513	1293
-0.0305471390401799	0.583752148236366	1293
-0.01965711158767	0.579970689675105	33
0.10647884198302	0.352309794326609	55
-0.0200434839469901	0.578549734222855	33
0.0793186645478301	0.657843294254402	33
-0.0751994282328501	0.829206647171541	747
0.10826925398621	0.351630194981725	747
0.10328279028361	0.353197314225222	1159
0.10148789770049	0.353384284502155	1159
0.10826925398621	0.351630194981725	92
0.10287853396258	0.35296389743942	554
0.10579067361142	0.351785528543761	554
0.10826925398621	0.351630194981725	2077
0.10826925398621	0.351630194981725	271
0.10895780785609	0.350714860686515	671
0.10689134122138	0.351285302005725	4765
0.10758043184799	0.351807769829277	4765
0.0924911489970699	0.647904639842956	48
0.10663361484863	0.351799503810815	27
-0.0219447451608401	0.579924971604282	27
-0.10139024133683	1.11187899407931	27
-0.0299876141396001	0.583067451775322	16
0.10647884198302	0.352309794326609	16
0.10647884198302	0.352309794326609	562
0.10758043184799	0.351807769829277	486
0.10579067361142	0.351785528543761	486
0.09269410012819	0.646644202235759	486
0.11092586756108	0.350415838742694	2968
0.1195448481249	1.48033915052586	601
0.0880395164151999	0.652449440273683	601
-0.02495473558411	0.58335694060492	126
-0.00546994136579992	1.16456625485077	126
0.09359641443929	0.647190211436835	126
-0.02362317852698	0.581190591414601	126
0.10218335279232	0.353699707342604	692
0.08466769309659	0.654753086475839	692
0.10647884198302	0.352309794326609	26
0.10328279028361	0.353197314225222	1331
-0.0256210160689501	0.583695327776066	2266
-0.0728275904211699	0.824713420527391	1598
0.10397890323872	0.352462565358244	387
0.10785437586757	0.351215554477081	387
-0.0309320665117701	0.585162590702791	387
0.10218335279232	0.353699707342604	361
0.10895780785609	0.350714860686515	361
-0.02495473558411	0.58335694060492	55
0.10287853396258	0.35296389743942	33
0.11092586756108	0.350415838742694	135
0.10647884198302	0.352309794326609	135
-0.0154911986975901	0.575887232891104	135
0.10218335279232	0.353699707342604	747
-0.0199377346304801	0.578438416169099	271
0.10716674266205	0.352132388893513	213
0.10647884198302	0.352309794326609	1296
0.10689134122138	0.351285302005725	213
0.10716674266205	0.352132388893513	2277
0.10689134122138	0.351285302005725	2277
0.10397890323872	0.352462565358244	1356
0.10148789770049	0.353384284502155	276
0.10758043184799	0.351807769829277	276
0.10758043184799	0.351807769829277	56
0.10785437586757	0.351215554477081	56
0.10647884198302	0.352309794326609	251
-0.0939995977722401	1.1041416059508	48
0.0640801126072099	1.21230052624319	588
-0.08806065535236	1.09061467922521	48
-0.12140174500614	1.94854537322163	27
0.12344710941475	1.67399380777452	27
-0.07902524070871	0.834045071633638	903
-0.0221182132134701	0.580408422501073	2010
-0.01870808245147	0.577883497327535	206
-0.0299876141396001	0.583067451775322	81
-0.03206582729061	1.3873748214686	486
0.0869425214470301	0.649556106245305	126
0.0982037769380999	0.996834089882909	126
0.0593547555009799	1.22181892623431	126
0.0876519400772999	0.650968305198471	126
0.0986719046269799	0.992326391782688	2266
0.0837647544950799	0.655529150841431	26
-0.07366172701221	0.828162934778137	26
0.0972672120410101	0.996540285203292	1293
0.02516710692654	0.915945725286258	1293
-0.0206064013082601	0.579256545559091	33
-0.0299876141396001	0.583067451775322	55
0.0782130537447801	0.657852425330512	55
-0.0256210160689501	0.583695327776066	33
-0.0180408851730201	0.577068127053539	92
0.10579067361142	0.351785528543761	92
0.08503511805493	0.65235888959993	747
-0.07572999281747	0.829307037080084	747
-0.0211704534369199	0.579825727743365	92
0.10716674266205	0.352132388893513	4658
0.10647884198302	0.352309794326609	554
0.11023341597372	0.349898349308083	51
0.10758043184799	0.351807769829277	271
-0.01965711158767	0.579970689675105	1362
0.0852209906930499	0.654392144647465	271
0.10397890323872	0.352462565358244	1333
0.10758043184799	0.351807769829277	3993
-0.017868344914	0.575821689199037	213
0.10716674266205	0.352132388893513	2277
-0.02495473558411	0.58335694060492	4949
0.10689134122138	0.351285302005725	912
0.10663361484863	0.351799503810815	914
0.0982592360254899	0.353721534917221	276
-0.0168221136840501	0.577178479347997	56
0.10328279028361	0.353197314225222	251
0.10826925398621	0.351630194981725	48
-0.02428878983577	0.582639355082303	27
0.10716674266205	0.352132388893513	16
0.10328279028361	0.353197314225222	2010
-0.02297424459068	0.577185202969935	562
0.0880395164151999	0.652449440273683	601
0.0704166270928801	0.659851132239995	601
0.11161804781962	0.350237547909829	601
0.0902201634281701	0.649500065308071	126
-0.0375802570880299	1.57731456013157	126
0.10287853396258	0.35296389743942	126
0.10647884198302	0.352309794326609	26
0.09716291462318	0.354221264198155	2266
-0.0289403270686499	0.583135876548882	387
0.08431855036541	0.655167690820231	1293
0.10689134122138	0.351285302005725	5394
-0.02032538013449	0.58045220816518	55
0.10758043184799	0.351807769829277	135
0.10258640259334	0.352883231159087	92
0.0882072633098401	0.650992030959653	747
0.10716674266205	0.352132388893513	4658
0.10647884198302	0.352309794326609	271
-0.0306514423245201	0.582440322892004	1362
0.10647884198302	0.352309794326609	1333
-0.02099398512007	0.58063946719774	4949
0.10716674266205	0.352132388893513	1205
0.10148789770049	0.353384284502155	43
-0.02428878983577	0.582639355082303	56
0.10758043184799	0.351807769829277	56
0.0941487081716199	0.646451404526215	588
0.08914213548745	0.651442119559592	48
-0.11284069127101	1.76063283850463	588
-0.0825752643776301	0.835353802342332	48
0.10148789770049	0.353384284502155	23
0.10826925398621	0.351630194981725	23
-0.02362317852698	0.581190591414601	27
0.09716291462318	0.354221264198155	3407
0.10579067361142	0.351785528543761	16
0.10647884198302	0.352309794326609	562
0.10647884198302	0.352309794326609	81
0.10148789770049	0.353384284502155	601
-0.0939995977722401	1.1041416059508	601
-0.09657172018252	1.10669466300608	601
0.11092586756108	0.350415838742694	126
0.10287853396258	0.35296389743942	126
0.10716674266205	0.352132388893513	126
-0.0322279097431	1.39372934238282	1190
-0.02656840239241	0.58297122228144	26
0.02248878727375	0.92002627208102	2266
0.01644458659371	0.927072112028693	26
0.01934669125805	0.922715807528215	387
-0.11050853630472	1.35818754753951	387
0.07577021337391	0.65844706785752	1782
0.10579067361142	0.351785528543761	361
0.10218335279232	0.353699707342604	5394
-0.03493034680445	0.585592217145805	55
0.10716674266205	0.352132388893513	135
-0.08736936739862	0.834330251122764	135
0.10716674266205	0.352132388893513	4658
0.11092586756108	0.350415838742694	4658
0.10397890323872	0.352462565358244	92
0.0254688065545301	0.91610142252683	213
0.10758043184799	0.351807769829277	213
0.10328279028361	0.353197314225222	1205
0.10579067361142	0.351785528543761	1205
0.10758043184799	0.351807769829277	56
0.10647884198302	0.352309794326609	184
-0.02428878983577	0.582639355082303	588
-0.0923609219958801	1.09625308255976	588
0.0870963889035501	0.650610899948797	588
0.10647884198302	0.352309794326609	23
-0.02400836223229	0.581258703136909	16
0.10397890323872	0.352462565358244	16
0.10287853396258	0.35296389743942	3853
0.10826925398621	0.351630194981725	562
0.10647884198302	0.352309794326609	486
0.10647884198302	0.352309794326609	81
-0.10667022425912	1.116480261713	126
0.10826925398621	0.351630194981725	26
0.10716674266205	0.352132388893513	26
0.0982592360254899	0.353721534917221	26
-0.08038673746998	0.834283143981661	26
-0.0740552567697299	0.829740364208364	26
0.02249234714144	0.920481090637812	26
-0.0745826480862599	0.830652290472693	387
-0.08376764188472	0.836860680576432	33
-0.01965711158767	0.579970689675105	135
0.10328279028361	0.353197314225222	2502
-0.02656840239241	0.58297122228144	2502
-0.07603124429498	0.830333865261929	747
0.0882408511769	0.650884112892455	747
0.10647884198302	0.352309794326609	554
0.10716674266205	0.352132388893513	554
0.0280026732024801	0.913820819996367	605
0.10826925398621	0.351630194981725	56
0.10689134122138	0.351285302005725	56
0.10826925398621	0.351630194981725	56
0.1001114037562	0.991685841548207	588
0.0793186645478301	0.657843294254402	23
-0.07088491271612	0.825639858099944	23
0.10366314398322	1.26974409579537	291
-0.00869082314053005	1.171489534139	291
-0.02960390710866	0.58447674818335	16
0.00833889741362004	1.6196011943837	562
0.10328279028361	0.353197314225222	116
-0.0302678201580699	0.585048846712041	81
-0.0108403531071299	1.17589190279249	486
0.08768915422257	0.651530929339694	601
-0.07902524070871	0.834045071633638	601
-0.01169716140508	0.572019285562981	601
0.0178956857389101	0.925718367547389	601
0.08431855036541	0.655167690820231	126
-0.0252346917202799	0.58191737664116	26
0.10328279028361	0.353197314225222	26
-0.0699640064468099	0.823170125254251	26
0.0832107315839501	0.655600676812176	387
-0.0258231300371701	0.581187080143393	387
0.0839357693251399	0.653077629604477	387
-0.02032538013449	0.58045220816518	387
-0.02165844125869	0.576511471326317	387
0.0284840366597401	0.913383628276364	1293
-0.0161564891964301	0.576700733308464	361
-0.02071168876143	0.578406004795778	361
0.10689134122138	0.351285302005725	135
-0.01870808245147	0.577883497327535	135
-0.01937561527664	0.578362564289604	2502
0.10716674266205	0.352132388893513	92
0.10647884198302	0.352309794326609	92
0.10328279028361	0.353197314225222	747
0.10287853396258	0.35296389743942	92
0.10218335279232	0.353699707342604	632
0.10397890323872	0.352462565358244	92
0.10716674266205	0.352132388893513	4296
0.10785437586757	0.351215554477081	554
0.10758043184799	0.351807769829277	271
0.10218335279232	0.353699707342604	1333
-0.02495473558411	0.58335694060492	605
0.10826925398621	0.351630194981725	213
0.10647884198302	0.352309794326609	213
-0.02628763158757	0.583658225403998	671
0.10218335279232	0.353699707342604	912
0.10579067361142	0.351785528543761	183
0.10328279028361	0.353197314225222	56
0.10758043184799	0.351807769829277	56
0.10758043184799	0.351807769829277	56
0.08667602254785	0.651340343074828	709
-0.09818970079986	1.10806467480942	16
-0.00319030720704006	1.16145846823174	116
0.0834161303561301	0.654178336506151	1315
0.0563881806733	1.22417099859675	486
-0.00180745198310994	1.16028146219424	601
0.0335389450577901	1.42063429323167	601
0.10258640259334	0.352883231159087	126
-0.01965711158767	0.579970689675105	126
0.0989630106853701	0.353478679518203	126
0.0212099340002601	0.923325318240281	26
0.0935880756632901	1.00081895905658	1190
0.0151674876741099	0.926165545468642	2266
-0.02099398512007	0.58063946719774	387
0.10689134122138	0.351285302005725	387
0.08748786869031	0.652520255624373	387
0.10287853396258	0.35296389743942	387
0.10397890323872	0.352462565358244	1782
-0.02032538013449	0.58045220816518	135
0.10328279028361	0.353197314225222	135
0.09786574616812	0.353978519341629	747
0.10328279028361	0.353197314225222	554
0.10758043184799	0.351807769829277	271
0.10826925398621	0.351630194981725	1362
-0.02960390710866	0.58447674818335	271
0.10647884198302	0.352309794326609	605
0.10758043184799	0.351807769829277	213
0.10895780785609	0.350714860686515	213
0.10826925398621	0.351630194981725	183
0.10826925398621	0.351630194981725	56
0.10758043184799	0.351807769829277	310
0.0193407807738499	0.919809472528765	291
-0.01898917918035	0.579150144945583	291
0.0205603806453201	0.923153613701468	291
-0.01965711158767	0.579970689675105	1315
0.0175917224594999	0.926047313455014	601
0.0222718909015101	0.915511452062372	126
0.10647884198302	0.352309794326609	126
-0.0219447451608401	0.579924971604282	126
0.0905692428887701	0.647595041048012	26
0.0284870353623601	0.912854830950349	26
-0.103694255122	1.10895259874967	26
0.10647884198302	0.352309794326609	387
0.08911118682812	0.650217800895839	1782
-0.0765169079730601	0.829164530191248	1782
0.10758043184799	0.351807769829277	1293
0.0205603806453201	0.923153613701468	361
-0.02032538013449	0.58045220816518	65
0.10397890323872	0.352462565358244	747
0.11023341597372	0.349898349308083	51
0.10826925398621	0.351630194981725	1362
0.10579067361142	0.351785528543761	3993
0.11092586756108	0.350415838742694	4875
-0.02495473558411	0.58335694060492	4875
0.10647884198302	0.352309794326609	213
0.10895780785609	0.350714860686515	329
0.10647884198302	0.352309794326609	183
0.10716674266205	0.352132388893513	123
0.10579067361142	0.351785528543761	56
0.10689134122138	0.351285302005725	184
-0.0779667799886701	0.833254538561395	23
0.11416718622833	1.25513786821235	23
0.03018879846864	1.42644315451564	23
-0.10978077517997	1.75435464522965	23
0.0933944704887899	0.646019881766231	1501
0.03371697996956	0.904553331167201	16
-0.0939995977722401	1.1041416059508	116
-0.02656840239241	0.58297122228144	486
0.0261326553266601	0.914169218912551	486
-0.0867454719526299	1.08930020977838	81
-0.0206064013082601	0.579256545559091	81
0.02579863956673	0.917487736069522	601
0.0557957500955499	1.22677616585327	601
0.10826925398621	0.351630194981725	601
0.10826925398621	0.351630194981725	126
0.0807725913801201	0.656539941503435	126
0.10328279028361	0.353197314225222	126
0.10287853396258	0.35296389743942	126
0.0179013722018699	0.925163634570701	26
-0.10173869118768	1.11241692037146	1190
-0.0299876141396001	0.583067451775322	41
-0.07612007005444	0.827764605419885	41
0.10716674266205	0.352132388893513	41
-0.07849590914857	0.833815212107253	26
0.10287853396258	0.35296389743942	387
-0.02428878983577	0.582639355082303	387
-0.02099398512007	0.58063946719774	387
0.10895780785609	0.350714860686515	1782
0.02484190345592	0.919483883144089	33
0.10758043184799	0.351807769829277	747
0.10758043184799	0.351807769829277	554
-0.02495473558411	0.58335694060492	4140
-0.02099398512007	0.58063946719774	271
-0.02628763158757	0.583658225403998	271
-0.0212754047183501	0.579737208933733	271
-0.10320310557795	1.11017218309091	709
-0.10177890334929	1.34555317817822	562
-0.0252346917202799	0.58191737664116	116
-0.0211704534369199	0.579825727743365	486
-0.02032538013449	0.58045220816518	486
0.02613128446017	0.914184890942966	601
0.0837647544950799	0.655529150841431	126
0.10328279028361	0.353197314225222	26
0.10826925398621	0.351630194981725	26
0.02896831748076	0.912705307834054	26
-0.0154911986975901	0.575887232891104	26
0.09359641443929	0.647190211436835	26
0.09304389476812	0.647668753377714	387
0.10826925398621	0.351630194981725	387
0.11092586756108	0.350415838742694	33
0.09324688884083	0.645906963789496	135
0.0233926132209801	0.920553756197955	135
0.10663361484863	0.351799503810815	135
0.10328279028361	0.353197314225222	747
0.11161804781962	0.350237547909829	4296
0.11161804781962	0.350237547909829	554
0.10328279028361	0.353197314225222	51
0.10328279028361	0.353197314225222	51
0.10689134122138	0.351285302005725	271
0.10826925398621	0.351630194981725	271
-0.01965711158767	0.579970689675105	271
0.11092586756108	0.350415838742694	728
0.10758043184799	0.351807769829277	671
0.10647884198302	0.352309794326609	183
0.10663361484863	0.351799503810815	183
0.11092586756108	0.350415838742694	183
0.10579067361142	0.351785528543761	183
0.10218335279232	0.353699707342604	2283
0.10826925398621	0.351630194981725	1205
-0.01898917918035	0.579150144945583	43
0.10758043184799	0.351807769829277	4049
0.0880395164151999	0.652449440273683	291
-0.01587168520504	0.57659573259799	467
0.08431855036541	0.655167690820231	467
0.0743178824317401	0.659581316392577	486
-0.0796659347956299	0.827571292753064	126
0.08987186698926	0.649530308387677	26
0.11161804781962	0.350237547909829	387
-0.0873164724489	0.837691072393056	387
-0.01898917918035	0.579150144945583	387
-0.01965711158767	0.579970689675105	135
0.10785437586757	0.351215554477081	65
0.10758043184799	0.351807769829277	65
-0.02400836223229	0.581258703136909	747
0.10647884198302	0.352309794326609	747
0.10716674266205	0.352132388893513	92
0.10826925398621	0.351630194981725	271
0.09359641443929	0.647190211436835	271
0.10826925398621	0.351630194981725	605
0.10218335279232	0.353699707342604	671
0.10758043184799	0.351807769829277	671
0.10716674266205	0.352132388893513	183
0.10785437586757	0.351215554477081	1959
0.10148789770049	0.353384284502155	56
0.0118624697835501	0.93043111066056	48
0.0565415137793801	1.22085344051289	16
0.10287853396258	0.35296389743942	486
-0.0221182132134701	0.580408422501073	486
-0.0737484919429701	0.827865968081847	26
0.10826925398621	0.351630194981725	26
0.10716674266205	0.352132388893513	126
0.10716674266205	0.352132388893513	126
-0.01013709062534	1.16954546497825	26
-0.0721598070663001	0.824720768215814	26
0.10826925398621	0.351630194981725	26
0.10579067361142	0.351785528543761	387
0.0242022899021399	0.916534369479005	33
-0.07849590914857	0.833815212107253	135
0.10579067361142	0.351785528543761	135
0.08876235876415	0.650754614292679	135
0.10758043184799	0.351807769829277	135
0.11092586756108	0.350415838742694	747
0.10758043184799	0.351807769829277	92
0.10758043184799	0.351807769829277	92
0.10826925398621	0.351630194981725	271
0.10218335279232	0.353699707342604	271
0.10579067361142	0.351785528543761	213
0.10716674266205	0.352132388893513	671
0.0982592360254899	0.353721534917221	56
0.10689134122138	0.351285302005725	1001
0.10758043184799	0.351807769829277	251
-0.0161564891964301	0.576700733308464	562
-0.08376764188472	0.836860680576432	116
-0.01169716140508	0.572019285562981	116
0.08523380604802	0.651655676788009	79
0.0275779643052401	0.911019425845617	116
0.0964250992941	0.994490052199396	116
0.02200692534856	0.921341396565078	486
0.0972672120410101	0.996540285203292	486
-0.0712766558140601	0.824388271855092	486
0.0253177529953099	0.91880020409554	81
0.02040583414613	0.920320604341437	486
-0.01748807245685	0.577364796631369	601
0.0902201634281701	0.649500065308071	601
-0.0996265795722699	1.10876311421043	601
0.10826925398621	0.351630194981725	601
0.10716674266205	0.352132388893513	26
0.10826925398621	0.351630194981725	126
0.10826925398621	0.351630194981725	26
0.10716674266205	0.352132388893513	387
0.0917363653085399	0.644557851234788	1293
0.11161804781962	0.350237547909829	135
0.10218335279232	0.353699707342604	135
-0.0219447451608401	0.579924971604282	135
0.10148789770049	0.353384284502155	135
0.10758043184799	0.351807769829277	92
0.10328279028361	0.353197314225222	51
-0.0168221136840501	0.577178479347997	271
0.10218335279232	0.353699707342604	4875
-0.0200434839469901	0.578549734222855	671
0.10716674266205	0.352132388893513	671
0.10758043184799	0.351807769829277	183
0.10647884198302	0.352309794326609	1205
0.10579067361142	0.351785528543761	56
-0.0212754047183501	0.579737208933733	56
0.10647884198302	0.352309794326609	720
0.10826925398621	0.351630194981725	56
0.0335389450577901	1.42063429323167	291
0.11411949542822	1.25082536882953	1501
-0.00266556394614992	1.16649521102989	562
-0.00523780807336993	1.16606041346635	601
0.0986719046269799	0.992326391782688	601
0.01740895162471	0.925058813381335	601
-0.01965711158767	0.579970689675105	126
-0.01898917918035	0.579150144945583	126
0.10716674266205	0.352132388893513	26
-0.10756434140995	1.11144638306766	26
-0.0751994282328501	0.829206647171541	26
0.0902201634281701	0.649500065308071	26
0.02104604954558	0.921306501019046	126
0.0850176259342801	0.652419444182068	126
-0.0975111218364999	1.10847652830436	41
0.10218335279232	0.353699707342604	387
0.10258640259334	0.352883231159087	387
0.08431855036541	0.655167690820231	387
0.10647884198302	0.352309794326609	135
-0.0256210160689501	0.583695327776066	65
0.09716291462318	0.354221264198155	747
0.10287853396258	0.35296389743942	271
0.10758043184799	0.351807769829277	2761
0.10328279028361	0.353197314225222	605
0.10826925398621	0.351630194981725	2568
0.10328279028361	0.353197314225222	3011
0.10647884198302	0.352309794326609	213
0.10758043184799	0.351807769829277	2139
0.10758043184799	0.351807769829277	4275
0.10716674266205	0.352132388893513	4275
0.10287853396258	0.35296389743942	2802
0.10826925398621	0.351630194981725	1205
0.10647884198302	0.352309794326609	56
0.10663361484863	0.351799503810815	56
-0.0252346917202799	0.58191737664116	48
0.08468418712269	0.653349101940307	23
-0.0259013793896701	0.582633022248989	291
-0.0794173265377101	0.834766722893349	1501
0.0947007761259899	0.645379255468817	1501
-0.0846903445879501	0.837811003657512	467
0.10826925398621	0.351630194981725	79
-0.01984506431962	0.578779752990184	81
0.02483239420355	0.916270136211916	601
0.10785437586757	0.351215554477081	126
-0.10269281699916	1.34639880677769	126
-0.01832158261363	0.57762571413367	3748
0.11092586756108	0.350415838742694	26
-0.08025415993052	0.83299924878818	26
0.10579067361142	0.351785528543761	387
0.10328279028361	0.353197314225222	387
-0.0346493132516601	0.58385214452898	1782
-0.0742784587630301	0.828259284544803	33
0.0972994057256999	0.998430777827098	33
0.10785437586757	0.351215554477081	135
0.10328279028361	0.353197314225222	135
-0.0183191519058901	0.575668284724182	135
0.09716291462318	0.354221264198155	135
0.0880013004134901	0.649837394152127	92
0.10148789770049	0.353384284502155	65
-0.02400836223229	0.581258703136909	65
-0.0256210160689501	0.583695327776066	65
0.10328279028361	0.353197314225222	65
0.10579067361142	0.351785528543761	65
0.10579067361142	0.351785528543761	92
0.10758043184799	0.351807769829277	92
0.10579067361142	0.351785528543761	4245
0.10895780785609	0.350714860686515	51
0.10258640259334	0.352883231159087	2444
0.10758043184799	0.351807769829277	271
0.10647884198302	0.352309794326609	605
-0.0227821533700701	0.580372488261402	671
-0.0813089991201099	0.833400695858997	23
-0.0799470570269301	0.834996837205207	23
0.0881529744835701	1.00652263971074	116
-0.02261442293622	0.579780704461	116
-0.0233431592753299	0.580545475751851	79
0.09865575643379	0.99552657176589	79
0.10647884198302	0.352309794326609	486
-0.02656840239241	0.58297122228144	2240
-0.02032538013449	0.58045220816518	486
-0.07180549896509	0.824779730602868	601
0.11161804781962	0.350237547909829	601
0.0925049896985399	0.646220024093877	26
0.0246845179220101	0.915769290102222	26
-0.0246738993289199	0.581595777089794	387
-0.0742784587630301	0.828259284544803	135
-0.02960390710866	0.58447674818335	135
0.11161804781962	0.350237547909829	135
0.10758043184799	0.351807769829277	65
0.10716674266205	0.352132388893513	65
0.10218335279232	0.353699707342604	92
0.10716674266205	0.352132388893513	92
0.10328279028361	0.353197314225222	164
0.10758043184799	0.351807769829277	2444
0.10593382759709	0.35148923313409	271
0.10758043184799	0.351807769829277	671
0.10758043184799	0.351807769829277	671
0.10579067361142	0.351785528543761	1205
0.10647884198302	0.352309794326609	1205
0.11161804781962	0.350237547909829	56
0.10579067361142	0.351785528543761	56
0.10218335279232	0.353699707342604	5281
0.11092586756108	0.350415838742694	3152
0.10716674266205	0.352132388893513	3152
-0.10488135533301	1.73304555000907	750
0.01380619002793	0.92808290546919	48
0.0259484374068499	0.914907549479494	23
0.0946213544850501	0.999126168225815	23
-0.0742784587630301	0.828259284544803	467
0.0852209906930499	0.654392144647465	16
0.08265648146988	0.655317487706668	116
-0.02866095646662	0.582384335707824	79
-0.0693001778306199	0.823554179611836	79
-0.0751102407520801	0.831210858504437	79
0.08834985849941	1.00365773786265	486
0.02483670716692	0.919730639223693	81
0.0925049896985399	0.646220024093877	81
-0.0206064013082601	0.579256545559091	81
0.08911118682812	0.650217800895839	1055
0.0281393010637101	0.911969997613926	601
-0.02656840239241	0.58297122228144	126
0.10785437586757	0.351215554477081	126
0.02613128446017	0.914184890942966	126
-0.03121180177176	0.584322987944732	126
0.10758043184799	0.351807769829277	126
-0.0143024999658701	1.17809470909975	3998
0.0885563574289101	0.650194172814921	26
0.0246859086940601	0.91459877030979	26
-0.02267829016192	0.579106936023567	387
0.10647884198302	0.352309794326609	1293
0.10647884198302	0.352309794326609	135
-0.01965711158767	0.579970689675105	1991
-0.0206064013082601	0.579256545559091	1991
-0.07388693645013	0.825206638977586	135
-0.0723345442762899	0.824880271864117	135
0.10647884198302	0.352309794326609	164
0.10397890323872	0.352462565358244	51
0.10758043184799	0.351807769829277	271
0.10826925398621	0.351630194981725	1960
0.10689134122138	0.351285302005725	1960
0.10579067361142	0.351785528543761	271
0.08876235876415	0.650754614292679	605
0.10647884198302	0.352309794326609	2802
0.10647884198302	0.352309794326609	1205
0.10758043184799	0.351807769829277	43
0.10758043184799	0.351807769829277	56
0.10258640259334	0.352883231159087	311
0.0787659723701499	0.658038712603471	23
0.10716674266205	0.352132388893513	23
-0.0206064013082601	0.579256545559091	16
-0.0212754047183501	0.579737208933733	452
-0.0259013793896701	0.582633022248989	116
0.10218335279232	0.353699707342604	79
-0.09821413865831	1.10733340719619	79
0.10716674266205	0.352132388893513	81
-0.02495473558411	0.58335694060492	81
0.08768915422257	0.651530929339694	81
0.0215223807929701	0.920576942644377	81
0.10647884198302	0.352309794326609	601
0.0852209906930499	0.654392144647465	601
0.0880395164151999	0.652449440273683	601
0.10155381098632	0.985358399499105	3748
0.10716674266205	0.352132388893513	126
-0.09886165501204	1.10380358792409	26
0.0904332810067801	1.00668050388414	41
-0.07480862840562	0.82835962569904	387
-0.00973837312959991	1.35296313877247	135
0.0902201634281701	0.649500065308071	135
0.10579067361142	0.351785528543761	92
0.10647884198302	0.352309794326609	65
0.10328279028361	0.353197314225222	65
0.0677902774350201	1.20763431069902	65
0.10647884198302	0.352309794326609	92
0.10647884198302	0.352309794326609	92
0.10647884198302	0.352309794326609	1852
0.0837647544950799	0.655529150841431	671
0.10716674266205	0.352132388893513	2802
0.10826925398621	0.351630194981725	1205
0.10258640259334	0.352883231159087	1205
-0.01737402314317	0.575554514837542	43
0.10758043184799	0.351807769829277	43
-0.0227821533700701	0.580372488261402	43
-0.0180408851730201	0.577068127053539	43
0.10647884198302	0.352309794326609	56
0.10826925398621	0.351630194981725	3152
0.08612344995625	0.651987418512096	750
0.10785437586757	0.351215554477081	750
-0.02362317852698	0.581190591414601	750
-0.0918908762672499	1.09594389160047	750
-0.0633084826137	2.08649014511228	750
-0.0756380349010699	0.831439589392411	23
0.10826925398621	0.351630194981725	291
0.10895780785609	0.350714860686515	1501
0.10785437586757	0.351215554477081	1501
0.10647884198302	0.352309794326609	116
0.10579067361142	0.351785528543761	116
0.10895780785609	0.350714860686515	79
0.10758043184799	0.351807769829277	116
0.10785437586757	0.351215554477081	2153
0.10716674266205	0.352132388893513	2153
0.10218335279232	0.353699707342604	601
0.10826925398621	0.351630194981725	601
0.10218335279232	0.353699707342604	601
-0.0192694043853101	0.576919618359868	601
0.10716674266205	0.352132388893513	1502
0.10218335279232	0.353699707342604	126
-0.08323897166025	0.836854548113291	41
-0.0246738993289199	0.581595777089794	41
-0.03121180177176	0.584322987944732	41
-0.0787446315168501	0.826909239280483	26
-0.10256883622506	2.05143419339546	1782
-0.01965711158767	0.579970689675105	1293
0.10287853396258	0.35296389743942	1286
0.10397890323872	0.352462565358244	135
0.10758043184799	0.351807769829277	135
0.094498743992	0.645307607362446	1991
0.10647884198302	0.352309794326609	135
0.09215578475874	0.999757170148444	135
0.10826925398621	0.351630194981725	65
0.0856919424191101	1.0094068398197	65
0.11092586756108	0.350415838742694	92
0.10579067361142	0.351785528543761	4492
0.10716674266205	0.352132388893513	1247
0.0802206285856899	0.657069110109831	671
-0.10508157367245	1.34788019181801	671
0.10663361484863	0.351799503810815	56
-0.0712766558140601	0.824388271855092	56
-0.0252346917202799	0.58191737664116	3152
0.09839867297602	0.990686184256124	750
0.01041485934467	0.926783655689133	48
0.0807725913801201	0.656539941503435	23
0.11023341597372	0.349898349308083	467
0.10826925398621	0.351630194981725	452
0.10647884198302	0.352309794326609	116
-0.0792001258980699	0.830960421728324	79
-0.06838046138878	0.821093576434953	79
0.10716674266205	0.352132388893513	2240
0.0883906657203799	0.650621618170471	2240
0.0902201634281701	0.649500065308071	2240
-0.0879772081318599	0.838675877614107	81
0.0880013004134901	0.649837394152127	1055
0.10647884198302	0.352309794326609	601
0.10148789770049	0.353384284502155	81
-0.07413890813543	0.828125663215551	795
-0.10854906934621	1.11608706229289	26
0.11092586756108	0.350415838742694	126
0.10397890323872	0.352462565358244	126
0.10397890323872	0.352462565358244	126
0.10716674266205	0.352132388893513	126
-0.02032538013449	0.58045220816518	126
-0.09821413865831	1.10733340719619	3998
0.08949273347165	0.650191977967804	3998
-0.02099398512007	0.58063946719774	26
0.10895780785609	0.350714860686515	387
0.10218335279232	0.353699707342604	387
0.10895780785609	0.350714860686515	387
-0.08363240005469	0.837408038208625	33
-0.01748807245685	0.577364796631369	33
-0.10223598882381	1.11232655499359	1286
0.0982592360254899	0.353721534917221	1286
-0.08402490066582	0.835149918908457	33
0.10826925398621	0.351630194981725	135
0.10218335279232	0.353699707342604	135
-0.07849590914857	0.833815212107253	65
0.10148789770049	0.353384284502155	65
-0.0206064013082601	0.579256545559091	65
0.10716674266205	0.352132388893513	92
0.10758043184799	0.351807769829277	164
0.10647884198302	0.352309794326609	1852
0.10826925398621	0.351630194981725	671
0.10826925398621	0.351630194981725	671
0.10647884198302	0.352309794326609	1205
0.0968781924403199	0.994006979285228	750
0.0873699758711599	2.17691159588982	750
-0.0200170655468299	2.09871800568067	750
0.11572235033126	1.25294069799474	750
0.0837647544950799	0.655529150841431	48
0.09928978098498	0.986929331155173	23
-0.0154911986975901	0.575887232891104	23
-0.0980306670165201	1.10914661319701	291
0.10716674266205	0.352132388893513	1501
0.0826830013925901	0.654219411560461	467
-0.0272357610266101	0.58293567232368	467
-0.0221182132134701	0.580408422501073	467
-0.0214546059215199	0.580072466612979	452
-0.0693001778306199	0.823554179611836	116
0.11092586756108	0.350415838742694	79
0.0215283086151901	0.921359378423402	79
0.10397890323872	0.352462565358244	601
0.09720421319883	0.99759399511106	3748
0.10148416180808	0.990868882308573	3748
-0.10077024601621	1.11023969048096	1502
0.10328279028361	0.353197314225222	126
0.0900151349515701	0.647831785542205	3998
-0.0246738993289199	0.581595777089794	3998
0.07841671617754	0.656847582683595	41
-0.0258231300371701	0.581187080143393	387
0.10785437586757	0.351215554477081	1286
0.10826925398621	0.351630194981725	135
0.10758043184799	0.351807769829277	135
0.10647884198302	0.352309794326609	65
0.10758043184799	0.351807769829277	92
0.10826925398621	0.351630194981725	51
0.10758043184799	0.351807769829277	605
0.11161804781962	0.350237547909829	605
0.11161804781962	0.350237547909829	71
0.10716674266205	0.352132388893513	671
-0.02261442293622	0.579780704461	671
0.10758043184799	0.351807769829277	131
0.10826925398621	0.351630194981725	56
-0.0283760454892199	1.38805421450174	48
-0.1023827732275	1.11323055137846	48
0.10826925398621	0.351630194981725	23
-0.01965711158767	0.579970689675105	23
0.10826925398621	0.351630194981725	291
0.08931722660306	0.650273274268608	291
0.11230995697287	0.349325823144218	1501
0.10826925398621	0.351630194981725	1501
0.10895780785609	0.350714860686515	79
-0.0293241189514	0.582953239357999	79
0.10716674266205	0.352132388893513	79
0.10826925398621	0.351630194981725	79
-0.10317399822049	1.55459680412763	858
0.06190075184983	1.21687923062875	1055
0.11230995697287	0.349325823144218	601
0.10328279028361	0.353197314225222	601
-0.07466906671733	0.828812827260658	601
0.03609903507296	1.4155907258028	126
0.09876976056388	0.990778480383734	126
-0.02495473558411	0.58335694060492	3748
0.10647884198302	0.352309794326609	26
0.10663361484863	0.351799503810815	126
-0.02495473558411	0.58335694060492	41
-0.10634792775213	1.10823088502504	41
0.01499683843486	0.927261065301685	41
0.11161804781962	0.350237547909829	387
-0.02673260605082	1.3874115374282	33
0.10287853396258	0.35296389743942	1286
0.0430758080382101	1.23950890567158	2441
-0.0750587616076399	0.826686329329098	135
0.10647884198302	0.352309794326609	135
0.10218335279232	0.353699707342604	65
0.10826925398621	0.351630194981725	51
0.11230995697287	0.349325823144218	51
0.11092586756108	0.350415838742694	1960
-0.07849590914857	0.833815212107253	247
0.10895780785609	0.350714860686515	247
-0.02628763158757	0.583658225403998	1205
0.08911118682812	0.650217800895839	2416
0.10328279028361	0.353197314225222	56
0.10758043184799	0.351807769829277	251
-0.0302678201580699	0.585048846712041	251
0.0652043553792301	1.20729993190142	750
-0.09558884260998	1.53316677424514	23
0.01927108275218	0.923213447472463	23
0.10689134122138	0.351285302005725	1501
-0.07933270807379	0.833882740653433	1501
-0.0795547748035701	0.833920396876194	1501
-0.00254764983284006	1.16551348026391	2240
0.09641698806897	0.642466807130796	601
0.0882072633098401	0.650992030959653	601
-0.0814415720881301	0.832314063119209	1444
0.0852209906930499	0.654392144647465	26
0.09269410012819	0.646644202235759	26
-0.01965711158767	0.579970689675105	26
0.10716674266205	0.352132388893513	26
0.09324688884083	0.645906963789496	41
0.0834161303561301	0.654178336506151	26
-0.0737484919429701	0.827865968081847	41
-0.02656840239241	0.58297122228144	387
-0.07902524070871	0.834045071633638	387
-0.00624144216350997	1.1689399711955	1782
-0.0848255891652001	0.834886906353822	1286
-0.0161564891964301	0.576700733308464	135
0.10716674266205	0.352132388893513	135
0.10647884198302	0.352309794326609	135
0.08503511805493	0.65235888959993	92
0.10826925398621	0.351630194981725	65
0.10328279028361	0.353197314225222	92
0.10758043184799	0.351807769829277	341
0.10895780785609	0.350714860686515	605
0.10758043184799	0.351807769829277	605
0.10231922993712	0.352082943164405	605
0.10148789770049	0.353384284502155	605
0.10758043184799	0.351807769829277	2867
0.10785437586757	0.351215554477081	2085
0.10826925398621	0.351630194981725	43
0.10826925398621	0.351630194981725	43
0.10647884198302	0.352309794326609	43
0.10826925398621	0.351630194981725	131
-0.01951139423892	1.37958911187245	291
-0.0256210160689501	0.583695327776066	291
0.10758043184799	0.351807769829277	1501
0.0807725913801201	0.656539941503435	79
-0.02099398512007	0.58063946719774	81
-0.11100977456865	1.11857727849651	1055
-0.0211704534369199	0.579825727743365	601
0.10287853396258	0.35296389743942	126
-0.01984506431962	0.578779752990184	126
-0.02183364624937	0.579789745439092	126
0.0878589542234101	0.649782359675678	126
-0.0165369043550301	0.576781738217319	26
0.0856919424191101	1.0094068398197	26
0.0852209906930499	0.654392144647465	26
0.0837647544950799	0.655529150841431	26
-0.11094353567999	1.35923735268489	26
0.11161804781962	0.350237547909829	26
0.0243555019897099	0.920328771307225	41
0.0855706511387799	0.652347007412662	26
0.10689134122138	0.351285302005725	1782
-0.0214546059215199	0.580072466612979	1930
0.10895780785609	0.350714860686515	2441
0.10579067361142	0.351785528543761	4703
0.09304389476812	0.647668753377714	92
0.10826925398621	0.351630194981725	65
0.10663361484863	0.351799503810815	65
0.10758043184799	0.351807769829277	65
0.10647884198302	0.352309794326609	65
0.10647884198302	0.352309794326609	92
0.10716674266205	0.352132388893513	4385
0.10716674266205	0.352132388893513	164
-0.07902524070871	0.834045071633638	605
0.10758043184799	0.351807769829277	605
0.10218335279232	0.353699707342604	671
0.10579067361142	0.351785528543761	671
0.10397890323872	0.352462565358244	671
0.10758043184799	0.351807769829277	671
0.09786574616812	0.353978519341629	671
0.10647884198302	0.352309794326609	671
0.11230995697287	0.349325823144218	5197
0.10758043184799	0.351807769829277	1494
0.10397890323872	0.352462565358244	251
-0.02029113184236	2.09914138301096	750
0.08905750782244	1.96787064423837	750
-0.00256849591048991	1.16404815642891	23
0.0216908772550299	0.922886104206456	23
0.0945770037097899	0.999406427294097	1501
0.09035039836001	1.00496814851003	467
-0.01937561527664	0.578362564289604	79
0.0328878439164799	0.903389524881035	116
-0.0200434839469901	0.578549734222855	601
-0.0909274057962599	1.09758623461493	126
-0.02628763158757	0.583658225403998	26
-0.0759885817958501	0.827805705112107	1444
0.01283405068164	0.929883039410651	126
0.0824834655442099	0.654792221148453	41
0.08949273347165	0.650191977967804	41
0.0271786952448601	0.912840442005666	41
0.11092586756108	0.350415838742694	387
-0.0869218486852401	0.837881369369234	33
0.0889418121888199	0.650550150792748	33
-0.0199377346304801	0.578438416169099	4703
0.11161804781962	0.350237547909829	65
0.10647884198302	0.352309794326609	65
0.10826925398621	0.351630194981725	65
0.10218335279232	0.353699707342604	65
0.10826925398621	0.351630194981725	341
0.10895780785609	0.350714860686515	164
0.10826925398621	0.351630194981725	3027
0.10287853396258	0.35296389743942	3027
0.10579067361142	0.351785528543761	51
0.11092586756108	0.350415838742694	51
-0.0256210160689501	0.583695327776066	1960
0.08431855036541	0.655167690820231	271
0.10785437586757	0.351215554477081	605
0.10758043184799	0.351807769829277	2867
0.10689134122138	0.351285302005725	71
0.10716674266205	0.352132388893513	112
0.10758043184799	0.351807769829277	1205
0.10716674266205	0.352132388893513	1205
0.10826925398621	0.351630194981725	5197
0.10647884198302	0.352309794326609	4396
0.11092586756108	0.350415838742694	56
0.10716674266205	0.352132388893513	5055
0.0804426594290599	1.99692661986185	750
0.0447825044172701	2.32792161504023	750
-0.01870808245147	0.577883497327535	48
-0.0101607474619101	1.17111474247931	1501
-0.0755893142410899	0.827371293184792	79
-0.02495473558411	0.58335694060492	858
0.08265648146988	0.655317487706668	81
0.10826925398621	0.351630194981725	601
0.11023341597372	0.349898349308083	26
0.10397890323872	0.352462565358244	26
-0.0302678201580699	0.585048846712041	126
-0.0212754047183501	0.579737208933733	26
0.09359641443929	0.647190211436835	26
-0.01937561527664	0.578362564289604	33
-0.0212754047183501	0.579737208933733	2441
0.10328279028361	0.353197314225222	33
0.10689134122138	0.351285302005725	135
-0.0246738993289199	0.581595777089794	135
0.10397890323872	0.352462565358244	92
0.10593382759709	0.35148923313409	65
0.10647884198302	0.352309794326609	164
0.10758043184799	0.351807769829277	51
0.10579067361142	0.351785528543761	1960
0.10826925398621	0.351630194981725	1960
0.10647884198302	0.352309794326609	247
0.10826925398621	0.351630194981725	71
0.10287853396258	0.35296389743942	671
0.10579067361142	0.351785528543761	43
0.10826925398621	0.351630194981725	251
-0.00525225270662011	1.16959804964684	48
-0.00758984963335996	1.17294052006682	48
0.0902201634281701	0.649500065308071	1501
0.0289652407419501	0.912659239984059	858
-0.01870808245147	0.577883497327535	858
-0.0778293504229299	0.831918491026819	81
0.10287853396258	0.35296389743942	601
0.10328279028361	0.353197314225222	126
-0.0846041357980401	0.836131985916409	126
-0.0259013793896701	0.582633022248989	126
0.10663361484863	0.351799503810815	26
-0.0702195754543999	0.822698475091872	126
0.08265648146988	0.655317487706668	126
0.08431855036541	0.655167690820231	126
0.10148789770049	0.353384284502155	26
-0.00307887949615004	1.1614969193163	26
0.02194322505863	0.918894263705553	41
0.10148789770049	0.353384284502155	387
0.10716674266205	0.352132388893513	387
0.11092586756108	0.350415838742694	1782
-0.0138780287225899	0.573797662096709	1286
-0.08429651434149	0.83638879537802	33
0.0242022899021399	0.916534369479005	2441
0.10716674266205	0.352132388893513	2441
0.10689134122138	0.351285302005725	135
-0.0169984796309399	0.575369583410616	92
0.10397890323872	0.352462565358244	65
0.11161804781962	0.350237547909829	65
0.10716674266205	0.352132388893513	1871
0.10758043184799	0.351807769829277	341
0.10826925398621	0.351630194981725	164
0.10328279028361	0.353197314225222	164
0.10579067361142	0.351785528543761	701
0.10328279028361	0.353197314225222	2867
0.10895780785609	0.350714860686515	671
0.10716674266205	0.352132388893513	122
0.10689134122138	0.351285302005725	1205
0.10148789770049	0.353384284502155	123
0.10647884198302	0.352309794326609	131
0.10758043184799	0.351807769829277	3620
0.0950296652003899	0.998448867574951	750
0.11503760477539	1.69416980829135	291
-0.0965327668181399	1.10057832612062	291
0.08194891837407	1.00874819552887	79
0.0882408511769	0.650884112892455	116
0.0876519400772999	0.650968305198471	4481
-0.02079133119985	0.57936096462064	116
-0.08271050353359	0.836458145602786	601
0.09716291462318	0.354221264198155	795
0.10048245974562	0.992210914563192	1444
0.05445054253105	1.22557236251379	26
0.08466769309659	0.654753086475839	41
0.08896944749537	0.648561527057336	2441
-0.01965711158767	0.579970689675105	33
0.0885563574289101	0.650194172814921	135
0.10716674266205	0.352132388893513	135
0.10785437586757	0.351215554477081	341
0.10328279028361	0.353197314225222	216
0.10826925398621	0.351630194981725	3027
0.10826925398621	0.351630194981725	51
0.10663361484863	0.351799503810815	271
0.10758043184799	0.351807769829277	271
0.10895780785609	0.350714860686515	71
0.10689134122138	0.351285302005725	671
0.10758043184799	0.351807769829277	43
0.02072142257117	0.924011401023554	23
0.00423053369832993	1.76498637066871	291
0.06208101662817	1.21557830166287	79
-0.0751994282328501	0.829206647171541	116
0.0946372053147	1.00121491022345	730
0.10758043184799	0.351807769829277	601
-0.0233431592753299	0.580545475751851	1444
0.09634593031923	0.993605971124173	1444
-0.01937561527664	0.578362564289604	26
0.10397890323872	0.352462565358244	41
0.10647884198302	0.352309794326609	41
0.10148789770049	0.353384284502155	3519
0.10716674266205	0.352132388893513	3519
-0.02099398512007	0.58063946719774	33
-0.0211704534369199	0.579825727743365	3026
0.10826925398621	0.351630194981725	605
0.10716674266205	0.352132388893513	112
0.10716674266205	0.352132388893513	1268
-0.0264839353201201	0.581300229956136	48
0.0444945272017601	1.78266594044973	291
-0.02400836223229	0.581258703136909	291
0.02579863956673	0.917487736069522	291
-0.02079133119985	0.57936096462064	79
0.0295942500439399	0.910572681554665	116
-0.0256210160689501	0.583695327776066	116
0.0989630106853701	0.353478679518203	126
0.09716291462318	0.354221264198155	26
0.10218335279232	0.353699707342604	41
-0.01965711158767	0.579970689675105	41
0.10826925398621	0.351630194981725	41
0.10785437586757	0.351215554477081	41
-0.02166292684413	0.580493155786958	41
0.10895780785609	0.350714860686515	41
0.10218335279232	0.353699707342604	387
-0.00244404945114995	1.16007338860127	2441
0.0959718678027801	0.994688956715915	2441
0.10826925398621	0.351630194981725	2441
0.10397890323872	0.352462565358244	65
0.11230995697287	0.349325823144218	164
-0.0212754047183501	0.579737208933733	701
0.10328279028361	0.353197314225222	247
0.10647884198302	0.352309794326609	71
0.10716674266205	0.352132388893513	671
-0.0737484919429701	0.827865968081847	671
0.10758043184799	0.351807769829277	112
0.10647884198302	0.352309794326609	112
0.10826925398621	0.351630194981725	122
0.10826925398621	0.351630194981725	122
0.10258640259334	0.352883231159087	1769
0.10733312446004	0.351067215845013	1268
0.11092586756108	0.350415838742694	1268
0.10397890323872	0.352462565358244	1268
0.10895780785609	0.350714860686515	43
0.0949274647706499	2.15381781544711	750
0.11161804781962	0.350237547909829	291
0.0335899633554799	1.42150270054195	79
0.11690405281856	1.24959404440075	79
-0.0212754047183501	0.579737208933733	79
0.10895780785609	0.350714860686515	79
-0.07985962218595	0.834277518094075	79
0.09304389476812	0.647668753377714	79
-0.00668569818179998	1.16945728484065	4481
0.10579067361142	0.351785528543761	1233
0.10397890323872	0.352462565358244	601
0.10148789770049	0.353384284502155	126
0.10758043184799	0.351807769829277	1256
0.11161804781962	0.350237547909829	1972
0.10579067361142	0.351785528543761	3974
0.10663361484863	0.351799503810815	1132
0.10758043184799	0.351807769829277	2441
-0.07572999281747	0.829307037080084	135
0.11161804781962	0.350237547909829	135
0.10328279028361	0.353197314225222	341
0.10647884198302	0.352309794326609	51
0.10716674266205	0.352132388893513	122
0.10328279028361	0.353197314225222	1769
0.10328279028361	0.353197314225222	1769
0.10785437586757	0.351215554477081	1769
0.05465053969766	1.97810379748303	750
-0.0273728590593301	1.39082498504008	1501
0.05346287146364	1.22785567161909	277
-0.0795547748035701	0.833920396876194	79
0.10218335279232	0.353699707342604	116
-0.0745826480862599	0.830652290472693	116
-0.0855268860928	0.835245796393325	858
0.0925049896985399	0.646220024093877	858
0.10218335279232	0.353699707342604	730
-0.08744942758555	0.838503012895762	730
0.0242021101282099	0.916495577401371	730
-0.03559222840957	0.585939068936265	81
0.10579067361142	0.351785528543761	126
0.0933944704887899	0.646019881766231	26
-0.02071168876143	0.578406004795778	41
0.10218335279232	0.353699707342604	827
0.10328279028361	0.353197314225222	3974
0.10785437586757	0.351215554477081	539
0.10579067361142	0.351785528543761	539
0.10758043184799	0.351807769829277	1132
-0.02166292684413	0.580493155786958	2441
-0.0165369043550301	0.576781738217319	92
0.10647884198302	0.352309794326609	4228
0.10258640259334	0.352883231159087	1866
0.10758043184799	0.351807769829277	164
0.10785437586757	0.351215554477081	3026
0.10647884198302	0.352309794326609	51
0.10785437586757	0.351215554477081	605
0.10579067361142	0.351785528543761	605
0.10647884198302	0.352309794326609	671
0.11092586756108	0.350415838742694	4950
0.10758043184799	0.351807769829277	883
0.10287853396258	0.35296389743942	883
0.0519703386169199	2.40966575674695	750
-0.0016338832754399	1.15797204125364	48
-0.0759628662307099	0.827199952065694	79
-0.08744942758555	0.838503012895762	79
-0.00970842377014991	1.1715257913576	116
0.08934970317823	1.00534668085049	730
0.09269410012819	0.646644202235759	1233
0.10218335279232	0.353699707342604	126
0.10895780785609	0.350714860686515	126
-0.09546153804176	1.10331703373323	126
-0.10267987033538	1.11253779302325	26
0.10826925398621	0.351630194981725	41
0.10733312446004	0.351067215845013	41
0.10758043184799	0.351807769829277	827
0.10579067361142	0.351785528543761	3742
0.11161804781962	0.350237547909829	539
0.10663361484863	0.351799503810815	1132
0.10895780785609	0.350714860686515	1132
0.0837647544950799	0.655529150841431	1132
0.02371954232839	0.916934181780596	135
-0.07180549896509	0.824779730602868	135
-0.02628763158757	0.583658225403998	92
-0.03114842083878	0.582092654718806	92
0.10579067361142	0.351785528543761	65
0.10758043184799	0.351807769829277	65
0.10593382759709	0.35148923313409	51
-0.0302678201580699	0.585048846712041	1748
0.10758043184799	0.351807769829277	2692
0.10895780785609	0.350714860686515	122
0.10328279028361	0.353197314225222	122
0.10647884198302	0.352309794326609	1769
0.10397890323872	0.352462565358244	43
0.03826188247675	1.41354273289362	23
0.0267654325128901	0.916367548353236	291
0.0232368144300601	0.917084635256968	291
-0.11344863245969	1.1201692425367	79
-0.0728275904211699	0.824713420527391	730
0.07577021337391	0.65844706785752	26
0.10758043184799	0.351807769829277	601
0.10287853396258	0.35296389743942	601
-0.07757416610979	0.830631655983589	126
-0.01965711158767	0.579970689675105	26
0.10716674266205	0.352132388893513	827
0.10397890323872	0.352462565358244	1132
0.10785437586757	0.351215554477081	1132
0.0863941339793799	0.649749489598346	2441
0.10689134122138	0.351285302005725	92
0.10716674266205	0.352132388893513	4228
0.10716674266205	0.352132388893513	1025
0.10218335279232	0.353699707342604	1025
0.10647884198302	0.352309794326609	1025
0.10328279028361	0.353197314225222	164
-0.02628763158757	0.583658225403998	1194
0.10218335279232	0.353699707342604	1748
0.10647884198302	0.352309794326609	605
0.10218335279232	0.353699707342604	605
0.10895780785609	0.350714860686515	605
0.10826925398621	0.351630194981725	71
0.11092586756108	0.350415838742694	605
0.10895780785609	0.350714860686515	605
0.11092586756108	0.350415838742694	671
0.10689134122138	0.351285302005725	122
0.10287853396258	0.35296389743942	122
0.10287853396258	0.35296389743942	1769
0.09716291462318	0.354221264198155	3472
0.10826925398621	0.351630194981725	3637
0.10218335279232	0.353699707342604	3637
-0.09620462324279	1.34062511338418	23
-0.12145896024929	1.94460819675354	23
-0.0212754047183501	0.579737208933733	1147
0.0974114958074901	0.993089361612188	291
0.0904332810067801	1.00668050388414	1501
-0.0726891662296401	0.826166043456925	79
-0.01844524738902	1.37075618001951	4481
0.0834161303561301	0.654178336506151	858
0.10758043184799	0.351807769829277	858
0.10716674266205	0.352132388893513	858
0.0921467271774701	1.00182383870115	730
-0.0145422476842101	0.575306259165605	601
-0.0807814788138299	0.833393762227025	2220
0.09786574616812	0.353978519341629	126
0.10826925398621	0.351630194981725	1256
0.0900151349515701	0.647831785542205	1256
-0.0825752643776301	0.835353802342332	126
0.0896657887737	0.649980701034027	26
0.10647884198302	0.352309794326609	26
0.10647884198302	0.352309794326609	41
-0.0168221136840501	0.577178479347997	1132
0.10397890323872	0.352462565358244	1132
0.10218335279232	0.353699707342604	135
0.10716674266205	0.352132388893513	1025
0.10663361484863	0.351799503810815	3666
-0.01587168520504	0.57659573259799	1194
-0.01870808245147	0.577883497327535	1194
0.10716674266205	0.352132388893513	605
-0.0212754047183501	0.579737208933733	605
0.0982592360254899	0.353721534917221	671
0.11230995697287	0.349325823144218	883
0.10895780785609	0.350714860686515	122
0.10579067361142	0.351785528543761	122
0.10758043184799	0.351807769829277	43
0.0172822195478699	1.44115421690971	23
0.06482533809017	1.21358217116464	48
-0.02166292684413	0.580493155786958	291
0.10826925398621	0.351630194981725	291
0.02498901703558	0.916895796696202	730
-0.01587168520504	0.57659573259799	126
-0.0259013793896701	0.582633022248989	126
0.09716291462318	0.354221264198155	26
0.09786574616812	0.353978519341629	33
0.11230995697287	0.349325823144218	539
-0.0161564891964301	0.576700733308464	1132
0.10716674266205	0.352132388893513	2441
0.0787659723701499	0.658038712603471	135
0.0880395164151999	0.652449440273683	65
-0.01870808245147	0.577883497327535	65
0.10647884198302	0.352309794326609	65
0.10328279028361	0.353197314225222	216
0.10579067361142	0.351785528543761	3026
-0.0256210160689501	0.583695327776066	1194
0.10647884198302	0.352309794326609	51
0.11161804781962	0.350237547909829	51
0.10647884198302	0.352309794326609	605
0.10647884198302	0.352309794326609	122
0.11023341597372	0.349898349308083	66
0.10758043184799	0.351807769829277	43
0.1170743926214	2.06853464710501	23
0.0908034413946199	1.00376737591041	23
0.10716674266205	0.352132388893513	291
-0.10645595095737	1.35510675659157	277
-0.01640992520141	1.17852308598995	79
0.11161804781962	0.350237547909829	79
-0.0212754047183501	0.579737208933733	79
-0.02628763158757	0.583658225403998	79
0.02629109562915	0.915890788897235	116
-0.0219447451608401	0.579924971604282	26
-0.0808685467783601	0.833531868826024	126
0.11092586756108	0.350415838742694	41
0.10148789770049	0.353384284502155	33
0.10826925398621	0.351630194981725	1132
0.10826925398621	0.351630194981725	92
0.10218335279232	0.353699707342604	92
-0.0221182132134701	0.580408422501073	135
0.10826925398621	0.351630194981725	65
0.10287853396258	0.35296389743942	1748
0.11161804781962	0.350237547909829	1748
0.10716674266205	0.352132388893513	51
-0.0200434839469901	0.578549734222855	306
0.10258640259334	0.352883231159087	883
0.10826925398621	0.351630194981725	1652
0.10716674266205	0.352132388893513	43
0.10758043184799	0.351807769829277	43
-0.0192694043853101	0.576919618359868	48
0.02596526833867	1.56849457225203	23
0.10733312446004	0.351067215845013	291
0.02386997600291	0.918505259601628	291
-0.00983465542143991	1.17423360028048	1501
0.000138254736379961	1.15941657116126	152
-0.0745826480862599	0.830652290472693	116
-0.00399592151049011	1.1680444095308	858
0.08132432837806	0.655628440263254	730
-0.0302678201580699	0.585048846712041	26
-0.0205075928915399	0.579490279223785	1814
0.11230995697287	0.349325823144218	126
0.11161804781962	0.350237547909829	126
0.10647884198302	0.352309794326609	1256
0.0780276112038101	0.656483605597773	26
0.10218335279232	0.353699707342604	634
0.11161804781962	0.350237547909829	33
0.10258640259334	0.352883231159087	539
0.11161804781962	0.350237547909829	539
-0.0212754047183501	0.579737208933733	1132
-0.02400836223229	0.581258703136909	92
-0.0214546059215199	0.580072466612979	395
0.10758043184799	0.351807769829277	1137
0.10758043184799	0.351807769829277	306
0.10758043184799	0.351807769829277	306
0.10689134122138	0.351285302005725	1652
0.10785437586757	0.351215554477081	1652
0.10785437586757	0.351215554477081	66
0.10758043184799	0.351807769829277	66
-0.00636666646363993	1.91932196831867	48
0.10325898574702	0.985547906751214	291
-0.01341380046719	1.17835487920893	291
0.0826830013925901	0.654219411560461	1501
0.09190155946184	1.00191267130323	79
0.10397890323872	0.352462565358244	2163
-0.0145422476842101	0.575306259165605	1814
0.10785437586757	0.351215554477081	126
-0.0825752643776301	0.835353802342332	126
0.10826925398621	0.351630194981725	1256
-0.07902524070871	0.834045071633638	126
-0.0779667799886701	0.833254538561395	26
0.0229741267826	0.919551013388354	26
0.08042337020513	0.656400453451052	26
-0.02071168876143	0.578406004795778	634
0.10663361484863	0.351799503810815	539
0.0916767780246299	0.64637927008539	65
0.11161804781962	0.350237547909829	164
0.11092586756108	0.350415838742694	395
0.10148789770049	0.353384284502155	605
0.10716674266205	0.352132388893513	883
0.0989630106853701	0.353478679518203	883
-0.01965711158767	0.579970689675105	2015
0.10647884198302	0.352309794326609	43
0.10579067361142	0.351785528543761	3923
0.10647884198302	0.352309794326609	79
-0.00614590410416005	1.16820607041373	26
0.10328279028361	0.353197314225222	26
0.11092586756108	0.350415838742694	26
0.10785437586757	0.351215554477081	2163
0.10287853396258	0.35296389743942	1814
0.10716674266205	0.352132388893513	1814
0.0793186645478301	0.657843294254402	126
-0.01898917918035	0.579150144945583	3083
0.10785437586757	0.351215554477081	634
-0.02400836223229	0.581258703136909	41
0.10218335279232	0.353699707342604	4313
0.10716674266205	0.352132388893513	4313
0.10826925398621	0.351630194981725	1181
0.10287853396258	0.35296389743942	1181
0.10758043184799	0.351807769829277	92
-0.02960390710866	0.58447674818335	92
-0.02071168876143	0.578406004795778	65
0.08431855036541	0.655167690820231	216
0.10716674266205	0.352132388893513	216
0.10758043184799	0.351807769829277	395
0.10647884198302	0.352309794326609	605
0.10716674266205	0.352132388893513	306
0.10758043184799	0.351807769829277	122
0.10287853396258	0.35296389743942	644
-0.09229155892079	1.09633964618728	79
0.0917584681444701	0.646719961805486	79
0.0762683053483899	1.01680466510984	116
-0.0949387717402299	1.10395521973681	730
0.10785437586757	0.351215554477081	126
0.11092586756108	0.350415838742694	126
0.10148789770049	0.353384284502155	126
-0.0941555502748299	1.10014448871367	3083
0.10785437586757	0.351215554477081	539
0.10593382759709	0.35148923313409	539
0.0982592360254899	0.353721534917221	539
-0.02495473558411	0.58335694060492	92
-0.0712766558140601	0.824388271855092	92
-0.02656840239241	0.58297122228144	92
0.10758043184799	0.351807769829277	92
0.11092586756108	0.350415838742694	92
0.10647884198302	0.352309794326609	65
0.10328279028361	0.353197314225222	65
0.10258640259334	0.352883231159087	164
0.10328279028361	0.353197314225222	306
0.0876519400772999	0.650968305198471	306
-0.0259013793896701	0.582633022248989	306
0.10716674266205	0.352132388893513	112
0.10328279028361	0.353197314225222	66
0.10647884198302	0.352309794326609	514
0.10689134122138	0.351285302005725	514
0.10328279028361	0.353197314225222	131
0.10716674266205	0.352132388893513	644
0.10647884198302	0.352309794326609	644
0.11161804781962	0.350237547909829	26
-0.01937561527664	0.578362564289604	26
0.11092586756108	0.350415838742694	1814
0.10647884198302	0.352309794326609	126
0.10647884198302	0.352309794326609	126
-0.0940267053470001	1.10414074404699	1387
0.10716674266205	0.352132388893513	539
0.11161804781962	0.350237547909829	962
0.10258640259334	0.352883231159087	962
0.0197588841555101	0.924527704200388	92
0.10716674266205	0.352132388893513	278
-0.0774378530941899	0.832339460717058	65
0.08487211935683	0.654515958017152	65
0.10826925398621	0.351630194981725	65
0.11161804781962	0.350237547909829	1025
0.10826925398621	0.351630194981725	164
0.10716674266205	0.352132388893513	51
-0.0161564891964301	0.576700733308464	51
0.10826925398621	0.351630194981725	718
0.10826925398621	0.351630194981725	112
0.10647884198302	0.352309794326609	5503
0.10716674266205	0.352132388893513	1534
-0.00859679673578007	1.17378674619214	291
0.09269410012819	0.646644202235759	858
0.10579067361142	0.351785528543761	26
0.10287853396258	0.35296389743942	1781
0.10287853396258	0.35296389743942	126
-0.01965711158767	0.579970689675105	1229
-0.02166292684413	0.580493155786958	92
0.10758043184799	0.351807769829277	278
-0.02071168876143	0.578406004795778	92
-0.08599911794762	0.834700277012935	65
-0.0306514423245201	0.582440322892004	216
0.11230995697287	0.349325823144218	306
0.10826925398621	0.351630194981725	112
0.10647884198302	0.352309794326609	122
0.10663361484863	0.351799503810815	112
0.10895780785609	0.350714860686515	514
0.10287853396258	0.35296389743942	514
0.0243555019897099	0.920328771307225	277
0.0939467201281301	0.645784338390518	277
-0.02533977086171	0.581560371416527	79
0.0837647544950799	0.655529150841431	79
0.08632690639061	0.652735113629601	116
-0.0302678201580699	0.585048846712041	2163
-0.01965711158767	0.579970689675105	126
0.0989630106853701	0.353478679518203	126
0.09786574616812	0.353978519341629	126
0.0215283086151901	0.921359378423402	1387
0.0905692428887701	0.647595041048012	26
0.10758043184799	0.351807769829277	634
0.10716674266205	0.352132388893513	1181
0.10826925398621	0.351630194981725	539
0.10647884198302	0.352309794326609	539
0.10785437586757	0.351215554477081	962
0.11023341597372	0.349898349308083	962
-0.01235938680316	0.572491611501038	92
0.10218335279232	0.353699707342604	278
0.11092586756108	0.350415838742694	92
-0.02261442293622	0.579780704461	92
0.0855706511387799	0.652347007412662	65
0.10826925398621	0.351630194981725	164
0.10758043184799	0.351807769829277	164
-0.0154911986975901	0.575887232891104	216
0.10579067361142	0.351785528543761	2551
0.10895780785609	0.350714860686515	395
0.11161804781962	0.350237547909829	51
0.10647884198302	0.352309794326609	306
0.10663361484863	0.351799503810815	43
0.10826925398621	0.351630194981725	43
0.10826925398621	0.351630194981725	43
0.10647884198302	0.352309794326609	43
0.10826925398621	0.351630194981725	514
0.10647884198302	0.352309794326609	5283
0.0845240361816599	0.652524616558064	291
0.08058833711196	1.01153589080178	277
0.0553871495863201	1.22439636783877	79
0.10716674266205	0.352132388893513	26
-0.0246738993289199	0.581595777089794	33
0.10218335279232	0.353699707342604	33
0.11161804781962	0.350237547909829	962
-0.02099398512007	0.58063946719774	278
0.11092586756108	0.350415838742694	278
0.0982592360254899	0.353721534917221	65
-0.10220920489149	1.11269030957236	65
0.10647884198302	0.352309794326609	65
0.10716674266205	0.352132388893513	47
0.11092586756108	0.350415838742694	164
0.10663361484863	0.351799503810815	605
0.10826925398621	0.351630194981725	605
0.10895780785609	0.350714860686515	306
0.10579067361142	0.351785528543761	2374
0.10328279028361	0.353197314225222	66
0.10647884198302	0.352309794326609	3472
0.11023341597372	0.349898349308083	43
0.10826925398621	0.351630194981725	514
0.0553778460930101	1.22693572240337	277
-0.01937561527664	0.578362564289604	277
0.07966843983398	0.657264267464277	1501
-0.02656840239241	0.58297122228144	79
0.09634593031923	0.993605971124173	152
0.106063275585	0.981727196111743	116
-0.11094353567999	1.35923735268489	26
0.0880395164151999	0.652449440273683	1814
0.0462980680249201	1.39546667339741	126
0.10895780785609	0.350714860686515	1377
0.10758043184799	0.351807769829277	33
-0.08033841776218	0.833301306316734	33
0.10328279028361	0.353197314225222	278
-0.0211704534369199	0.579825727743365	92
-0.0779667799886701	0.833254538561395	92
-0.0200434839469901	0.578549734222855	92
0.10579067361142	0.351785528543761	65
0.10895780785609	0.350714860686515	65
0.0857740617371201	0.653741388644674	65
0.10647884198302	0.352309794326609	47
0.10826925398621	0.351630194981725	2551
0.10258640259334	0.352883231159087	306
0.10826925398621	0.351630194981725	112
0.10328279028361	0.353197314225222	66
0.10647884198302	0.352309794326609	3658
0.10826925398621	0.351630194981725	514
0.10826925398621	0.351630194981725	514
0.10716674266205	0.352132388893513	514
0.10826925398621	0.351630194981725	514
0.10647884198302	0.352309794326609	3084
0.10647884198302	0.352309794326609	659
0.10716674266205	0.352132388893513	277
-0.02656840239241	0.58297122228144	277
0.10716674266205	0.352132388893513	1501
0.0880014527956301	1.43683256024818	79
0.08876235876415	0.650754614292679	116
0.02072142257117	0.924011401023554	81
0.11092586756108	0.350415838742694	81
-0.0756380349010699	0.831439589392411	26
-0.0869218486852401	0.837881369369234	4971
0.0580358578420399	1.2234408278254	26
-0.0498419413848601	1.75888063756582	126
0.10716674266205	0.352132388893513	126
0.10556332290602	0.981724533105518	126
-0.0154911986975901	0.575887232891104	126
-0.02960390710866	0.58447674818335	26
-0.10569608492662	1.35187094713009	26
-0.0696913379770101	0.821262435509749	898
0.10579067361142	0.351785528543761	65
-0.08363240005469	0.837408038208625	164
0.10218335279232	0.353699707342604	216
0.10826925398621	0.351630194981725	216
0.11161804781962	0.350237547909829	51
0.10785437586757	0.351215554477081	2551
0.0254790880112601	0.914695403281965	605
0.0120409595097799	0.927852802916474	605
0.08431855036541	0.655167690820231	79
-0.02960390710866	0.58447674818335	79
0.10579067361142	0.351785528543761	116
0.10758043184799	0.351807769829277	81
0.11092586756108	0.350415838742694	26
0.10579067361142	0.351785528543761	26
-0.0200434839469901	0.578549734222855	4971
-0.0206064013082601	0.579256545559091	4971
0.10218335279232	0.353699707342604	26
-0.02428878983577	0.582639355082303	26
0.11092586756108	0.350415838742694	1814
0.11230995697287	0.349325823144218	126
0.0915878437528499	0.647358309178234	26
-0.0161564891964301	0.576700733308464	2104
0.10218335279232	0.353699707342604	33
0.11092586756108	0.350415838742694	1377
-0.02183364624937	0.579789745439092	1377
0.09390967967812	0.353808839268374	898
0.10287853396258	0.35296389743942	898
-0.0246738993289199	0.581595777089794	278
0.10258640259334	0.352883231159087	65
0.10218335279232	0.353699707342604	65
0.10785437586757	0.351215554477081	65
0.10647884198302	0.352309794326609	47
0.10716674266205	0.352132388893513	1025
0.10647884198302	0.352309794326609	164
0.10826925398621	0.351630194981725	164
0.10579067361142	0.351785528543761	216
-0.0212754047183501	0.579737208933733	395
0.10647884198302	0.352309794326609	395
0.10785437586757	0.351215554477081	51
0.10218335279232	0.353699707342604	605
0.10785437586757	0.351215554477081	306
0.10287853396258	0.35296389743942	2587
0.11590869352892	1.24935150513401	2137
0.06298621020984	1.21613980373583	291
0.10371064899656	0.985349471141559	277
0.0902201634281701	0.649500065308071	1501
0.0900823588963899	1.00195694887554	1501
0.0180724706111	0.925404835091637	79
-0.0825752643776301	0.835353802342332	152
0.02896831748076	0.912705307834054	116
-0.0808685467783601	0.833531868826024	81
-0.0935935658612901	1.3339922831341	26
0.10328279028361	0.353197314225222	26
-0.02656840239241	0.58297122228144	1814
-0.0792787682866301	0.831828482540017	1814
-0.02428878983577	0.582639355082303	126
0.10716674266205	0.352132388893513	126
0.10826925398621	0.351630194981725	126
-0.0712062582870201	0.823966640168784	1387
-0.0168221136840501	0.577178479347997	26
0.0299271711487099	0.910232305689079	2104
0.08748786869031	0.652520255624373	2104
-0.03121180177176	0.584322987944732	33
0.10689134122138	0.351285302005725	4381
0.10397890323872	0.352462565358244	1685
-0.07173230670077	0.824519349853188	1229
0.0205580137244501	0.922824886840433	1229
-0.03398818849074	0.58350669773355	278
-0.07612007005444	0.827764605419885	92
0.10218335279232	0.353699707342604	994
0.11092586756108	0.350415838742694	65
0.10647884198302	0.352309794326609	47
0.11092586756108	0.350415838742694	47
0.10397890323872	0.352462565358244	164
0.10826925398621	0.351630194981725	51
-0.0165369043550301	0.576781738217319	51
0.11230995697287	0.349325823144218	51
0.10895780785609	0.350714860686515	216
0.11092586756108	0.350415838742694	51
0.10716674266205	0.352132388893513	51
0.10647884198302	0.352309794326609	306
0.10579067361142	0.351785528543761	112
0.10647884198302	0.352309794326609	112
0.10826925398621	0.351630194981725	1360
0.10826925398621	0.351630194981725	66
0.10826925398621	0.351630194981725	2601
0.10647884198302	0.352309794326609	514
0.11092586756108	0.350415838742694	2587
0.02752399275805	0.912171579493684	277
0.08213220310358	0.654413913177199	277
0.0926819335267	1.00178736459428	26
0.10758043184799	0.351807769829277	4971
0.10218335279232	0.353699707342604	4971
-0.0346493132516601	0.58385214452898	26
0.10647884198302	0.352309794326609	1814
0.10895780785609	0.350714860686515	1814
0.0876519400772999	0.650968305198471	26
-0.0212754047183501	0.579737208933733	26
0.10826925398621	0.351630194981725	33
0.11230995697287	0.349325823144218	92
0.11161804781962	0.350237547909829	164
0.10287853396258	0.35296389743942	164
-0.0219447451608401	0.579924971604282	51
0.10258640259334	0.352883231159087	51
0.10579067361142	0.351785528543761	395
0.10826925398621	0.351630194981725	2729
0.10758043184799	0.351807769829277	112
0.10647884198302	0.352309794326609	66
0.10716674266205	0.352132388893513	66
0.09065793900886	1.65913976354655	23
0.08734654332419	1.00600097295614	277
0.0882408511769	0.650884112892455	79
0.09739568318998	0.996751549321749	858
0.09786574616812	0.353978519341629	1814
0.10397890323872	0.352462565358244	844
0.10647884198302	0.352309794326609	126
-0.0256210160689501	0.583695327776066	126
0.09821922995633	0.991890676718013	1229
-0.06838046138878	0.821093576434953	1229
0.10258640259334	0.352883231159087	1229
0.10758043184799	0.351807769829277	278
0.10758043184799	0.351807769829277	278
-0.08902471635142	1.0946622578206	65
0.10647884198302	0.352309794326609	65
0.10287853396258	0.35296389743942	2892
0.10758043184799	0.351807769829277	47
0.10647884198302	0.352309794326609	51
0.10895780785609	0.350714860686515	605
0.10826925398621	0.351630194981725	605
0.10716674266205	0.352132388893513	51
0.10663361484863	0.351799503810815	306
0.11023341597372	0.349898349308083	306
0.10716674266205	0.352132388893513	112
0.11023341597372	0.349898349308083	2533
0.10328279028361	0.353197314225222	905
0.10579067361142	0.351785528543761	2601
-0.10077024601621	1.11023969048096	23
0.0200778791271701	0.923099815251616	23
0.08722836907503	0.650340599837053	277
0.10101566082672	0.991006119895259	277
-0.08817799438953	1.08870411874139	277
-0.0323579159796199	1.39855187698302	277
-0.07849590914857	0.833815212107253	79
0.08914213548745	0.651442119559592	79
0.08946079988539	0.647809890682391	858
-0.09031768401469	1.09665965935602	858
-0.0212406452443401	1.37529390357435	26
0.10758043184799	0.351807769829277	126
0.10758043184799	0.351807769829277	126
0.10895780785609	0.350714860686515	26
0.07966843983398	0.657264267464277	1387
-0.0939715942619399	1.09985999789788	1387
-0.08363240005469	0.837408038208625	26
0.11230995697287	0.349325823144218	33
0.10895780785609	0.350714860686515	33
0.10826925398621	0.351630194981725	3836
0.11161804781962	0.350237547909829	1229
0.10328279028361	0.353197314225222	1229
0.10716674266205	0.352132388893513	92
0.10716674266205	0.352132388893513	65
0.10716674266205	0.352132388893513	65
0.10579067361142	0.351785528543761	47
0.10647884198302	0.352309794326609	47
0.10716674266205	0.352132388893513	47
0.10758043184799	0.351807769829277	164
0.10758043184799	0.351807769829277	51
0.10647884198302	0.352309794326609	3330
0.10148789770049	0.353384284502155	306
0.10716674266205	0.352132388893513	112
0.10287853396258	0.35296389743942	2533
0.10218335279232	0.353699707342604	2533
0.10758043184799	0.351807769829277	514
0.10647884198302	0.352309794326609	514
0.04337393539969	1.78455423274309	2137
0.0904332810067801	1.00668050388414	23
0.08911118682812	0.650217800895839	79
0.0236217986176599	0.917564845876696	152
0.0507443430538299	1.23153189976186	152
-0.02960390710866	0.58447674818335	126
0.0251683174647299	0.914757371582531	26
-0.0799470570269301	0.834996837205207	26
0.02024023311193	0.924451068974598	33
0.10826925398621	0.351630194981725	33
0.10647884198302	0.352309794326609	1685
0.10785437586757	0.351215554477081	898
0.10716674266205	0.352132388893513	278
-0.02079133119985	0.57936096462064	34
0.10328279028361	0.353197314225222	65
-0.02261442293622	0.579780704461	1625
-0.0694359566063301	0.822779556033557	1625
-0.02714507140261	0.580674078251489	51
0.10647884198302	0.352309794326609	605
0.10826925398621	0.351630194981725	605
0.10758043184799	0.351807769829277	3330
0.10758043184799	0.351807769829277	51
0.10397890323872	0.352462565358244	1043
0.10397890323872	0.352462565358244	112
0.10758043184799	0.351807769829277	2533
0.10647884198302	0.352309794326609	66
0.10758043184799	0.351807769829277	1961
0.10826925398621	0.351630194981725	52
-0.0846041357980401	0.836131985916409	23
0.08132432837806	0.655628440263254	23
0.10048245974562	0.992210914563192	277
0.0634052005191399	1.21592175861197	26
-0.02362317852698	0.581190591414601	126
-0.0219447451608401	0.579924971604282	194
0.09269410012819	0.646644202235759	33
-0.01898917918035	0.579150144945583	898
-0.0181543658115899	0.577220737180536	1229
0.08286183671648	0.6545394097211	278
0.10218335279232	0.353699707342604	2892
0.10758043184799	0.351807769829277	216
-0.0219447451608401	0.579924971604282	1922
0.10785437586757	0.351215554477081	51
0.10758043184799	0.351807769829277	2068
0.10579067361142	0.351785528543761	66
0.10689134122138	0.351285302005725	43
0.10826925398621	0.351630194981725	1961
0.10716674266205	0.352132388893513	52
0.0953941340975	0.999527199345284	23
0.0841141687861899	0.654824552022475	79
-0.0272357610266101	0.58293567232368	79
0.08632690639061	0.652735113629601	79
-0.0138780287225899	0.573797662096709	2485
-0.0168221136840501	0.577178479347997	911
0.10579067361142	0.351785528543761	911
0.10716674266205	0.352132388893513	126
0.10647884198302	0.352309794326609	1051
0.10579067361142	0.351785528543761	1051
0.0902201634281701	0.649500065308071	26
0.0911231238591399	0.647116713701421	26
0.02483670716692	0.919730639223693	26
-0.02099398512007	0.58063946719774	26
0.10258640259334	0.352883231159087	194
-0.08363240005469	0.837408038208625	194
-0.0206064013082601	0.579256545559091	1229
0.10895780785609	0.350714860686515	278
-0.01748807245685	0.577364796631369	34
-0.0200434839469901	0.578549734222855	34
0.0874906853784401	0.649034904319458	34
0.10328279028361	0.353197314225222	65
0.10826925398621	0.351630194981725	1025
0.10689134122138	0.351285302005725	1223
0.11023341597372	0.349898349308083	51
0.10826925398621	0.351630194981725	51
0.10689134122138	0.351285302005725	51
0.10287853396258	0.35296389743942	3050
0.10397890323872	0.352462565358244	2068
0.10328279028361	0.353197314225222	43
0.10826925398621	0.351630194981725	2587
0.10716674266205	0.352132388893513	52
0.0955916379014601	1.85094666838251	23
0.08788954889307	1.43204208792801	23
-0.0904577493954899	1.09694700081053	152
0.01959521747973	0.922660959332297	1950
0.0852209906930499	0.654392144647465	26
0.0161388749209199	0.92740934140789	26
0.10785437586757	0.351215554477081	2485
0.11092586756108	0.350415838742694	911
0.10148789770049	0.353384284502155	911
0.10826925398621	0.351630194981725	26
0.07577021337391	0.65844706785752	26
0.08503511805493	0.65235888959993	26
-0.0756380349010699	0.831439589392411	801
0.11230995697287	0.349325823144218	194
0.10895780785609	0.350714860686515	194
0.10895780785609	0.350714860686515	2062
0.0844855558989701	0.652883681608437	1229
0.02752115027819	0.913970348903043	278
0.10895780785609	0.350714860686515	65
0.10716674266205	0.352132388893513	1026
0.11230995697287	0.349325823144218	47
-0.0219447451608401	0.579924971604282	4933
0.11092586756108	0.350415838742694	51
0.10579067361142	0.351785528543761	51
0.10758043184799	0.351807769829277	1043
0.10826925398621	0.351630194981725	3050
0.10647884198302	0.352309794326609	2068
0.10328279028361	0.353197314225222	4698
0.10579067361142	0.351785528543761	4698
0.11092586756108	0.350415838742694	905
0.10758043184799	0.351807769829277	66
0.10758043184799	0.351807769829277	514
0.10826925398621	0.351630194981725	52
0.10826925398621	0.351630194981725	52
0.09786574616812	0.353978519341629	23
0.07987113043911	0.657313340361156	291
0.0623184043995499	1.21651225043327	1501
0.02468477839688	0.916384127518116	79
0.0445042515715599	1.40097427361846	26
-0.02079133119985	0.57936096462064	858
-0.0737484919429701	0.827865968081847	26
0.10895780785609	0.350714860686515	911
0.10826925398621	0.351630194981725	1051
0.0802206285856899	0.657069110109831	26
0.0284840366597401	0.913383628276364	26
0.10758043184799	0.351807769829277	194
0.10758043184799	0.351807769829277	194
0.11161804781962	0.350237547909829	194
0.10826925398621	0.351630194981725	194
0.10716674266205	0.352132388893513	278
0.10895780785609	0.350714860686515	1026
0.10716674266205	0.352132388893513	65
0.11230995697287	0.349325823144218	47
0.10826925398621	0.351630194981725	47
0.10647884198302	0.352309794326609	47
-0.02261442293622	0.579780704461	51
0.10826925398621	0.351630194981725	51
0.10758043184799	0.351807769829277	306
0.10758043184799	0.351807769829277	306
0.10826925398621	0.351630194981725	368
0.10647884198302	0.352309794326609	112
0.10328279028361	0.353197314225222	2068
0.10647884198302	0.352309794326609	66
0.10689134122138	0.351285302005725	66
0.10716674266205	0.352132388893513	514
0.10647884198302	0.352309794326609	514
0.10647884198302	0.352309794326609	2587
-0.0152067997466201	0.576118661909323	23
0.0837647544950799	0.655529150841431	79
0.10524733939361	0.977783658326912	79
0.10371064899656	0.985349471141559	152
-0.0975086750657199	1.34284489327914	26
-0.08310373117641	0.836620292385383	2485
0.10758043184799	0.351807769829277	911
0.10826925398621	0.351630194981725	126
-0.0272357610266101	0.58293567232368	1387
-0.0152067997466201	0.576118661909323	26
0.08667602254785	0.651340343074828	864
0.10689134122138	0.351285302005725	194
0.10218335279232	0.353699707342604	194
0.10895780785609	0.350714860686515	194
-0.0898233286005501	0.838147361322957	2062
0.10758043184799	0.351807769829277	33
0.0243555019897099	0.920328771307225	1229
0.10758043184799	0.351807769829277	278
0.10826925398621	0.351630194981725	2781
-0.0200434839469901	0.578549734222855	65
-0.0256210160689501	0.583695327776066	65
0.10328279028361	0.353197314225222	51
-0.0145422476842101	0.575306259165605	51
0.10647884198302	0.352309794326609	306
0.10826925398621	0.351630194981725	112
0.10647884198302	0.352309794326609	905
0.10895780785609	0.350714860686515	514
0.10826925398621	0.351630194981725	1311
-0.10128736820807	1.55374810232699	23
-0.09558930235784	1.53135347652719	277
0.0995768397630701	0.992229660403499	1501
-0.0987009224316799	1.33978379646189	79
-0.0154911986975901	0.575887232891104	79
0.0880831125742001	1.00551809827611	1950
0.0203942814534801	0.918796578952548	1950
-0.0795547748035701	0.833920396876194	26
-0.02032538013449	0.58045220816518	26
0.10733312446004	0.351067215845013	2485
-0.0707480146886399	0.823705980665358	2485
-0.0745826480862599	0.830652290472693	126
-0.0798084916433699	0.832741341170684	434
0.10287853396258	0.35296389743942	126
0.11092586756108	0.350415838742694	1051
0.02345574679871	0.918239554519319	26
0.0907743109538099	0.648758219491063	864
0.10716674266205	0.352132388893513	194
-0.01748807245685	0.577364796631369	194
0.10785437586757	0.351215554477081	194
0.0224290859529801	0.91915858737411	1229
0.0896657887737	0.649980701034027	1229
-0.0272357610266101	0.58293567232368	1026
0.10287853396258	0.35296389743942	1026
-0.0221182132134701	0.580408422501073	1026
0.10716674266205	0.352132388893513	47
0.10758043184799	0.351807769829277	47
0.09786574616812	0.353978519341629	47
0.10785437586757	0.351215554477081	47
-0.02533977086171	0.581560371416527	47
0.10716674266205	0.352132388893513	812
0.10826925398621	0.351630194981725	2808
0.10826925398621	0.351630194981725	51
0.08431855036541	0.655167690820231	112
0.10758043184799	0.351807769829277	368
0.10826925398621	0.351630194981725	368
0.10758043184799	0.351807769829277	905
0.10758043184799	0.351807769829277	66
0.0989630106853701	0.353478679518203	66
-0.01898917918035	0.579150144945583	514
0.10716674266205	0.352132388893513	5244
0.10826925398621	0.351630194981725	190
0.10895780785609	0.350714860686515	190
-0.0168221136840501	0.577178479347997	79
0.10826925398621	0.351630194981725	79
0.0824834655442099	0.654792221148453	152
-0.09396285725861	1.53754426272048	26
-0.01587168520504	0.57659573259799	938
-0.0125256286416	1.17689878631592	911
-0.02079133119985	0.57936096462064	126
-0.0873164724489	0.837691072393056	26
-0.00736752189601009	1.16502711254111	1051
0.10328279028361	0.353197314225222	194
-0.0977436284851101	1.10609070780557	194
0.02007559025623	0.923424698221672	194
0.11092586756108	0.350415838742694	194
-0.07035646601997	0.825248140293113	194
-0.07088491271612	0.825639858099944	2655
0.10716674266205	0.352132388893513	65
0.10758043184799	0.351807769829277	65
0.10161201644474	0.352326436107844	47
-0.02866095646662	0.582384335707824	47
0.0266145846025501	0.913444813531549	51
0.10328279028361	0.353197314225222	368
0.10716674266205	0.352132388893513	1646
0.10647884198302	0.352309794326609	514
-0.0213802300192001	0.57758827802239	23
0.0115110717110001	1.61426017231705	23
-0.09818970079986	1.10806467480942	1501
-0.09913130406714	1.10787884937124	1501
0.0880395164151999	0.652449440273683	79
-0.0693001778306199	0.823554179611836	152
0.07987113043911	0.657313340361156	79
0.0835604176000799	0.654541861848122	152
-0.0728275904211699	0.824713420527391	2485
0.0776759565774601	0.655979171350664	2485
0.10780378488177	1.50107570665948	126
-0.0345704836495699	1.400029640093	126
0.10716674266205	0.352132388893513	126
-0.0256210160689501	0.583695327776066	126
-0.03762285405042	1.58483280188402	510
0.05528729117584	1.22486853825071	864
0.08931722660306	0.650273274268608	864
-0.10482455669997	1.35035752203064	801
-0.0925637840278899	1.0995673486222	801
0.0796743306149601	0.655398724204967	194
-0.0949657567240201	1.10546047051022	65
0.10287853396258	0.35296389743942	47
0.0793186645478301	0.657843294254402	47
0.10826925398621	0.351630194981725	47
-0.01937561527664	0.578362564289604	2808
0.10758043184799	0.351807769829277	812
-0.01870808245147	0.577883497327535	605
0.0865850831163499	0.651961755580813	605
0.10758043184799	0.351807769829277	368
0.10663361484863	0.351799503810815	514
0.10785437586757	0.351215554477081	5244
0.10716674266205	0.352132388893513	66
-0.02286682687867	1.38295875726538	23
0.09340557241672	0.645652526328445	79
0.10647884198302	0.352309794326609	79
-0.02099398512007	0.58063946719774	79
-0.02495473558411	0.58335694060492	79
0.08487211935683	0.654515958017152	79
-0.0799470570269301	0.834996837205207	152
-0.07035646601997	0.825248140293113	152
0.07632081041164	0.657658374274116	938
0.0474570241897701	1.23357667763445	938
-0.02676803648149	0.581766483346834	2485
-0.0730791992312601	0.825663068882387	126
0.09775166005935	0.997792030955	126
-0.0256210160689501	0.583695327776066	26
-0.0192694043853101	0.576919618359868	26
-0.0944691091636001	1.10424711765891	864
0.0839701967903499	0.653528558133648	194
0.0885909386274999	0.652090173543142	194
0.10328279028361	0.353197314225222	194
0.0982716174278599	0.995192881955867	1229
0.10758043184799	0.351807769829277	65
-0.02656840239241	0.58297122228144	1026
0.10826925398621	0.351630194981725	47
0.10826925398621	0.351630194981725	47
0.10716674266205	0.352132388893513	47
0.08542546163149	0.653508143571156	47
-0.0272357610266101	0.58293567232368	47
0.10579067361142	0.351785528543761	47
0.10758043184799	0.351807769829277	812
0.10826925398621	0.351630194981725	812
-0.0145422476842101	0.575306259165605	605
0.10758043184799	0.351807769829277	605
-0.01870808245147	0.577883497327535	605
-0.02656840239241	0.58297122228144	605
0.10716674266205	0.352132388893513	605
0.10758043184799	0.351807769829277	51
0.10647884198302	0.352309794326609	306
0.10716674266205	0.352132388893513	368
0.10716674266205	0.352132388893513	905
0.10148789770049	0.353384284502155	537
0.10716674266205	0.352132388893513	514
0.10579067361142	0.351785528543761	514
0.10826925398621	0.351630194981725	1311
0.10663361484863	0.351799503810815	66
0.10716674266205	0.352132388893513	190
0.11023341597372	0.349898349308083	20
0.01886507795604	0.923921570336521	23
-0.11675190889572	1.93731888675334	23
0.11651345463015	1.25108224147285	1501
0.10148416180808	0.990868882308573	79
0.09269410012819	0.646644202235759	152
-0.00827132856699997	1.17103415205027	26
0.10218335279232	0.353699707342604	126
-0.0949918473232201	1.10247508863857	26
-0.0200434839469901	0.578549734222855	801
-0.0180408851730201	0.577068127053539	801
0.10397890323872	0.352462565358244	801
0.10716674266205	0.352132388893513	194
0.09786574616812	0.353978519341629	194
0.10716674266205	0.352132388893513	194
-0.0262012754277601	1.38746661698328	1229
0.09731914050615	0.641898229968564	34
0.02709635423136	0.912412794227202	65
-0.02656840239241	0.58297122228144	47
0.09359641443929	0.647190211436835	1026
0.0205603806453201	0.923153613701468	1026
0.10328279028361	0.353197314225222	47
0.10826925398621	0.351630194981725	47
0.0852209906930499	0.654392144647465	812
0.10647884198302	0.352309794326609	605
0.10647884198302	0.352309794326609	306
0.10148789770049	0.353384284502155	306
0.10895780785609	0.350714860686515	112
0.11023341597372	0.349898349308083	66
0.0896657887737	0.649980701034027	23
0.0995768397630701	0.992229660403499	23
-0.0987870784143099	1.33385765197657	23
0.0908854819054401	1.00600608019698	23
-0.0987082829042301	1.10395934875688	79
-0.09798104667605	1.10874948573511	79
0.10489139680853	1.26898735580107	79
-0.10270659309063	1.11300755458358	152
0.0253177529953099	0.91880020409554	938
-0.0930273567370701	0.837640180940279	938
0.08952435262926	0.647487705237952	938
-0.02428878983577	0.582639355082303	2279
0.10287853396258	0.35296389743942	126
-0.0272357610266101	0.58293567232368	126
0.0837647544950799	0.655529150841431	26
0.08466769309659	0.654753086475839	26
-0.0206064013082601	0.579256545559091	864
0.10758043184799	0.351807769829277	801
0.11230995697287	0.349325823144218	194
0.10218335279232	0.353699707342604	1229
-0.02099398512007	0.58063946719774	1229
0.0896657887737	0.649980701034027	34
0.0841141687861899	0.654824552022475	2655
0.10258640259334	0.352883231159087	34
0.08931722660306	0.650273274268608	65
0.10663361484863	0.351799503810815	47
-0.0223322056066999	0.579667431665503	812
0.10758043184799	0.351807769829277	812
0.10826925398621	0.351630194981725	605
0.10716674266205	0.352132388893513	112
0.10758043184799	0.351807769829277	3578
0.10647884198302	0.352309794326609	112
0.10716674266205	0.352132388893513	66
0.0954147193733099	1.95778305830034	23
-0.0183953477518499	2.09140465576239	23
-0.07466906671733	0.828812827260658	79
0.01565755881508	0.927210846264076	152
0.0220104077830601	0.921079433700798	938
-0.10109698416282	1.55197001288693	938
-0.0145422476842101	0.575306259165605	938
0.10785437586757	0.351215554477081	26
0.10716674266205	0.352132388893513	126
0.10258640259334	0.352883231159087	26
0.10716674266205	0.352132388893513	26
0.0890856492773999	1.00408753582853	510
0.10218335279232	0.353699707342604	194
0.07966843983398	0.657264267464277	1229
0.0572272946286001	1.2223735107407	1229
0.10716674266205	0.352132388893513	1173
-0.09818970079986	1.10806467480942	1173
0.10826925398621	0.351630194981725	150
0.11092586756108	0.350415838742694	18
0.10758043184799	0.351807769829277	47
-0.03254212924539	0.583808355887704	812
0.0261307821914201	0.911443820320745	812
0.10647884198302	0.352309794326609	905
0.11161804781962	0.350237547909829	514
0.10826925398621	0.351630194981725	52
0.10218335279232	0.353699707342604	52
0.0233926132209801	0.920553756197955	1501
0.0919381769649299	0.647880740377681	79
0.0852209906930499	0.654392144647465	152
0.09731914050615	0.641898229968564	2851
0.06064707517798	1.21571563752252	938
-0.0206064013082601	0.579256545559091	126
-0.02628763158757	0.583658225403998	126
0.10716674266205	0.352132388893513	26
-0.09915561411758	1.10865653530461	510
-0.00537318749195004	1.16934924972139	864
0.02709875547297	0.910467331995799	801
0.10663361484863	0.351799503810815	801
-0.0206064013082601	0.579256545559091	30
-0.02267829016192	0.579106936023567	194
0.08431855036541	0.655167690820231	194
-0.10860220310825	1.1173378002061	33
0.10579067361142	0.351785528543761	33
-0.0808685467783601	0.833531868826024	34
0.10826925398621	0.351630194981725	1173
0.10218335279232	0.353699707342604	812
0.10647884198302	0.352309794326609	812
-0.0221182132134701	0.580408422501073	812
0.10258640259334	0.352883231159087	812
0.10716674266205	0.352132388893513	390
0.10895780785609	0.350714860686515	51
-0.0180408851730201	0.577068127053539	51
-0.02533977086171	0.581560371416527	51
0.10733312446004	0.351067215845013	66
-0.08949398352774	1.09563967769053	23
0.1210562746518	1.47533846449455	23
0.0902201634281701	0.649500065308071	982
-0.00366902011588	1.1673379769609	79
0.10716674266205	0.352132388893513	79
0.0656378647032001	1.21045746255989	79
0.0852209906930499	0.654392144647465	79
0.02532302458674	0.919204901694303	938
-0.00258427090902003	1.15900256189487	2279
0.0882408511769	0.650884112892455	2279
0.0610290396670099	1.21667960223608	126
0.0930831371848	1.00351877381766	26
-0.0272357610266101	0.58293567232368	801
0.08748786869031	0.652520255624373	194
-0.02866095646662	0.582384335707824	194
0.10758043184799	0.351807769829277	1229
0.0900151349515701	0.647831785542205	34
-0.07849590914857	0.833815212107253	34
0.10716674266205	0.352132388893513	47
0.10733312446004	0.351067215845013	47
0.10689134122138	0.351285302005725	150
0.10716674266205	0.352132388893513	47
0.10716674266205	0.352132388893513	812
0.10328279028361	0.353197314225222	812
-0.04092263660238	0.585869228897198	51
0.10218335279232	0.353699707342604	605
0.10647884198302	0.352309794326609	605
0.10397890323872	0.352462565358244	3536
0.10758043184799	0.351807769829277	51
0.10579067361142	0.351785528543761	1524
0.10689134122138	0.351285302005725	905
0.10579067361142	0.351785528543761	66
0.10689134122138	0.351285302005725	514
-0.0206064013082601	0.579256545559091	66
0.0989630106853701	0.353478679518203	52
0.10826925398621	0.351630194981725	52
0.10716674266205	0.352132388893513	52
-0.00596789865503999	1.16390639890337	23
-0.0219447451608401	0.579924971604282	23
0.10716674266205	0.352132388893513	1501
0.10647884198302	0.352309794326609	1501
-0.0794173265377101	0.834766722893349	79
0.08612344995625	0.651987418512096	79
0.0869359952923301	0.652238168620569	79
-0.0168221136840501	0.577178479347997	938
0.10218335279232	0.353699707342604	26
0.10663361484863	0.351799503810815	938
0.02104027720589	0.921892238789281	2279
-0.0712766558140601	0.824388271855092	2279
0.10328279028361	0.353197314225222	2279
0.02266088232619	0.919559708273575	26
0.10785437586757	0.351215554477081	510
0.09228929324015	0.64564458985773	864
0.10647884198302	0.352309794326609	26
-0.0751994282328501	0.829206647171541	801
0.10647884198302	0.352309794326609	801
-0.02099398512007	0.58063946719774	30
0.00874174191748001	0.932075444743445	194
-0.00726581623145006	1.17281732939833	33
0.09885136577234	0.990204581349334	1173
0.10647884198302	0.352309794326609	47
0.10758043184799	0.351807769829277	47
0.10218335279232	0.353699707342604	47
0.10826925398621	0.351630194981725	3932
0.10647884198302	0.352309794326609	3932
0.10689134122138	0.351285302005725	812
0.02677181385301	0.915295931751785	51
0.10238651216121	0.98928590345818	605
0.11161804781962	0.350237547909829	605
0.10148789770049	0.353384284502155	368
0.10826925398621	0.351630194981725	368
-0.01587168520504	0.57659573259799	368
0.10826925398621	0.351630194981725	368
-0.01965711158767	0.579970689675105	368
-0.0779667799886701	0.833254538561395	368
0.10758043184799	0.351807769829277	537
-0.01937561527664	0.578362564289604	66
0.10689134122138	0.351285302005725	66
0.0885909386274999	0.652090173543142	23
0.10218335279232	0.353699707342604	23
0.10716674266205	0.352132388893513	1501
-0.01965711158767	0.579970689675105	79
0.10758043184799	0.351807769829277	152
-0.02533977086171	0.581560371416527	79
0.11092586756108	0.350415838742694	79
0.10785437586757	0.351215554477081	2851
0.05992567910888	1.22164212909669	938
0.0852209906930499	0.654392144647465	938
0.10716674266205	0.352132388893513	938
0.11092586756108	0.350415838742694	938
0.10138505523628	0.988524427545229	938
-0.07827948283135	0.83183831932133	938
0.10826925398621	0.351630194981725	510
0.10895780785609	0.350714860686515	510
0.10328279028361	0.353197314225222	26
0.10895780785609	0.350714860686515	34
0.10758043184799	0.351807769829277	47
-0.02495473558411	0.58335694060492	150
0.10758043184799	0.351807769829277	2620
0.10895780785609	0.350714860686515	47
0.10826925398621	0.351630194981725	812
-0.07413890813543	0.828125663215551	66
-0.0699640064468099	0.823170125254251	2969
0.10287853396258	0.35296389743942	23
-0.02183364624937	0.579789745439092	79
0.10895780785609	0.350714860686515	152
0.10397890323872	0.352462565358244	79
-0.0214546059215199	0.580072466612979	152
0.10716674266205	0.352132388893513	26
-0.03521038313764	0.583680193814339	26
0.10647884198302	0.352309794326609	510
0.0655628553016601	1.61215689444033	801
-0.0260797831911099	1.38734193268486	194
0.0855230196005099	1.0075598827395	194
0.0523254644651201	1.63700738025823	34
-0.01937561527664	0.578362564289604	34
-0.01587494066288	1.18049615752688	47
0.10716674266205	0.352132388893513	47
0.10579067361142	0.351785528543761	1663
0.10258640259334	0.352883231159087	150
-0.0302678201580699	0.585048846712041	4037
-0.02428878983577	0.582639355082303	150
0.10895780785609	0.350714860686515	812
0.10689134122138	0.351285302005725	812
-0.0256210160689501	0.583695327776066	812
-0.09915561411758	1.10865653530461	51
0.0834161303561301	0.654178336506151	368
0.10716674266205	0.352132388893513	66
-0.0206064013082601	0.579256545559091	1581
-0.0205075928915399	0.579490279223785	52
0.0169314900914199	0.926963123360201	23
-0.07088491271612	0.825639858099944	23
-0.02428878983577	0.582639355082303	23
-0.0751994282328501	0.829206647171541	938
-0.0200434839469901	0.578549734222855	26
0.0958661073715401	0.642701436121446	938
0.0889418121888199	0.650550150792748	26
0.10758043184799	0.351807769829277	26
-0.01832158261363	0.57762571413367	26
0.08931722660306	0.650273274268608	26
0.10647884198302	0.352309794326609	801
0.10716674266205	0.352132388893513	2741
0.10716674266205	0.352132388893513	33
0.10647884198302	0.352309794326609	33
-0.08323897166025	0.836854548113291	1173
0.0837647544950799	0.655529150841431	1173
0.0270375753987	0.912615597886753	1173
0.10328279028361	0.353197314225222	47
0.10287853396258	0.35296389743942	812
-0.02533977086171	0.581560371416527	812
0.10758043184799	0.351807769829277	605
0.10826925398621	0.351630194981725	51
0.10785437586757	0.351215554477081	1755
0.0226073740397901	1.96090175411384	23
-0.01284837803571	1.17554875688809	23
-0.10613204046052	1.352000497938	79
0.0896657887737	0.649980701034027	79
0.09589363416565	0.996867534780394	152
-0.0950972405747099	1.10042201048904	938
0.07987113043911	0.657313340361156	938
0.10716674266205	0.352132388893513	26
0.0832335746052799	0.653693295787917	26
0.0870963889035501	0.650610899948797	26
-0.0152067997466201	0.576118661909323	26
0.10191936681466	0.989177974748469	510
-0.09741513045547	1.33462831183509	510
0.0926819335267	1.00178736459428	510
0.0852209906930499	0.654392144647465	194
0.11023341597372	0.349898349308083	34
-0.0759885817958501	0.827805705112107	1173
0.10895780785609	0.350714860686515	4037
0.0841141687861899	0.654824552022475	812
-0.01965711158767	0.579970689675105	812
0.10716674266205	0.352132388893513	390
0.10826925398621	0.351630194981725	390
-0.02032538013449	0.58045220816518	390
0.0246859086940601	0.91459877030979	390
0.10826925398621	0.351630194981725	51
-0.0199377346304801	0.578438416169099	51
-0.02628763158757	0.583658225403998	368
0.10895780785609	0.350714860686515	112
0.10733312446004	0.351067215845013	431
0.10758043184799	0.351807769829277	1755
0.10663361484863	0.351799503810815	2214
0.10716674266205	0.352132388893513	441
0.10148789770049	0.353384284502155	23
-0.03715168008694	1.58142544433884	23
0.0921467271774701	1.00182383870115	79
0.0904806810340699	0.646982272796758	152
-0.01965711158767	0.579970689675105	152
-0.0152067997466201	0.576118661909323	152
0.0989630106853701	0.353478679518203	26
0.10733312446004	0.351067215845013	26
0.10647884198302	0.352309794326609	26
-0.0192694043853101	0.576919618359868	510
0.0852209906930499	0.654392144647465	269
0.08768915422257	0.651530929339694	801
0.10758043184799	0.351807769829277	801
0.10895780785609	0.350714860686515	194
0.10716674266205	0.352132388893513	194
0.10895780785609	0.350714860686515	194
0.10716674266205	0.352132388893513	34
-0.0214546059215199	0.580072466612979	47
0.10758043184799	0.351807769829277	47
0.10716674266205	0.352132388893513	1663
0.10758043184799	0.351807769829277	1663
0.0791160249640801	0.657078316762695	390
0.10785437586757	0.351215554477081	3673
0.11161804781962	0.350237547909829	587
0.10287853396258	0.35296389743942	51
-0.0200434839469901	0.578549734222855	368
0.10397890323872	0.352462565358244	431
0.10895780785609	0.350714860686515	1755
0.11092586756108	0.350415838742694	2214
0.10218335279232	0.353699707342604	1307
0.10716674266205	0.352132388893513	52
-0.0214546059215199	0.580072466612979	23
0.0220104077830601	0.921079433700798	152
0.01959300670875	0.923705052755737	938
0.10663361484863	0.351799503810815	1134
0.10287853396258	0.35296389743942	26
0.10218335279232	0.353699707342604	1183
0.10397890323872	0.352462565358244	1183
0.0704166270928801	0.659851132239995	1386
0.08542546163149	0.653508143571156	26
0.10218335279232	0.353699707342604	26
0.10647884198302	0.352309794326609	801
0.10758043184799	0.351807769829277	801
0.10826925398621	0.351630194981725	194
0.10579067361142	0.351785528543761	194
0.09695846450511	0.993288273605257	34
0.08914213548745	0.651442119559592	405
-0.0794173265377101	0.834766722893349	1173
-0.0212754047183501	0.579737208933733	1173
-0.0750587616076399	0.826686329329098	47
0.10647884198302	0.352309794326609	1663
0.10826925398621	0.351630194981725	4037
0.10826925398621	0.351630194981725	150
0.10328279028361	0.353197314225222	812
-0.01965711158767	0.579970689675105	812
-0.02400836223229	0.581258703136909	390
0.0876519400772999	0.650968305198471	3480
-0.01870808245147	0.577883497327535	390
0.10826925398621	0.351630194981725	112
0.10895780785609	0.350714860686515	112
0.11092586756108	0.350415838742694	1755
-0.0846903445879501	0.837811003657512	152
-0.09222065647457	1.09631780447557	152
0.10579067361142	0.351785528543761	26
0.10758043184799	0.351807769829277	26
0.10287853396258	0.35296389743942	1183
0.0793186645478301	0.657843294254402	26
0.10716674266205	0.352132388893513	26
-0.01587168520504	0.57659573259799	801
0.10826925398621	0.351630194981725	801
0.10895780785609	0.350714860686515	194
0.10826925398621	0.351630194981725	194
0.10647884198302	0.352309794326609	194
0.10328279028361	0.353197314225222	194
-0.08047699029971	0.834871868878997	1229
0.0905692428887701	0.647595041048012	47
0.10895780785609	0.350714860686515	47
0.10826925398621	0.351630194981725	1663
0.10758043184799	0.351807769829277	150
0.10579067361142	0.351785528543761	51
0.10716674266205	0.352132388893513	51
0.10258640259334	0.352883231159087	368
0.10785437586757	0.351215554477081	368
0.10647884198302	0.352309794326609	112
0.11023341597372	0.349898349308083	66
0.10826925398621	0.351630194981725	52
0.0733918515740799	1.1921008527918	320
0.0826830013925901	0.654219411560461	23
0.09359641443929	0.647190211436835	938
0.01927108275218	0.923213447472463	938
0.0583444048797701	1.22161750779104	938
-0.0977409134688401	1.33488763324907	938
0.11161804781962	0.350237547909829	1134
0.10758043184799	0.351807769829277	26
0.10328279028361	0.353197314225222	26
0.10758043184799	0.351807769829277	4027
0.10647884198302	0.352309794326609	801
0.10287853396258	0.35296389743942	194
0.10647884198302	0.352309794326609	194
-0.02533977086171	0.581560371416527	194
0.10663361484863	0.351799503810815	194
-0.0205075928915399	0.579490279223785	34
0.10758043184799	0.351807769829277	47
0.10716674266205	0.352132388893513	2256
0.10397890323872	0.352462565358244	150
-0.02032538013449	0.58045220816518	390
0.10716674266205	0.352132388893513	587
0.10826925398621	0.351630194981725	51
0.10716674266205	0.352132388893513	368
-0.02428878983577	0.582639355082303	112
0.10287853396258	0.35296389743942	112
-0.02032538013449	0.58045220816518	112
0.10895780785609	0.350714860686515	1755
0.10758043184799	0.351807769829277	112
0.10397890323872	0.352462565358244	66
0.10785437586757	0.351215554477081	66
0.10716674266205	0.352132388893513	1307
0.10579067361142	0.351785528543761	296
0.0857740617371201	0.653741388644674	23
0.0258039864119699	0.91860746365762	23
0.0603438505412399	1.22127438646284	23
-0.08407792703151	0.835960128464523	36
-0.02261442293622	0.579780704461	3985
0.10287853396258	0.35296389743942	1183
-0.0211704534369199	0.579825727743365	26
0.10716674266205	0.352132388893513	26
-0.01898917918035	0.579150144945583	26
0.10647884198302	0.352309794326609	4027
-0.01898917918035	0.579150144945583	34
0.10397890323872	0.352462565358244	405
0.0834161303561301	0.654178336506151	1173
-0.0767917317365301	0.828418824522184	47
-0.0200434839469901	0.578549734222855	47
0.0885909386274999	0.652090173543142	47
0.10895780785609	0.350714860686515	3525
0.10758043184799	0.351807769829277	3525
0.11230995697287	0.349325823144218	390
-0.0180408851730201	0.577068127053539	390
0.10716674266205	0.352132388893513	587
-0.01870808245147	0.577883497327535	368
0.10716674266205	0.352132388893513	112
0.10785437586757	0.351215554477081	66
0.11230995697287	0.349325823144218	66
0.10716674266205	0.352132388893513	66
0.0174192795652901	0.925241406047656	982
0.08632690639061	0.652735113629601	320
-0.0732187278101999	0.827179762016143	982
0.02152490366363	0.922273858660409	23
0.10895780785609	0.350714860686515	1134
0.10826925398621	0.351630194981725	30
0.10785437586757	0.351215554477081	194
0.10716674266205	0.352132388893513	194
-0.0892947338552701	0.837973538528139	34
0.0807725913801201	0.656539941503435	47
0.10758043184799	0.351807769829277	3127
0.10397890323872	0.352462565358244	2791
-0.02742959465009	0.581879879551057	812
0.10785437586757	0.351215554477081	390
-0.02495473558411	0.58335694060492	390
0.10218335279232	0.353699707342604	587
0.10758043184799	0.351807769829277	587
0.11230995697287	0.349325823144218	587
0.10716674266205	0.352132388893513	51
0.10716674266205	0.352132388893513	51
0.10647884198302	0.352309794326609	447
0.10579067361142	0.351785528543761	431
-0.01748807245685	0.577364796631369	1755
0.10785437586757	0.351215554477081	54
0.10647884198302	0.352309794326609	52
-0.07497545963571	0.828866649310839	23
0.10716674266205	0.352132388893513	3985
0.10785437586757	0.351215554477081	938
0.0926074934174399	0.999463282401262	938
0.0835604176000799	0.654541861848122	938
0.10716674266205	0.352132388893513	3901
-0.07480862840562	0.82835962569904	510
0.092856761537	0.646292405535603	26
0.07577021337391	0.65844706785752	801
0.10397890323872	0.352462565358244	194
0.10826925398621	0.351630194981725	194
-0.02071168876143	0.578406004795778	194
0.01959167718143	0.921226436515766	34
-0.07466906671733	0.828812827260658	34
0.10716674266205	0.352132388893513	34
0.10689134122138	0.351285302005725	34
-0.02628763158757	0.583658225403998	47
0.10328279028361	0.353197314225222	2256
0.10758043184799	0.351807769829277	3051
0.10579067361142	0.351785528543761	390
0.10647884198302	0.352309794326609	390
0.10895780785609	0.350714860686515	368
0.09786574616812	0.353978519341629	112
0.10647884198302	0.352309794326609	1307
0.0897981143317901	1.00013131612719	23
0.08213220310358	0.654413913177199	23
0.0211958675153701	0.919040382825557	152
-0.08363240005469	0.837408038208625	938
-0.02628763158757	0.583658225403998	938
-0.0219447451608401	0.579924971604282	1134
0.10579067361142	0.351785528543761	30
0.10826925398621	0.351630194981725	194
0.10397890323872	0.352462565358244	194
0.10647884198302	0.352309794326609	194
-0.0258231300371701	0.581187080143393	34
0.08265648146988	0.655317487706668	47
-0.02428878983577	0.582639355082303	3524
-0.02400836223229	0.581258703136909	812
0.10647884198302	0.352309794326609	390
0.10647884198302	0.352309794326609	390
0.10716674266205	0.352132388893513	390
0.10218335279232	0.353699707342604	587
0.10826925398621	0.351630194981725	112
0.10716674266205	0.352132388893513	1875
0.10647884198302	0.352309794326609	1755
0.09902846401007	1.94568514156716	2969
0.0852209906930499	0.654392144647465	36
-0.01587168520504	0.57659573259799	152
0.10716674266205	0.352132388893513	938
0.0180724706111	0.925404835091637	938
-0.0845539718525701	0.835934876757901	938
-0.02960390710866	0.58447674818335	26
-0.0714135613256299	0.825739488694593	26
0.10826925398621	0.351630194981725	26
0.10716674266205	0.352132388893513	3901
-0.0206064013082601	0.579256545559091	26
-0.0305471390401799	0.583752148236366	26
0.10397890323872	0.352462565358244	26
0.10758043184799	0.351807769829277	26
0.10663361484863	0.351799503810815	801
0.11092586756108	0.350415838742694	194
0.08431855036541	0.655167690820231	34
0.11092586756108	0.350415838742694	34
-0.03159664646384	0.58452904588601	1173
-0.02166292684413	0.580493155786958	47
0.10716674266205	0.352132388893513	150
0.10716674266205	0.352132388893513	150
0.10716674266205	0.352132388893513	3051
0.10663361484863	0.351799503810815	150
0.10733312446004	0.351067215845013	812
0.10758043184799	0.351807769829277	51
0.10716674266205	0.352132388893513	368
0.10689134122138	0.351285302005725	1526
0.10826925398621	0.351630194981725	1755
0.09786574616812	0.353978519341629	2128
0.10758043184799	0.351807769829277	52
0.03317783250727	1.80499930255408	2969
0.08911118682812	0.650217800895839	982
0.08265648146988	0.655317487706668	556
-0.08363240005469	0.837408038208625	23
0.08213220310358	0.654413913177199	23
-0.02676803648149	0.581766483346834	23
-0.02032538013449	0.58045220816518	938
0.08667602254785	0.651340343074828	26
-0.0212754047183501	0.579737208933733	26
0.10282252229701	0.985989757629143	26
-0.08323897166025	0.836854548113291	26
-0.07972704233647	0.832217195612665	26
0.00182821294926994	1.1551485087272	26
-0.01965711158767	0.579970689675105	30
0.10647884198302	0.352309794326609	194
0.0885563574289101	0.650194172814921	328
0.10826925398621	0.351630194981725	2342
0.08431855036541	0.655167690820231	2342
0.0941487081716199	0.646451404526215	1173
0.11092586756108	0.350415838742694	1173
0.09059390112036	0.648549439477228	150
0.10826925398621	0.351630194981725	3524
-0.0205075928915399	0.579490279223785	812
-0.06802600388028	0.819090334087219	129
-0.0206064013082601	0.579256545559091	129
0.10785437586757	0.351215554477081	51
-0.03187679840853	0.584437589685732	368
0.10785437586757	0.351215554477081	112
0.10716674266205	0.352132388893513	112
0.10895780785609	0.350714860686515	1755
0.10758043184799	0.351807769829277	1755
0.10148789770049	0.353384284502155	54
0.10716674266205	0.352132388893513	66
0.11161804781962	0.350237547909829	1307
0.03904014946351	1.41350274510839	2969
-0.0423922184415499	1.588385598649	2969
-0.0508604321081201	1.76660110408809	320
-0.1093588162246	1.74436652575126	320
-0.02032538013449	0.58045220816518	23
0.08949273347165	0.650191977967804	23
0.08687952481454	0.650960163049442	23
-0.08310373117641	0.836620292385383	1134
0.0884143147476999	0.649302054491071	26
0.10579067361142	0.351785528543761	26
0.11023341597372	0.349898349308083	26
-0.0845539718525701	0.835934876757901	510
0.07987113043911	0.657313340361156	885
-0.01965711158767	0.579970689675105	801
0.10328279028361	0.353197314225222	30
0.0802206285856899	0.657069110109831	30
0.10716674266205	0.352132388893513	194
0.10826925398621	0.351630194981725	194
-0.08271050353359	0.836458145602786	328
0.0832335746052799	0.653693295787917	328
-0.02495473558411	0.58335694060492	328
0.10826925398621	0.351630194981725	1173
0.10758043184799	0.351807769829277	1173
-0.02099398512007	0.58063946719774	1173
0.10716674266205	0.352132388893513	47
0.02814625472665	0.913477599020844	150
0.10826925398621	0.351630194981725	1481
0.10663361484863	0.351799503810815	150
0.10647884198302	0.352309794326609	812
0.10647884198302	0.352309794326609	390
0.10647884198302	0.352309794326609	390
0.10826925398621	0.351630194981725	129
0.10716674266205	0.352132388893513	129
0.10758043184799	0.351807769829277	368
0.10758043184799	0.351807769829277	368
0.09716291462318	0.354221264198155	368
-0.0246738993289199	0.581595777089794	112
0.11161804781962	0.350237547909829	1755
0.11161804781962	0.350237547909829	66
0.10397890323872	0.352462565358244	66
0.10758043184799	0.351807769829277	66
0.10895780785609	0.350714860686515	1307
0.10647884198302	0.352309794326609	296
0.07069644728081	1.19945867502347	2969
-0.01870808245147	0.577883497327535	320
-0.03653532618127	0.585214981246799	320
-0.0302678201580699	0.585048846712041	23
0.10579067361142	0.351785528543761	23
-0.0206064013082601	0.579256545559091	36
-0.0779667799886701	0.833254538561395	152
0.10826925398621	0.351630194981725	1951
0.10716674266205	0.352132388893513	36
0.0837839229014501	0.652787590638108	938
-0.0898494534531899	1.09582325732529	938
0.0852209906930499	0.654392144647465	938
0.10716674266205	0.352132388893513	938
-0.0256210160689501	0.583695327776066	938
-0.07888779869732	0.834205282807095	938
-0.0714135613256299	0.825739488694593	938
0.09304389476812	0.647668753377714	26
-0.02099398512007	0.58063946719774	26
0.10716674266205	0.352132388893513	26
0.10716674266205	0.352132388893513	2771
-0.0221182132134701	0.580408422501073	885
0.0205580137244501	0.922824886840433	801
-0.02676803648149	0.581766483346834	30
0.10218335279232	0.353699707342604	801
0.08876235876415	0.650754614292679	1098
-0.0252346917202799	0.58191737664116	1096
0.0884143147476999	0.649302054491071	328
-0.07180549896509	0.824779730602868	328
-0.0289403270686499	0.583135876548882	328
0.10716674266205	0.352132388893513	1173
0.10579067361142	0.351785528543761	129
-0.02099398512007	0.58063946719774	129
0.10826925398621	0.351630194981725	835
0.11092586756108	0.350415838742694	390
0.10716674266205	0.352132388893513	587
0.10716674266205	0.352132388893513	368
0.10716674266205	0.352132388893513	51
0.11230995697287	0.349325823144218	368
-0.01965711158767	0.579970689675105	1526
0.10895780785609	0.350714860686515	112
-0.0302678201580699	0.585048846712041	1755
0.10647884198302	0.352309794326609	3616
0.10397890323872	0.352462565358244	1571
0.10895780785609	0.350714860686515	190
-0.0214546059215199	0.580072466612979	23
0.10328279028361	0.353197314225222	23
-0.0302678201580699	0.585048846712041	320
-0.0962562500875599	1.10124893059751	23
0.10218335279232	0.353699707342604	23
0.10328279028361	0.353197314225222	23
0.0839701967903499	0.653528558133648	36
0.10716674266205	0.352132388893513	36
-0.09640137339243	1.10389843729512	938
0.10647884198302	0.352309794326609	938
0.10758043184799	0.351807769829277	938
-0.0211704534369199	0.579825727743365	938
-0.0256210160689501	0.583695327776066	26
0.0197588841555101	0.924527704200388	1134
0.07786352108392	0.657043512654335	1134
-0.0199377346304801	0.578438416169099	2043
-0.0206064013082601	0.579256545559091	26
-0.07466906671733	0.828812827260658	269
0.10826925398621	0.351630194981725	30
0.10397890323872	0.352462565358244	801
0.10826925398621	0.351630194981725	801
0.0982592360254899	0.353721534917221	34
0.10785437586757	0.351215554477081	1173
0.10785437586757	0.351215554477081	47
0.10758043184799	0.351807769829277	150
-0.0219447451608401	0.579924971604282	2000
0.10647884198302	0.352309794326609	2000
0.10733312446004	0.351067215845013	835
0.10895780785609	0.350714860686515	1087
0.11092586756108	0.350415838742694	1087
0.09716291462318	0.354221264198155	129
-0.02495473558411	0.58335694060492	368
0.10148789770049	0.353384284502155	368
-0.0726891662296401	0.826166043456925	368
-0.06982822110286	0.824564420176428	4980
0.10328279028361	0.353197314225222	3616
0.11092586756108	0.350415838742694	66
0.10218335279232	0.353699707342604	66
-0.02183364624937	0.579789745439092	2359
0.10593382759709	0.35148923313409	1571
0.0449084367511701	2.23081004910472	23
-0.0951592926434901	1.53815800493119	2969
-0.0246738993289199	0.581595777089794	23
0.10826925398621	0.351630194981725	982
0.10328279028361	0.353197314225222	320
-0.0788059950000399	0.833098851203486	320
0.10758043184799	0.351807769829277	320
-0.02400836223229	0.581258703136909	23
0.0752193911527399	0.658810095871722	938
0.10733312446004	0.351067215845013	938
-0.07480862840562	0.82835962569904	1134
-0.02960390710866	0.58447674818335	26
0.10758043184799	0.351807769829277	26
0.10647884198302	0.352309794326609	26
0.09716291462318	0.354221264198155	26
-0.0245683390865099	0.580473910496962	26
-0.08363240005469	0.837408038208625	26
0.0925049896985399	0.646220024093877	26
-0.09484642175775	1.09870537344072	30
-0.0272357610266101	0.58293567232368	1096
-0.02166292684413	0.580493155786958	2342
0.0179013722018699	0.925163634570701	405
0.10716674266205	0.352132388893513	1173
0.11230995697287	0.349325823144218	47
0.10689134122138	0.351285302005725	150
-0.02656840239241	0.58297122228144	2730
0.11092586756108	0.350415838742694	390
0.10785437586757	0.351215554477081	390
0.10826925398621	0.351630194981725	129
-0.0214546059215199	0.580072466612979	390
-0.0221182132134701	0.580408422501073	368
0.10328279028361	0.353197314225222	368
-0.08407792703151	0.835960128464523	54
0.10647884198302	0.352309794326609	54
0.10579067361142	0.351785528543761	1581
-0.02166292684413	0.580493155786958	66
0.10663361484863	0.351799503810815	66
0.10758043184799	0.351807769829277	1307
-0.0879772081318599	0.838675877614107	23
0.10826925398621	0.351630194981725	3089
-0.0798084916433699	0.832741341170684	36
-0.02032538013449	0.58045220816518	36
-0.08902471635142	1.0946622578206	152
-0.07603124429498	0.830333865261929	152
0.07912564816193	0.656184276197409	26
-0.0901182151740301	1.32070005929273	885
0.10218335279232	0.353699707342604	801
0.10826925398621	0.351630194981725	1098
0.10647884198302	0.352309794326609	1096
0.10218335279232	0.353699707342604	328
-0.07480862840562	0.82835962569904	2342
-0.07810309833827	0.830861438186035	1173
-0.07849590914857	0.833815212107253	3246
-0.01898917918035	0.579150144945583	47
-0.0766510291834099	0.827866180037177	2523
-0.0152067997466201	0.576118661909323	1481
0.08466769309659	0.654753086475839	150
-0.01898917918035	0.579150144945583	2730
0.10647884198302	0.352309794326609	2000
0.10218335279232	0.353699707342604	390
0.10826925398621	0.351630194981725	129
0.10716674266205	0.352132388893513	129
0.10785437586757	0.351215554477081	129
0.0896657887737	0.649980701034027	390
-0.01748807245685	0.577364796631369	587
0.10758043184799	0.351807769829277	368
0.10716674266205	0.352132388893513	368
0.10785437586757	0.351215554477081	1755
0.10826925398621	0.351630194981725	1755
0.10733312446004	0.351067215845013	66
0.10647884198302	0.352309794326609	66
0.10716674266205	0.352132388893513	3616
0.10716674266205	0.352132388893513	1307
0.11314876793645	1.25637511272317	320
-0.0153036725275	1.18077198225677	320
-0.02362317852698	0.581190591414601	36
-0.0168221136840501	0.577178479347997	26
0.10689134122138	0.351285302005725	1134
0.10785437586757	0.351215554477081	1134
-0.0180408851730201	0.577068127053539	1134
-0.0221182132134701	0.580408422501073	26
0.07912564816193	0.656184276197409	26
-0.0199377346304801	0.578438416169099	885
-0.02656840239241	0.58297122228144	2342
0.10895780785609	0.350714860686515	150
0.10826925398621	0.351630194981725	1481
0.10647884198302	0.352309794326609	690
0.10895780785609	0.350714860686515	690
0.10218335279232	0.353699707342604	835
-0.02032538013449	0.58045220816518	390
0.10287853396258	0.35296389743942	129
0.10785437586757	0.351215554477081	368
0.10647884198302	0.352309794326609	368
0.11161804781962	0.350237547909829	3176
0.10218335279232	0.353699707342604	2652
-0.0206064013082601	0.579256545559091	1755
0.10826925398621	0.351630194981725	66
0.10758043184799	0.351807769829277	54
0.10826925398621	0.351630194981725	781
0.10758043184799	0.351807769829277	781
0.10647884198302	0.352309794326609	66
0.10716674266205	0.352132388893513	1571
0.0983171437645101	0.991841177734598	320
-0.09998108135521	1.1090140755759	320
-0.0998581520896	1.10679006450282	23
-0.0932367844516799	1.09593812861506	36
0.02104272212667	0.922873470954488	938
-0.02400836223229	0.581258703136909	152
-0.10765100184884	1.34422880187604	152
-0.0779667799886701	0.833254538561395	152
0.10663361484863	0.351799503810815	1134
-0.0258231300371701	0.581187080143393	26
0.0896657887737	0.649980701034027	26
-0.0753390010060999	0.828132219850736	26
0.10689134122138	0.351285302005725	801
0.10647884198302	0.352309794326609	1098
0.08931722660306	0.650273274268608	34
0.0911231238591399	0.647116713701421	2342
0.10716674266205	0.352132388893513	129
-0.0252346917202799	0.58191737664116	129
0.10758043184799	0.351807769829277	150
0.10716674266205	0.352132388893513	150
0.10218335279232	0.353699707342604	1481
0.11092586756108	0.350415838742694	690
0.10397890323872	0.352462565358244	690
0.10287853396258	0.35296389743942	690
0.10647884198302	0.352309794326609	2730
-0.02656840239241	0.58297122228144	3339
-0.0205075928915399	0.579490279223785	129
0.08431855036541	0.655167690820231	129
0.10397890323872	0.352462565358244	129
0.10826925398621	0.351630194981725	368
-0.0206064013082601	0.579256545559091	368
0.10647884198302	0.352309794326609	3176
0.10895780785609	0.350714860686515	2652
0.10218335279232	0.353699707342604	112
0.10148789770049	0.353384284502155	54
0.10231922993712	0.352082943164405	781
0.10716674266205	0.352132388893513	66
0.10689134122138	0.351285302005725	66
-0.0362235676170499	1.40129928961061	23
-0.09078606510844	1.0971315084301	23
-0.0214546059215199	0.580072466612979	26
0.10758043184799	0.351807769829277	4917
-0.0689081082983001	0.822098808056114	26
-0.0755893142410899	0.827371293184792	26
0.092856761537	0.646292405535603	30
0.10328279028361	0.353197314225222	30
0.10258640259334	0.352883231159087	194
-0.0799470570269301	0.834996837205207	34
-0.0212754047183501	0.579737208933733	2342
-0.02495473558411	0.58335694060492	509
0.08612344995625	0.651987418512096	2523
0.10826925398621	0.351630194981725	150
0.10758043184799	0.351807769829277	690
-0.0152067997466201	0.576118661909323	2730
0.10647884198302	0.352309794326609	390
0.10579067361142	0.351785528543761	3481
0.10218335279232	0.353699707342604	3481
0.10287853396258	0.35296389743942	129
-0.02032538013449	0.58045220816518	129
0.10758043184799	0.351807769829277	51
0.10663361484863	0.351799503810815	390
-0.02099398512007	0.58063946719774	51
0.10895780785609	0.350714860686515	368
0.10826925398621	0.351630194981725	368
0.10258640259334	0.352883231159087	112
0.10287853396258	0.35296389743942	54
0.10328279028361	0.353197314225222	781
0.10758043184799	0.351807769829277	66
0.10218335279232	0.353699707342604	1307
0.0982716174278599	0.995192881955867	23
0.0367333993360199	1.41451600629594	320
0.05522658926048	1.22434459987084	23
-0.0988906759720001	1.10462885636392	36
-0.02495473558411	0.58335694060492	152
-0.0181960819134099	1.36736489684497	152
0.09304389476812	0.647668753377714	938
0.02387413737171	0.920607959029751	26
0.10716674266205	0.352132388893513	4917
-0.0239450167033901	1.38176039503061	26
0.0226522860503899	0.920879982407591	26
-0.02032538013449	0.58045220816518	26
-0.10270659309063	1.11300755458358	269
0.10397890323872	0.352462565358244	1622
-0.0819294140437701	0.832835433496521	194
0.0425649039135301	1.40638843639246	328
0.11161804781962	0.350237547909829	34
0.02290691986677	0.919381483646647	509
0.10758043184799	0.351807769829277	1481
0.10148789770049	0.353384284502155	150
0.10397890323872	0.352462565358244	690
0.10328279028361	0.353197314225222	2618
-0.0256210160689501	0.583695327776066	835
-0.0219447451608401	0.579924971604282	3339
0.10689134122138	0.351285302005725	368
-0.02544591318668	0.579870378715601	368
0.10826925398621	0.351630194981725	289
0.10716674266205	0.352132388893513	4168
-0.0212754047183501	0.579737208933733	112
0.10716674266205	0.352132388893513	54
-0.01937561527664	0.578362564289604	54
0.10758043184799	0.351807769829277	54
0.10826925398621	0.351630194981725	781
-0.02032538013449	0.58045220816518	781
0.10218335279232	0.353699707342604	296
-0.02099398512007	0.58063946719774	23
-0.0165369043550301	0.576781738217319	23
0.0902201634281701	0.649500065308071	23
-0.10702819670831	1.35439859221214	556
-0.09704246552657	1.33543125210891	36
0.08949273347165	0.650191977967804	152
-0.01984506431962	0.578779752990184	938
0.094498743992	0.645307607362446	938
0.10218335279232	0.353699707342604	26
-0.02231617876324	0.577072017422024	26
0.10397890323872	0.352462565358244	26
0.10397890323872	0.352462565358244	26
0.10895780785609	0.350714860686515	26
0.10593382759709	0.35148923313409	26
0.10758043184799	0.351807769829277	26
0.10647884198302	0.352309794326609	26
0.11161804781962	0.350237547909829	3893
0.10218335279232	0.353699707342604	1622
0.10826925398621	0.351630194981725	30
0.10758043184799	0.351807769829277	801
0.10826925398621	0.351630194981725	30
0.10258640259334	0.352883231159087	1098
0.10826925398621	0.351630194981725	129
0.10826925398621	0.351630194981725	129
0.10689134122138	0.351285302005725	2523
0.0915878437528499	0.647358309178234	1259
0.08431855036541	0.655167690820231	129
0.10716674266205	0.352132388893513	390
-0.01965711158767	0.579970689675105	368
0.0905692428887701	0.647595041048012	368
0.11092586756108	0.350415838742694	368
0.10647884198302	0.352309794326609	3176
0.10826925398621	0.351630194981725	112
0.10716674266205	0.352132388893513	4168
0.10785437586757	0.351215554477081	4168
0.10826925398621	0.351630194981725	112
-0.01748807245685	0.577364796631369	54
0.11023341597372	0.349898349308083	54
-0.02533977086171	0.581560371416527	54
0.10826925398621	0.351630194981725	781
0.10716674266205	0.352132388893513	66
-0.10351822052404	1.34458126507487	23
0.0702176024479599	0.659813464116873	23
0.0281393010637101	0.911969997613926	23
0.10689134122138	0.351285302005725	152
0.0781573444939501	1.45864277101989	152
0.11790365602544	1.24567085725318	938
0.09733114731389	0.993240313261419	938
-0.08363240005469	0.837408038208625	26
-0.02676803648149	0.581766483346834	1442
0.10579067361142	0.351785528543761	269
-0.07360895235181	0.82711047870906	273
0.10647884198302	0.352309794326609	30
0.10689134122138	0.351285302005725	194
0.0807725913801201	0.656539941503435	194
0.0928419949131101	0.645997208961592	34
0.10826925398621	0.351630194981725	129
-0.02495473558411	0.58335694060492	150
0.10663361484863	0.351799503810815	1481
0.10258640259334	0.352883231159087	150
0.10716674266205	0.352132388893513	690
-0.01965711158767	0.579970689675105	3481
0.0817525671716901	0.654332014627069	129
-0.02032538013449	0.58045220816518	368
0.10647884198302	0.352309794326609	112
0.10397890323872	0.352462565358244	4901
-0.02166292684413	0.580493155786958	66
0.10218335279232	0.353699707342604	1571
0.11713751522589	1.25040977650574	23
-0.03532026114461	1.57169478957339	938
0.0896657887737	0.649980701034027	938
0.10826925398621	0.351630194981725	26
0.10716674266205	0.352132388893513	26
-0.0205075928915399	0.579490279223785	26
-0.0168221136840501	0.577178479347997	1134
0.09857791606716	0.991549624096106	26
0.0174136678724199	0.926522234186164	1442
-0.0935574062954501	1.1029003307037	150
0.10647884198302	0.352309794326609	1481
0.10647884198302	0.352309794326609	18
0.10716674266205	0.352132388893513	690
-0.0205075928915399	0.579490279223785	390
-0.02495473558411	0.58335694060492	129
0.10826925398621	0.351630194981725	390
0.0885909386274999	0.652090173543142	368
0.10826925398621	0.351630194981725	368
0.10758043184799	0.351807769829277	4901
0.10148789770049	0.353384284502155	112
0.10758043184799	0.351807769829277	54
0.10258640259334	0.352883231159087	54
0.10758043184799	0.351807769829277	54
0.10647884198302	0.352309794326609	54
0.10647884198302	0.352309794326609	781
0.10758043184799	0.351807769829277	66
0.10895780785609	0.350714860686515	52
0.11230995697287	0.349325823144218	52
0.0941242040612	1.0000452377672	23
0.0212099340002601	0.923325318240281	23
0.10148789770049	0.353384284502155	938
0.10287853396258	0.35296389743942	26
0.10716674266205	0.352132388893513	26
0.10328279028361	0.353197314225222	2471
-0.07360895235181	0.82711047870906	26
0.10716674266205	0.352132388893513	26
0.10328279028361	0.353197314225222	26
0.0835842758277401	0.654783910829574	26
0.0827763082073101	0.651541072398231	4283
0.0837647544950799	0.655529150841431	273
0.10663361484863	0.351799503810815	273
0.10579067361142	0.351785528543761	194
0.10826925398621	0.351630194981725	328
0.10826925398621	0.351630194981725	34
-0.0986848005076999	1.10817974753552	509
0.10895780785609	0.350714860686515	1252
-0.0088281098457299	1.17133910664562	129
-0.0212754047183501	0.579737208933733	390
-0.02495473558411	0.58335694060492	4612
0.10758043184799	0.351807769829277	51
0.10826925398621	0.351630194981725	54
0.10826925398621	0.351630194981725	54
0.10716674266205	0.352132388893513	781
0.10579067361142	0.351785528543761	66
0.10758043184799	0.351807769829277	66
0.10218335279232	0.353699707342604	378
0.09269410012819	0.646644202235759	23
0.0832335746052799	0.653693295787917	36
-0.0879737575127799	1.08639616164555	36
0.10218335279232	0.353699707342604	574
0.10663361484863	0.351799503810815	26
-0.07603124429498	0.830333865261929	4283
-0.07413890813543	0.828125663215551	4283
-0.01937561527664	0.578362564289604	4283
0.0281393010637101	0.911969997613926	273
0.10895780785609	0.350714860686515	253
0.10287853396258	0.35296389743942	30
0.10826925398621	0.351630194981725	30
0.10758043184799	0.351807769829277	1098
0.10647884198302	0.352309794326609	194
0.10218335279232	0.353699707342604	328
0.10895780785609	0.350714860686515	328
0.10716674266205	0.352132388893513	34
0.10647884198302	0.352309794326609	2342
-0.0256210160689501	0.583695327776066	129
0.08042337020513	0.656400453451052	47
0.0896657887737	0.649980701034027	47
0.10245471986441	0.988262181035847	150
0.10826925398621	0.351630194981725	1252
0.10826925398621	0.351630194981725	18
0.02217166124116	0.922085024507874	390
0.10826925398621	0.351630194981725	390
0.10148789770049	0.353384284502155	51
0.10218335279232	0.353699707342604	368
0.10716674266205	0.352132388893513	368
0.10647884198302	0.352309794326609	112
0.10895780785609	0.350714860686515	4364
0.10785437586757	0.351215554477081	4364
-0.01965711158767	0.579970689675105	54
0.10716674266205	0.352132388893513	1952
0.10895780785609	0.350714860686515	66
0.10758043184799	0.351807769829277	152
0.02564927558353	0.915219630626735	36
0.10647884198302	0.352309794326609	574
0.10716674266205	0.352132388893513	26
0.11092586756108	0.350415838742694	26
0.10895780785609	0.350714860686515	3406
-0.00569538872691999	1.17030354105811	26
0.10758043184799	0.351807769829277	1442
-0.08402490066582	0.835149918908457	273
-0.10285300339445	1.11324573019071	34
-0.00307887949615004	1.1614969193163	34
-0.0205075928915399	0.579490279223785	18
0.10758043184799	0.351807769829277	1252
0.11161804781962	0.350237547909829	18
0.10826925398621	0.351630194981725	112
0.10716674266205	0.352132388893513	54
0.10218335279232	0.353699707342604	1952
0.11230995697287	0.349325823144218	66
0.10148789770049	0.353384284502155	66
0.10647884198302	0.352309794326609	287
0.10647884198302	0.352309794326609	287
0.10218335279232	0.353699707342604	296
0.10785437586757	0.351215554477081	23
0.0579732259508901	1.22089312532267	36
0.10826925398621	0.351630194981725	152
-0.0021043917144199	1.16499768797325	938
-0.01870808245147	0.577883497327535	938
0.10287853396258	0.35296389743942	217
0.10647884198302	0.352309794326609	610
0.10328279028361	0.353197314225222	610
-0.01587168520504	0.57659573259799	610
-0.0305471390401799	0.583752148236366	1442
0.10397890323872	0.352462565358244	30
0.10826925398621	0.351630194981725	30
0.0620756053793301	1.21104917568894	34
-0.0972232461567699	1.10589452374101	47
0.02248878727375	0.92002627208102	150
0.10716674266205	0.352132388893513	1259
-0.0246738993289199	0.581595777089794	390
-0.02032538013449	0.58045220816518	51
-0.0256210160689501	0.583695327776066	4612
0.11230995697287	0.349325823144218	289
-0.02032538013449	0.58045220816518	4364
0.10758043184799	0.351807769829277	1976
-0.0302678201580699	0.585048846712041	54
0.10397890323872	0.352462565358244	378
0.10647884198302	0.352309794326609	296
0.10716674266205	0.352132388893513	3103
0.11694845902842	1.24966743099597	320
0.02072142257117	0.924011401023554	23
0.08487211935683	0.654515958017152	36
0.0945165983913301	0.998745919367494	36
0.10218335279232	0.353699707342604	574
0.10826925398621	0.351630194981725	574
-0.01984506431962	0.578779752990184	26
0.10758043184799	0.351807769829277	26
0.10328279028361	0.353197314225222	3406
0.0968470138653399	0.998758836181693	610
0.0251667658022501	0.914734367633405	26
-0.0152067997466201	0.576118661909323	26
0.10758043184799	0.351807769829277	1442
-0.0152067997466201	0.576118661909323	273
0.10328279028361	0.353197314225222	273
0.10758043184799	0.351807769829277	253
0.10218335279232	0.353699707342604	129
0.10258640259334	0.352883231159087	690
-0.08033841776218	0.833301306316734	18
0.10647884198302	0.352309794326609	51
0.10716674266205	0.352132388893513	1611
0.10716674266205	0.352132388893513	781
0.11092586756108	0.350415838742694	781
0.10647884198302	0.352309794326609	781
0.10826925398621	0.351630194981725	66
0.10716674266205	0.352132388893513	378
0.10758043184799	0.351807769829277	296
0.10397890323872	0.352462565358244	36
-0.08271050353359	0.836458145602786	36
-0.02960390710866	0.58447674818335	217
0.0889418121888199	0.650550150792748	26
0.10826925398621	0.351630194981725	574
0.10218335279232	0.353699707342604	26
-0.02960390710866	0.58447674818335	786
0.10647884198302	0.352309794326609	26
-0.0678530157439501	0.819660773327025	3541
0.10397890323872	0.352462565358244	3541
0.10579067361142	0.351785528543761	328
0.0827606022740699	1.44377596992468	34
0.08597857735077	0.651730437398599	509
-0.0252346917202799	0.58191737664116	509
-0.0751994282328501	0.829206647171541	509
0.03573204068629	1.41708248530614	1481
0.0582789316972701	1.21822371472468	1481
0.11161804781962	0.350237547909829	1481
-0.0211704534369199	0.579825727743365	2391
-0.0256210160689501	0.583695327776066	129
0.11092586756108	0.350415838742694	112
0.10218335279232	0.353699707342604	112
0.10758043184799	0.351807769829277	781
0.10826925398621	0.351630194981725	378
0.0879701734465801	1.00632404617102	36
-0.01965711158767	0.579970689675105	36
0.04960552767758	1.23112561371073	152
-0.02428878983577	0.582639355082303	574
0.0982592360254899	0.353721534917221	610
0.10647884198302	0.352309794326609	30
0.10895780785609	0.350714860686515	30
0.10785437586757	0.351215554477081	714
0.10716674266205	0.352132388893513	34
-0.0946484378007399	1.10006643649717	509
0.10647884198302	0.352309794326609	1252
0.10785437586757	0.351215554477081	18
0.10826925398621	0.351630194981725	690
0.10647884198302	0.352309794326609	2391
0.0964250992941	0.994490052199396	129
-0.0200434839469901	0.578549734222855	51
0.10647884198302	0.352309794326609	368
0.10218335279232	0.353699707342604	302
0.10716674266205	0.352132388893513	519
0.10218335279232	0.353699707342604	769
-0.0223322056066999	0.579667431665503	296
0.0925338909086699	1.00128379988365	23
0.10733312446004	0.351067215845013	574
-0.0825752643776301	0.835353802342332	574
0.11230995697287	0.349325823144218	786
-0.0975608321724499	1.10804259978306	26
0.10826925398621	0.351630194981725	26
-0.07088491271612	0.825639858099944	4283
0.10716674266205	0.352132388893513	3541
0.10716674266205	0.352132388893513	328
0.0796743306149601	0.655398724204967	328
0.0809753840068499	0.654698068113705	328
0.0837647544950799	0.655529150841431	129
-0.10223598882381	1.11232655499359	129
0.10579067361142	0.351785528543761	129
0.10758043184799	0.351807769829277	1252
0.0921410851526601	0.647122135526749	129
0.10579067361142	0.351785528543761	533
0.10716674266205	0.352132388893513	533
0.10647884198302	0.352309794326609	1192
-0.01937561527664	0.578362564289604	112
0.10895780785609	0.350714860686515	302
-0.0227821533700701	0.580372488261402	302
-0.0161564891964301	0.576700733308464	519
0.10826925398621	0.351630194981725	519
0.10758043184799	0.351807769829277	378
-0.02628763158757	0.583658225403998	296
0.10689134122138	0.351285302005725	296
0.10716674266205	0.352132388893513	36
-0.02656840239241	0.58297122228144	574
0.10826925398621	0.351630194981725	574
0.09786574616812	0.353978519341629	26
0.10287853396258	0.35296389743942	610
0.0611798334879301	1.21948030799584	1442
0.10785437586757	0.351215554477081	1442
0.0884143147476999	0.649302054491071	273
-0.01832158261363	0.57762571413367	2567
0.10716674266205	0.352132388893513	3541
0.10647884198302	0.352309794326609	3541
0.10647884198302	0.352309794326609	714
0.09786574616812	0.353978519341629	2579
-0.0731347363150801	0.827255415223399	2579
-0.01646490087601	1.37167389751259	47
0.10579067361142	0.351785528543761	18
0.10689134122138	0.351285302005725	1667
-0.0206064013082601	0.579256545559091	112
0.08911118682812	0.650217800895839	1426
0.10716674266205	0.352132388893513	54
0.10716674266205	0.352132388893513	296
-0.09979250386703	2.06308496682034	152
0.10758043184799	0.351807769829277	217
0.10826925398621	0.351630194981725	574
0.0327752717113701	1.42072842146428	26
-0.0199377346304801	0.578438416169099	1442
0.10716674266205	0.352132388893513	30
0.10716674266205	0.352132388893513	253
-0.10267987033538	1.11253779302325	2579
0.0152605489464599	0.924079551100642	129
0.08844280789663	1.00666244673867	129
-0.03732944280662	1.57632691341995	47
0.08860572673061	1.00499891159695	1624
-0.06591872965427	0.816927641013339	129
-0.0212754047183501	0.579737208933733	51
0.10148789770049	0.353384284502155	378
0.10826925398621	0.351630194981725	296
0.01758069643173	1.60263748448519	23
0.0266145846025501	0.913444813531549	23
0.0266145846025501	0.913444813531549	23
0.0224967907593501	0.917614596845139	23
-0.0252346917202799	0.58191737664116	574
-0.0154911986975901	0.575887232891104	574
-0.07626076060679	0.829079171551256	574
0.10716674266205	0.352132388893513	786
-0.10572805998337	1.11506151501797	610
-0.08323897166025	0.836854548113291	44
0.0569373573960399	1.22436718193094	26
0.10758043184799	0.351807769829277	1442
0.10826925398621	0.351630194981725	30
0.10826925398621	0.351630194981725	30
0.10716674266205	0.352132388893513	30
0.10663361484863	0.351799503810815	2172
0.11161804781962	0.350237547909829	2172
-0.02032538013449	0.58045220816518	2579
-0.0181543658115899	0.577220737180536	129
0.10647884198302	0.352309794326609	129
0.0164491523035399	0.927040416978514	47
0.10258640259334	0.352883231159087	1487
0.10826925398621	0.351630194981725	1260
0.0982592360254899	0.353721534917221	4451
-0.02166292684413	0.580493155786958	527
0.0882408511769	0.650884112892455	390
0.10895780785609	0.350714860686515	51
0.0869359952923301	0.652238168620569	51
0.0876519400772999	0.650968305198471	51
0.10826925398621	0.351630194981725	1407
-0.02428878983577	0.582639355082303	302
0.10647884198302	0.352309794326609	54
0.10647884198302	0.352309794326609	54
0.11092586756108	0.350415838742694	302
0.10716674266205	0.352132388893513	519
0.10716674266205	0.352132388893513	378
0.10826925398621	0.351630194981725	2252
0.10826925398621	0.351630194981725	296
0.10826925398621	0.351630194981725	296
0.10218335279232	0.353699707342604	296
0.04685297305063	1.78135092719313	23
0.10287853396258	0.35296389743942	574
0.10258640259334	0.352883231159087	786
0.10328279028361	0.353197314225222	1442
-0.0302678201580699	0.585048846712041	30
0.10826925398621	0.351630194981725	253
0.10716674266205	0.352132388893513	2172
0.10218335279232	0.353699707342604	2172
0.0907743109538099	0.648758219491063	34
0.0229704895313301	0.918196755061656	509
-0.0916543056638699	1.09754448878607	129
0.10895780785609	0.350714860686515	1487
0.10826925398621	0.351630194981725	2145
0.0256505663114801	0.914606893727347	390
0.10758043184799	0.351807769829277	187
0.01234487444543	0.930192727125448	51
0.10826925398621	0.351630194981725	187
0.10733312446004	0.351067215845013	112
0.10758043184799	0.351807769829277	54
0.10579067361142	0.351785528543761	66
0.10826925398621	0.351630194981725	287
0.10716674266205	0.352132388893513	296
0.10826925398621	0.351630194981725	296
0.12070756489944	1.68261943885074	23
0.10018126939416	1.27584485364395	23
-0.02079133119985	0.57936096462064	36
0.10218335279232	0.353699707342604	574
0.10758043184799	0.351807769829277	763
0.01547606099306	0.925460115023956	763
0.10593382759709	0.35148923313409	574
-0.10569608492662	1.35187094713009	371
0.09125634655678	1.00213215414614	44
-0.02032538013449	0.58045220816518	44
-0.0206064013082601	0.579256545559091	30
0.10647884198302	0.352309794326609	253
-0.00233297772069996	1.77936669004763	34
-0.0950972405747099	1.10042201048904	509
0.0403366847381601	1.40417581644341	129
-0.0935302374823499	1.10366682986264	150
0.10716674266205	0.352132388893513	3581
0.10258640259334	0.352883231159087	1252
0.10397890323872	0.352462565358244	1252
0.10758043184799	0.351807769829277	2494
0.0912089853142099	0.646444534981939	18
0.0205603806453201	0.923153613701468	1624
-0.00389624000368993	1.16382442938867	527
0.10758043184799	0.351807769829277	302
0.10716674266205	0.352132388893513	1994
-0.0206064013082601	0.579256545559091	519
-0.0988636996661101	1.54262480000803	23
0.10716674266205	0.352132388893513	574
0.11161804781962	0.350237547909829	574
0.0855706511387799	0.652347007412662	763
-0.02628763158757	0.583658225403998	574
0.10579067361142	0.351785528543761	574
0.10826925398621	0.351630194981725	610
-0.01777224184766	1.17712460528287	44
0.08597857735077	0.651730437398599	1442
-0.01870808245147	0.577883497327535	30
-0.0289403270686499	0.583135876548882	44
0.11092586756108	0.350415838742694	253
-0.08033841776218	0.833301306316734	509
0.0695165840966301	0.658857154433242	129
-0.0850002681922899	0.835073301555823	129
-0.02600597712709	0.58082284511866	2494
-0.01898917918035	0.579150144945583	51
-0.0246738993289199	0.581595777089794	187
0.08931722660306	0.650273274268608	187
0.11161804781962	0.350237547909829	112
-0.0180408851730201	0.577068127053539	112
0.10826925398621	0.351630194981725	3544
0.10826925398621	0.351630194981725	54
-0.02628763158757	0.583658225403998	321
0.10785437586757	0.351215554477081	519
0.10716674266205	0.352132388893513	2252
0.10895780785609	0.350714860686515	296
0.10218335279232	0.353699707342604	296
0.0325715254418499	1.42271722622675	23
-0.11109821787181	1.75526161997426	23
-0.0059360195614	1.1681583049393	23
-0.0145422476842101	0.575306259165605	36
0.0198281449661599	0.920978907939239	36
0.0384148962934301	1.40978221114685	152
0.10895780785609	0.350714860686515	574
0.10716674266205	0.352132388893513	574
0.09786574616812	0.353978519341629	574
0.10785437586757	0.351215554477081	610
0.0243555019897099	0.920328771307225	371
0.11159924162296	1.2614366293046	44
0.000552408844270103	1.15534133361166	1442
0.11092586756108	0.350415838742694	2460
0.10785437586757	0.351215554477081	30
-0.0841612711469799	0.837804955574193	2172
0.08431855036541	0.655167690820231	328
0.0882072633098401	0.650992030959653	509
0.10397890323872	0.352462565358244	129
0.10328279028361	0.353197314225222	129
0.10287853396258	0.35296389743942	18
0.10328279028361	0.353197314225222	2145
-0.1012683291397	1.11173613099302	1624
-0.0936976702833301	1.09837192247297	1624
-0.0794173265377101	0.834766722893349	187
0.10758043184799	0.351807769829277	155
-0.0152067997466201	0.576118661909323	302
0.10895780785609	0.350714860686515	54
0.10826925398621	0.351630194981725	321
0.10647884198302	0.352309794326609	296
-0.0997691251105499	1.73470993803976	23
0.0857889915577299	1.00999960771216	36
-0.07810309833827	0.830861438186035	2504
0.09304389476812	0.647668753377714	574
0.10218335279232	0.353699707342604	574
-0.0841612711469799	0.837804955574193	574
0.10647884198302	0.352309794326609	610
0.10826925398621	0.351630194981725	253
0.10758043184799	0.351807769829277	253
0.10218335279232	0.353699707342604	2172
-0.0792001258980699	0.830960421728324	509
0.11230995697287	0.349325823144218	129
0.11092586756108	0.350415838742694	1252
0.10716674266205	0.352132388893513	1252
0.10148789770049	0.353384284502155	18
0.0242021101282099	0.916495577401371	390
-0.0752439062419199	0.828825229159885	51
-0.02428878983577	0.582639355082303	51
-0.0841612711469799	0.837804955574193	187
-0.08019016437504	0.828687566208379	519
0.10895780785609	0.350714860686515	287
0.10895780785609	0.350714860686515	378
-0.0949657567240201	1.10546047051022	23
0.000498715898439972	1.15922213714444	1723
-0.02495473558411	0.58335694060492	1723
-0.0766510291834099	0.827866180037177	23
-0.03493034680445	0.585592217145805	36
0.11023996752334	1.2635671618802	36
-0.10173869118768	1.11241692037146	36
0.10716674266205	0.352132388893513	574
0.10647884198302	0.352309794326609	610
0.02800559381878	0.91269524961822	371
0.0902201634281701	0.649500065308071	2460
-0.0212754047183501	0.579737208933733	44
0.10785437586757	0.351215554477081	44
0.10647884198302	0.352309794326609	34
-0.0168221136840501	0.577178479347997	129
0.10758043184799	0.351807769829277	1252
0.10218335279232	0.353699707342604	533
0.11092586756108	0.350415838742694	187
-0.0181543658115899	0.577220737180536	187
0.10785437586757	0.351215554477081	187
0.10716674266205	0.352132388893513	1407
0.0982592360254899	0.353721534917221	155
-0.0161564891964301	0.576700733308464	302
0.10218335279232	0.353699707342604	302
0.10826925398621	0.351630194981725	54
0.10647884198302	0.352309794326609	54
0.10328279028361	0.353197314225222	302
0.10218335279232	0.353699707342604	1994
0.10579067361142	0.351785528543761	519
0.11092586756108	0.350415838742694	519
0.10826925398621	0.351630194981725	519
-0.10306695994851	1.91200518538018	23
0.00467139064143995	0.933990114072375	1723
-0.03725309449282	1.58384494469556	36
-0.09792028502142	1.54040711605037	152
0.10733312446004	0.351067215845013	574
0.10716674266205	0.352132388893513	574
0.10218335279232	0.353699707342604	574
-0.02866095646662	0.582384335707824	2460
0.0215223807929701	0.920576942644377	30
-0.0712766558140601	0.824388271855092	30
-0.07612007005444	0.827764605419885	44
0.10826925398621	0.351630194981725	34
0.0876519400772999	0.650968305198471	328
0.0220104077830601	0.921079433700798	129
-0.0977191267817501	1.10758811364727	129
-0.0913725629836699	1.09615029106132	129
0.10579067361142	0.351785528543761	129
0.10218335279232	0.353699707342604	18
0.02559180577585	0.912087715270964	129
0.10826925398621	0.351630194981725	51
0.10148789770049	0.353384284502155	533
0.10328279028361	0.353197314225222	2528
-0.02428878983577	0.582639355082303	187
0.0902201634281701	0.649500065308071	302
0.0832107315839501	0.655600676812176	54
0.10895780785609	0.350714860686515	54
-0.0742784587630301	0.828259284544803	519
0.10826925398621	0.351630194981725	519
0.10328279028361	0.353197314225222	287
0.10716674266205	0.352132388893513	287
0.10287853396258	0.35296389743942	287
0.10758043184799	0.351807769829277	2252
0.10758043184799	0.351807769829277	296
0.0974114958074901	0.993089361612188	23
0.0799504232352399	1.45087812105411	1723
0.10906301233436	1.26311033464131	36
-0.0985006512618001	1.10982670170027	1992
0.0602770054503901	1.21743464828631	574
-0.01151541540898	1.17082607223206	574
0.11230995697287	0.349325823144218	371
0.0205565272144701	0.918987966960131	610
0.10663361484863	0.351799503810815	253
-0.0168221136840501	0.577178479347997	129
-0.10615014902738	1.11587919300534	18
0.0284840366597401	0.913383628276364	390
-0.00668569818179998	1.16945728484065	129
0.11161804781962	0.350237547909829	533
0.0154795813594499	0.927590728608008	187
-0.0251626552633499	0.580620515914332	155
0.11092586756108	0.350415838742694	54
-0.0233431592753299	0.580545475751851	54
-0.08033841776218	0.833301306316734	519
0.10663361484863	0.351799503810815	519
0.10758043184799	0.351807769829277	519
0.10647884198302	0.352309794326609	378
0.10785437586757	0.351215554477081	287
0.11023341597372	0.349898349308083	4040
-0.0986848005076999	1.10817974753552	36
-0.08784425663655	0.838827240360376	1992
0.10218335279232	0.353699707342604	371
0.10785437586757	0.351215554477081	1211
0.0887041090863101	1.43538471574915	44
0.11161804781962	0.350237547909829	253
0.10689134122138	0.351285302005725	253
0.0954821886053401	0.997142214625701	2842
0.0841141687861899	0.654824552022475	714
0.10826925398621	0.351630194981725	34
0.06030783884032	1.62299817591238	328
-0.0972487043950301	1.106741966799	129
0.06878319143488	1.20516723707513	129
0.02484798556854	0.915685479713094	129
-0.01965711158767	0.579970689675105	1624
0.0205603806453201	0.923153613701468	1624
-0.02099398512007	0.58063946719774	390
0.01927108275218	0.923213447472463	129
0.0900151349515701	0.647831785542205	187
0.10758043184799	0.351807769829277	187
0.10826925398621	0.351630194981725	187
0.10758043184799	0.351807769829277	1407
0.10663361484863	0.351799503810815	155
0.10647884198302	0.352309794326609	2948
0.10758043184799	0.351807769829277	54
0.10647884198302	0.352309794326609	54
-0.0212754047183501	0.579737208933733	519
0.10689134122138	0.351285302005725	519
0.09716291462318	0.354221264198155	287
0.10895780785609	0.350714860686515	296
0.0854426197584801	1.44275198246888	1723
0.10716674266205	0.352132388893513	574
0.11230995697287	0.349325823144218	610
-0.01898917918035	0.579150144945583	44
0.0884143147476999	0.649302054491071	44
-0.07360895235181	0.82711047870906	44
0.10328279028361	0.353197314225222	2460
0.10785437586757	0.351215554477081	34
0.0822252997955499	0.653228778341304	129
-0.07718219176388	0.827641388296643	129
0.10287853396258	0.35296389743942	129
0.10258640259334	0.352883231159087	2144
-0.0233431592753299	0.580545475751851	129
0.0837647544950799	0.655529150841431	1624
-0.02099398512007	0.58063946719774	390
-0.0168221136840501	0.577178479347997	51
-0.10097297990146	1.11036197947246	187
0.10826925398621	0.351630194981725	187
0.10716674266205	0.352132388893513	187
0.10785437586757	0.351215554477081	112
0.10328279028361	0.353197314225222	3046
0.0989630106853701	0.353478679518203	54
0.11092586756108	0.350415838742694	54
0.10647884198302	0.352309794326609	769
0.10647884198302	0.352309794326609	519
0.10689134122138	0.351285302005725	378
0.0907743109538099	0.648758219491063	23
-0.0774378530941899	0.832339460717058	23
-0.0799470570269301	0.834996837205207	23
0.09228929324015	0.64564458985773	23
-0.0272357610266101	0.58293567232368	152
0.0722167276367101	0.656694206370018	36
0.1084350997416	1.26640586667899	1992
-0.0152067997466201	0.576118661909323	574
0.10733312446004	0.351067215845013	371
0.0882072633098401	0.650992030959653	44
0.0280026732024801	0.913820819996367	30
-0.02368059789072	1.38408616621319	782
-0.0783584733706999	0.833288890400322	2842
0.0376036864190199	1.41204904964353	34
0.11159123368957	1.25736674646239	34
-0.02656840239241	0.58297122228144	129
-0.07704543603291	0.830073818425413	129
0.10148789770049	0.353384284502155	129
-0.02261442293622	0.579780704461	129
0.04313874292868	1.77622964344773	129
-0.02041631295876	1.37950002045217	129
0.10689134122138	0.351285302005725	1624
0.10647884198302	0.352309794326609	390
-0.0993343179233299	1.33829069728634	129
0.08931722660306	0.650273274268608	51
0.10716674266205	0.352132388893513	187
0.10397890323872	0.352462565358244	187
0.10758043184799	0.351807769829277	187
0.10826925398621	0.351630194981725	1407
-0.08284461417155	0.833673347483625	519
0.10895780785609	0.350714860686515	519
-0.02344642668563	0.579635522405198	769
-0.0755893142410899	0.827371293184792	1596
-0.08038673746998	0.834283143981661	23
-0.01937561527664	0.578362564289604	23
-0.0342687967458599	0.5843999744477	23
0.0748692129625199	0.65921776139167	36
-0.08047699029971	0.834871868878997	36
0.10245471986441	0.988262181035847	371
-0.02676803648149	0.581766483346834	44
0.11092586756108	0.350415838742694	44
0.0826830013925901	0.654219411560461	30
-0.0939995977722401	1.1041416059508	30
0.10579067361142	0.351785528543761	30
-0.02656840239241	0.58297122228144	44
0.02104272212667	0.922873470954488	30
-0.02656840239241	0.58297122228144	2842
0.11092586756108	0.350415838742694	2842
-0.10129523531237	1.10962827442987	34
0.10716674266205	0.352132388893513	34
-0.00995180548114005	1.17408479638215	129
0.02200692534856	0.921341396565078	129
0.10258640259334	0.352883231159087	18
-0.01937561527664	0.578362564289604	1632
0.10647884198302	0.352309794326609	187
0.10716674266205	0.352132388893513	187
0.10328279028361	0.353197314225222	3046
0.10716674266205	0.352132388893513	1284
0.10397890323872	0.352462565358244	54
0.10733312446004	0.351067215845013	519
-0.02428878983577	0.582639355082303	519
0.08876235876415	0.650754614292679	287
0.10826925398621	0.351630194981725	296
-0.01870808245147	0.577883497327535	2714
0.08286183671648	0.6545394097211	23
0.094498743992	0.645307607362446	23
0.10733312446004	0.351067215845013	36
-0.1027242684492	1.34264861503142	371
-0.03254212924539	0.583808355887704	30
-0.0114006690180399	1.1755647314746	44
-0.09546153804176	1.10331703373323	30
0.00280734115499004	1.7744190578018	34
0.12433821438316	1.46192272663766	328
0.10258640259334	0.352883231159087	129
-0.0944961554619099	1.10498519766348	129
-0.0206064013082601	0.579256545559091	129
0.10287853396258	0.35296389743942	18
0.10647884198302	0.352309794326609	1632
0.10716674266205	0.352132388893513	1632
0.10826925398621	0.351630194981725	129
-0.02032538013449	0.58045220816518	187
0.10758043184799	0.351807769829277	1407
0.10716674266205	0.352132388893513	2948
0.10758043184799	0.351807769829277	54
0.10258640259334	0.352883231159087	54
0.0995890518995399	0.636385310520988	2462
-0.0201283887544399	0.577925349917484	519
-0.02544591318668	0.579870378715601	519
0.10148789770049	0.353384284502155	296
0.10328279028361	0.353197314225222	457
0.0919381769649299	0.647880740377681	1723
0.0837647544950799	0.655529150841431	574
-0.0205075928915399	0.579490279223785	1211
0.0844855558989701	0.652883681608437	30
0.0950296652003899	0.998448867574951	44
-0.0950972405747099	1.10042201048904	714
-0.02495473558411	0.58335694060492	34
-0.09866042653354	1.10817099418239	129
0.10287853396258	0.35296389743942	129
0.10258640259334	0.352883231159087	129
-0.02866095646662	0.582384335707824	3518
-0.08047699029971	0.834871868878997	129
0.10579067361142	0.351785528543761	129
-0.0799470570269301	0.834996837205207	129
0.10579067361142	0.351785528543761	977
0.10579067361142	0.351785528543761	54
0.09786574616812	0.353978519341629	769
0.10579067361142	0.351785528543761	769
0.10663361484863	0.351799503810815	321
0.10689134122138	0.351285302005725	2714
-0.0233431592753299	0.580545475751851	23
0.10397890323872	0.352462565358244	23
-0.07888779869732	0.834205282807095	36
0.08341136593496	1.44636477107936	2901
0.10647884198302	0.352309794326609	30
-0.0256210160689501	0.583695327776066	30
0.10218335279232	0.353699707342604	30
0.10397890323872	0.352462565358244	30
-0.02495473558411	0.58335694060492	30
0.0968470138653399	0.998758836181693	30
-0.0939995977722401	1.1041416059508	4074
0.09716291462318	0.354221264198155	129
-0.0302678201580699	0.585048846712041	129
0.10895780785609	0.350714860686515	1632
0.0852209906930499	0.654392144647465	51
0.0989630106853701	0.353478679518203	51
0.11317661646195	1.25308315015922	187
-0.08363240005469	0.837408038208625	302
0.10716674266205	0.352132388893513	287
0.10218335279232	0.353699707342604	287
0.10716674266205	0.352132388893513	296
0.10218335279232	0.353699707342604	152
0.10716674266205	0.352132388893513	36
0.10785437586757	0.351215554477081	44
0.10733312446004	0.351067215845013	30
-0.10079811866341	1.11063098053462	44
-0.0514660719637601	1.76817124940158	30
0.0224251523427901	0.919329145735705	30
0.11092586756108	0.350415838742694	34
0.10826925398621	0.351630194981725	34
-0.0206064013082601	0.579256545559091	129
0.10258640259334	0.352883231159087	3518
0.10528195281376	1.26843368854603	12
-0.02032538013449	0.58045220816518	129
0.10716674266205	0.352132388893513	129
0.10758043184799	0.351807769829277	187
0.10647884198302	0.352309794326609	51
-0.0154911986975901	0.575887232891104	769
-0.0292556583725701	1.39514111769595	519
0.04057737275403	1.4106808449012	769
-0.0221182132134701	0.580408422501073	296
0.08987186698926	0.649530308387677	23
-0.0726891662296401	0.826166043456925	23
-0.0199377346304801	0.578438416169099	23
0.10826925398621	0.351630194981725	23
0.10148789770049	0.353384284502155	23
0.10647884198302	0.352309794326609	36
0.10785437586757	0.351215554477081	152
0.11661947985351	1.68187506270776	2901
0.10758043184799	0.351807769829277	1211
-0.0221182132134701	0.580408422501073	371
-0.02610680942434	0.58119911984102	44
0.10758043184799	0.351807769829277	44
0.10895780785609	0.350714860686515	44
0.10218335279232	0.353699707342604	44
0.0969676438585201	0.641993211781117	30
0.08949273347165	0.650191977967804	204
-0.02960390710866	0.58447674818335	34
0.10758043184799	0.351807769829277	871
0.10716674266205	0.352132388893513	129
-0.0808685467783601	0.833531868826024	129
0.09716291462318	0.354221264198155	129
0.0876519400772999	0.650968305198471	187
0.10593382759709	0.35148923313409	287
-0.02032538013449	0.58045220816518	23
-0.0221182132134701	0.580408422501073	23
0.11230995697287	0.349325823144218	1723
-0.02960390710866	0.58447674818335	1723
0.11230995697287	0.349325823144218	36
-0.0251626552633499	0.580620515914332	152
0.0233885277227901	0.919102062394618	260
0.00495356378265011	1.14813852401444	260
-0.0161564891964301	0.576700733308464	44
0.0921410851526601	0.647122135526749	44
0.02731940115112	0.908469731660699	30
0.0921410851526601	0.647122135526749	30
0.02483670716692	0.919730639223693	34
0.10785437586757	0.351215554477081	129
0.10328279028361	0.353197314225222	1067
0.10258640259334	0.352883231159087	129
0.10826925398621	0.351630194981725	1632
0.10218335279232	0.353699707342604	390
0.10758043184799	0.351807769829277	129
0.0882072633098401	0.650992030959653	187
0.10826925398621	0.351630194981725	2065
0.0953601606530401	0.996153150680025	187
0.10218335279232	0.353699707342604	1407
0.10826925398621	0.351630194981725	2948
-0.0751994282328501	0.829206647171541	302
0.10579067361142	0.351785528543761	54
0.0876519400772999	0.650968305198471	769
-0.0154911986975901	0.575887232891104	23
0.11161804781962	0.350237547909829	2714
-0.01898917918035	0.579150144945583	23
0.10716674266205	0.352132388893513	1723
-0.01965711158767	0.579970689675105	36
0.10287853396258	0.35296389743942	371
0.0767167465984699	1.45859025599007	371
0.10218335279232	0.353699707342604	371
0.02460434758494	1.95470321801668	44
0.10826925398621	0.351630194981725	44
0.10258640259334	0.352883231159087	44
0.10579067361142	0.351785528543761	44
0.08112260688938	0.654660978698684	44
-0.10097297990146	1.11036197947246	30
0.05200607206132	1.22568144308551	44
0.10397890323872	0.352462565358244	34
0.10826925398621	0.351630194981725	129
-0.11323594845307	1.56725041622991	12
0.09972781970722	0.990808633345578	129
0.10579067361142	0.351785528543761	129
0.0908563761363199	0.64728870249577	129
-0.11048597324105	1.75270343799232	51
-0.10106354814804	1.10633600482041	187
0.10826925398621	0.351630194981725	1407
-0.02495473558411	0.58335694060492	302
0.10647884198302	0.352309794326609	769
0.02752115027819	0.913970348903043	769
-0.07088491271612	0.825639858099944	378
0.07786352108392	0.657043512654335	23
-0.02032538013449	0.58045220816518	23
-0.01748807245685	0.577364796631369	23
-0.0302678201580699	0.585048846712041	23
-0.07229822113558	0.824031087836264	36
-0.07360895235181	0.82711047870906	36
-0.0289403270686499	0.583135876548882	152
-0.0169984796309399	0.575369583410616	152
0.0308398220780699	1.42394917911448	574
0.0889751300889701	1.00773906312174	44
0.0921410851526601	0.647122135526749	44
0.0837647544950799	0.655529150841431	30
0.02249234714144	0.920481090637812	30
-0.02656840239241	0.58297122228144	30
-0.08033841776218	0.833301306316734	30
-0.0941555502748299	1.10014448871367	204
-0.0199377346304801	0.578438416169099	34
0.0839701967903499	0.653528558133648	129
0.10716674266205	0.352132388893513	1269
0.10647884198302	0.352309794326609	1269
0.11161804781962	0.350237547909829	129
0.10895780785609	0.350714860686515	18
0.10826925398621	0.351630194981725	2065
0.10397890323872	0.352462565358244	187
0.10328279028361	0.353197314225222	187
0.10758043184799	0.351807769829277	187
-0.0977191267817501	1.10758811364727	187
0.10647884198302	0.352309794326609	769
-0.01937561527664	0.578362564289604	769
-0.0259013793896701	0.582633022248989	769
0.10689134122138	0.351285302005725	378
0.10287853396258	0.35296389743942	2768
0.10895780785609	0.350714860686515	23
0.0968470138653399	0.998758836181693	1723
0.01283405068164	0.929883039410651	23
0.0261307821914201	0.911443820320745	36
0.01838330496804	0.924723483967925	36
0.0216908772550299	0.922886104206456	36
0.08542546163149	0.653508143571156	574
0.0621478763913801	1.21553152315685	44
-0.0972487043950301	1.106741966799	44
0.10647884198302	0.352309794326609	30
-0.0205075928915399	0.579490279223785	30
0.0000179549460599393	1.16028259580818	34
0.06298621020984	1.21613980373583	34
-0.0219447451608401	0.579924971604282	129
-0.02960390710866	0.58447674818335	129
0.0889418121888199	0.650550150792748	1067
-0.02495473558411	0.58335694060492	1067
0.10647884198302	0.352309794326609	12
0.10328279028361	0.353197314225222	129
-0.01937561527664	0.578362564289604	129
-0.07612007005444	0.827764605419885	129
-0.0168221136840501	0.577178479347997	129
-0.0269545824372	0.582913354723689	187
0.11092586756108	0.350415838742694	2065
0.10826925398621	0.351630194981725	51
0.11230995697287	0.349325823144218	1220
0.10785437586757	0.351215554477081	1220
-0.0232844383453501	0.578960155602578	302
0.10716674266205	0.352132388893513	302
0.10758043184799	0.351807769829277	302
0.10716674266205	0.352132388893513	862
0.10647884198302	0.352309794326609	2768
0.09699707304782	0.994698606382349	23
-0.03047792990498	1.39547032758113	23
-0.07035646601997	0.825248140293113	23
-0.0941555502748299	1.10014448871367	1723
0.0955412758970999	0.999904174595819	23
-0.0779667799886701	0.833254538561395	36
-0.0989707849906301	1.11009980832992	36
-0.0726891662296401	0.826166043456925	152
-0.0217925789540501	1.37700197735849	36
0.0925049896985399	0.646220024093877	260
0.09304389476812	0.647668753377714	260
0.10647884198302	0.352309794326609	574
0.06174857370072	1.21877866793446	44
-0.00411253526819011	1.16820403478782	44
-0.0836810693930301	0.83364129081233	44
0.0256505663114801	0.914606893727347	44
-0.09937919644794	1.34322930212937	44
-0.07550325116642	0.829776224136777	34
0.02371954232839	0.916934181780596	34
0.08748786869031	0.652520255624373	34
0.0896657887737	0.649980701034027	129
0.0945770037097899	0.999406427294097	129
0.10218335279232	0.353699707342604	129
-0.0737484919429701	0.827865968081847	129
0.08487211935683	0.654515958017152	129
-0.02166292684413	0.580493155786958	129
-0.01965711158767	0.579970689675105	129
0.0865850831163499	0.651961755580813	129
0.10716674266205	0.352132388893513	129
0.10663361484863	0.351799503810815	187
0.01499683843486	0.927261065301685	2065
-0.01965711158767	0.579970689675105	187
0.10689134122138	0.351285302005725	187
0.0896657887737	0.649980701034027	187
0.10826925398621	0.351630194981725	51
0.10758043184799	0.351807769829277	2
-0.0200434839469901	0.578549734222855	2
0.10328279028361	0.353197314225222	769
0.10397890323872	0.352462565358244	769
0.10826925398621	0.351630194981725	769
0.10689134122138	0.351285302005725	296
-0.10000785489282	1.34084367557249	23
-0.10436956644578	1.55908508151133	23
0.10287853396258	0.35296389743942	260
0.10785437586757	0.351215554477081	574
0.0925999311450001	1.00118427334663	574
-0.0192694043853101	0.576919618359868	44
-0.01965711158767	0.579970689675105	44
-0.0799470570269301	0.834996837205207	34
0.08487211935683	0.654515958017152	34
-0.09998803819978	1.54765859890845	1269
0.0782130537447801	0.657852425330512	1269
0.10758043184799	0.351807769829277	129
0.10397890323872	0.352462565358244	129
-0.0693001778306199	0.823554179611836	129
0.03276293205422	0.904277864853998	129
0.0882072633098401	0.650992030959653	129
-0.0761660306668299	0.831314833981947	129
-0.02960390710866	0.58447674818335	2
-0.01870808245147	0.577883497327535	2
0.10826925398621	0.351630194981725	302
-0.0168221136840501	0.577178479347997	54
0.10716674266205	0.352132388893513	54
-0.0200434839469901	0.578549734222855	769
0.10826925398621	0.351630194981725	321
0.10716674266205	0.352132388893513	769
0.10647884198302	0.352309794326609	296
0.0141135696078301	1.60549275600614	23
0.10218335279232	0.353699707342604	23
0.02200053651171	1.43845047429933	23
0.0909955754198899	1.00253646900759	36
0.0266145846025501	0.913444813531549	36
-0.0981255182046199	1.54076953282729	152
0.10218335279232	0.353699707342604	371
-0.08271050353359	0.836458145602786	574
-0.01984506431962	0.578779752990184	574
0.10218335279232	0.353699707342604	44
0.10716674266205	0.352132388893513	44
0.10733312446004	0.351067215845013	204
0.11023341597372	0.349898349308083	204
0.00972552021006989	0.930137900545946	34
0.10371908570767	1.26848801849742	34
-0.05345920400745	1.92562402962672	34
-0.0912545968177001	1.09723815888082	129
0.05738997638984	1.22282634795683	1269
0.11092586756108	0.350415838742694	12
-0.0930882582235599	1.101194981721	12
0.0793186645478301	0.657843294254402	129
-0.0258231300371701	0.581187080143393	129
-0.000831963998809915	1.16028534529524	129
0.10287853396258	0.35296389743942	51
0.10716674266205	0.352132388893513	187
0.10716674266205	0.352132388893513	187
0.10826925398621	0.351630194981725	54
0.10579067361142	0.351785528543761	287
-0.07466906671733	0.828812827260658	769
0.10758043184799	0.351807769829277	1614
0.10716674266205	0.352132388893513	574
0.10647884198302	0.352309794326609	574
-0.0289403270686499	0.583135876548882	371
0.0962994489100599	0.999191259441656	44
0.0242027981117099	0.913167501864931	44
0.10328279028361	0.353197314225222	204
-0.02400836223229	0.581258703136909	204
0.10826925398621	0.351630194981725	34
0.10758043184799	0.351807769829277	34
-0.0205075928915399	0.579490279223785	129
0.11230995697287	0.349325823144218	12
0.10758043184799	0.351807769829277	12
0.10328279028361	0.353197314225222	12
0.10758043184799	0.351807769829277	129
-0.0206064013082601	0.579256545559091	129
0.09893400125713	0.986639790467082	129
-0.0812604197754001	0.832488587640287	129
0.11023341597372	0.349898349308083	129
-0.00995180548114005	1.17408479638215	187
0.10758043184799	0.351807769829277	51
0.10579067361142	0.351785528543761	54
-0.02261442293622	0.579780704461	769
0.10647884198302	0.352309794326609	1614
0.10148789770049	0.353384284502155	1614
-0.10543754471313	1.34732101181722	23
-0.10420659765066	1.35306363307938	23
-0.09462631954157	1.10045373991042	23
0.0415960726734701	1.40704888998532	23
-0.09684567492162	1.10310851402625	23
-0.11094353567999	1.35923735268489	36
0.10585353943807	1.269368747291	36
0.0969676438585201	0.641993211781117	371
-0.02656840239241	0.58297122228144	574
0.0882072633098401	0.650992030959653	574
0.0905692428887701	0.647595041048012	44
0.02354869556571	0.917086928872201	30
0.10758043184799	0.351807769829277	204
0.10579067361142	0.351785528543761	34
-0.0712766558140601	0.824388271855092	129
0.09227575977741	1.00247194709082	34
-0.0786322328525999	0.830739639663377	1067
0.10056360121282	0.991487996869081	12
0.10218335279232	0.353699707342604	1282
0.10663361484863	0.351799503810815	12
-0.0256210160689501	0.583695327776066	12
0.0850176259342801	0.652419444182068	129
0.09390967967812	0.353808839268374	129
0.10218335279232	0.353699707342604	51
0.0989630106853701	0.353478679518203	187
-0.02400836223229	0.581258703136909	187
0.10826925398621	0.351630194981725	187
0.10758043184799	0.351807769829277	1220
0.10328279028361	0.353197314225222	54
0.10716674266205	0.352132388893513	1614
0.10826925398621	0.351630194981725	296
0.1192837996504	1.98150319319198	23
0.09584686035524	0.999519514504974	23
-0.08047699029971	0.834871868878997	23
-0.07413890813543	0.828125663215551	23
-0.10223598882381	1.11232655499359	23
-0.02628763158757	0.583658225403998	36
0.10280718528348	0.985450101271137	36
0.07966843983398	0.657264267464277	36
0.02752115027819	0.913970348903043	36
-0.0795547748035701	0.833920396876194	36
0.07987113043911	0.657313340361156	36
0.08931722660306	0.650273274268608	36
0.0949899903634199	1.00072767280274	574
-0.01748807245685	0.577364796631369	371
-0.0799470570269301	0.834996837205207	371
-0.10275053607186	1.55133100021761	44
-0.02099398512007	0.58063946719774	44
-0.03157546348651	1.39055001305645	44
-0.0752439062419199	0.828825229159885	204
0.0795224266797201	0.655409398711473	34
-0.10682118669849	1.35399971755122	34
0.0224251523427901	0.919329145735705	129
-0.0272357610266101	0.58293567232368	34
0.0919381769649299	0.647880740377681	34
0.08431855036541	0.655167690820231	129
-0.07413890813543	0.828125663215551	1282
0.10895780785609	0.350714860686515	1282
0.08876235876415	0.650754614292679	129
0.02072883138505	0.923402051833666	129
0.0291143572591499	0.910850551770924	129
-0.03559222840957	0.585939068936265	3335
-0.0206064013082601	0.579256545559091	3335
0.10758043184799	0.351807769829277	2065
-0.0233431592753299	0.580545475751851	51
0.10328279028361	0.353197314225222	51
0.11161804781962	0.350237547909829	1220
0.10716674266205	0.352132388893513	2624
0.10895780785609	0.350714860686515	2
0.10716674266205	0.352132388893513	2
0.10647884198302	0.352309794326609	2
0.11023341597372	0.349898349308083	54
0.10148789770049	0.353384284502155	769
0.10397890323872	0.352462565358244	769
0.10716674266205	0.352132388893513	769
0.10716674266205	0.352132388893513	769
0.10758043184799	0.351807769829277	287
0.10328279028361	0.353197314225222	1614
0.10647884198302	0.352309794326609	296
0.10647884198302	0.352309794326609	296
-0.0501971619086801	1.90783732025326	23
0.03905162876673	1.41297784598318	23
0.0974114958074901	0.993089361612188	23
-0.0898494534531899	1.09582325732529	36
0.0845240361816599	0.652524616558064	371
0.0743178824317401	0.659581316392577	44
-0.10308374523985	1.34719030395781	44
-0.08033841776218	0.833301306316734	44
-0.00173159237657994	1.91552053903395	44
-0.0282067433514199	1.39040187596095	44
-0.01352986999935	1.17870535460204	44
0.01644458659371	0.927072112028693	34
-0.09645692854814	1.54167306134992	34
0.0949081376598799	0.992706635707989	34
0.0254688065545301	0.91610142252683	34
0.0205603806453201	0.923153613701468	34
-0.02032538013449	0.58045220816518	1067
0.0532290679951499	1.23041818256898	34
0.02104027720589	0.921892238789281	1282
-0.02032538013449	0.58045220816518	12
0.0852209906930499	0.654392144647465	129
0.0919556760490201	0.646860540064004	2
0.10218335279232	0.353699707342604	54
0.10593382759709	0.35148923313409	54
0.10647884198302	0.352309794326609	54
-0.02032538013449	0.58045220816518	769
-0.01898917918035	0.579150144945583	1640
0.10003088136703	0.992537880056	36
0.0597735028389801	1.22109977452086	36
0.02386997600291	0.918505259601628	393
-0.00714625420027004	1.17300564989385	393
0.0982716174278599	0.995192881955867	371
0.11629480248912	1.24811201666205	44
-0.10021059395777	1.34788045995863	534
-0.0178722045287101	1.36914612623313	44
-0.0246034676537601	1.38245804850144	44
0.0951141189069899	0.997616936121828	129
-0.01984506431962	0.578779752990184	34
-0.02008779734003	1.37936998853208	34
0.11204925655171	1.25154755991252	34
0.07966843983398	0.657264267464277	129
0.0181432009893401	0.922053812369057	129
0.0233926132209801	0.920553756197955	129
0.0982592360254899	0.353721534917221	1220
0.0910343757672001	0.647335654749726	2
-0.02495473558411	0.58335694060492	54
0.10287853396258	0.35296389743942	54
0.10826925398621	0.351630194981725	769
0.10716674266205	0.352132388893513	287
0.11161804781962	0.350237547909829	769
0.10716674266205	0.352132388893513	769
0.10758043184799	0.351807769829277	1614
0.10689134122138	0.351285302005725	4189
0.10647884198302	0.352309794326609	296
-0.02402415029563	1.38660969594923	36
0.10716674266205	0.352132388893513	260
-0.02032538013449	0.58045220816518	44
0.0887923226131	0.649884352175995	44
0.09304389476812	0.647668753377714	30
-0.0199377346304801	0.578438416169099	44
0.10647884198302	0.352309794326609	204
0.08987186698926	0.649530308387677	34
0.08931722660306	0.650273274268608	34
0.04122256756632	1.65791173477475	34
0.0889418121888199	0.650550150792748	34
-0.10363554338463	1.3502163137912	34
-0.0259013793896701	0.582633022248989	34
0.1013397507137	1.27396366667988	34
0.10328279028361	0.353197314225222	1074
-0.10269281699916	1.34639880677769	129
0.0989630106853701	0.353478679518203	51
-0.01870808245147	0.577883497327535	51
-0.07466906671733	0.828812827260658	112
0.10579067361142	0.351785528543761	287
0.10716674266205	0.352132388893513	4189
0.10826925398621	0.351630194981725	296
0.0212099340002601	0.923325318240281	23
0.10199740227315	1.63229115608826	36
-0.09737738210321	1.33967878717863	36
0.05720117113083	1.22569327613931	36
-0.00496822952891995	1.1635246349225	36
0.1090160805736	1.26494034938808	36
0.10287853396258	0.35296389743942	260
0.10758043184799	0.351807769829277	260
0.10716674266205	0.352132388893513	574
0.10689134122138	0.351285302005725	204
0.09716291462318	0.354221264198155	44
-0.01696173018389	1.37213210294279	34
-0.09704134636607	1.10779722629095	34
0.11023341597372	0.349898349308083	34
0.10647884198302	0.352309794326609	34
0.10895780785609	0.350714860686515	2506
0.10826925398621	0.351630194981725	1074
-0.01748807245685	0.577364796631369	129
0.11092586756108	0.350415838742694	129
-0.00207791490242992	1.15864508836959	1844
-0.07902524070871	0.834045071633638	51
0.0142970671812399	0.924124955913474	51
-0.01748807245685	0.577364796631369	1665
-0.02032538013449	0.58045220816518	2
0.0835842758277401	0.654783910829574	2
0.10758043184799	0.351807769829277	2
0.10689134122138	0.351285302005725	287
0.10716674266205	0.352132388893513	296
-0.0888184949544699	1.5187014229745	23
-0.0981011614984599	1.10479838504866	23
0.11687965607139	1.48596683207688	23
0.09439463114631	0.998131838559368	36
-0.0941555502748299	1.10014448871367	36
-0.0184405275795401	1.36834805387781	36
-0.02032538013449	0.58045220816518	574
0.10785437586757	0.351215554477081	371
0.10218335279232	0.353699707342604	2265
-0.02495473558411	0.58335694060492	371
0.01959167718143	0.921226436515766	44
-0.01027893171429	1.17456152510093	44
0.10663361484863	0.351799503810815	30
0.0989630106853701	0.353478679518203	259
0.10397890323872	0.352462565358244	34
-0.0740552567697299	0.829740364208364	2854
0.0600171003338501	1.21772929379881	34
0.10258640259334	0.352883231159087	12
0.10826925398621	0.351630194981725	1282
0.10689134122138	0.351285302005725	1074
0.11230995697287	0.349325823144218	12
-0.08363240005469	0.837408038208625	12
0.08911118682812	0.650217800895839	129
0.0841141687861899	0.654824552022475	129
-0.02099398512007	0.58063946719774	2357
-0.02600597712709	0.58082284511866	51
0.10826925398621	0.351630194981725	51
-0.0206064013082601	0.579256545559091	2
0.10716674266205	0.352132388893513	2
-0.07466906671733	0.828812827260658	2
-0.01965711158767	0.579970689675105	2
0.10218335279232	0.353699707342604	2
0.10826925398621	0.351630194981725	2
0.0782130537447801	0.657852425330512	54
-0.01898917918035	0.579150144945583	54
0.10758043184799	0.351807769829277	287
0.10148789770049	0.353384284502155	287
0.10716674266205	0.352132388893513	287
0.10647884198302	0.352309794326609	287
0.11161804781962	0.350237547909829	4189
0.10647884198302	0.352309794326609	296
0.0999332438615199	0.99057805626724	260
0.0787659723701499	0.658038712603471	260
-0.0970911466472999	1.10645140285007	574
-0.0980306670165201	1.10914661319701	2265
-0.10317827045254	1.91016152257503	44
0.0663026813150101	1.20750436749616	44
0.08931722660306	0.650273274268608	44
0.10148789770049	0.353384284502155	204
-0.02166292684413	0.580493155786958	34
0.01312635342268	1.61127336319482	34
-0.0751102407520801	0.831210858504437	34
-0.0761660306668299	0.831314833981947	34
-0.0256210160689501	0.583695327776066	12
-0.0258231300371701	0.581187080143393	2506
-0.0205075928915399	0.579490279223785	12
0.08730336575946	0.650020051366068	129
-0.0168221136840501	0.577178479347997	129
-0.0103960133337599	1.17518362804802	507
0.10593382759709	0.35148923313409	51
-0.02495473558411	0.58335694060492	2
0.10258640259334	0.352883231159087	112
-0.08363240005469	0.837408038208625	2
0.10758043184799	0.351807769829277	769
0.10785437586757	0.351215554477081	1029
0.10716674266205	0.352132388893513	317
0.10397890323872	0.352462565358244	2171
-0.02656840239241	0.58297122228144	49
0.10758043184799	0.351807769829277	1688
0.0197588841555101	0.924527704200388	36
0.10218335279232	0.353699707342604	574
0.10716674266205	0.352132388893513	2265
0.10716674266205	0.352132388893513	2265
0.10758043184799	0.351807769829277	2265
0.11092586756108	0.350415838742694	2265
0.10826925398621	0.351630194981725	371
0.10148789770049	0.353384284502155	44
0.10148789770049	0.353384284502155	30
0.10218335279232	0.353699707342604	44
-0.0244420938905501	1.37911562741539	34
-0.10367395182358	1.11085113853788	34
0.10218335279232	0.353699707342604	1074
0.10579067361142	0.351785528543761	12
-0.08862078127105	1.08833963029551	129
-0.0920231502179501	1.32813389301527	129
0.10287853396258	0.35296389743942	2357
-0.0931912690597401	1.09802383206636	507
0.08431855036541	0.655167690820231	507
0.0795224266797201	0.655409398711473	112
0.0793186645478301	0.657843294254402	2
0.10647884198302	0.352309794326609	2
-0.01965711158767	0.579970689675105	54
0.0807725913801201	0.656539941503435	302
0.10328279028361	0.353197314225222	769
0.11092586756108	0.350415838742694	2171
0.10716674266205	0.352132388893513	287
0.10758043184799	0.351807769829277	49
0.10785437586757	0.351215554477081	296
0.10716674266205	0.352132388893513	36
0.10218335279232	0.353699707342604	36
0.10716674266205	0.352132388893513	36
0.10148789770049	0.353384284502155	260
0.10258640259334	0.352883231159087	3492
-0.04408949751379	1.75564463633639	44
0.08911118682812	0.650217800895839	44
0.10328279028361	0.353197314225222	44
0.10218335279232	0.353699707342604	44
0.10785437586757	0.351215554477081	2854
0.12208336472462	1.68150358141844	34
0.10328279028361	0.353197314225222	34
0.10579067361142	0.351785528543761	34
0.10716674266205	0.352132388893513	12
0.094498743992	0.645307607362446	129
0.10758043184799	0.351807769829277	675
0.0692002036675601	1.20430726345863	507
0.10218335279232	0.353699707342604	51
-0.0778846312544801	0.830608468620618	2
0.10689134122138	0.351285302005725	49
0.0376225437823701	1.41519654947829	23
0.02136547584547	0.919446462829405	36
0.0837647544950799	0.655529150841431	393
0.10716674266205	0.352132388893513	36
0.10397890323872	0.352462565358244	3492
0.0727464316206601	1.45765551059821	44
0.10716674266205	0.352132388893513	44
0.10716674266205	0.352132388893513	44
0.10785437586757	0.351215554477081	44
0.11092586756108	0.350415838742694	2854
0.10895780785609	0.350714860686515	425
0.10148789770049	0.353384284502155	906
0.0266145846025501	0.913444813531549	129
0.10716674266205	0.352132388893513	129
-0.0940267053470001	1.10414074404699	507
0.0852209906930499	0.654392144647465	2
0.0882072633098401	0.650992030959653	2
-0.0742784587630301	0.828259284544803	54
-0.0219447451608401	0.579924971604282	302
0.0850176259342801	0.652419444182068	769
0.10397890323872	0.352462565358244	2870
0.10647884198302	0.352309794326609	1688
-0.02032538013449	0.58045220816518	36
0.0857740617371201	0.653741388644674	44
0.10716674266205	0.352132388893513	44
0.10397890323872	0.352462565358244	34
0.10716674266205	0.352132388893513	2854
0.0339206286125999	1.42005915503787	34
0.08669558537495	1.00902845487906	34
0.0876519400772999	0.650968305198471	34
0.0884143147476999	0.649302054491071	12
-0.00939051101507005	1.17352625058068	129
0.10287853396258	0.35296389743942	51
0.11230995697287	0.349325823144218	51
0.0911231238591399	0.647116713701421	51
0.0826830013925901	0.654219411560461	2
0.08466769309659	0.654753086475839	2
-0.02099398512007	0.58063946719774	2
-0.0199377346304801	0.578438416169099	54
0.10716674266205	0.352132388893513	769
-0.0299876141396001	0.583067451775322	317
0.10758043184799	0.351807769829277	1029
0.10895780785609	0.350714860686515	49
0.10758043184799	0.351807769829277	49
0.10826925398621	0.351630194981725	49
0.10579067361142	0.351785528543761	439
0.0964294842989299	1.51732616500368	393
-0.07035646601997	0.825248140293113	36
0.10758043184799	0.351807769829277	36
-0.0994149794256201	1.7289559163831	44
0.0639136988667199	1.20923376141476	2585
0.10758043184799	0.351807769829277	44
0.10895780785609	0.350714860686515	3232
-0.0212754047183501	0.579737208933733	1074
-0.0941555502748299	1.10014448871367	12
-0.0798084916433699	0.832741341170684	507
-0.08363240005469	0.837408038208625	54
0.0802206285856899	0.657069110109831	54
0.10287853396258	0.35296389743942	2870
-0.00269182980154992	1.16381088217731	23
0.04803391678351	1.64644805139005	23
0.0377013881031201	1.41423984546344	36
-0.07102071126147	0.823046021428428	36
0.09681573140722	0.997021759266218	393
0.0714146436248599	1.46340475769242	36
0.10593382759709	0.35148923313409	36
0.0802206285856899	0.657069110109831	36
0.10647884198302	0.352309794326609	36
0.10785437586757	0.351215554477081	2265
0.10785437586757	0.351215554477081	466
-0.0219447451608401	0.579924971604282	44
0.10647884198302	0.352309794326609	44
0.11092586756108	0.350415838742694	44
0.10758043184799	0.351807769829277	44
-0.02032538013449	0.58045220816518	34
-0.08038673746998	0.834283143981661	34
0.10647884198302	0.352309794326609	34
0.10287853396258	0.35296389743942	34
-0.10121254861282	1.34875762413472	34
-0.0145422476842101	0.575306259165605	12
0.0982592360254899	0.353721534917221	12
0.10663361484863	0.351799503810815	675
-0.0148262418915399	0.574376653983274	675
0.0852209906930499	0.654392144647465	2
-0.02099398512007	0.58063946719774	2
-0.0393226496519301	0.584040618754752	54
0.08876235876415	0.650754614292679	302
0.10647884198302	0.352309794326609	1029
0.10148789770049	0.353384284502155	1029
-0.01587168520504	0.57659573259799	1029
0.10579067361142	0.351785528543761	1029
0.10785437586757	0.351215554477081	49
0.10647884198302	0.352309794326609	49
0.10758043184799	0.351807769829277	49
0.10647884198302	0.352309794326609	2870
0.11161804781962	0.350237547909829	439
0.11130132147646	1.49545770973037	23
0.10647884198302	0.352309794326609	393
0.10287853396258	0.35296389743942	36
0.10397890323872	0.352462565358244	36
0.11161804781962	0.350237547909829	36
0.02248878727375	0.92002627208102	2585
-0.0145422476842101	0.575306259165605	2585
-0.0731347363150801	0.827255415223399	2585
0.01644458659371	0.927072112028693	44
0.0852209906930499	0.654392144647465	44
0.11161804781962	0.350237547909829	44
0.10397890323872	0.352462565358244	44
0.10287853396258	0.35296389743942	44
0.0919556760490201	0.646860540064004	34
0.0733918515740799	1.1921008527918	34
0.10716674266205	0.352132388893513	934
0.10287853396258	0.35296389743942	934
0.10826925398621	0.351630194981725	934
-0.0165369043550301	0.576781738217319	906
0.10758043184799	0.351807769829277	1074
-0.0246738993289199	0.581595777089794	1074
0.0243555019897099	0.920328771307225	1283
0.02387918291005	0.918992253016311	12
-0.09650780938949	1.34016649385867	129
-0.02495473558411	0.58335694060492	129
0.10826925398621	0.351630194981725	129
0.10148789770049	0.353384284502155	675
0.08286183671648	0.6545394097211	507
-0.0779667799886701	0.833254538561395	1621
0.10895780785609	0.350714860686515	2
0.11023341597372	0.349898349308083	1910
0.10148789770049	0.353384284502155	769
-0.06838046138878	0.821093576434953	49
0.10716674266205	0.352132388893513	49
0.1230219143065	1.55343669732063	23
0.03276525486379	1.42563244165947	36
0.02841824659895	1.42389031266538	393
0.0542193443452399	1.22863058697529	36
-0.0200434839469901	0.578549734222855	36
0.11092586756108	0.350415838742694	36
0.10826925398621	0.351630194981725	36
0.10826925398621	0.351630194981725	209
0.10579067361142	0.351785528543761	2585
0.10758043184799	0.351807769829277	44
0.10716674266205	0.352132388893513	44
-0.02495473558411	0.58335694060492	884
0.10716674266205	0.352132388893513	34
-0.02016143736423	1.37878314236588	34
-0.0154911986975901	0.575887232891104	34
-0.01898917918035	0.579150144945583	1074
-0.09590541302511	1.1052733229326	129
0.09912444120514	0.992427683311519	129
-0.01587168520504	0.57659573259799	507
0.10287853396258	0.35296389743942	3366
0.10895780785609	0.350714860686515	1910
0.10647884198302	0.352309794326609	302
0.10647884198302	0.352309794326609	1029
0.10758043184799	0.351807769829277	49
0.10785437586757	0.351215554477081	2870
0.10647884198302	0.352309794326609	23
0.0902201634281701	0.649500065308071	36
0.10647884198302	0.352309794326609	36
0.10218335279232	0.353699707342604	36
0.10785437586757	0.351215554477081	36
0.10826925398621	0.351630194981725	36
0.0885563574289101	0.650194172814921	44
0.10258640259334	0.352883231159087	44
0.10758043184799	0.351807769829277	44
0.10895780785609	0.350714860686515	884
0.08468418712269	0.653349101940307	34
-0.09427162335285	1.09870543530008	34
0.10647884198302	0.352309794326609	34
0.10663361484863	0.351799503810815	934
0.10328279028361	0.353197314225222	1156
0.01959300670875	0.923705052755737	12
0.0787555551860499	1.45653318870872	12
0.10328279028361	0.353197314225222	1820
0.0807725913801201	0.656539941503435	507
0.08896944749537	0.648561527057336	1621
-0.0192694043853101	0.576919618359868	1910
0.10328279028361	0.353197314225222	302
0.10716674266205	0.352132388893513	49
0.10758043184799	0.351807769829277	2870
-0.0976102135151999	1.33671241860646	36
0.10328279028361	0.353197314225222	152
0.10716674266205	0.352132388893513	36
0.10758043184799	0.351807769829277	2265
-0.0169984796309399	0.575369583410616	466
0.10397890323872	0.352462565358244	466
0.10826925398621	0.351630194981725	466
-0.07603124429498	0.830333865261929	44
-0.0145422476842101	0.575306259165605	44
0.11230995697287	0.349325823144218	2585
0.10785437586757	0.351215554477081	508
-0.01965711158767	0.579970689675105	44
0.10895780785609	0.350714860686515	44
-0.02166292684413	0.580493155786958	34
0.10287853396258	0.35296389743942	1993
-0.0342687967458599	0.5843999744477	34
0.0882072633098401	0.650992030959653	34
-0.00949431905791998	1.34901975525499	34
0.10218335279232	0.353699707342604	934
0.10716674266205	0.352132388893513	1074
-0.0152067997466201	0.576118661909323	1074
0.0743178824317401	0.659581316392577	12
-0.0702195754543999	0.822698475091872	129
0.0936712661822701	1.0003737936306	129
0.08612344995625	0.651987418512096	129
-0.02495473558411	0.58335694060492	129
0.10716674266205	0.352132388893513	675
-0.02032538013449	0.58045220816518	507
0.08748786869031	0.652520255624373	51
-0.0168221136840501	0.577178479347997	2
0.0855706511387799	0.652347007412662	2
-0.01587168520504	0.57659573259799	2
0.10647884198302	0.352309794326609	302
0.11092586756108	0.350415838742694	769
0.10826925398621	0.351630194981725	769
0.10716674266205	0.352132388893513	49
0.10689134122138	0.351285302005725	49
-0.07229058711236	2.11653269871277	23
0.10716674266205	0.352132388893513	23
0.08265648146988	0.655317487706668	36
0.0791160249640801	0.657078316762695	393
-0.03817932161069	1.73864730384507	393
0.0315122354452799	0.905975763066192	355
0.10826925398621	0.351630194981725	36
0.10287853396258	0.35296389743942	466
0.10785437586757	0.351215554477081	466
0.11357146115172	1.48730151388598	44
0.08431855036541	0.655167690820231	44
-0.0212754047183501	0.579737208933733	44
0.0235395944147401	0.916686958379179	44
0.10758043184799	0.351807769829277	3588
0.10287853396258	0.35296389743942	884
0.10328279028361	0.353197314225222	639
0.0878589542234101	0.649782359675678	425
-0.0977436284851101	1.10609070780557	1993
0.0155099979581601	1.60192151884792	34
-0.0214546059215199	0.580072466612979	34
0.0969432131304799	0.996408712146715	34
0.10758043184799	0.351807769829277	934
0.09786574616812	0.353978519341629	1074
0.10647884198302	0.352309794326609	1074
0.0924911489970699	0.647904639842956	1074
0.10328279028361	0.353197314225222	51
-0.0168221136840501	0.577178479347997	507
0.08748786869031	0.652520255624373	507
0.08899044130024	1.00642332833915	507
0.0965052948902101	0.993188331867561	507
0.10148789770049	0.353384284502155	594
-0.0302678201580699	0.585048846712041	1621
0.0876519400772999	0.650968305198471	51
0.10716674266205	0.352132388893513	2
-0.02400836223229	0.581258703136909	769
0.10785437586757	0.351215554477081	1029
0.10716674266205	0.352132388893513	49
0.10826925398621	0.351630194981725	1655
0.0388470295874299	1.41400677355734	23
0.10716674266205	0.352132388893513	36
0.10218335279232	0.353699707342604	36
0.10758043184799	0.351807769829277	36
0.10758043184799	0.351807769829277	2265
0.09786574616812	0.353978519341629	4944
0.0841503248515001	1.44463944981728	44
0.10895780785609	0.350714860686515	44
0.10826925398621	0.351630194981725	44
0.10647884198302	0.352309794326609	44
-0.01235938680316	0.572491611501038	639
0.08112260688938	0.654660978698684	425
0.10663361484863	0.351799503810815	1993
0.0922286548811599	1.00179549889165	34
0.10826925398621	0.351630194981725	1157
0.10218335279232	0.353699707342604	1074
0.10218335279232	0.353699707342604	1074
-0.0904329709379901	1.09658687829284	12
0.0976855184132499	0.99094039297414	129
0.0795224266797201	0.655409398711473	129
0.10758043184799	0.351807769829277	51
0.11230995697287	0.349325823144218	51
0.10826925398621	0.351630194981725	51
0.10579067361142	0.351785528543761	769
0.10579067361142	0.351785528543761	784
0.10826925398621	0.351630194981725	784
0.10647884198302	0.352309794326609	287
0.10663361484863	0.351799503810815	49
0.10647884198302	0.352309794326609	1523
0.10328279028361	0.353197314225222	36
-0.09409373559828	1.52502942715008	36
-0.03559222840957	0.585939068936265	152
0.10397890323872	0.352462565358244	355
0.10716674266205	0.352132388893513	36
0.10663361484863	0.351799503810815	2265
0.11161804781962	0.350237547909829	466
0.10826925398621	0.351630194981725	44
-0.10411931694681	1.11248567861516	2585
0.10895780785609	0.350714860686515	44
0.10328279028361	0.353197314225222	639
-0.02400836223229	0.581258703136909	1993
0.05897676510712	1.21752196973662	34
0.05875683540092	1.21622168714204	34
0.10716674266205	0.352132388893513	34
-0.09915561411758	1.10865653530461	34
-0.0206064013082601	0.579256545559091	934
0.09109085455854	1.00025721252568	12
0.0905692428887701	0.647595041048012	12
0.01711081499397	0.926284394395152	12
0.10826925398621	0.351630194981725	236
0.0885909386274999	0.652090173543142	507
0.10758043184799	0.351807769829277	4740
-0.01937561527664	0.578362564289604	2
0.11023341597372	0.349898349308083	784
0.10647884198302	0.352309794326609	49
0.0321756535718201	1.42677683199733	393
0.10663361484863	0.351799503810815	355
-0.02495473558411	0.58335694060492	355
-0.0694359566063301	0.822779556033557	36
0.10733312446004	0.351067215845013	36
0.10758043184799	0.351807769829277	36
0.10647884198302	0.352309794326609	466
-0.0154302619818201	1.18039935484197	44
0.10826925398621	0.351630194981725	44
0.0826110880697899	1.01292282790122	44
0.10785437586757	0.351215554477081	44
0.10826925398621	0.351630194981725	44
0.10895780785609	0.350714860686515	2585
0.10647884198302	0.352309794326609	748
0.10758043184799	0.351807769829277	748
-0.0272423236653701	1.56216734084109	34
0.10826925398621	0.351630194981725	771
0.02217166124116	0.922085024507874	34
-0.00245430321512008	1.15619890710798	34
0.10716674266205	0.352132388893513	1074
0.10579067361142	0.351785528543761	1074
0.10647884198302	0.352309794326609	129
0.10218335279232	0.353699707342604	236
0.10218335279232	0.353699707342604	51
0.08931722660306	0.650273274268608	507
0.08431855036541	0.655167690820231	51
0.10258640259334	0.352883231159087	2
-0.02079133119985	0.57936096462064	2
-0.0259013793896701	0.582633022248989	603
-0.01937561527664	0.578362564289604	769
0.10218335279232	0.353699707342604	784
-0.02166292684413	0.580493155786958	49
0.10758043184799	0.351807769829277	49
0.10218335279232	0.353699707342604	49
0.10579067361142	0.351785528543761	4608
0.10826925398621	0.351630194981725	1655
0.10785437586757	0.351215554477081	36
0.09695846450511	0.993288273605257	44
-0.0169984796309399	0.575369583410616	44
-0.0184516407555	1.37254925744542	44
0.10826925398621	0.351630194981725	44
0.10758043184799	0.351807769829277	639
-0.0302678201580699	0.585048846712041	34
0.11792702306482	1.24704496176756	1993
-0.01587168520504	0.57659573259799	34
0.10218335279232	0.353699707342604	34
0.0922286548811599	1.00179549889165	34
0.10146758266999	0.990240785063206	34
0.10466782739467	1.50334830423476	34
0.0989630106853701	0.353478679518203	934
0.10397890323872	0.352462565358244	1074
-0.0191828674279599	0.577346026506201	1074
0.08911118682812	0.650217800895839	12
-0.02146816355672	1.38095025526884	129
-0.02231617876324	0.577072017422024	129
0.10579067361142	0.351785528543761	236
-0.0205075928915399	0.579490279223785	51
-0.02099398512007	0.58063946719774	51
-0.0976102135151999	1.33671241860646	51
0.10758043184799	0.351807769829277	4740
-0.0206064013082601	0.579256545559091	1621
0.10826925398621	0.351630194981725	2
0.10758043184799	0.351807769829277	3554
0.10579067361142	0.351785528543761	49
0.10397890323872	0.352462565358244	49
0.10663361484863	0.351799503810815	1523
-0.0975608321724499	1.10804259978306	36
-0.01898917918035	0.579150144945583	36
0.10218335279232	0.353699707342604	639
0.07396822305422	0.658221005570004	34
0.00858485648301	1.61785186651977	1993
0.10895780785609	0.350714860686515	34
0.0793186645478301	0.657843294254402	34
0.10758043184799	0.351807769829277	934
0.10758043184799	0.351807769829277	934
-0.03598885070098	1.57212476886965	129
-0.02032538013449	0.58045220816518	4205
0.10579067361142	0.351785528543761	51
-0.07888779869732	0.834205282807095	507
0.09786574616812	0.353978519341629	51
-0.0794173265377101	0.834766722893349	2
-0.07572999281747	0.829307037080084	2
0.10758043184799	0.351807769829277	2
-0.02656840239241	0.58297122228144	769
0.11092586756108	0.350415838742694	646
0.11023341597372	0.349898349308083	1655
0.10785437586757	0.351215554477081	1655
0.10218335279232	0.353699707342604	324
-0.0996528920916899	1.73443771305264	23
0.10785437586757	0.351215554477081	36
0.10895780785609	0.350714860686515	36
0.0837647544950799	0.655529150841431	152
0.10758043184799	0.351807769829277	36
0.10489139680853	1.26898735580107	44
0.09786574616812	0.353978519341629	44
0.10647884198302	0.352309794326609	44
0.08969310715554	0.65043980789045	425
0.10716674266205	0.352132388893513	34
0.10895780785609	0.350714860686515	2031
0.10579067361142	0.351785528543761	934
0.10397890323872	0.352462565358244	1074
0.10826925398621	0.351630194981725	910
-0.0756380349010699	0.831439589392411	129
0.10287853396258	0.35296389743942	4205
0.10716674266205	0.352132388893513	51
-0.0211704534369199	0.579825727743365	177
0.08748786869031	0.652520255624373	507
0.02248878727375	0.92002627208102	2
-0.0259013793896701	0.582633022248989	2
0.08911118682812	0.650217800895839	2
0.10328279028361	0.353197314225222	769
0.10689134122138	0.351285302005725	769
-0.01870808245147	0.577883497327535	317
0.09786574616812	0.353978519341629	49
-0.02656840239241	0.58297122228144	49
-0.00625945797389993	1.17197175714604	36
-0.0150683676180501	1.3688888116657	36
-0.0021043917144199	1.16499768797325	36
-0.0154911986975901	0.575887232891104	36
0.10258640259334	0.352883231159087	36
0.0917406283689599	0.642709619444398	36
-0.0289403270686499	0.583135876548882	36
0.10287853396258	0.35296389743942	36
-0.02261442293622	0.579780704461	36
-0.01965711158767	0.579970689675105	44
0.10758043184799	0.351807769829277	508
0.11092586756108	0.350415838742694	44
0.0837839229014501	0.652787590638108	44
0.10716674266205	0.352132388893513	44
0.10287853396258	0.35296389743942	748
0.11161804781962	0.350237547909829	259
0.10785437586757	0.351215554477081	639
0.10287853396258	0.35296389743942	639
-0.10233042852894	1.11139316694673	34
0.10689134122138	0.351285302005725	2031
0.10716674266205	0.352132388893513	934
-0.0212754047183501	0.579737208933733	1074
-0.02495473558411	0.58335694060492	188
0.09042628008524	0.64845225589603	12
0.10397890323872	0.352462565358244	51
-0.0272357610266101	0.58293567232368	3325
0.0834161303561301	0.654178336506151	507
0.11092586756108	0.350415838742694	51
0.10716674266205	0.352132388893513	51
0.10826925398621	0.351630194981725	51
-0.01832158261363	0.57762571413367	51
-0.0206064013082601	0.579256545559091	51
-0.08429651434149	0.83638879537802	2
-0.03493034680445	0.585592217145805	2
0.10148789770049	0.353384284502155	2
0.11161804781962	0.350237547909829	49
0.10716674266205	0.352132388893513	4608
0.10895780785609	0.350714860686515	324
0.10579067361142	0.351785528543761	324
0.0261326553266601	0.914169218912551	36
-0.11124327459195	1.35748281740045	36
-0.00996181849811006	1.17482662399626	36
0.05215083549086	1.22849483768227	36
0.00971513901214993	0.931530347710444	36
0.01605054077581	1.59596277324278	36
0.11216994211065	1.25893491099117	44
0.11102092984386	1.26180913192148	44
0.08987186698926	0.649530308387677	2585
0.0807725913801201	0.656539941503435	2180
0.11092586756108	0.350415838742694	44
-0.01937561527664	0.578362564289604	34
-0.1013897915771	1.73835163215017	34
-0.02032538013449	0.58045220816518	34
0.0882408511769	0.650884112892455	34
-0.0206064013082601	0.579256545559091	34
0.10231922993712	0.352082943164405	34
0.02516710692654	0.915945725286258	34
-0.07849590914857	0.833815212107253	1157
0.11092586756108	0.350415838742694	1074
0.10647884198302	0.352309794326609	910
-0.0708114544451	0.823850099617228	910
-0.0975608321724499	1.10804259978306	12
0.02297864736608	0.917334834363891	12
0.11092586756108	0.350415838742694	4205
-0.07603124429498	0.830333865261929	507
0.10716674266205	0.352132388893513	2
0.10758043184799	0.351807769829277	2
0.10758043184799	0.351807769829277	222
0.10826925398621	0.351630194981725	646
0.10758043184799	0.351807769829277	324
0.06472946976006	2.15797541387579	23
0.00231100854867994	1.77489595807913	23
0.05373239829467	1.22754592203016	36
-0.0414972914415801	1.58659807328955	36
0.0302038703487799	0.905127951526526	36
-0.0792787682866301	0.831828482540017	36
0.10287853396258	0.35296389743942	36
0.0882408511769	0.650884112892455	36
0.10148789770049	0.353384284502155	44
0.10647884198302	0.352309794326609	44
0.1001076171711	0.991798641529475	44
0.10579067361142	0.351785528543761	34
-0.07466906671733	0.828812827260658	34
0.0926074934174399	0.999463282401262	1157
-0.02495473558411	0.58335694060492	1074
0.10826925398621	0.351630194981725	1074
0.0596848509772301	1.21959364607588	129
0.10647884198302	0.352309794326609	177
-0.02628763158757	0.583658225403998	51
0.10716674266205	0.352132388893513	2
0.10758043184799	0.351807769829277	2
-0.01965711158767	0.579970689675105	484
0.10826925398621	0.351630194981725	2
-0.01587168520504	0.57659573259799	2
0.10758043184799	0.351807769829277	769
0.10716674266205	0.352132388893513	324
-0.0503188386854301	1.91603396363705	23
0.0856919424191101	1.0094068398197	582
0.0862423575034901	1.00970411625956	36
0.10716674266205	0.352132388893513	36
0.10716674266205	0.352132388893513	36
-0.0899634016953501	1.0962781646493	36
0.10287853396258	0.35296389743942	36
-0.0212754047183501	0.579737208933733	44
0.10258640259334	0.352883231159087	44
-0.0938027977204501	1.09713572465809	44
0.0933944704887899	0.646019881766231	44
-0.0972487043950301	1.106741966799	44
0.10785437586757	0.351215554477081	639
0.02484190345592	0.919483883144089	34
0.10716674266205	0.352132388893513	34
-0.02495473558411	0.58335694060492	934
-0.0152067997466201	0.576118661909323	1074
0.10579067361142	0.351785528543761	910
-0.0108403531071299	1.17589190279249	12
0.0503263020274301	1.23186731874971	129
0.10758043184799	0.351807769829277	2682
0.10758043184799	0.351807769829277	2
0.10663361484863	0.351799503810815	769
0.10647884198302	0.352309794326609	324
0.0762984728605201	1.45630544971691	36
-0.10904469159696	1.56390432698732	36
-0.01184520399815	1.17627293471789	36
0.0800051934103401	1.44999765300219	199
0.08468418712269	0.653349101940307	36
-0.0783584733706999	0.833288890400322	36
-0.0214546059215199	0.580072466612979	36
-0.11050340318389	1.56288146335641	44
0.0907743109538099	0.648758219491063	44
-0.09630831417898	1.10379143714341	44
-0.02628763158757	0.583658225403998	44
0.10785437586757	0.351215554477081	44
0.10716674266205	0.352132388893513	639
-0.0750415989958999	0.826533164789691	425
-0.00838416096672989	1.17063364721599	34
0.02249234714144	0.920481090637812	34
0.10826925398621	0.351630194981725	34
0.10758043184799	0.351807769829277	934
-0.10500163887463	1.34871978511323	129
0.10785437586757	0.351215554477081	236
0.10647884198302	0.352309794326609	2682
-0.02099398512007	0.58063946719774	507
0.0990298292826199	0.991538463200193	51
-0.0259013793896701	0.582633022248989	484
0.10716674266205	0.352132388893513	603
-0.0165369043550301	0.576781738217319	769
0.10148789770049	0.353384284502155	769
0.10328279028361	0.353197314225222	769
0.10895780785609	0.350714860686515	287
0.11230995697287	0.349325823144218	287
0.10647884198302	0.352309794326609	49
-0.00728215967719992	1.16701386655677	36
0.09455961794431	1.4192777252216	36
0.10328279028361	0.353197314225222	36
-0.02261442293622	0.579780704461	36
0.10647884198302	0.352309794326609	36
0.10895780785609	0.350714860686515	44
-0.09927243278621	1.34195583481371	44
-0.0258231300371701	0.581187080143393	508
0.10397890323872	0.352462565358244	44
0.10716674266205	0.352132388893513	34
-0.04154980430357	1.59129515133598	34
0.02751917928195	0.91217895308592	34
0.10663361484863	0.351799503810815	34
0.10826925398621	0.351630194981725	2031
0.10716674266205	0.352132388893513	188
0.10716674266205	0.352132388893513	188
0.10826925398621	0.351630194981725	1074
0.0284819086145001	0.910427452490098	12
0.10109914448874	0.989704928321823	12
0.10758043184799	0.351807769829277	51
0.10758043184799	0.351807769829277	177
0.10579067361142	0.351785528543761	51
0.10218335279232	0.353699707342604	51
-0.0214546059215199	0.580072466612979	2
0.10647884198302	0.352309794326609	2
0.10258640259334	0.352883231159087	603
0.10579067361142	0.351785528543761	222
0.10716674266205	0.352132388893513	646
0.11161804781962	0.350237547909829	324
0.12169761540259	2.05826573008713	23
0.06608062111589	1.20994463615014	23
0.0972994057256999	0.998430777827098	36
0.0385934251383999	1.41179410997903	36
0.0919556760490201	0.646860540064004	36
0.10785437586757	0.351215554477081	44
0.10785437586757	0.351215554477081	44
-0.0256210160689501	0.583695327776066	34
-0.07810309833827	0.830861438186035	34
0.05992567910888	1.22164212909669	2031
0.0964250992941	0.994490052199396	2031
0.11161804781962	0.350237547909829	2031
0.10758043184799	0.351807769829277	484
-0.0251135948266099	1.55412526864526	393
-0.06385201403816	1.9476699737154	199
0.10218335279232	0.353699707342604	36
0.10758043184799	0.351807769829277	36
0.10758043184799	0.351807769829277	44
0.10826925398621	0.351630194981725	44
0.11092586756108	0.350415838742694	44
0.10397890323872	0.352462565358244	639
0.10258640259334	0.352883231159087	425
0.08931722660306	0.650273274268608	425
-0.08784425663655	0.838827240360376	425
-0.0200434839469901	0.578549734222855	34
0.10826925398621	0.351630194981725	934
0.10716674266205	0.352132388893513	188
0.10328279028361	0.353197314225222	188
-0.10220920489149	1.11269030957236	129
-0.02032538013449	0.58045220816518	129
0.100029100373	0.99174755332481	129
-0.0941555502748299	1.10014448871367	129
0.10647884198302	0.352309794326609	2682
-0.01720245749258	0.576637775977831	177
0.0832107315839501	0.655600676812176	51
-0.0213802300192001	0.57758827802239	2
0.10895780785609	0.350714860686515	603
0.10647884198302	0.352309794326609	3990
0.10758043184799	0.351807769829277	222
0.10733312446004	0.351067215845013	222
0.11023341597372	0.349898349308083	222
0.02104027720589	0.921892238789281	36
0.10328279028361	0.353197314225222	36
0.10895780785609	0.350714860686515	36
0.10328279028361	0.353197314225222	36
0.10663361484863	0.351799503810815	44
-0.0751102407520801	0.831210858504437	508
0.10218335279232	0.353699707342604	639
-0.07888779869732	0.834205282807095	34
0.0251667658022501	0.914734367633405	1157
-0.0936849326902001	1.09950463545713	2031
-0.02032538013449	0.58045220816518	2031
0.10287853396258	0.35296389743942	2031
-0.0305471390401799	0.583752148236366	910
-0.0841612711469799	0.837804955574193	12
0.11612274931303	1.25224360397453	12
0.01935349801727	0.920964744693744	4756
0.10716674266205	0.352132388893513	484
-0.01720245749258	0.576637775977831	3990
0.10895780785609	0.350714860686515	222
0.10785437586757	0.351215554477081	646
0.10758043184799	0.351807769829277	646
0.10218335279232	0.353699707342604	324
0.0452635570097799	2.12006406252414	23
0.0634052005191399	1.21592175861197	36
0.10716674266205	0.352132388893513	36
0.10716674266205	0.352132388893513	44
0.10647884198302	0.352309794326609	44
-0.0229613885806299	1.38162757684382	44
-0.0320913741017099	0.582669620397052	44
0.10758043184799	0.351807769829277	425
0.0247076790773799	1.58602521812586	34
0.10668654585616	1.26927869022263	34
0.02072883138505	0.923402051833666	1157
-0.09837867846165	1.34235364628306	2031
0.0852209906930499	0.654392144647465	2858
0.10647884198302	0.352309794326609	188
0.10716674266205	0.352132388893513	12
0.0837647544950799	0.655529150841431	177
-0.07888779869732	0.834205282807095	4756
0.0835842758277401	0.654783910829574	629
0.10647884198302	0.352309794326609	484
0.0834161303561301	0.654178336506151	484
0.10895780785609	0.350714860686515	2
0.10647884198302	0.352309794326609	1029
0.10148789770049	0.353384284502155	222
-0.02099398512007	0.58063946719774	222
0.10758043184799	0.351807769829277	222
0.10689134122138	0.351285302005725	222
0.10895780785609	0.350714860686515	324
0.02468477839688	0.916384127518116	36
0.0972994057256999	0.998430777827098	36
-0.02656840239241	0.58297122228144	36
0.10826925398621	0.351630194981725	36
0.0837647544950799	0.655529150841431	36
0.10785437586757	0.351215554477081	36
0.11161804781962	0.350237547909829	36
0.10716674266205	0.352132388893513	36
0.10826925398621	0.351630194981725	36
0.10758043184799	0.351807769829277	639
0.10716674266205	0.352132388893513	425
-0.0256210160689501	0.583695327776066	34
-0.0221182132134701	0.580408422501073	34
0.02773277315648	0.913069037403479	34
-0.01937561527664	0.578362564289604	34
0.10287853396258	0.35296389743942	34
-0.0168221136840501	0.577178479347997	188
-0.0233431592753299	0.580545475751851	12
0.02104272212667	0.922873470954488	4756
0.0807725913801201	0.656539941503435	2
-0.01937561527664	0.578362564289604	769
0.10647884198302	0.352309794326609	222
0.10895780785609	0.350714860686515	222
0.10397890323872	0.352462565358244	222
0.11092586756108	0.350415838742694	646
0.10218335279232	0.353699707342604	23
0.0850176259342801	0.652419444182068	36
-0.07849590914857	0.833815212107253	36
0.0547185958337899	1.22622552651172	199
-0.0994874077644301	1.1081701431542	36
0.08487211935683	0.654515958017152	36
0.11092586756108	0.350415838742694	36
0.10689134122138	0.351285302005725	36
0.10716674266205	0.352132388893513	137
0.10647884198302	0.352309794326609	36
0.10397890323872	0.352462565358244	44
0.10785437586757	0.351215554477081	44
0.10397890323872	0.352462565358244	44
0.10663361484863	0.351799503810815	3238
0.10826925398621	0.351630194981725	44
0.10716674266205	0.352132388893513	5408
0.0157420502455601	0.923439547390449	34
0.10826925398621	0.351630194981725	2501
0.10218335279232	0.353699707342604	188
0.10716674266205	0.352132388893513	34
0.0224967907593501	0.917614596845139	4756
0.0896657887737	0.649980701034027	4756
0.10758043184799	0.351807769829277	1730
0.10826925398621	0.351630194981725	1730
0.08876235876415	0.650754614292679	484
-0.0708114544451	0.823850099617228	2
-0.02628763158757	0.583658225403998	2
-0.0309320665117701	0.585162590702791	603
0.11161804781962	0.350237547909829	324
0.10758043184799	0.351807769829277	646
-0.0224971716223601	0.579053587470265	646
-0.02166292684413	0.580493155786958	646
0.10785437586757	0.351215554477081	324
-0.0946063082855699	2.1899657354227	36
-0.0470290124178801	1.75842749217739	36
0.09720421319883	0.99759399511106	36
0.10826925398621	0.351630194981725	36
0.10328279028361	0.353197314225222	36
0.10647884198302	0.352309794326609	137
0.10218335279232	0.353699707342604	44
-0.00171974195260005	1.15926018980876	44
0.0191102629895299	0.923651478846146	44
0.10663361484863	0.351799503810815	44
0.0882072633098401	0.650992030959653	44
0.11230995697287	0.349325823144218	639
0.11398070856567	1.25625109978845	34
-0.0251626552633499	0.580620515914332	34
0.10647884198302	0.352309794326609	2501
0.11092586756108	0.350415838742694	188
0.0837647544950799	0.655529150841431	129
0.0205580137244501	0.922824886840433	129
-0.07466906671733	0.828812827260658	236
-0.0206064013082601	0.579256545559091	127
0.10647884198302	0.352309794326609	731
0.10218335279232	0.353699707342604	629
-0.0212754047183501	0.579737208933733	2
0.11023341597372	0.349898349308083	769
0.10328279028361	0.353197314225222	769
0.10647884198302	0.352309794326609	769
0.10826925398621	0.351630194981725	222
0.10716674266205	0.352132388893513	23
-0.10107974808624	1.34855446327701	36
-0.0464500033209501	1.7595001927055	36
0.10218335279232	0.353699707342604	36
-0.02303679745895	1.3860849999879	199
0.10826925398621	0.351630194981725	44
0.10218335279232	0.353699707342604	44
-0.0259013793896701	0.582633022248989	44
-0.09673737439131	1.5372151453461	44
-0.0799470570269301	0.834996837205207	44
-0.0161564891964301	0.576700733308464	44
0.0258039864119699	0.91860746365762	44
0.10785437586757	0.351215554477081	44
-0.07972704233647	0.832217195612665	425
-0.0740552567697299	0.829740364208364	34
-0.0774378530941899	0.832339460717058	425
0.0896657887737	0.649980701034027	34
-0.10320130550352	1.35036434403759	1157
0.10397890323872	0.352462565358244	1276
0.0175917224594999	0.926047313455014	129
0.10397890323872	0.352462565358244	236
0.10647884198302	0.352309794326609	264
-0.0795547748035701	0.833920396876194	51
0.11161804781962	0.350237547909829	1730
0.10716674266205	0.352132388893513	1730
0.11023341597372	0.349898349308083	2
0.10716674266205	0.352132388893513	603
0.10328279028361	0.353197314225222	769
0.10148789770049	0.353384284502155	1029
0.10647884198302	0.352309794326609	324
0.0138963436405399	1.74258232602496	23
0.01927108275218	0.923213447472463	36
0.10663361484863	0.351799503810815	36
0.0205603806453201	0.923153613701468	36
0.10287853396258	0.35296389743942	36
0.08286183671648	0.6545394097211	44
-0.0145422476842101	0.575306259165605	44
0.10647884198302	0.352309794326609	1258
0.08876235876415	0.650754614292679	425
-0.0907493401048201	1.32460844771457	425
-0.00569538872691999	1.17030354105811	34
0.10579067361142	0.351785528543761	2857
0.10826925398621	0.351630194981725	2857
0.0220104077830601	0.921079433700798	129
-0.0890333746971099	0.83694260668512	129
0.10148789770049	0.353384284502155	236
0.10895780785609	0.350714860686515	127
-0.02495473558411	0.58335694060492	2
0.11092586756108	0.350415838742694	3745
0.10826925398621	0.351630194981725	769
0.10647884198302	0.352309794326609	287
0.10716674266205	0.352132388893513	324
0.10826925398621	0.351630194981725	324
-0.0038202770301301	1.78943524943365	393
-0.09657172018252	1.10669466300608	36
0.10826925398621	0.351630194981725	36
0.10663361484863	0.351799503810815	36
-0.02878487348087	1.39019399508287	44
0.0215283086151901	0.921359378423402	44
-0.0219447451608401	0.579924971604282	2703
0.10785437586757	0.351215554477081	34
0.0967518998339401	0.998552255492522	425
0.10328279028361	0.353197314225222	34
-0.01575629699444	1.17886356605874	1157
0.10826925398621	0.351630194981725	34
0.10758043184799	0.351807769829277	34
0.10826925398621	0.351630194981725	34
0.08911118682812	0.650217800895839	945
0.10647884198302	0.352309794326609	188
0.0916767780246299	0.64637927008539	2857
0.01644458659371	0.927072112028693	129
0.10287853396258	0.35296389743942	127
0.10579067361142	0.351785528543761	177
0.10758043184799	0.351807769829277	177
0.10826925398621	0.351630194981725	2
-0.0246738993289199	0.581595777089794	2
-0.07360895235181	0.82711047870906	2
0.11161804781962	0.350237547909829	769
0.10579067361142	0.351785528543761	769
0.11092586756108	0.350415838742694	769
0.10647884198302	0.352309794326609	222
0.10758043184799	0.351807769829277	222
0.10895780785609	0.350714860686515	222
0.11161804781962	0.350237547909829	324
-0.0289403270686499	0.583135876548882	324
0.10716674266205	0.352132388893513	2597
-0.0000149419100399228	1.15407358137819	199
-0.01870808245147	0.577883497327535	36
0.10287853396258	0.35296389743942	36
0.10733312446004	0.351067215845013	36
0.10826925398621	0.351630194981725	44
0.0991737682892	0.993183005443509	44
-0.0161564891964301	0.576700733308464	44
0.10579067361142	0.351785528543761	44
0.10328279028361	0.353197314225222	34
-0.09259196987216	1.10158470570079	425
0.11023341597372	0.349898349308083	34
0.0989630106853701	0.353478679518203	945
-0.0798084916433699	0.832741341170684	177
0.10258640259334	0.352883231159087	2
0.10716674266205	0.352132388893513	2
-0.0305471390401799	0.583752148236366	484
0.10663361484863	0.351799503810815	484
0.10785437586757	0.351215554477081	2
0.10328279028361	0.353197314225222	603
0.10218335279232	0.353699707342604	769
0.10758043184799	0.351807769829277	324
-0.07810309833827	0.830861438186035	36
0.0888347761285	1.43672367168726	199
0.09716291462318	0.354221264198155	36
0.10716674266205	0.352132388893513	4802
0.10218335279232	0.353699707342604	44
0.02516710692654	0.915945725286258	44
-0.09704134636607	1.10779722629095	44
-0.0168221136840501	0.577178479347997	44
0.10258640259334	0.352883231159087	44
0.10328279028361	0.353197314225222	44
0.10758043184799	0.351807769829277	2703
0.09321819000058	1.00038228783875	425
0.10689134122138	0.351285302005725	425
0.09404093929929	0.999860002465036	34
0.0924911489970699	0.647904639842956	34
0.10148416180808	0.990868882308573	34
0.10758043184799	0.351807769829277	188
0.10579067361142	0.351785528543761	188
-0.02495473558411	0.58335694060492	188
-0.0221182132134701	0.580408422501073	236
0.10716674266205	0.352132388893513	127
0.10716674266205	0.352132388893513	127
-0.01937561527664	0.578362564289604	177
0.01331620770664	0.929644878331493	4563
0.10647884198302	0.352309794326609	3402
0.10716674266205	0.352132388893513	198
0.10647884198302	0.352309794326609	324
0.10218335279232	0.353699707342604	324
0.0945770037097899	0.999406427294097	36
-0.02166292684413	0.580493155786958	36
0.10826925398621	0.351630194981725	199
0.11161804781962	0.350237547909829	36
0.10758043184799	0.351807769829277	36
-0.0221182132134701	0.580408422501073	36
0.10826925398621	0.351630194981725	36
0.10287853396258	0.35296389743942	319
0.09716291462318	0.354221264198155	44
0.10218335279232	0.353699707342604	319
-0.10171093985376	1.11036179916054	44
0.01959300670875	0.923705052755737	44
0.0950505422410799	0.64457218511105	44
0.11161804781962	0.350237547909829	44
0.09716291462318	0.354221264198155	425
0.08876235876415	0.650754614292679	425
-0.07810309833827	0.830861438186035	425
-0.0909839402605299	1.32252873582963	34
-0.11006712065288	1.11869034452238	1157
-0.01564897750522	1.37125092211897	34
0.08949273347165	0.650191977967804	34
-0.0299876141396001	0.583067451775322	12
-0.10105189032134	1.54832258203099	129
-0.01965711158767	0.579970689675105	4563
0.10758043184799	0.351807769829277	484
0.10785437586757	0.351215554477081	603
0.10328279028361	0.353197314225222	769
0.10716674266205	0.352132388893513	769
0.10785437586757	0.351215554477081	36
0.11230995697287	0.349325823144218	199
-0.02032538013449	0.58045220816518	36
0.10287853396258	0.35296389743942	36
0.0982592360254899	0.353721534917221	5002
0.0837647544950799	0.655529150841431	44
0.0908989619598799	1.0043661234683	44
0.10826925398621	0.351630194981725	44
0.10397890323872	0.352462565358244	3833
0.10218335279232	0.353699707342604	3833
0.10579067361142	0.351785528543761	3372
0.10716674266205	0.352132388893513	1772
0.09059390112036	0.648549439477228	425
0.02703946779485	0.913810300212913	425
0.10826925398621	0.351630194981725	425
-0.02261442293622	0.579780704461	425
-0.00154211797088011	1.16074496738442	34
0.10647884198302	0.352309794326609	34
0.10579067361142	0.351785528543761	945
0.10287853396258	0.35296389743942	188
0.0882072633098401	0.650992030959653	12
0.0181432009893401	0.922053812369057	129
-0.0909026913394699	1.09655549511862	177
-0.08033841776218	0.833301306316734	177
0.10328279028361	0.353197314225222	177
-0.01898917918035	0.579150144945583	484
0.08876235876415	0.650754614292679	603
0.10258640259334	0.352883231159087	769
0.10647884198302	0.352309794326609	287
0.10647884198302	0.352309794326609	324
0.08256318826243	2.38160800065767	36
-0.0970738640842399	1.34248984920624	36
0.10386685280302	1.26749200926612	36
-0.01737402314317	0.575554514837542	36
0.10785437586757	0.351215554477081	5002
0.08042337020513	0.656400453451052	44
0.10785437586757	0.351215554477081	2929
0.10826925398621	0.351630194981725	1882
0.10785437586757	0.351215554477081	3372
0.10328279028361	0.353197314225222	1772
0.10328279028361	0.353197314225222	1772
-0.10302833988227	1.34632687556257	425
0.0191102629895299	0.923651478846146	34
0.10733312446004	0.351067215845013	945
0.10716674266205	0.352132388893513	945
0.0939877275752501	1.00148951594956	129
-0.02495473558411	0.58335694060492	892
0.09786574616812	0.353978519341629	892
0.10689134122138	0.351285302005725	1292
0.10826925398621	0.351630194981725	603
0.10287853396258	0.35296389743942	769
0.10647884198302	0.352309794326609	1029
0.10579067361142	0.351785528543761	222
0.10328279028361	0.353197314225222	287
-0.01870808245147	0.577883497327535	287
0.10647884198302	0.352309794326609	324
0.10716674266205	0.352132388893513	324
0.10647884198302	0.352309794326609	1389
0.10758043184799	0.351807769829277	23
0.10895780785609	0.350714860686515	36
-0.0734679619656999	0.822261212142338	36
0.0964447971331399	0.997079070566473	44
0.06762369357287	1.20659189852442	44
0.02275392634061	0.916924983336225	44
0.10218335279232	0.353699707342604	2929
0.10287853396258	0.35296389743942	1772
0.10716674266205	0.352132388893513	1772
-0.0694359566063301	0.822779556033557	425
-0.10077794516008	1.34779273224576	425
-0.0302678201580699	0.585048846712041	901
-0.01898917918035	0.579150144945583	129
0.02814625472665	0.913477599020844	129
0.08632690639061	0.652735113629601	1538
-0.0256210160689501	0.583695327776066	892
0.10328279028361	0.353197314225222	892
0.0852209906930499	0.654392144647465	177
0.10826925398621	0.351630194981725	4371
0.10716674266205	0.352132388893513	287
0.10785437586757	0.351215554477081	324
0.0243555019897099	0.920328771307225	199
0.0982592360254899	0.353721534917221	36
0.10758043184799	0.351807769829277	319
0.0178956857389101	0.925718367547389	44
0.10785437586757	0.351215554477081	44
-0.0201283887544399	0.577925349917484	44
0.10758043184799	0.351807769829277	44
0.10785437586757	0.351215554477081	44
0.10287853396258	0.35296389743942	3775
0.10647884198302	0.352309794326609	945
0.10895780785609	0.350714860686515	945
0.11092586756108	0.350415838742694	901
0.10758043184799	0.351807769829277	177
-0.07229822113558	0.824031087836264	469
-0.07035646601997	0.825248140293113	2
0.11161804781962	0.350237547909829	2
0.10716674266205	0.352132388893513	324
0.10328279028361	0.353197314225222	36
-0.08038673746998	0.834283143981661	36
0.0681387374554201	1.20462989301269	1024
0.10211568957996	1.27110016610138	2757
0.10647884198302	0.352309794326609	36
0.10826925398621	0.351630194981725	319
0.10647884198302	0.352309794326609	319
-0.0049094649308099	1.16520373239425	44
0.10161201644474	0.352326436107844	44
0.10895780785609	0.350714860686515	1882
0.09304389476812	0.647668753377714	1772
-0.02400836223229	0.581258703136909	425
0.10647884198302	0.352309794326609	34
0.0835604176000799	0.654541861848122	34
0.0889418121888199	0.650550150792748	34
0.11023341597372	0.349898349308083	945
0.10258640259334	0.352883231159087	945
0.11092586756108	0.350415838742694	901
0.08487211935683	0.654515958017152	129
0.02024023311193	0.924451068974598	129
-0.0246738993289199	0.581595777089794	1538
0.10647884198302	0.352309794326609	1127
0.10826925398621	0.351630194981725	177
0.10758043184799	0.351807769829277	484
-0.0302678201580699	0.585048846712041	2
0.11092586756108	0.350415838742694	2
0.10647884198302	0.352309794326609	603
0.10826925398621	0.351630194981725	3317
0.10826925398621	0.351630194981725	287
0.11092586756108	0.350415838742694	287
0.10826925398621	0.351630194981725	826
0.11713751522589	1.25040977650574	36
0.11399813609007	1.49104040917073	2757
0.11092586756108	0.350415838742694	546
-0.0199377346304801	0.578438416169099	44
0.10716674266205	0.352132388893513	4
0.09269410012819	0.646644202235759	425
0.11092586756108	0.350415838742694	34
0.10758043184799	0.351807769829277	34
0.10733312446004	0.351067215845013	945
0.10218335279232	0.353699707342604	945
0.11092586756108	0.350415838742694	188
0.10826925398621	0.351630194981725	177
-0.0821822373703201	0.835671513699384	177
0.10826925398621	0.351630194981725	3333
0.10826925398621	0.351630194981725	469
-0.0206064013082601	0.579256545559091	2
0.10826925398621	0.351630194981725	2
0.10826925398621	0.351630194981725	324
0.11092586756108	0.350415838742694	826
-0.01898917918035	0.579150144945583	546
-0.0783584733706999	0.833288890400322	1594
-0.0841612711469799	0.837804955574193	44
0.08466769309659	0.654753086475839	44
0.11230995697287	0.349325823144218	44
-0.03210844758299	1.56447038252424	425
0.0902201634281701	0.649500065308071	1154
0.02007559025623	0.923424698221672	34
0.10579067361142	0.351785528543761	945
-0.02032538013449	0.58045220816518	945
-0.0309320665117701	0.585162590702791	945
0.11161804781962	0.350237547909829	188
0.10258640259334	0.352883231159087	1127
0.0327571536098701	0.906292782911841	177
0.10148789770049	0.353384284502155	469
0.10218335279232	0.353699707342604	469
0.10328279028361	0.353197314225222	484
0.10689134122138	0.351285302005725	5262
0.10758043184799	0.351807769829277	769
0.10579067361142	0.351785528543761	1389
0.0344768180937201	1.41958041149394	36
0.07070803870314	1.46718362467582	1024
0.0924911489970699	0.647904639842956	2757
0.11230995697287	0.349325823144218	546
0.10785437586757	0.351215554477081	2529
0.0845240361816599	0.652524616558064	2253
0.0256505663114801	0.914606893727347	44
0.0941242040612	1.0000452377672	44
0.0243555019897099	0.920328771307225	44
0.0915878437528499	0.647358309178234	44
0.10397890323872	0.352462565358244	44
0.11161804781962	0.350237547909829	1533
0.10218335279232	0.353699707342604	44
-0.0341085000394801	1.39802526375068	34
-0.0850832455039401	0.836331276164506	34
-0.01898917918035	0.579150144945583	34
-0.0733571621476901	0.825105299411808	34
0.10328279028361	0.353197314225222	803
0.10716674266205	0.352132388893513	536
0.10716674266205	0.352132388893513	177
0.10328279028361	0.353197314225222	177
-0.07572999281747	0.829307037080084	5262
-0.02267829016192	0.579106936023567	2
0.10758043184799	0.351807769829277	2
0.10826925398621	0.351630194981725	324
0.02275392634061	0.916924983336225	199
-0.0799470570269301	0.834996837205207	36
0.10663361484863	0.351799503810815	732
0.11092586756108	0.350415838742694	545
-0.0154911986975901	0.575887232891104	545
0.10758043184799	0.351807769829277	2253
-0.03159664646384	0.58452904588601	2253
-0.09818970079986	1.10806467480942	1594
0.0299304038096699	0.911545057923848	44
0.10397890323872	0.352462565358244	1926
0.11023341597372	0.349898349308083	44
0.10716674266205	0.352132388893513	44
0.10647884198302	0.352309794326609	4
0.10716674266205	0.352132388893513	4
-0.08890043044031	0.839622784557726	425
-0.0259013793896701	0.582633022248989	34
0.10328279028361	0.353197314225222	34
-0.0246738993289199	0.581595777089794	536
0.10758043184799	0.351807769829277	945
0.10733312446004	0.351067215845013	188
0.08466769309659	0.654753086475839	1538
-0.01720245749258	0.576637775977831	236
0.03089185354005	0.909121386931051	177
0.10689134122138	0.351285302005725	177
0.10826925398621	0.351630194981725	1292
-0.02099398512007	0.58063946719774	1292
-0.02533977086171	0.581560371416527	983
0.10689134122138	0.351285302005725	983
-0.02495473558411	0.58335694060492	2
0.10647884198302	0.352309794326609	3317
0.10218335279232	0.353699707342604	1029
0.11092586756108	0.350415838742694	1029
0.10758043184799	0.351807769829277	324
0.10647884198302	0.352309794326609	727
0.10647884198302	0.352309794326609	727
0.10758043184799	0.351807769829277	1389
0.0203021327083299	1.5931603532345	23
-0.0799470570269301	0.834996837205207	44
0.10716674266205	0.352132388893513	44
-0.0910597353703999	1.52731544184315	34
0.09556671611999	0.996979764747436	34
0.10647884198302	0.352309794326609	34
0.0925999311450001	1.00118427334663	252
0.10826925398621	0.351630194981725	803
0.10758043184799	0.351807769829277	188
0.10895780785609	0.350714860686515	188
0.10758043184799	0.351807769829277	1471
-0.0708114544451	0.823850099617228	129
-0.0216372613487399	1.18293494152959	129
0.10647884198302	0.352309794326609	236
0.10218335279232	0.353699707342604	983
0.09786574616812	0.353978519341629	177
-0.0305471390401799	0.583752148236366	2387
-0.0786322328525999	0.830739639663377	484
0.10328279028361	0.353197314225222	1654
0.10895780785609	0.350714860686515	1654
0.07910838953977	1.45647648606655	36
-0.0211704534369199	0.579825727743365	36
-0.01766761049524	1.18140630119683	36
0.0982037769380999	0.996834089882909	1024
0.0839701967903499	0.653528558133648	199
0.10258640259334	0.352883231159087	199
0.10579067361142	0.351785528543761	546
0.10758043184799	0.351807769829277	546
-0.02495473558411	0.58335694060492	36
0.10258640259334	0.352883231159087	36
0.10397890323872	0.352462565358244	319
0.10716674266205	0.352132388893513	2253
-0.01965711158767	0.579970689675105	44
0.10826925398621	0.351630194981725	44
0.10785437586757	0.351215554477081	1533
0.10647884198302	0.352309794326609	3171
0.10826925398621	0.351630194981725	4
0.10716674266205	0.352132388893513	3549
-0.02656840239241	0.58297122228144	3549
-0.09920785849999	1.34519021092566	1154
-0.0751102407520801	0.831210858504437	1154
0.10785437586757	0.351215554477081	425
0.09786574616812	0.353978519341629	34
-0.0199377346304801	0.578438416169099	34
-0.0211704534369199	0.579825727743365	34
0.10716674266205	0.352132388893513	1471
0.10647884198302	0.352309794326609	188
0.08213220310358	0.654413913177199	129
-0.02628763158757	0.583658225403998	236
-0.0233431592753299	0.580545475751851	236
0.10148789770049	0.353384284502155	983
0.10758043184799	0.351807769829277	983
-0.0212754047183501	0.579737208933733	2387
0.10397890323872	0.352462565358244	2
0.10716674266205	0.352132388893513	769
-0.0154911986975901	0.575887232891104	769
0.10218335279232	0.353699707342604	1654
0.10716674266205	0.352132388893513	1654
0.10895780785609	0.350714860686515	234
0.10785437586757	0.351215554477081	36
0.10895780785609	0.350714860686515	545
0.11092586756108	0.350415838742694	319
0.11092586756108	0.350415838742694	3171
-0.10009769695618	1.10847126343208	3804
0.10716674266205	0.352132388893513	188
0.03131154584526	0.906103660796742	129
-0.0993603414891899	1.10687004574521	236
0.10328279028361	0.353197314225222	5430
0.0922302055470901	0.645309948854565	177
0.0837647544950799	0.655529150841431	177
0.08914213548745	0.651442119559592	177
0.10716674266205	0.352132388893513	469
-0.0256210160689501	0.583695327776066	469
0.10758043184799	0.351807769829277	2387
-0.01965711158767	0.579970689675105	2
-0.0293241189514	0.582953239357999	2
-0.02032538013449	0.58045220816518	769
0.10579067361142	0.351785528543761	324
0.10826925398621	0.351630194981725	727
0.10826925398621	0.351630194981725	234
-0.09640687278039	1.72451735133431	36
0.09324688884083	0.645906963789496	199
0.0832107315839501	0.655600676812176	199
0.05290429990192	1.64005401101215	2253
-0.07849590914857	0.833815212107253	44
0.10758043184799	0.351807769829277	44
0.10895780785609	0.350714860686515	44
-0.0148262418915399	0.574376653983274	4
0.10785437586757	0.351215554477081	34
0.10647884198302	0.352309794326609	34
0.11230995697287	0.349325823144218	188
0.10826925398621	0.351630194981725	188
-0.0766510291834099	0.827866180037177	129
0.0195248049061001	0.921005872546459	129
0.11161804781962	0.350237547909829	2199
0.10579067361142	0.351785528543761	2199
-0.02032538013449	0.58045220816518	2
0.10647884198302	0.352309794326609	927
0.10895780785609	0.350714860686515	324
0.1039725903182	1.26584124850311	36
0.0178956857389101	0.925718367547389	199
0.0807725913801201	0.656539941503435	199
0.10328279028361	0.353197314225222	545
0.10716674266205	0.352132388893513	2253
0.0242022899021399	0.916534369479005	2253
0.03681734071148	1.41196562824672	2253
0.10785437586757	0.351215554477081	2314
-0.0245683390865099	0.580473910496962	2314
0.10397890323872	0.352462565358244	44
0.11161804781962	0.350237547909829	44
0.10647884198302	0.352309794326609	44
0.10716674266205	0.352132388893513	3171
0.11092586756108	0.350415838742694	44
0.10287853396258	0.35296389743942	44
-0.02866095646662	0.582384335707824	1746
0.0869359952923301	0.652238168620569	4
0.10785437586757	0.351215554477081	803
0.0828285046022701	0.650770822347976	1471
0.0841141687861899	0.654824552022475	188
-0.0256210160689501	0.583695327776066	129
0.10218335279232	0.353699707342604	177
0.10716674266205	0.352132388893513	177
-0.0302678201580699	0.585048846712041	469
-0.02261442293622	0.579780704461	2
0.10647884198302	0.352309794326609	3715
0.10148789770049	0.353384284502155	927
0.10689134122138	0.351285302005725	324
-0.0154911986975901	0.575887232891104	393
0.08914213548745	0.651442119559592	393
-0.0696913379770101	0.821262435509749	36
0.10328279028361	0.353197314225222	36
0.11161804781962	0.350237547909829	545
0.10895780785609	0.350714860686515	545
0.10716674266205	0.352132388893513	2253
0.10148789770049	0.353384284502155	2314
0.10647884198302	0.352309794326609	44
0.0880395164151999	0.652449440273683	44
0.10716674266205	0.352132388893513	44
0.10716674266205	0.352132388893513	44
0.10826925398621	0.351630194981725	1746
0.0253177529953099	0.91880020409554	4
-0.10302833988227	1.34632687556257	3804
0.10758043184799	0.351807769829277	425
-0.07413890813543	0.828125663215551	425
0.10785437586757	0.351215554477081	425
0.10758043184799	0.351807769829277	1471
0.0787659723701499	0.658038712603471	129
0.10785437586757	0.351215554477081	1538
-0.02656840239241	0.58297122228144	1538
-0.02495473558411	0.58335694060492	177
0.09716291462318	0.354221264198155	4657
0.10716674266205	0.352132388893513	2
-0.0259013793896701	0.582633022248989	2
0.10328279028361	0.353197314225222	2
0.10579067361142	0.351785528543761	234
-0.07505578225355	2.40805916274418	3175
-0.0860489819043499	1.08479315611193	1024
-0.02676803648149	0.581766483346834	199
0.10647884198302	0.352309794326609	36
0.10689134122138	0.351285302005725	36
-0.02099398512007	0.58063946719774	36
0.10785437586757	0.351215554477081	545
0.10785437586757	0.351215554477081	545
0.10647884198302	0.352309794326609	1594
0.10218335279232	0.353699707342604	1594
-0.01095626605947	1.17446627611185	3804
0.02887119862815	1.42543920930657	3804
-0.0977436284851101	1.10609070780557	425
0.0896657887737	0.649980701034027	129
0.02516710692654	0.915945725286258	129
0.08431855036541	0.655167690820231	188
-0.0214546059215199	0.580072466612979	34
0.0830339831393301	0.654977959690159	2404
0.10647884198302	0.352309794326609	177
0.0915878437528499	0.647358309178234	469
0.10689134122138	0.351285302005725	2387
-0.0779667799886701	0.833254538561395	2
-0.02099398512007	0.58063946719774	2
0.10826925398621	0.351630194981725	2
0.10647884198302	0.352309794326609	2
0.0286520603886	1.43220532021067	23
0.0907743109538099	0.648758219491063	393
-0.07413890813543	0.828125663215551	199
-0.02495473558411	0.58335694060492	182
0.11092586756108	0.350415838742694	545
0.10647884198302	0.352309794326609	735
-0.02368059789072	1.38408616621319	2253
0.0919556760490201	0.646860540064004	44
0.10397890323872	0.352462565358244	44
0.10785437586757	0.351215554477081	44
0.12064662095152	1.23968416993718	1154
-0.0223871695701501	1.38095034328828	1154
0.10758043184799	0.351807769829277	34
0.0924911489970699	0.647904639842956	1471
-0.00813326347520005	1.17127647162529	1471
-0.0200434839469901	0.578549734222855	1127
0.0837647544950799	0.655529150841431	1127
0.10826925398621	0.351630194981725	177
0.10716674266205	0.352132388893513	469
-0.08033841776218	0.833301306316734	469
-0.02960390710866	0.58447674818335	1570
0.11092586756108	0.350415838742694	769
0.10826925398621	0.351630194981725	927
0.10328279028361	0.353197314225222	1277
-0.0199377346304801	0.578438416169099	234
0.10758043184799	0.351807769829277	234
-0.07655943915553	0.830562999915865	36
-0.0798084916433699	0.832741341170684	36
0.11513615979955	1.25078153630556	2253
0.10328279028361	0.353197314225222	44
-0.01965711158767	0.579970689675105	4
0.0553871495863201	1.22439636783877	425
0.0304112082038099	0.910513912074372	425
-0.0977191267817501	1.10758811364727	34
0.0841141687861899	0.654824552022475	34
-0.0272357610266101	0.58293567232368	1471
0.0253177529953099	0.91880020409554	129
-0.01965711158767	0.579970689675105	177
-0.01169716140508	0.572019285562981	2
0.10785437586757	0.351215554477081	2
0.10258640259334	0.352883231159087	2
-0.07360895235181	0.82711047870906	769
-0.01965711158767	0.579970689675105	769
0.10826925398621	0.351630194981725	234
-0.02495473558411	0.58335694060492	234
-0.10926247884116	1.35649182294551	393
0.029446285541	0.911626738788338	1024
-0.0199377346304801	0.578438416169099	182
-0.01965711158767	0.579970689675105	735
0.10488268109469	1.27174007062519	44
0.0909955754198899	1.00253646900759	44
-0.0298828099181101	0.58241606372645	44
-0.02032538013449	0.58045220816518	44
0.0590790784872399	1.62597610447099	34
-0.07849590914857	0.833815212107253	252
0.06249598171466	1.21095868707195	552
0.01428809916264	0.927844808994135	552
-0.01898917918035	0.579150144945583	34
-0.02099398512007	0.58063946719774	1471
-0.0950972405747099	1.10042201048904	188
0.0905692428887701	0.647595041048012	177
-0.0699640064468099	0.823170125254251	1127
0.10758043184799	0.351807769829277	469
-0.0219447451608401	0.579924971604282	469
-0.0168221136840501	0.577178479347997	979
0.10785437586757	0.351215554477081	484
0.10733312446004	0.351067215845013	2
0.10647884198302	0.352309794326609	2
-0.02428878983577	0.582639355082303	769
-0.0178722045287101	1.36914612623313	1024
0.0914061382479301	0.647216656522794	199
0.10716674266205	0.352132388893513	5508
-0.09607321358694	1.33981170842657	735
-0.10662139627727	1.11537703552218	1594
0.0939467201281301	0.645784338390518	1471
-0.0751994282328501	0.829206647171541	129
0.11092586756108	0.350415838742694	1127
0.10647884198302	0.352309794326609	1127
0.0882072633098401	0.650992030959653	177
0.10328279028361	0.353197314225222	177
0.10758043184799	0.351807769829277	469
-0.0259013793896701	0.582633022248989	469
-0.07810309833827	0.830861438186035	979
0.10785437586757	0.351215554477081	2
0.10716674266205	0.352132388893513	2
0.10895780785609	0.350714860686515	769
0.10218335279232	0.353699707342604	769
0.10287853396258	0.35296389743942	234
0.0723491728077299	1.81863375579259	36
-0.02428878983577	0.582639355082303	36
0.11230995697287	0.349325823144218	182
0.10579067361142	0.351785528543761	735
0.08487211935683	0.654515958017152	1594
-0.02656840239241	0.58297122228144	44
0.10895780785609	0.350714860686515	44
0.10895780785609	0.350714860686515	44
0.10716674266205	0.352132388893513	44
-0.0214546059215199	0.580072466612979	44
0.10895780785609	0.350714860686515	890
-0.09276739761456	1.53346747378176	425
-0.04023209259495	1.5830481544174	252
0.10148789770049	0.353384284502155	552
-0.10124051713031	1.11051296600747	188
0.08713723158925	0.651890032056221	236
0.10758043184799	0.351807769829277	1127
-0.0212754047183501	0.579737208933733	177
0.10716674266205	0.352132388893513	177
0.10689134122138	0.351285302005725	469
0.10785437586757	0.351215554477081	2
-0.0259013793896701	0.582633022248989	2
0.10716674266205	0.352132388893513	769
0.10895780785609	0.350714860686515	769
-0.01965711158767	0.579970689675105	769
0.10826925398621	0.351630194981725	234
0.10328279028361	0.353197314225222	234
0.07748790195264	1.45524645165906	36
0.11454325412505	1.69307027631337	1475
0.08579746086927	1.44263237972397	1024
0.0394332176757799	1.41289575868375	1024
-0.0256210160689501	0.583695327776066	36
0.10758043184799	0.351807769829277	2720
0.10716674266205	0.352132388893513	44
0.10785437586757	0.351215554477081	44
0.11161804781962	0.350237547909829	890
-0.03121180177176	0.584322987944732	425
0.10716674266205	0.352132388893513	34
0.10647884198302	0.352309794326609	34
-0.0402628703094701	0.586115177614034	188
-0.0674988839524999	0.818989459922804	129
-0.0975111218364999	1.10847652830436	34
0.0270375753987	0.912615597886753	34
0.08931722660306	0.650273274268608	1697
0.10328279028361	0.353197314225222	1697
0.10579067361142	0.351785528543761	2404
0.0232368144300601	0.917084635256968	177
0.10689134122138	0.351285302005725	2
0.10287853396258	0.35296389743942	2
0.10716674266205	0.352132388893513	5157
0.10716674266205	0.352132388893513	927
0.10287853396258	0.35296389743942	927
0.10579067361142	0.351785528543761	927
0.10397890323872	0.352462565358244	234
0.10663361484863	0.351799503810815	1475
-0.0157117891530101	1.36697226843264	1475
0.11092586756108	0.350415838742694	44
0.11230995697287	0.349325823144218	44
0.10758043184799	0.351807769829277	890
-0.07480862840562	0.82835962569904	3804
-0.01454130091933	1.17894149913811	1154
-0.0168221136840501	0.577178479347997	425
0.0562135342069101	1.22623329848688	425
0.09461071020195	0.994194917194764	252
-0.0161451166251301	1.36867392612564	252
0.10785437586757	0.351215554477081	1722
-0.0245683390865099	0.580473910496962	188
0.0902201634281701	0.649500065308071	1471
-0.10225763749685	1.34585272175988	129
0.07841671617754	0.656847582683595	236
0.10758043184799	0.351807769829277	1697
0.10716674266205	0.352132388893513	1697
0.10716674266205	0.352132388893513	236
0.10579067361142	0.351785528543761	177
0.10716674266205	0.352132388893513	484
0.0839701967903499	0.653528558133648	979
-0.0302678201580699	0.585048846712041	2723
0.10328279028361	0.353197314225222	927
-0.02166292684413	0.580493155786958	927
0.11230995697287	0.349325823144218	927
-0.0259013793896701	0.582633022248989	927
0.11161804781962	0.350237547909829	234
0.10647884198302	0.352309794326609	19
-0.02656840239241	0.58297122228144	1475
0.05943723730085	1.21884935311158	1475
0.10716674266205	0.352132388893513	199
0.0880013004134901	0.649837394152127	36
0.10716674266205	0.352132388893513	5508
0.09390967967812	0.353808839268374	735
-0.00728215967719992	1.16701386655677	1594
-0.0152067997466201	0.576118661909323	44
0.10593382759709	0.35148923313409	44
-0.01965711158767	0.579970689675105	44
0.10698853153198	0.976591926620914	44
0.10716674266205	0.352132388893513	44
0.10258640259334	0.352883231159087	44
0.10328279028361	0.353197314225222	44
-0.0742784587630301	0.828259284544803	1154
0.10218335279232	0.353699707342604	34
0.0565468323507601	1.22344673140097	252
-0.000945701410280053	1.16073463261202	252
0.10258640259334	0.352883231159087	552
0.10689134122138	0.351285302005725	1471
0.10328279028361	0.353197314225222	177
0.10826925398621	0.351630194981725	177
0.10758043184799	0.351807769829277	469
0.10826925398621	0.351630194981725	2
0.10826925398621	0.351630194981725	5157
-0.02400836223229	0.581258703136909	769
0.10758043184799	0.351807769829277	927
0.10716674266205	0.352132388893513	927
0.10785437586757	0.351215554477081	927
0.0545244537473699	1.63147045208263	3175
0.05786045293107	1.21642650576256	1475
0.0392287059224199	1.41326886724725	1024
0.07841671617754	0.656847582683595	199
0.10218335279232	0.353699707342604	182
0.08431855036541	0.655167690820231	735
-0.0909026913394699	1.09655549511862	44
0.10397890323872	0.352462565358244	44
-0.00155941279933991	1.15980687268559	252
0.00185515347353005	1.15292745648608	552
0.10328279028361	0.353197314225222	552
0.10647884198302	0.352309794326609	552
0.10785437586757	0.351215554477081	1471
-0.02032538013449	0.58045220816518	1471
-0.00319030720704006	1.16145846823174	34
0.0154795813594499	0.927590728608008	34
-0.02166292684413	0.580493155786958	177
0.10826925398621	0.351630194981725	469
-0.07480862840562	0.82835962569904	484
0.10689134122138	0.351285302005725	2
0.10758043184799	0.351807769829277	5157
0.10716674266205	0.352132388893513	769
0.10826925398621	0.351630194981725	1029
0.10716674266205	0.352132388893513	234
0.10758043184799	0.351807769829277	19
0.10758043184799	0.351807769829277	429
0.0830222372974601	0.650200281917426	36
0.10218335279232	0.353699707342604	182
-0.0161564891964301	0.576700733308464	4301
0.0555485946610601	1.22455223288671	1594
0.08911118682812	0.650217800895839	4629
0.10328279028361	0.353197314225222	44
0.10826925398621	0.351630194981725	44
0.10328279028361	0.353197314225222	34
-0.02166292684413	0.580493155786958	1722
0.10218335279232	0.353699707342604	1722
-0.02099398512007	0.58063946719774	34
0.10647884198302	0.352309794326609	1471
0.10689134122138	0.351285302005725	1471
0.07841671617754	0.656847582683595	129
0.08286183671648	0.6545394097211	34
-0.0742784587630301	0.828259284544803	34
0.10647884198302	0.352309794326609	236
0.10758043184799	0.351807769829277	484
0.10716674266205	0.352132388893513	484
0.10716674266205	0.352132388893513	469
0.11023341597372	0.349898349308083	469
0.10689134122138	0.351285302005725	5157
-0.02261442293622	0.579780704461	769
0.10148789770049	0.353384284502155	927
0.10647884198302	0.352309794326609	927
0.10328279028361	0.353197314225222	19
-0.08033841776218	0.833301306316734	425
0.02104272212667	0.922873470954488	34
-0.0199377346304801	0.578438416169099	469
0.10785437586757	0.351215554477081	2
0.10397890323872	0.352462565358244	2
0.10287853396258	0.35296389743942	2
0.10148789770049	0.353384284502155	769
0.10287853396258	0.35296389743942	769
0.10895780785609	0.350714860686515	927
0.10758043184799	0.351807769829277	234
0.10647884198302	0.352309794326609	1828
-0.0917232792259099	1.09695177150974	1024
0.09408579708075	1.00275626877492	366
0.0800259231310401	0.654288880243051	335
0.12015490306436	1.47913746628325	890
0.0620756053793301	1.21104917568894	425
0.11554535550832	1.25342589185056	34
0.0195676122924899	1.59734748490903	478
0.02007559025623	0.923424698221672	34
0.0830064393762799	0.653497012794634	1471
-0.07360895235181	0.82711047870906	2369
-0.02032538013449	0.58045220816518	2369
0.10758043184799	0.351807769829277	484
0.10258640259334	0.352883231159087	2
0.10218335279232	0.353699707342604	2
-0.0977191267817501	1.10758811364727	501
0.10785437586757	0.351215554477081	501
0.10716674266205	0.352132388893513	501
0.11161804781962	0.350237547909829	927
0.11161804781962	0.350237547909829	234
0.10689134122138	0.351285302005725	1828
0.10258640259334	0.352883231159087	1828
0.10148789770049	0.353384284502155	366
0.10148789770049	0.353384284502155	199
-0.07849590914857	0.833815212107253	44
0.0857740617371201	0.653741388644674	44
0.0861915043596899	0.64964405545937	4629
-0.0821822373703201	0.835671513699384	44
-0.02656840239241	0.58297122228144	44
0.10826925398621	0.351630194981725	385
-0.0309980263740499	1.57029203415972	889
0.0020294596230499	1.15451757920754	34
0.0159621640482199	0.92751320939181	34
-0.02032538013449	0.58045220816518	34
-0.0201283887544399	0.577925349917484	34
-0.0794173265377101	0.834766722893349	34
0.09765638907658	0.996286088791943	236
0.10579067361142	0.351785528543761	236
0.08487211935683	0.654515958017152	236
0.10689134122138	0.351285302005725	177
0.10579067361142	0.351785528543761	177
0.10826925398621	0.351630194981725	2
0.10647884198302	0.352309794326609	2
0.10716674266205	0.352132388893513	3996
0.08466769309659	0.654753086475839	501
0.10716674266205	0.352132388893513	1828
0.0911231238591399	0.647116713701421	1475
0.10758043184799	0.351807769829277	366
0.10826925398621	0.351630194981725	182
0.10826925398621	0.351630194981725	735
0.10211896915184	1.27285860770689	2253
0.0841343437690301	0.654257008970129	44
0.10716674266205	0.352132388893513	385
0.11161804781962	0.350237547909829	44
0.10258640259334	0.352883231159087	335
0.0743178824317401	0.659581316392577	4
-0.02533977086171	0.581560371416527	4
0.0181432009893401	0.922053812369057	4
-0.07888779869732	0.834205282807095	425
-0.0152067997466201	0.576118661909323	34
0.10716674266205	0.352132388893513	34
0.11161804781962	0.350237547909829	1471
-0.0979683796953901	1.09760218693656	34
0.10579067361142	0.351785528543761	236
0.0855706511387799	0.652347007412662	177
-0.02099398512007	0.58063946719774	177
-0.02166292684413	0.580493155786958	2
0.10593382759709	0.35148923313409	2
-0.01965711158767	0.579970689675105	3996
0.11161804781962	0.350237547909829	501
0.10397890323872	0.352462565358244	501
0.0874906853784401	0.649034904319458	182
0.10218335279232	0.353699707342604	735
0.10895780785609	0.350714860686515	735
-0.0256210160689501	0.583695327776066	735
0.10461356414011	0.984109673944111	44
0.10895780785609	0.350714860686515	385
0.10758043184799	0.351807769829277	890
-0.0755893142410899	0.827371293184792	3804
-0.0795547748035701	0.833920396876194	3804
0.10785437586757	0.351215554477081	4
-0.0821822373703201	0.835671513699384	4
-0.0714135613256299	0.825739488694593	4
-0.0940267053470001	1.10414074404699	425
0.08768915422257	0.651530929339694	425
-0.01937561527664	0.578362564289604	34
0.0982592360254899	0.353721534917221	34
0.10647884198302	0.352309794326609	34
-0.0214546059215199	0.580072466612979	1471
0.01959521747973	0.922660959332297	188
-0.0967529119680099	1.1054187726243	188
-0.0794173265377101	0.834766722893349	34
-0.01965711158767	0.579970689675105	34
0.11092586756108	0.350415838742694	1201
-0.0783584733706999	0.833288890400322	484
0.10716674266205	0.352132388893513	769
0.10716674266205	0.352132388893513	769
0.10895780785609	0.350714860686515	559
0.0313493330190799	1.42650561090723	23
0.0885904111606399	1.43658982243131	1024
0.10218335279232	0.353699707342604	366
0.10287853396258	0.35296389743942	366
-0.10583160297896	1.55641056182028	1594
0.0967518998339401	0.998552255492522	44
0.10397890323872	0.352462565358244	44
0.10647884198302	0.352309794326609	385
0.10716674266205	0.352132388893513	385
-0.01870808245147	0.577883497327535	2866
0.10716674266205	0.352132388893513	2866
0.10785437586757	0.351215554477081	335
0.10287853396258	0.35296389743942	1342
-0.07035646601997	0.825248140293113	3804
0.0632425358382101	1.2150745646122	34
-0.0798084916433699	0.832741341170684	34
-0.0256210160689501	0.583695327776066	34
0.10328279028361	0.353197314225222	478
0.10826925398621	0.351630194981725	34
0.10647884198302	0.352309794326609	1471
0.10785437586757	0.351215554477081	1471
0.08466769309659	0.654753086475839	188
0.11092586756108	0.350415838742694	177
-0.02099398512007	0.58063946719774	177
-0.0206064013082601	0.579256545559091	2
0.10716674266205	0.352132388893513	1083
-0.02495473558411	0.58335694060492	2
0.10218335279232	0.353699707342604	234
-0.0212754047183501	0.579737208933733	1828
0.10826925398621	0.351630194981725	1828
0.10785437586757	0.351215554477081	199
0.10328279028361	0.353197314225222	366
-0.0259013793896701	0.582633022248989	366
0.10716674266205	0.352132388893513	182
-0.01540171796098	2.08297969357	1594
-0.07888779869732	0.834205282807095	1217
0.0921410851526601	0.647122135526749	44
0.10647884198302	0.352309794326609	44
-0.10057393623362	1.54515237533911	34
-0.02228478554488	1.38010492777175	34
0.10716674266205	0.352132388893513	34
0.10758043184799	0.351807769829277	34
0.08783929390619	0.650342314973797	188
0.10826925398621	0.351630194981725	236
-0.0750587616076399	0.826686329329098	177
-0.01965711158767	0.579970689675105	177
0.10579067361142	0.351785528543761	177
-0.0224971716223601	0.579053587470265	484
0.02386997600291	0.918505259601628	2
-0.02071168876143	0.578406004795778	2
0.01331620770664	0.929644878331493	2
-0.02099398512007	0.58063946719774	2
0.10895780785609	0.350714860686515	2
0.10826925398621	0.351630194981725	501
0.11092586756108	0.350415838742694	1828
-0.0165369043550301	0.576781738217319	19
0.0880395164151999	0.652449440273683	3175
0.10647884198302	0.352309794326609	393
0.11161804781962	0.350237547909829	393
0.10218335279232	0.353699707342604	393
0.10758043184799	0.351807769829277	1594
0.11230995697287	0.349325823144218	1594
0.10716674266205	0.352132388893513	34
0.10826925398621	0.351630194981725	484
-0.00768868202556994	1.17110848854209	1024
-0.08323897166025	0.836854548113291	199
-0.0258231300371701	0.581187080143393	366
-0.0256210160689501	0.583695327776066	366
0.11161804781962	0.350237547909829	334
0.0639878953083499	1.21434329325294	735
-0.0298426312258899	1.39267187745993	1594
-0.00258427090902003	1.15900256189487	44
0.10647884198302	0.352309794326609	44
0.11161804781962	0.350237547909829	44
0.11092586756108	0.350415838742694	3589
0.10328279028361	0.353197314225222	44
0.10716674266205	0.352132388893513	1433
0.10895780785609	0.350714860686515	889
-0.06605189552586	0.817933002230296	4
-0.02628763158757	0.583658225403998	4
0.0246859086940601	0.91459877030979	34
-0.10290419887018	1.11109353465543	34
0.09786574616812	0.353978519341629	34
-0.02495473558411	0.58335694060492	34
0.0179013722018699	0.925163634570701	2373
-0.02400836223229	0.581258703136909	34
-0.0049094649308099	1.16520373239425	34
0.10758043184799	0.351807769829277	177
-0.0751994282328501	0.829206647171541	177
0.10785437586757	0.351215554477081	177
0.10716674266205	0.352132388893513	2
-0.01235938680316	0.572491611501038	2
0.10258640259334	0.352883231159087	2
0.10758043184799	0.351807769829277	1828
0.10716674266205	0.352132388893513	366
0.10826925398621	0.351630194981725	334
-0.0980491182165799	1.54064417123672	1594
-0.02495473558411	0.58335694060492	44
-0.0778293504229299	0.831918491026819	44
0.10895780785609	0.350714860686515	44
0.10647884198302	0.352309794326609	44
0.10758043184799	0.351807769829277	2866
-0.0182845212510601	1.3762663091225	889
0.10647884198302	0.352309794326609	4
0.10148789770049	0.353384284502155	478
0.10716674266205	0.352132388893513	34
-0.0201283887544399	0.577925349917484	34
-0.09818970079986	1.10806467480942	34
-0.03187679840853	0.584437589685732	34
0.10826925398621	0.351630194981725	236
-0.01965711158767	0.579970689675105	177
-0.10158619703699	1.34602181923795	177
0.10716674266205	0.352132388893513	177
-0.0699640064468099	0.823170125254251	177
0.10716674266205	0.352132388893513	2
0.0885563574289101	0.650194172814921	2
0.11023341597372	0.349898349308083	769
0.10148789770049	0.353384284502155	501
0.10716674266205	0.352132388893513	234
0.10758043184799	0.351807769829277	366
0.11092586756108	0.350415838742694	366
0.10218335279232	0.353699707342604	735
0.0400104433525299	1.41146006565251	735
0.0809753840068499	0.654698068113705	44
-0.0256210160689501	0.583695327776066	44
0.0913282315128601	0.647681819507928	44
0.10716674266205	0.352132388893513	44
0.10148789770049	0.353384284502155	44
-0.02079133119985	0.57936096462064	4
-0.10469577571079	1.35154473053324	34
0.10758043184799	0.351807769829277	478
0.10716674266205	0.352132388893513	1471
0.10689134122138	0.351285302005725	1471
0.0600171003338501	1.21772929379881	236
-0.0983345255352299	1.73148581051815	34
0.10826925398621	0.351630194981725	177
0.10647884198302	0.352309794326609	236
0.10218335279232	0.353699707342604	177
0.10758043184799	0.351807769829277	177
0.10826925398621	0.351630194981725	860
-0.02428878983577	0.582639355082303	860
0.0205580137244501	0.922824886840433	2
0.10328279028361	0.353197314225222	769
-0.02960390710866	0.58447674818335	769
-0.01937561527664	0.578362564289604	769
-0.02495473558411	0.58335694060492	927
0.10218335279232	0.353699707342604	366
-0.0259013793896701	0.582633022248989	366
0.0989630106853701	0.353478679518203	334
0.10716674266205	0.352132388893513	334
0.10716674266205	0.352132388893513	735
0.0852209906930499	0.654392144647465	44
0.10758043184799	0.351807769829277	44
0.11230995697287	0.349325823144218	44
0.10716674266205	0.352132388893513	44
0.0830339831393301	0.654977959690159	889
0.10663361484863	0.351799503810815	34
-0.0298828099181101	0.58241606372645	34
0.10785437586757	0.351215554477081	177
-0.01965711158767	0.579970689675105	177
-0.01748807245685	0.577364796631369	2
0.10397890323872	0.352462565358244	2
0.10663361484863	0.351799503810815	501
0.10218335279232	0.353699707342604	927
0.10785437586757	0.351215554477081	234
-0.0279981263911899	0.581052805298475	1475
0.08815473979525	1.00202295729556	182
0.10218335279232	0.353699707342604	334
-0.02628763158757	0.583658225403998	334
-0.0750415989958999	0.826533164789691	44
0.0983002106823401	0.99641537241926	34
0.10716674266205	0.352132388893513	34
0.10716674266205	0.352132388893513	34
-0.0269646433214501	1.39133293654909	236
0.11092586756108	0.350415838742694	236
-0.10014372487251	1.34382093923201	177
-0.02099398512007	0.58063946719774	1197
0.10148789770049	0.353384284502155	177
0.0807725913801201	0.656539941503435	2
-0.02099398512007	0.58063946719774	2
-0.0256210160689501	0.583695327776066	1731
-0.01937561527664	0.578362564289604	234
0.10258640259334	0.352883231159087	19
0.10716674266205	0.352132388893513	3274
0.01289962804831	1.61047743377394	2048
-0.02610680942434	0.58119911984102	199
-0.0755665442190101	0.826924207212718	199
0.10716674266205	0.352132388893513	366
0.10716674266205	0.352132388893513	366
0.10397890323872	0.352462565358244	182
0.10647884198302	0.352309794326609	334
-0.02495473558411	0.58335694060492	44
0.0673724805562199	1.20817484921838	44
-0.0195147784862399	1.36940464715871	44
0.10647884198302	0.352309794326609	44
0.0907743109538099	0.648758219491063	44
0.10663361484863	0.351799503810815	44
0.10716674266205	0.352132388893513	44
0.10826925398621	0.351630194981725	1433
0.10328279028361	0.353197314225222	44
0.0832107315839501	0.655600676812176	4
0.10826925398621	0.351630194981725	478
0.10647884198302	0.352309794326609	34
-0.10290419887018	1.11109353465543	34
-0.00411253526819011	1.16820403478782	34
-0.0732187278101999	0.827179762016143	1
0.0787659723701499	0.658038712603471	2
0.0907743109538099	0.648758219491063	2
0.08987186698926	0.649530308387677	2
0.11023341597372	0.349898349308083	501
0.10716674266205	0.352132388893513	234
0.10826925398621	0.351630194981725	234
-0.10337935954089	1.55694349905222	1475
-0.0227821533700701	0.580372488261402	366
0.10218335279232	0.353699707342604	44
0.10716674266205	0.352132388893513	950
0.11092586756108	0.350415838742694	44
0.10716674266205	0.352132388893513	44
-0.10056896635378	1.10771013031898	34
0.10785437586757	0.351215554477081	4
0.10895780785609	0.350714860686515	478
0.11161804781962	0.350237547909829	34
0.10716674266205	0.352132388893513	1265
0.0907743109538099	0.648758219491063	188
-0.10290419887018	1.11109353465543	34
-0.09798104667605	1.10874948573511	34
0.10218335279232	0.353699707342604	34
0.10579067361142	0.351785528543761	236
0.11161804781962	0.350237547909829	1
-0.02428878983577	0.582639355082303	1
0.10826925398621	0.351630194981725	177
0.0896657887737	0.649980701034027	177
0.10647884198302	0.352309794326609	177
0.10758043184799	0.351807769829277	177
-0.0899634016953501	1.0962781646493	2
0.0832107315839501	0.655600676812176	2
0.10647884198302	0.352309794326609	1731
0.11023341597372	0.349898349308083	234
0.10758043184799	0.351807769829277	234
0.10785437586757	0.351215554477081	1475
0.08911118682812	0.650217800895839	366
0.10397890323872	0.352462565358244	366
-0.02099398512007	0.58063946719774	366
0.10733312446004	0.351067215845013	2736
-0.0756380349010699	0.831439589392411	44
0.10258640259334	0.352883231159087	337
0.10593382759709	0.35148923313409	337
0.10826925398621	0.351630194981725	44
0.10758043184799	0.351807769829277	44
0.10758043184799	0.351807769829277	4
-0.0887663412617801	0.837352862111638	34
-0.0220487555034701	1.38412378182843	3494
0.09839867297602	0.990686184256124	551
-0.0152067997466201	0.576118661909323	34
0.0982592360254899	0.353721534917221	236
0.0834161303561301	0.654178336506151	484
0.10218335279232	0.353699707342604	2
-0.01720245749258	0.576637775977831	860
-0.06697196502782	0.818601009337207	860
-0.08271050353359	0.836458145602786	2539
0.10647884198302	0.352309794326609	2
0.10785437586757	0.351215554477081	234
0.10258640259334	0.352883231159087	234
-0.0879772081318599	0.838675877614107	393
0.10663361484863	0.351799503810815	1475
-0.0168221136840501	0.577178479347997	182
0.10328279028361	0.353197314225222	735
0.10716674266205	0.352132388893513	922
-0.0958126980130301	1.10333561255148	44
0.0343022101455299	1.41913609351587	889
0.10716674266205	0.352132388893513	889
0.10785437586757	0.351215554477081	34
0.10218335279232	0.353699707342604	1265
-0.0302678201580699	0.585048846712041	188
0.10758043184799	0.351807769829277	34
0.10397890323872	0.352462565358244	34
-0.0181949100409899	1.37150994389162	34
-0.02866095646662	0.582384335707824	1
-0.01235938680316	0.572491611501038	860
-0.02032538013449	0.58045220816518	2
0.10758043184799	0.351807769829277	19
0.10826925398621	0.351630194981725	366
0.08896944749537	0.648561527057336	366
0.10758043184799	0.351807769829277	366
0.11092586756108	0.350415838742694	182
0.10826925398621	0.351630194981725	735
0.09751807489995	0.641263307273673	44
-0.07028580869866	0.823297898922333	950
-0.0245683390865099	0.580473910496962	44
0.09786574616812	0.353978519341629	337
0.0989630106853701	0.353478679518203	44
0.11092586756108	0.350415838742694	44
0.02104272212667	0.922873470954488	34
-0.10667022425912	1.116480261713	34
-0.02428878983577	0.582639355082303	34
0.0983002106823401	0.99641537241926	34
-0.0967314130485799	1.33915454855202	551
-0.0747163118421399	0.828947905752136	236
-0.09913130406714	1.10787884937124	177
-0.02079133119985	0.57936096462064	2
0.10758043184799	0.351807769829277	860
-0.0219447451608401	0.579924971604282	2539
0.10733312446004	0.351067215845013	2
0.10716674266205	0.352132388893513	1390
0.10716674266205	0.352132388893513	234
0.11023341597372	0.349898349308083	366
-0.10173869118768	1.11241692037146	735
0.0878040957003401	1.00782434095106	1594
-0.0693001778306199	0.823554179611836	44
0.10785437586757	0.351215554477081	337
-0.0789374483294201	0.831782358900724	4
-0.07849590914857	0.833815212107253	4
0.0220104077830601	0.921079433700798	236
0.0169314900914199	0.926963123360201	236
-0.02628763158757	0.583658225403998	236
-0.0946484378007399	1.10006643649717	4810
0.10148789770049	0.353384284502155	177
0.10826925398621	0.351630194981725	177
0.10689134122138	0.351285302005725	2
-0.01965711158767	0.579970689675105	2
0.11161804781962	0.350237547909829	927
0.10218335279232	0.353699707342604	5467
0.10689134122138	0.351285302005725	1091
-0.11094353567999	1.35923735268489	2100
-0.03410611608175	1.57298826859495	2100
0.11204383352301	1.2579857604153	1475
-0.0773004297192601	0.829535217281011	182
-0.0991790321738699	1.10519652782624	182
-0.01898917918035	0.579150144945583	44
-0.0215670947062301	1.379104089585	44
0.09078446163776	1.00417427643985	44
-0.11166602489064	1.55455464691538	44
0.07987113043911	0.657313340361156	44
-0.0841612711469799	0.837804955574193	44
0.02516710692654	0.915945725286258	4
-0.01129201097932	1.17767274392662	4
0.0844643741812901	0.652140562828595	34
-0.01937561527664	0.578362564289604	34
0.08435547439235	1.67010148652433	34
-0.09915561411758	1.10865653530461	34
-0.0047938773788101	1.16519716171562	34
-0.10615014902738	1.11587919300534	188
-0.02099398512007	0.58063946719774	236
-0.0200434839469901	0.578549734222855	177
-0.10413020994931	1.34983357961682	177
-0.0168221136840501	0.577178479347997	2
0.10328279028361	0.353197314225222	2
-0.02099398512007	0.58063946719774	2539
0.10647884198302	0.352309794326609	860
0.11161804781962	0.350237547909829	860
-0.0205075928915399	0.579490279223785	501
-0.0152067997466201	0.576118661909323	234
-0.02079133119985	0.57936096462064	19
-0.0574804255630801	1.93127035303444	2100
0.09720421319883	0.99759399511106	182
-0.00939051101507005	1.17352625058068	735
-0.00750039786135992	1.16969047423816	44
0.0889418121888199	0.650550150792748	950
0.11161804781962	0.350237547909829	179
-0.0259013793896701	0.582633022248989	44
-0.02032538013449	0.58045220816518	44
-0.0936849326902001	1.09950463545713	44
0.0902201634281701	0.649500065308071	34
0.10758043184799	0.351807769829277	34
0.10663361484863	0.351799503810815	34
0.0857740617371201	0.653741388644674	34
0.02371954232839	0.916934181780596	236
0.10397890323872	0.352462565358244	236
0.0782253735067799	0.655618008736777	4810
0.09786574616812	0.353978519341629	236
-0.02495473558411	0.58335694060492	1
0.10758043184799	0.351807769829277	177
0.10287853396258	0.35296389743942	177
0.0896657887737	0.649980701034027	501
0.0919381769649299	0.647880740377681	1390
0.10716674266205	0.352132388893513	234
0.10826925398621	0.351630194981725	234
0.10647884198302	0.352309794326609	234
-0.07888779869732	0.834205282807095	2100
0.10218335279232	0.353699707342604	2736
0.10826925398621	0.351630194981725	3206
0.10287853396258	0.35296389743942	3206
0.10148789770049	0.353384284502155	735
-0.0165369043550301	0.576781738217319	735
0.000498715898439972	1.15922213714444	44
-0.01965711158767	0.579970689675105	44
-0.0206064013082601	0.579256545559091	44
0.06900983751768	1.20141846289028	44
-0.0919549784607201	1.08805813852753	34
0.10663361484863	0.351799503810815	478
-0.0302678201580699	0.585048846712041	34
0.10758043184799	0.351807769829277	34
-0.0799470570269301	0.834996837205207	34
0.02104604954558	0.921306501019046	177
0.10758043184799	0.351807769829277	2383
-0.01870808245147	0.577883497327535	2383
-0.02261442293622	0.579780704461	2
0.10258640259334	0.352883231159087	2
0.0982592360254899	0.353721534917221	5174
0.10716674266205	0.352132388893513	5174
-0.01587168520504	0.57659573259799	2
0.10579067361142	0.351785528543761	1390
0.10758043184799	0.351807769829277	14
0.10758043184799	0.351807769829277	234
0.10328279028361	0.353197314225222	234
0.10647884198302	0.352309794326609	234
0.10579067361142	0.351785528543761	19
0.06720592027993	1.20778881646145	2048
-0.000388272495019937	1.16025336709365	44
-0.07133730050746	0.82407778772056	44
0.11092586756108	0.350415838742694	44
0.08713723158925	0.651890032056221	179
0.09786574616812	0.353978519341629	44
0.0229741267826	0.919551013388354	44
0.08969310715554	0.65043980789045	4
0.02194322505863	0.918894263705553	4
0.0183775437831899	0.924509297461505	4
0.0950296652003899	0.998448867574951	34
0.0902201634281701	0.649500065308071	551
0.10328279028361	0.353197314225222	2383
0.0902201634281701	0.649500065308071	2383
-0.02533977086171	0.581560371416527	484
-0.01937561527664	0.578362564289604	2
0.10758043184799	0.351807769829277	57
-0.0212754047183501	0.579737208933733	860
0.10785437586757	0.351215554477081	2
0.10328279028361	0.353197314225222	234
0.10758043184799	0.351807769829277	234
-0.02655654160131	1.39139137991117	1475
0.0915878437528499	0.647358309178234	199
0.0841141687861899	0.654824552022475	366
-0.0145422476842101	0.575306259165605	366
-0.08363240005469	0.837408038208625	182
0.0822252997955499	0.653228778341304	735
0.02564927558353	0.915219630626735	44
-0.0185071693555601	1.36668959505704	44
0.0673724805562199	1.20817484921838	44
-0.0299876141396001	0.583067451775322	44
0.0880395164151999	0.652449440273683	44
-0.02676803648149	0.581766483346834	44
-0.07480862840562	0.82835962569904	44
0.0807725913801201	0.656539941503435	34
-0.09593138003687	1.10379170047272	4
0.0941242040612	1.0000452377672	34
-0.0289403270686499	0.583135876548882	34
0.08431855036541	0.655167690820231	34
-0.0168221136840501	0.577178479347997	34
-0.0817882828166601	0.833270503877947	34
0.0000552874485999499	1.15989649608064	551
-0.02866095646662	0.582384335707824	1
0.0174136678724199	0.926522234186164	177
-0.00118998335277998	1.15697730500753	177
-0.0302678201580699	0.585048846712041	177
0.10218335279232	0.353699707342604	860
0.10716674266205	0.352132388893513	860
0.10397890323872	0.352462565358244	2
0.10826925398621	0.351630194981725	2949
0.10218335279232	0.353699707342604	234
0.02564927558353	0.915219630626735	199
0.0885909386274999	0.652090173543142	182
0.10647884198302	0.352309794326609	182
0.11161804781962	0.350237547909829	3206
-0.02495473558411	0.58335694060492	44
0.10218335279232	0.353699707342604	44
0.10716674266205	0.352132388893513	44
-0.0152067997466201	0.576118661909323	2183
-0.02495473558411	0.58335694060492	4
-0.07413890813543	0.828125663215551	34
0.10716674266205	0.352132388893513	34
-0.08402490066582	0.835149918908457	34
0.10758043184799	0.351807769829277	34
0.10397890323872	0.352462565358244	34
0.10758043184799	0.351807769829277	34
0.10647884198302	0.352309794326609	34
0.11161804781962	0.350237547909829	34
0.0852209906930499	0.654392144647465	34
0.10647884198302	0.352309794326609	34
-0.00724423259057994	1.17059061317099	34
-0.01870808245147	0.577883497327535	551
0.10758043184799	0.351807769829277	551
0.10758043184799	0.351807769829277	1
0.10716674266205	0.352132388893513	1
0.10397890323872	0.352462565358244	484
-0.01737402314317	0.575554514837542	2383
0.10826925398621	0.351630194981725	1119
0.10663361484863	0.351799503810815	860
-0.02610680942434	0.58119911984102	2
0.10716674266205	0.352132388893513	1602
0.10826925398621	0.351630194981725	14
0.10826925398621	0.351630194981725	234
-0.00399592151049011	1.1680444095308	199
-0.0256210160689501	0.583695327776066	366
-0.0256210160689501	0.583695327776066	182
0.10579067361142	0.351785528543761	182
0.10218335279232	0.353699707342604	735
0.10826925398621	0.351630194981725	44
0.08987186698926	0.649530308387677	44
0.02896303424775	0.90903821771201	44
0.11092586756108	0.350415838742694	44
0.11161804781962	0.350237547909829	44
-0.0767917317365301	0.828418824522184	44
-0.0926192610476899	1.09885440389005	44
-0.01937561527664	0.578362564289604	4
-0.09060307639454	0.836290950534765	4
-0.1061990670961	1.11600168423747	34
0.0941849638391401	1.00135355751855	3123
0.08876235876415	0.650754614292679	236
0.0878589542234101	0.649782359675678	236
0.08286183671648	0.6545394097211	2383
0.10716674266205	0.352132388893513	1119
-0.0233431592753299	0.580545475751851	57
0.10328279028361	0.353197314225222	234
0.10689134122138	0.351285302005725	3206
0.11161804781962	0.350237547909829	3206
0.03532045657889	1.42114159442361	735
0.08632690639061	0.652735113629601	44
0.10647884198302	0.352309794326609	44
-0.02400836223229	0.581258703136909	44
-0.0246738993289199	0.581595777089794	44
0.09420851003621	0.99795483496135	44
-0.0309320665117701	0.585162590702791	3123
0.10716674266205	0.352132388893513	34
-0.0708114544451	0.823850099617228	34
0.10258640259334	0.352883231159087	551
-0.00644726128971995	1.16691791272875	1
0.10716674266205	0.352132388893513	2539
-0.01720245749258	0.576637775977831	2539
-0.02099398512007	0.58063946719774	2539
0.10826925398621	0.351630194981725	2
0.10647884198302	0.352309794326609	2
0.10785437586757	0.351215554477081	2
0.10758043184799	0.351807769829277	19
0.10826925398621	0.351630194981725	19
0.02807806890269	1.4298718448753	1475
0.08713723158925	0.651890032056221	1536
0.11092586756108	0.350415838742694	182
0.00680382591935991	0.930859289418308	1536
0.10716674266205	0.352132388893513	182
0.10716674266205	0.352132388893513	3206
0.10161201644474	0.352326436107844	3206
0.10328279028361	0.353197314225222	1594
-0.0161564891964301	0.576700733308464	735
0.06273593720614	1.21579686542706	735
-0.11200456597312	1.56890045212889	44
0.10218335279232	0.353699707342604	44
-0.0264839353201201	0.581300229956136	44
0.08914213548745	0.651442119559592	44
0.03807041754052	1.41416236720296	44
0.08934970317823	1.00534668085049	34
0.10716674266205	0.352132388893513	3123
0.11092586756108	0.350415838742694	34
0.10647884198302	0.352309794326609	34
-0.10223598882381	1.11232655499359	34
-0.07849590914857	0.833815212107253	34
-0.0674988839524999	0.818989459922804	236
-0.0944961554619099	1.10498519766348	236
0.10895780785609	0.350714860686515	1
0.10826925398621	0.351630194981725	1
0.10716674266205	0.352132388893513	2383
0.10647884198302	0.352309794326609	2383
0.10758043184799	0.351807769829277	2383
-0.0206064013082601	0.579256545559091	2383
-0.0219447451608401	0.579924971604282	57
0.10716674266205	0.352132388893513	2539
-0.0309320665117701	0.585162590702791	2
0.10758043184799	0.351807769829277	2
0.11230995697287	0.349325823144218	1602
0.10287853396258	0.35296389743942	1602
0.10895780785609	0.350714860686515	1160
-0.02960390710866	0.58447674818335	1160
0.10258640259334	0.352883231159087	1160
0.0882408511769	0.650884112892455	3206
-0.09281337914294	1.09802857712363	3206
-0.10151451571407	1.34824078349426	3206
-0.10708339401229	1.7438256628791	735
-0.00627221602961003	1.16831868591363	44
-0.10469322749234	2.22504736353971	34
0.08042337020513	0.656400453451052	4
-0.09439692841272	1.33425193876493	34
-0.0252346917202799	0.58191737664116	421
0.0243512647991599	0.917577781149212	1
0.11230995697287	0.349325823144218	641
-0.03121180177176	0.584322987944732	641
-0.02400836223229	0.581258703136909	1602
0.10758043184799	0.351807769829277	1602
0.11161804781962	0.350237547909829	14
0.10716674266205	0.352132388893513	19
0.10826925398621	0.351630194981725	19
0.10826925398621	0.351630194981725	1160
-0.0104651703765399	1.94088068644631	1475
0.0785767417444601	0.656545607647471	1475
0.0529199053841301	1.22517145240367	1536
-0.02327365565909	1.38372603628392	1594
0.08987186698926	0.649530308387677	44
0.10758043184799	0.351807769829277	44
0.0907743109538099	0.648758219491063	44
-0.10149422141767	1.10659047569868	44
0.0837647544950799	0.655529150841431	34
-0.02656840239241	0.58297122228144	34
-0.01720245749258	0.576637775977831	421
0.0896657887737	0.649980701034027	34
-0.02032538013449	0.58045220816518	236
0.0284826826292099	1.9456820489813	641
0.11161804781962	0.350237547909829	641
-0.02079133119985	0.57936096462064	641
0.10689134122138	0.351285302005725	2383
0.094498743992	0.645307607362446	484
0.10397890323872	0.352462565358244	1119
0.10716674266205	0.352132388893513	1119
0.10689134122138	0.351285302005725	1119
-0.0045561819887201	1.16872091603677	2539
0.10785437586757	0.351215554477081	2539
0.10785437586757	0.351215554477081	501
0.02249234714144	0.920481090637812	2949
0.10258640259334	0.352883231159087	14
-0.0694359566063301	0.822779556033557	14
0.10785437586757	0.351215554477081	1160
0.10579067361142	0.351785528543761	1160
-0.0921230623845599	1.09988174938704	1475
0.1031609577358	1.62766610830629	1475
-0.01239101668599	1.1774490846827	1536
0.0968781924403199	0.994006979285228	1536
0.0991737682892	0.993183005443509	5413
-0.02567841258229	1.55435412764288	44
-0.0766510291834099	0.827866180037177	44
0.08487211935683	0.654515958017152	44
0.11611087558351	1.25156619060316	44
-0.07849590914857	0.833815212107253	44
-0.0911135180543901	1.52762051673404	44
0.09035039836001	1.00496814851003	44
-0.09233223994795	2.0316980746073	2183
0.08286183671648	0.6545394097211	44
-0.0982439571762701	1.54508338603416	34
-0.0199377346304801	0.578438416169099	34
-0.07413890813543	0.828125663215551	34
0.0967518998339401	0.998552255492522	34
-0.02533977086171	0.581560371416527	34
0.08914213548745	0.651442119559592	34
-0.0181543658115899	0.577220737180536	1076
-0.02400836223229	0.581258703136909	1076
0.07896968465565	0.656318924351277	551
-0.10290398760248	1.35073122315075	551
-0.07972704233647	0.832217195612665	1
-0.02495473558411	0.58335694060492	2383
-0.02656840239241	0.58297122228144	2539
0.10148789770049	0.353384284502155	2
-0.0165369043550301	0.576781738217319	2949
0.08748786869031	0.652520255624373	2949
0.11161804781962	0.350237547909829	14
0.10663361484863	0.351799503810815	4598
0.11092255466381	1.81441975415628	1475
0.0256505663114801	0.914606893727347	929
0.10785437586757	0.351215554477081	929
0.10287853396258	0.35296389743942	182
0.11161804781962	0.350237547909829	1594
-0.10132757142687	1.34370228880217	44
0.10785437586757	0.351215554477081	202
0.11092586756108	0.350415838742694	202
-0.0180408851730201	0.577068127053539	1728
-0.1000655763325	1.5455403917467	34
0.0256505663114801	0.914606893727347	3123
0.10758043184799	0.351807769829277	34
-0.03121180177176	0.584322987944732	34
-0.02676803648149	0.581766483346834	34
-0.0798084916433699	0.832741341170684	236
-0.08323897166025	0.836854548113291	236
0.10716674266205	0.352132388893513	551
0.02564927558353	0.915219630626735	641
0.08944389838513	1.00628404975671	1
0.11230995697287	0.349325823144218	484
-0.02495473558411	0.58335694060492	2539
0.10148789770049	0.353384284502155	2539
0.11161804781962	0.350237547909829	2
0.10647884198302	0.352309794326609	2949
0.10826925398621	0.351630194981725	2955
0.10826925398621	0.351630194981725	14
0.10647884198302	0.352309794326609	19
0.10148789770049	0.353384284502155	80
0.10579067361142	0.351785528543761	1160
0.10218335279232	0.353699707342604	1160
0.10895780785609	0.350714860686515	973
0.10663361484863	0.351799503810815	44
0.10895780785609	0.350714860686515	44
0.10647884198302	0.352309794326609	34
-0.02261442293622	0.579780704461	34
0.10218335279232	0.353699707342604	551
-0.0168221136840501	0.577178479347997	641
0.09359641443929	0.647190211436835	57
-0.0252346917202799	0.58191737664116	2
0.10826925398621	0.351630194981725	2
0.10579067361142	0.351785528543761	2
0.10148789770049	0.353384284502155	2949
0.10218335279232	0.353699707342604	2949
0.06746208064041	1.206242875094	3575
-0.0987341165975	2.20834355362026	1475
0.11092586756108	0.350415838742694	1536
0.10716674266205	0.352132388893513	565
-0.02495473558411	0.58335694060492	44
0.0181432009893401	0.922053812369057	44
0.10895780785609	0.350714860686515	202
0.10716674266205	0.352132388893513	2183
0.08667602254785	0.651340343074828	1728
-0.0192694043853101	0.576919618359868	1728
0.10397890323872	0.352462565358244	2593
0.10716674266205	0.352132388893513	34
0.10785437586757	0.351215554477081	34
0.10895780785609	0.350714860686515	1657
-0.10525720283816	1.11360623620605	1076
0.0878430575865601	0.648989837734837	551
-0.10563017159833	1.7437962150963	641
0.0900151349515701	0.647831785542205	484
0.10716674266205	0.352132388893513	484
0.10328279028361	0.353197314225222	2949
0.10785437586757	0.351215554477081	14
0.10826925398621	0.351630194981725	19
-0.0783123316780501	2.26912324767044	1475
0.11651345463015	1.25108224147285	1475
-0.10030012642734	1.10956041542674	1536
-0.02656840239241	0.58297122228144	182
0.10218335279232	0.353699707342604	182
0.10758043184799	0.351807769829277	4716
0.09786574616812	0.353978519341629	565
0.08286183671648	0.6545394097211	44
0.0360608593568501	1.41637389613696	44
-0.10473730754944	1.11444494224579	44
0.10397890323872	0.352462565358244	202
-0.0176586507196601	0.575702155841993	44
0.10328279028361	0.353197314225222	44
-0.0794173265377101	0.834766722893349	1728
0.10647884198302	0.352309794326609	34
0.10148789770049	0.353384284502155	34
0.10328279028361	0.353197314225222	34
0.06127630232894	1.21609644553078	236
0.10280718528348	0.985450101271137	236
-0.04040598463477	1.74761825225627	236
-0.02032538013449	0.58045220816518	1
0.10397890323872	0.352462565358244	641
-0.0956387447376601	1.33907581423001	1
0.10758043184799	0.351807769829277	1119
-0.0342687967458599	0.5843999744477	2539
0.10716674266205	0.352132388893513	2539
0.10579067361142	0.351785528543761	2
0.10647884198302	0.352309794326609	14
0.10297796283146	2.31598319292039	3575
0.10758043184799	0.351807769829277	1536
0.10716674266205	0.352132388893513	565
0.0997537255499601	0.991780055086239	44
-0.0256210160689501	0.583695327776066	44
0.0858455228171899	0.649568822402081	44
0.10758043184799	0.351807769829277	202
0.10826925398621	0.351630194981725	202
0.10647884198302	0.352309794326609	44
-0.10229545696851	1.54907740854736	44
0.09305299674246	1.0002256142302	4
-0.0152067997466201	0.576118661909323	4
-0.09866042653354	1.10817099418239	34
0.0941242040612	1.0000452377672	1076
0.0832107315839501	0.655600676812176	1076
0.10716674266205	0.352132388893513	641
0.0965052948902101	0.993188331867561	641
0.0839701967903499	0.653528558133648	484
-0.02261442293622	0.579780704461	2949
0.10328279028361	0.353197314225222	144
0.10328279028361	0.353197314225222	19
0.0137493714522801	1.60552494055428	3575
0.10258640259334	0.352883231159087	1536
0.0900151349515701	0.647831785542205	1536
0.10895780785609	0.350714860686515	565
0.09786574616812	0.353978519341629	565
0.10716674266205	0.352132388893513	565
0.10328279028361	0.353197314225222	5215
0.0118624697835501	0.93043111066056	973
0.07519096491304	1.46134917079397	44
-0.0386214595257699	1.58203572545444	44
-0.02960390710866	0.58447674818335	44
0.10716674266205	0.352132388893513	3123
-0.07413890813543	0.828125663215551	34
0.0618238306536001	1.21410447805376	1076
0.08286183671648	0.6545394097211	1
0.10826925398621	0.351630194981725	641
0.0924911489970699	0.647904639842956	1119
0.0857740617371201	0.653741388644674	57
0.10328279028361	0.353197314225222	2949
0.10689134122138	0.351285302005725	2955
-0.0302678201580699	0.585048846712041	1148
-0.0152067997466201	0.576118661909323	19
-0.02628763158757	0.583658225403998	1536
0.10826925398621	0.351630194981725	414
0.10056360121282	0.991487996869081	44
0.10758043184799	0.351807769829277	4
0.0357012488880999	1.42056702014803	1076
-0.01965711158767	0.579970689675105	3342
0.10758043184799	0.351807769829277	1119
-0.0753390010060999	0.828132219850736	531
0.02516710692654	0.915945725286258	57
-0.0214546059215199	0.580072466612979	57
0.10218335279232	0.353699707342604	2
0.10716674266205	0.352132388893513	2949
-0.0221182132134701	0.580408422501073	2949
-0.01870808245147	0.577883497327535	80
0.10895780785609	0.350714860686515	80
0.0782664190576401	1.45763998035554	1475
0.11230995697287	0.349325823144218	565
0.11161804781962	0.350237547909829	973
-0.00791357206884991	1.16513404864747	44
-0.0192694043853101	0.576919618359868	414
0.10826925398621	0.351630194981725	5318
0.11092586756108	0.350415838742694	202
-0.03254212924539	0.583808355887704	44
0.09359641443929	0.647190211436835	904
0.11092586756108	0.350415838742694	3123
0.10328279028361	0.353197314225222	34
0.10258640259334	0.352883231159087	34
0.10328279028361	0.353197314225222	1657
0.08931722660306	0.650273274268608	662
-0.0717690541560601	0.823023963180799	1076
0.10826925398621	0.351630194981725	3342
0.0885563574289101	0.650194172814921	641
0.10647884198302	0.352309794326609	1119
0.08669558537495	1.00902845487906	57
0.10785437586757	0.351215554477081	2539
0.11161804781962	0.350237547909829	2
0.10785437586757	0.351215554477081	1148
0.10716674266205	0.352132388893513	1148
-0.02079133119985	0.57936096462064	80
0.10716674266205	0.352132388893513	80
0.11688066377846	1.68796273608776	1475
0.10785437586757	0.351215554477081	1536
-0.0168221136840501	0.577178479347997	182
0.10647884198302	0.352309794326609	182
-0.02495473558411	0.58335694060492	565
0.10148789770049	0.353384284502155	973
-0.01965711158767	0.579970689675105	414
0.10287853396258	0.35296389743942	5318
0.10716674266205	0.352132388893513	5318
-0.0846903445879501	0.837811003657512	44
-0.0200434839469901	0.578549734222855	904
0.0226522860503899	0.920879982407591	4
-0.0229613885806299	1.38162757684382	34
0.11674738383936	1.25066104680476	34
-0.00670279033590004	1.17267873531793	34
-0.0235293356809201	1.38333261836314	236
-0.0970738640842399	1.34248984920624	236
-0.02032538013449	0.58045220816518	3342
0.10758043184799	0.351807769829277	3342
-0.08402490066582	0.835149918908457	1119
0.0967518998339401	0.998552255492522	57
0.10397890323872	0.352462565358244	2539
-0.01898917918035	0.579150144945583	80
0.10826925398621	0.351630194981725	80
0.09716291462318	0.354221264198155	80
-0.01937561527664	0.578362564289604	1475
0.10733312446004	0.351067215845013	1475
0.0989630106853701	0.353478679518203	1536
0.10663361484863	0.351799503810815	565
0.10785437586757	0.351215554477081	565
0.10826925398621	0.351630194981725	973
0.10733312446004	0.351067215845013	973
0.0989630106853701	0.353478679518203	414
0.10328279028361	0.353197314225222	202
-0.0226321322867	1.37851076544155	4
0.10663361484863	0.351799503810815	34
-0.02079133119985	0.57936096462064	34
0.07786352108392	0.657043512654335	34
-0.0154911986975901	0.575887232891104	1119
-0.0256210160689501	0.583695327776066	1119
-0.0161564891964301	0.576700733308464	117
0.0191102629895299	0.923651478846146	2
0.10647884198302	0.352309794326609	2
0.11161804781962	0.350237547909829	80
0.10258640259334	0.352883231159087	80
0.10758043184799	0.351807769829277	80
0.0644920747857201	1.20735603664247	1475
0.10647884198302	0.352309794326609	973
-0.09439692841272	1.33425193876493	44
-0.00838600601252004	1.17299012121817	414
-0.0256210160689501	0.583695327776066	414
0.0915878437528499	0.647358309178234	2473
-0.0977191267817501	1.10758811364727	1235
0.11161804781962	0.350237547909829	1235
0.10689134122138	0.351285302005725	5318
0.10231922993712	0.352082943164405	4176
0.11082252929874	1.25734600911504	44
0.0997537255499601	0.991780055086239	44
0.10826925398621	0.351630194981725	34
-0.02428878983577	0.582639355082303	34
0.10716674266205	0.352132388893513	34
0.11217860448075	1.2597917975794	236
0.10647884198302	0.352309794326609	641
0.10785437586757	0.351215554477081	641
0.0256505663114801	0.914606893727347	1119
0.08466769309659	0.654753086475839	1119
-0.00407900443040998	1.1631335136912	1119
0.0280026732024801	0.913820819996367	531
0.0882408511769	0.650884112892455	531
-0.08363240005469	0.837408038208625	57
0.10258640259334	0.352883231159087	4334
0.10579067361142	0.351785528543761	14
0.10287853396258	0.35296389743942	14
0.10287853396258	0.35296389743942	19
0.10663361484863	0.351799503810815	144
0.09016225970947	1.66031861152382	1475
0.10328279028361	0.353197314225222	182
-0.02495473558411	0.58335694060492	182
0.10231922993712	0.352082943164405	973
-0.0161564891964301	0.576700733308464	8
-0.02428878983577	0.582639355082303	414
0.10716674266205	0.352132388893513	202
0.10895780785609	0.350714860686515	44
0.0917584681444701	0.646719961805486	44
0.10758043184799	0.351807769829277	34
0.10826925398621	0.351630194981725	641
0.10826925398621	0.351630194981725	641
0.08768915422257	0.651530929339694	641
0.10231922993712	0.352082943164405	1119
-0.01898917918035	0.579150144945583	117
-0.0256210160689501	0.583695327776066	117
0.11230995697287	0.349325823144218	2949
-0.0148262418915399	0.574376653983274	80
0.08949273347165	0.650191977967804	182
-0.09821413865831	1.10733340719619	691
-0.10421632558243	1.11317772945222	44
0.10579067361142	0.351785528543761	179
-0.09821413865831	1.10733340719619	44
-0.0206064013082601	0.579256545559091	904
-0.06962931510703	0.819381963771574	4
0.0850176259342801	0.652419444182068	34
0.0902201634281701	0.649500065308071	34
0.10716674266205	0.352132388893513	34
0.10218335279232	0.353699707342604	34
0.02290691986677	0.919381483646647	34
-0.07972704233647	0.832217195612665	34
-0.0145422476842101	0.575306259165605	3343
0.10397890323872	0.352462565358244	641
0.10579067361142	0.351785528543761	57
0.10716674266205	0.352132388893513	2
0.10895780785609	0.350714860686515	19
0.10647884198302	0.352309794326609	80
0.0898029437088299	1.00414638836898	182
-0.10144276156336	1.11181496810303	182
-0.0152067997466201	0.576118661909323	988
-0.0335266041454601	1.57006265917803	414
0.10287853396258	0.35296389743942	202
0.0802206285856899	0.657069110109831	44
0.0974114958074901	0.993089361612188	179
-0.10030012642734	1.10956041542674	34
0.10218335279232	0.353699707342604	34
-0.00569538872691999	1.17030354105811	236
0.08987186698926	0.649530308387677	641
-0.0200434839469901	0.578549734222855	641
-0.0221182132134701	0.580408422501073	1119
0.10895780785609	0.350714860686515	1271
-0.02960390710866	0.58447674818335	117
0.10397890323872	0.352462565358244	117
0.09786574616812	0.353978519341629	4334
0.10647884198302	0.352309794326609	117
0.09786574616812	0.353978519341629	14
0.10647884198302	0.352309794326609	19
0.11161804781962	0.350237547909829	19
0.10113275298142	0.987325683718242	973
-0.10364825706778	1.11312896707106	8
0.11230995697287	0.349325823144218	202
0.10716674266205	0.352132388893513	202
0.0299304038096699	0.911545057923848	34
-0.0219447451608401	0.579924971604282	34
0.0841141687861899	0.654824552022475	34
0.08987186698926	0.649530308387677	34
0.08914213548745	0.651442119559592	34
0.10218335279232	0.353699707342604	3343
0.10579067361142	0.351785528543761	1119
-0.01169716140508	0.572019285562981	1119
0.0841141687861899	0.654824552022475	57
0.10579067361142	0.351785528543761	531
0.10785437586757	0.351215554477081	57
-0.02099398512007	0.58063946719774	4684
0.10397890323872	0.352462565358244	14
0.10258640259334	0.352883231159087	14
0.10826925398621	0.351630194981725	80
0.0769902221823899	1.45930278787667	1475
-0.0154911986975901	0.575887232891104	182
-0.0214546059215199	0.580072466612979	2281
-0.02866095646662	0.582384335707824	202
0.10647884198302	0.352309794326609	179
0.10287853396258	0.35296389743942	179
0.0807725913801201	0.656539941503435	34
0.10148789770049	0.353384284502155	34
0.10218335279232	0.353699707342604	34
0.08487211935683	0.654515958017152	34
0.10758043184799	0.351807769829277	641
0.10579067361142	0.351785528543761	1119
-0.0168221136840501	0.577178479347997	1119
0.0896657887737	0.649980701034027	57
0.10328279028361	0.353197314225222	1271
-0.02400836223229	0.581258703136909	4684
-0.02495473558411	0.58335694060492	117
0.10826925398621	0.351630194981725	117
0.10785437586757	0.351215554477081	5469
-0.02656840239241	0.58297122228144	919
-0.0168221136840501	0.577178479347997	182
0.0937325848116399	1.00112111246548	973
0.0618569549733601	1.21467459062016	691
-0.08810901258632	0.83377650054794	8
0.10218335279232	0.353699707342604	2281
0.10716674266205	0.352132388893513	202
0.09114414780575	0.646790788253458	179
-0.0774378530941899	0.832339460717058	4
0.0243512647991599	0.917577781149212	3975
-0.02261442293622	0.579780704461	34
-0.02400836223229	0.581258703136909	34
0.0995768397630701	0.992229660403499	1
-0.01587168520504	0.57659573259799	641
0.0867475491926599	0.649998001219271	531
0.0939467201281301	0.645784338390518	57
0.0896657887737	0.649980701034027	57
0.0902201634281701	0.649500065308071	117
0.11092586756108	0.350415838742694	4684
0.10758043184799	0.351807769829277	117
0.10895780785609	0.350714860686515	628
0.10716674266205	0.352132388893513	117
0.10826925398621	0.351630194981725	19
0.09263063559722	1.00400314805696	44
0.10647884198302	0.352309794326609	846
0.11161804781962	0.350237547909829	846
0.10579067361142	0.351785528543761	34
0.0904458408373501	1.00485091119142	236
0.094498743992	0.645307607362446	236
-0.0168221136840501	0.577178479347997	1
-0.09915561411758	1.10865653530461	4927
0.0949860511024001	0.995054811158283	1
-0.000945701410280053	1.16073463261202	1119
0.10328279028361	0.353197314225222	1119
0.0913282315128601	0.647681819507928	57
0.02516710692654	0.915945725286258	57
-0.08139887882688	0.833409406769247	57
0.10579067361142	0.351785528543761	628
0.10785437586757	0.351215554477081	919
0.11161804781962	0.350237547909829	19
0.11161804781962	0.350237547909829	182
0.10895780785609	0.350714860686515	8
0.0234603442982999	0.916739439162468	973
0.10785437586757	0.351215554477081	202
0.10148789770049	0.353384284502155	202
-0.0901233600583899	1.52561417251064	4
0.08730336575946	0.650020051366068	904
0.0835842758277401	0.654783910829574	34
0.11161804781962	0.350237547909829	846
0.11161804781962	0.350237547909829	846
0.10647884198302	0.352309794326609	846
-0.02183364624937	0.579789745439092	846
0.08487211935683	0.654515958017152	34
0.10826925398621	0.351630194981725	34
0.0253177529953099	0.91880020409554	236
0.08876235876415	0.650754614292679	1
0.0972994057256999	0.998430777827098	1
0.10328279028361	0.353197314225222	1119
0.0852209906930499	0.654392144647465	57
0.10826925398621	0.351630194981725	57
0.10716674266205	0.352132388893513	57
-0.0272357610266101	0.58293567232368	57
-0.01965711158767	0.579970689675105	57
0.10826925398621	0.351630194981725	57
0.10758043184799	0.351807769829277	117
-0.0745826480862599	0.830652290472693	4684
0.09324688884083	0.645906963789496	4684
0.10716674266205	0.352132388893513	3729
0.10716674266205	0.352132388893513	19
0.0640783668979299	1.21285390678614	1475
0.0904458408373501	1.00485091119142	1475
0.10663361484863	0.351799503810815	182
0.10785437586757	0.351215554477081	182
0.10397890323872	0.352462565358244	8
0.0931350737632499	1.00145857632118	44
-0.0168221136840501	0.577178479347997	8
0.10328279028361	0.353197314225222	891
-0.0161564891964301	0.576700733308464	44
0.0266145846025501	0.913444813531549	44
-0.01870808245147	0.577883497327535	44
0.08132432837806	0.655628440263254	4
0.10785437586757	0.351215554477081	846
-0.0200434839469901	0.578549734222855	34
0.09865575643379	0.99552657176589	236
0.121707147287	1.23303391622638	236
-0.0972487043950301	1.106741966799	236
0.02484190345592	0.919483883144089	236
-0.0798084916433699	0.832741341170684	1
-0.10426016378361	1.35099691177337	1
0.10647884198302	0.352309794326609	1
0.0923077268324499	0.646648107851539	57
0.10716674266205	0.352132388893513	6
0.01330920354554	0.928467989967924	182
0.11161804781962	0.350237547909829	8
0.08487211935683	0.654515958017152	8
-0.02079133119985	0.57936096462064	8
0.10218335279232	0.353699707342604	202
0.10826925398621	0.351630194981725	202
0.10647884198302	0.352309794326609	202
0.08931722660306	0.650273274268608	4
-0.0946434100728299	1.09875102115634	2304
0.10895780785609	0.350714860686515	34
0.10148789770049	0.353384284502155	34
0.10663361484863	0.351799503810815	34
0.0852209906930499	0.654392144647465	236
-0.0210010317887701	0.575200667339055	470
0.01282711900197	0.929547770571796	1119
0.10328279028361	0.353197314225222	2973
0.0852209906930499	0.654392144647465	57
0.10397890323872	0.352462565358244	6
0.10716674266205	0.352132388893513	6
0.10895780785609	0.350714860686515	117
-0.0256210160689501	0.583695327776066	628
-0.02495473558411	0.58335694060492	19
-0.01870808245147	0.577883497327535	4818
-0.0302678201580699	0.585048846712041	182
-0.0712766558140601	0.824388271855092	182
0.08597857735077	0.651730437398599	5194
0.10218335279232	0.353699707342604	1314
0.10716674266205	0.352132388893513	1314
-0.00366902011588	1.1673379769609	8
-0.0258231300371701	0.581187080143393	3377
0.10758043184799	0.351807769829277	202
0.10647884198302	0.352309794326609	891
-0.0996265795722699	1.10876311421043	904
-0.00499996034386996	1.16888793201918	1358
0.02590231518713	1.43376621437641	2302
0.10716674266205	0.352132388893513	386
0.09716291462318	0.354221264198155	4422
0.0789289085673901	0.654588522109707	57
0.0841343437690301	0.654257008970129	6
0.10826925398621	0.351630194981725	422
-0.02099398512007	0.58063946719774	14
0.10287853396258	0.35296389743942	4596
-0.02495473558411	0.58335694060492	19
0.0585334488425999	1.84648136107014	182
0.0689661339032901	0.659478135770169	973
0.08468418712269	0.653349101940307	3377
0.10826925398621	0.351630194981725	4643
0.10895780785609	0.350714860686515	202
0.10758043184799	0.351807769829277	202
0.10895780785609	0.350714860686515	202
0.10647884198302	0.352309794326609	891
0.0295942500439399	0.910572681554665	34
-0.02079133119985	0.57936096462064	34
0.08713723158925	0.651890032056221	376
-0.02428878983577	0.582639355082303	1
0.11455885582429	1.25384403421998	4927
-0.0224971716223601	0.579053587470265	1
0.10328279028361	0.353197314225222	57
-0.0798084916433699	0.832741341170684	57
0.0839357693251399	0.653077629604477	6
0.10826925398621	0.351630194981725	628
0.09359641443929	0.647190211436835	628
0.10218335279232	0.353699707342604	19
0.08431855036541	0.655167690820231	1475
0.10579067361142	0.351785528543761	182
0.10758043184799	0.351807769829277	8
0.10716674266205	0.352132388893513	8
0.10218335279232	0.353699707342604	8
-0.04261265597693	1.58958080403181	8
-0.02495473558411	0.58335694060492	414
0.10716674266205	0.352132388893513	179
0.0921410851526601	0.647122135526749	4
0.0262847890234299	0.91767823062004	4
0.10758043184799	0.351807769829277	34
0.10647884198302	0.352309794326609	34
0.10716674266205	0.352132388893513	470
0.10663361484863	0.351799503810815	4884
-0.01832158261363	0.57762571413367	1
0.08487211935683	0.654515958017152	57
0.08896944749537	0.648561527057336	57
0.11161804781962	0.350237547909829	6
0.10716674266205	0.352132388893513	422
0.10826925398621	0.351630194981725	4596
-0.02032538013449	0.58045220816518	4596
-0.0256210160689501	0.583695327776066	4596
-0.0219447451608401	0.579924971604282	584
0.10397890323872	0.352462565358244	19
-0.02032538013449	0.58045220816518	19
0.0832107315839501	0.655600676812176	182
0.10328279028361	0.353197314225222	1314
0.10397890323872	0.352462565358244	8
-0.00824618044763992	1.17097158483095	8
0.08713723158925	0.651890032056221	8
0.11230995697287	0.349325823144218	8
0.10785437586757	0.351215554477081	3129
0.10785437586757	0.351215554477081	3129
0.08839071353799	0.648469180284038	904
-0.0293822214054	1.5644701346609	1358
0.10716674266205	0.352132388893513	134
0.10826925398621	0.351630194981725	846
0.10258640259334	0.352883231159087	34
0.10758043184799	0.351807769829277	34
0.0827420779313699	1.44934244750307	236
-0.0029910393855701	1.16568066704153	34
0.0923436119293399	1.00290882021417	752
0.10218335279232	0.353699707342604	2973
0.0924911489970699	0.647904639842956	628
0.10218335279232	0.353699707342604	584
0.10148789770049	0.353384284502155	1314
0.10148789770049	0.353384284502155	973
-0.0794173265377101	0.834766722893349	8
-0.02656840239241	0.58297122228144	414
0.10826925398621	0.351630194981725	202
0.10218335279232	0.353699707342604	8
0.10716674266205	0.352132388893513	3129
-0.0994410682854301	1.10994744801709	904
0.0844855558989701	0.652883681608437	4
0.10758043184799	0.351807769829277	1358
-0.0799470570269301	0.834996837205207	4
0.0223372168393801	0.916809085091843	34
0.10647884198302	0.352309794326609	34
0.10758043184799	0.351807769829277	386
0.11092586756108	0.350415838742694	34
0.02846757701391	1.57377460134156	236
0.09543948260062	0.994855624678183	34
0.0169314900914199	0.926963123360201	34
0.10218335279232	0.353699707342604	470
-0.10082508589942	1.10738013284866	57
-0.02400836223229	0.581258703136909	57
0.10328279028361	0.353197314225222	57
-0.0219447451608401	0.579924971604282	6
-0.0252346917202799	0.58191737664116	6
0.0834161303561301	0.654178336506151	117
0.08987186698926	0.649530308387677	628
0.10716674266205	0.352132388893513	416
-0.0752439062419199	0.828825229159885	44
0.09035039836001	1.00496814851003	8
0.10895780785609	0.350714860686515	202
0.10826925398621	0.351630194981725	8
0.10716674266205	0.352132388893513	414
-0.0154911986975901	0.575887232891104	3379
0.11230995697287	0.349325823144218	4
0.0795224266797201	0.655409398711473	1358
-0.0742784587630301	0.828259284544803	1358
0.02483670716692	0.919730639223693	4
-0.0848725721513499	1.08458664161509	4
0.10826925398621	0.351630194981725	34
0.0782130537447801	0.657852425330512	34
0.12048845634146	1.24002088953864	34
0.0830339831393301	0.654977959690159	1
-0.10101552190389	1.34414342199942	752
0.08713723158925	0.651890032056221	57
0.0835842758277401	0.654783910829574	57
0.0852209906930499	0.654392144647465	57
0.10785437586757	0.351215554477081	6
-0.02600597712709	0.58082284511866	628
0.10218335279232	0.353699707342604	628
0.10148789770049	0.353384284502155	416
0.10785437586757	0.351215554477081	416
0.10785437586757	0.351215554477081	416
0.10733312446004	0.351067215845013	416
0.10826925398621	0.351630194981725	398
0.0295942500439399	0.910572681554665	182
-0.02866095646662	0.582384335707824	1314
0.10287853396258	0.35296389743942	8
0.0852209906930499	0.654392144647465	3379
0.0205580137244501	0.922824886840433	1358
-0.01870808245147	0.577883497327535	1358
-0.00401937908496008	1.16592789302959	2304
0.10397890323872	0.352462565358244	2657
0.10716674266205	0.352132388893513	846
0.10758043184799	0.351807769829277	846
0.10647884198302	0.352309794326609	386
0.10328279028361	0.353197314225222	34
0.10218335279232	0.353699707342604	4884
-0.000945701410280053	1.16073463261202	1
0.10689134122138	0.351285302005725	2973
0.08911118682812	0.650217800895839	57
0.08612344995625	0.651987418512096	57
-0.0246738993289199	0.581595777089794	117
0.10716674266205	0.352132388893513	628
0.0852209906930499	0.654392144647465	117
0.09042628008524	0.64845225589603	990
-0.0721598070663001	0.824720768215814	1314
0.0793186645478301	0.657843294254402	1314
0.0283898068794199	1.42689604434585	8
0.05447964809785	1.22815797707218	8
-0.10227550347997	1.55424292715964	8
-0.02428878983577	0.582639355082303	414
-0.01937561527664	0.578362564289604	414
-0.07360895235181	0.82711047870906	8
-0.0225511563020999	1.38052494710081	44
0.0220104077830601	0.921079433700798	386
0.10826925398621	0.351630194981725	386
-0.09845112096704	1.10859764235125	34
0.08730336575946	0.650020051366068	34
-0.0198388180989999	1.3730657593979	34
0.0885368460540401	1.00619011070835	34
-0.0033412965625601	1.16058312582936	1
0.09305407935565	0.645230627067365	834
0.10647884198302	0.352309794326609	1
0.10716674266205	0.352132388893513	57
-0.0779667799886701	0.833254538561395	57
-0.0256210160689501	0.583695327776066	6
0.10716674266205	0.352132388893513	19
-0.11053837249462	1.1189109190984	1475
0.11161804781962	0.350237547909829	1314
0.11092586756108	0.350415838742694	8
0.10579067361142	0.351785528543761	8
-0.0212754047183501	0.579737208933733	414
0.0896657887737	0.649980701034027	8
-0.00780933908852011	1.16623903564013	44
0.0964447971331399	0.997079070566473	4
-0.10469577571079	1.35154473053324	4
0.02104027720589	0.921892238789281	1358
-0.09952681455818	1.53983162816708	4
-0.0258231300371701	0.581187080143393	134
0.0662046459771599	1.20630676908087	34
0.00923318012369001	0.931972322211739	470
0.10328279028361	0.353197314225222	1
-0.0152067997466201	0.576118661909323	57
-0.0221182132134701	0.580408422501073	6
-0.01870808245147	0.577883497327535	990
0.08487211935683	0.654515958017152	8
0.0581766988138399	1.21846430418429	8
0.0175917224594999	0.926047313455014	973
0.0922286548811599	1.00179549889165	765
-0.000746215067960021	1.1556394564693	8
0.11092586756108	0.350415838742694	8
0.10716674266205	0.352132388893513	414
0.08213220310358	0.654413913177199	8
0.0830339831393301	0.654977959690159	4
0.02152490366363	0.922273858660409	4
-0.0264839353201201	0.581300229956136	4
-0.08139887882688	0.833409406769247	1358
-0.01870808245147	0.577883497327535	34
0.0896657887737	0.649980701034027	846
-0.0224971716223601	0.579053587470265	34
0.10716674266205	0.352132388893513	34
0.10716674266205	0.352132388893513	386
-0.0259013793896701	0.582633022248989	34
0.0832107315839501	0.655600676812176	1
-0.0180408851730201	0.577068127053539	470
0.10785437586757	0.351215554477081	1
-0.0180408851730201	0.577068127053539	1
-0.02656840239241	0.58297122228144	5475
0.08431855036541	0.655167690820231	1
0.0907743109538099	0.648758219491063	1
-0.07849590914857	0.833815212107253	1
0.10826925398621	0.351630194981725	1
-0.0214546059215199	0.580072466612979	1
0.10647884198302	0.352309794326609	57
0.10826925398621	0.351630194981725	57
-0.07035646601997	0.825248140293113	1336
0.10758043184799	0.351807769829277	6
0.10716674266205	0.352132388893513	117
0.11092586756108	0.350415838742694	398
-0.00310888497732997	1.16736094886793	3545
-0.0994061890549201	1.73391609184276	182
0.09589277564872	0.994372486347459	182
-0.02428878983577	0.582639355082303	973
-0.01898917918035	0.579150144945583	869
0.09135194517055	1.00353668629294	8
0.0908563761363199	0.64728870249577	8
0.08487211935683	0.654515958017152	765
0.07896968465565	0.656318924351277	8
0.0822252997955499	0.653228778341304	8
0.0924911489970699	0.647904639842956	1319
0.10647884198302	0.352309794326609	1358
-0.02262826037015	1.38551747964399	34
0.09775166005935	0.997792030955	846
0.11230995697287	0.349325823144218	1
0.10148789770049	0.353384284502155	834
-0.0223322056066999	0.579667431665503	752
0.10785437586757	0.351215554477081	1779
-0.02495473558411	0.58335694060492	5079
0.11161804781962	0.350237547909829	5079
0.10647884198302	0.352309794326609	6
-0.02362317852698	0.581190591414601	422
0.10758043184799	0.351807769829277	117
0.10218335279232	0.353699707342604	1128
-0.07888779869732	0.834205282807095	1128
0.09786574616812	0.353978519341629	416
0.10758043184799	0.351807769829277	2250
0.10785437586757	0.351215554477081	869
0.10785437586757	0.351215554477081	869
-0.01965711158767	0.579970689675105	4
0.0896657887737	0.649980701034027	34
0.05546913408611	1.22637370271432	34
-0.02400836223229	0.581258703136909	34
-0.0198445386517401	1.37266058259351	34
-0.0272357610266101	0.58293567232368	34
0.10733312446004	0.351067215845013	34
0.10716674266205	0.352132388893513	236
0.02483670716692	0.919730639223693	1
0.10826925398621	0.351630194981725	1
0.10716674266205	0.352132388893513	4116
0.0793186645478301	0.657843294254402	117
0.0634158040633099	1.20790208282916	1475
-0.0191828674279599	0.577346026506201	869
0.10579067361142	0.351785528543761	4
0.11092586756108	0.350415838742694	34
-0.01965711158767	0.579970689675105	34
-0.0302678201580699	0.585048846712041	1
0.10758043184799	0.351807769829277	4116
0.11161804781962	0.350237547909829	117
-0.0763806055630201	0.828591377445543	117
0.10579067361142	0.351785528543761	117
0.10826925398621	0.351630194981725	1128
0.11092586756108	0.350415838742694	3626
0.10826925398621	0.351630194981725	19
-0.0935302374823499	1.10366682986264	182
0.10430092190139	1.27203854497546	765
0.10647884198302	0.352309794326609	4
-0.10642086564229	1.55772890787134	34
0.08949273347165	0.650191977967804	34
-0.02032538013449	0.58045220816518	34
0.0850176259342801	0.652419444182068	34
0.0611798334879301	1.21948030799584	470
0.0953003391184599	0.99779402801072	1
-0.0293241189514	0.582953239357999	5475
0.11092586756108	0.350415838742694	5475
0.10425822729999	0.984217233023502	650
-0.01235938680316	0.572491611501038	1779
0.10716674266205	0.352132388893513	1779
0.11161804781962	0.350237547909829	5079
0.10689134122138	0.351285302005725	57
0.10689134122138	0.351285302005725	1556
0.10287853396258	0.35296389743942	6
0.0982592360254899	0.353721534917221	830
-0.08271050353359	0.836458145602786	117
0.10785437586757	0.351215554477081	2667
-0.01965711158767	0.579970689675105	2667
0.0835604176000799	0.654541861848122	117
-0.0735280666687601	0.828376469468683	584
0.10716674266205	0.352132388893513	3626
0.09543948260062	0.994855624678183	8
-0.0212754047183501	0.579737208933733	8
0.01331620770664	0.929644878331493	8
0.0823073157091701	0.654612114470796	869
0.08286183671648	0.6545394097211	869
0.0898800710634	1.00676978201277	8
0.0933944704887899	0.646019881766231	8
-0.0264839353201201	0.581300229956136	8
-0.11293371031339	1.92855398873507	4
0.10647884198302	0.352309794326609	34
-0.0792001258980699	0.830960421728324	34
-0.01870808245147	0.577883497327535	34
0.0896657887737	0.649980701034027	34
0.0205603806453201	0.923153613701468	1
0.10785437586757	0.351215554477081	1779
0.07966843983398	0.657264267464277	1
0.10647884198302	0.352309794326609	6
0.10785437586757	0.351215554477081	6
0.01564889307702	0.925927863496119	2667
0.0916125693190799	0.999493518032162	2667
0.10716674266205	0.352132388893513	584
-0.02428878983577	0.582639355082303	584
0.0360819395396399	1.41964318642081	1475
0.08228619611345	1.4457875495016	990
0.10758043184799	0.351807769829277	8
-0.08310373117641	0.836620292385383	8
0.06788106972653	1.20584982374442	869
0.01644458659371	0.927072112028693	8
0.0195676122924899	1.59734748490903	8
0.0883906657203799	0.650621618170471	4
-0.02400836223229	0.581258703136909	34
-0.00951868395903999	1.17290670564558	34
0.10689134122138	0.351285302005725	34
-0.0256701889898701	1.38599735520727	34
-0.0799470570269301	0.834996837205207	34
0.000460468975860051	1.15942320270478	34
0.0191090120289901	0.921824597558665	34
0.10882423647852	1.26514404466628	470
-0.0975086750657199	1.34284489327914	5475
0.10785437586757	0.351215554477081	834
-0.00301094617095998	1.1643738980966	650
0.10758043184799	0.351807769829277	5079
0.0989630106853701	0.353478679518203	6
0.10218335279232	0.353699707342604	2667
0.08748786869031	0.652520255624373	117
0.0852209906930499	0.654392144647465	117
0.10647884198302	0.352309794326609	1128
0.10758043184799	0.351807769829277	398
0.10758043184799	0.351807769829277	398
0.0195639044885001	1.59595320398926	3545
0.09180479054178	1.00233776081255	8
-0.0985087626894301	1.34372014424306	8
-0.07388693645013	0.825206638977586	414
-0.0377295649770599	1.73888517068517	8
-0.09818970079986	1.10806467480942	4
0.08333621680003	1.99287056164213	34
-0.03799270982904	1.58542312623266	34
0.0174136678724199	0.926522234186164	34
-0.02071168876143	0.578406004795778	34
-0.03121180177176	0.584322987944732	470
-0.10567905187798	1.11586332553171	470
-0.00552302865826992	1.16387289261682	1
0.10328279028361	0.353197314225222	1
0.10287853396258	0.35296389743942	6
0.10218335279232	0.353699707342604	117
-0.01587168520504	0.57659573259799	6
0.0978643888698301	0.992606804880198	182
0.0682079571988401	1.20677165638105	990
-0.0252346917202799	0.58191737664116	8
0.10148789770049	0.353384284502155	8
-0.10487165704162	1.539397466739	8
-0.0989707849906301	1.11009980832992	869
-0.0774378530941899	0.832339460717058	8
0.0839701967903499	0.653528558133648	8
0.0164491523035399	0.927040416978514	4
0.0807725913801201	0.656539941503435	34
0.0905692428887701	0.647595041048012	34
0.0896657887737	0.649980701034027	34
0.000498715898439972	1.15922213714444	597
-0.0742784587630301	0.828259284544803	5475
-0.0212754047183501	0.579737208933733	5475
0.10647884198302	0.352309794326609	5079
-0.0219447451608401	0.579924971604282	5079
0.10716674266205	0.352132388893513	117
0.10758043184799	0.351807769829277	6
-0.0206064013082601	0.579256545559091	6
-0.02495473558411	0.58335694060492	117
-0.02261442293622	0.579780704461	117
-0.0251626552633499	0.580620515914332	584
0.0982592360254899	0.353721534917221	398
-0.0168820931073901	1.17836148565464	8
-0.02656840239241	0.58297122228144	8
0.08487211935683	0.654515958017152	8
0.0101969379820099	0.930610239861558	8
-0.0219821588582401	2.09742410270443	869
0.10218335279232	0.353699707342604	414
0.10895780785609	0.350714860686515	8
-0.00523780807336993	1.16606041346635	4
-0.07572999281747	0.829307037080084	34
0.08033359515348	1.01316849035546	2864
-0.02032538013449	0.58045220816518	2864
-0.0309320665117701	0.585162590702791	34
-0.0138780287225899	0.573797662096709	75
-0.0726891662296401	0.826166043456925	75
0.02371954232839	0.916934181780596	34
0.08487211935683	0.654515958017152	34
-0.09449175446604	1.53417406017257	34
0.00787283992426002	1.13965917523469	470
-0.0161564891964301	0.576700733308464	1874
-0.09222644850546	1.09345792284017	5475
-0.00749665829940005	1.16802162391326	5475
-0.0955902985207699	1.101015966168	1
0.08748786869031	0.652520255624373	5079
-0.0708114544451	0.823850099617228	6
0.10826925398621	0.351630194981725	6
-0.0256210160689501	0.583695327776066	6
0.10647884198302	0.352309794326609	1128
0.10785437586757	0.351215554477081	584
0.10716674266205	0.352132388893513	19
0.10287853396258	0.35296389743942	398
0.0921467271774701	1.00182383870115	990
0.10783760879772	1.26217825641005	8
-0.01737402314317	0.575554514837542	8
0.10258640259334	0.352883231159087	8
0.0997537255499601	0.991780055086239	8
-0.01965711158767	0.579970689675105	8
-0.07572999281747	0.829307037080084	8
0.0835842758277401	0.654783910829574	34
-0.09590541302511	1.1052733229326	34
-0.00950772948265999	1.17255825981464	4374
-0.10215577863706	1.34600383255762	650
-0.0742784587630301	0.828259284544803	650
0.09324688884083	0.645906963789496	1556
-0.0251626552633499	0.580620515914332	6
-0.01748807245685	0.577364796631369	3350
0.10716674266205	0.352132388893513	398
0.10758043184799	0.351807769829277	398
0.10758043184799	0.351807769829277	398
0.10785437586757	0.351215554477081	584
0.10218335279232	0.353699707342604	584
0.10785437586757	0.351215554477081	584
0.10218335279232	0.353699707342604	4854
0.10647884198302	0.352309794326609	398
-0.10599333852753	1.74440604695152	182
-0.11341501714644	1.56834745676638	990
-0.0191828674279599	0.577346026506201	990
-0.00724423259057994	1.17059061317099	990
-0.0165369043550301	0.576781738217319	8
0.0740758123715699	1.81597640864594	8
-0.0712766558140601	0.824388271855092	8
0.0989630106853701	0.353478679518203	8
0.10689134122138	0.351285302005725	8
-0.02099398512007	0.58063946719774	8
0.0280026732024801	0.913820819996367	34
-0.0154302619818201	1.18039935484197	34
0.12359230137254	1.46908930896629	34
0.10328279028361	0.353197314225222	34
0.02896831748076	0.912705307834054	470
0.0944936647436501	0.998551306698333	597
-0.01965711158767	0.579970689675105	5475
-0.02495473558411	0.58335694060492	7
-0.07466906671733	0.828812827260658	6
-0.01898917918035	0.579150144945583	3350
0.10716674266205	0.352132388893513	398
0.0844643741812901	0.652140562828595	990
-0.0272357610266101	0.58293567232368	990
0.02200692534856	0.921341396565078	8
0.10218335279232	0.353699707342604	8
0.10328279028361	0.353197314225222	621
-0.07418891881002	0.828719306568647	8
-0.0309320665117701	0.585162590702791	8
0.10647884198302	0.352309794326609	8
0.10287853396258	0.35296389743942	3450
-0.0232844383453501	0.578960155602578	8
0.10328279028361	0.353197314225222	8
-0.10173869118768	1.11241692037146	34
0.05769900911611	1.22020365087128	34
0.11092586756108	0.350415838742694	34
-0.0256210160689501	0.583695327776066	34
0.09269410012819	0.646644202235759	2189
0.09269410012819	0.646644202235759	34
-0.10245790987954	1.73601497858293	470
0.0885563574289101	0.650194172814921	597
0.08265648146988	0.655317487706668	240
-0.10245862917695	1.34553419461285	6
-0.0221182132134701	0.580408422501073	456
-0.00679991510354006	1.16972353488739	182
0.10758043184799	0.351807769829277	621
0.10758043184799	0.351807769829277	621
0.0589451628095601	1.21922023289373	8
0.04855752420589	1.38698504582351	4
0.0982592360254899	0.353721534917221	34
0.10758043184799	0.351807769829277	34
0.0147698484677401	0.927201471235122	34
0.10663361484863	0.351799503810815	1874
0.0941242040612	1.0000452377672	5475
0.0215283086151901	0.921359378423402	5475
-0.01965711158767	0.579970689675105	1
-0.08890043044031	0.839622784557726	6
-0.0799470570269301	0.834996837205207	456
-0.0251626552633499	0.580620515914332	6
0.10258640259334	0.352883231159087	768
-0.0212754047183501	0.579737208933733	398
0.10785437586757	0.351215554477081	4854
0.10287853396258	0.35296389743942	398
0.11003765105232	1.2623250833163	182
0.0931350737632499	1.00145857632118	990
0.10826925398621	0.351630194981725	8
0.11230995697287	0.349325823144218	8
0.10287853396258	0.35296389743942	8
-0.0799470570269301	0.834996837205207	8
-0.0783584733706999	0.833288890400322	8
-0.02139133822856	1.3697746368621	8
-0.00166126496403995	1.16413397661669	8
-0.0845539718525701	0.835934876757901	8
0.10148789770049	0.353384284502155	4
0.10758043184799	0.351807769829277	3450
0.10895780785609	0.350714860686515	3450
0.11161804781962	0.350237547909829	8
-0.10121254861282	1.34875762413472	34
-0.02099398512007	0.58063946719774	75
0.10895780785609	0.350714860686515	240
-0.0165369043550301	0.576781738217319	6
0.0884143147476999	0.649302054491071	928
0.09359641443929	0.647190211436835	117
-0.02428878983577	0.582639355082303	398
0.11161804781962	0.350237547909829	182
0.0823073157091701	0.654612114470796	8
-0.0227981158775299	1.38374938802623	8
0.11230995697287	0.349325823144218	4
0.10397890323872	0.352462565358244	4
0.10826925398621	0.351630194981725	4
0.0233885277227901	0.919102062394618	8
-0.02558810532756	1.38259308531242	4
0.10716674266205	0.352132388893513	34
0.10647884198302	0.352309794326609	34
0.1174876544421	1.48436636456653	470
-0.02032538013449	0.58045220816518	470
0.10218335279232	0.353699707342604	597
0.0989630106853701	0.353478679518203	606
-0.0825752643776301	0.835353802342332	650
0.10397890323872	0.352462565358244	650
0.08911118682812	0.650217800895839	3113
-0.0256210160689501	0.583695327776066	6
-0.02032538013449	0.58045220816518	456
-0.0726891662296401	0.826166043456925	6
-0.02495473558411	0.58335694060492	117
0.10647884198302	0.352309794326609	768
0.10826925398621	0.351630194981725	768
0.10758043184799	0.351807769829277	398
0.10579067361142	0.351785528543761	398
0.10647884198302	0.352309794326609	398
0.11092586756108	0.350415838742694	398
0.10397890323872	0.352462565358244	8
0.10733312446004	0.351067215845013	8
-0.0333273946706001	0.582322571770675	8
-0.0704922579537901	0.823270430998809	8
0.10758043184799	0.351807769829277	8
-0.10615014902738	1.11587919300534	4
0.0186261866624899	0.92210518577733	34
0.0251667658022501	0.914734367633405	34
-0.0246738993289199	0.581595777089794	34
-0.02960390710866	0.58447674818335	34
0.10716674266205	0.352132388893513	34
0.0830064393762799	0.653497012794634	2189
0.05977533842523	1.21642936675392	4335
-0.01720245749258	0.576637775977831	470
0.0979458420447701	0.990885382292163	7
0.0878589542234101	0.649782359675678	240
0.02483670716692	0.919730639223693	6
0.08876235876415	0.650754614292679	6
-0.02362317852698	0.581190591414601	6
0.10218335279232	0.353699707342604	768
0.10785437586757	0.351215554477081	398
0.10328279028361	0.353197314225222	398
0.10647884198302	0.352309794326609	398
0.08487211935683	0.654515958017152	8
0.0289652407419501	0.912659239984059	8
0.02104272212667	0.922873470954488	34
-0.0196672201543899	1.374216723911	34
-0.08033841776218	0.833301306316734	34
0.05738997638984	1.22282634795683	34
0.0256505663114801	0.914606893727347	34
0.0867475491926599	0.649998001219271	34
0.0802206285856899	0.657069110109831	4335
0.01547606099306	0.925460115023956	34
-0.00781799152644003	1.1691191798215	470
-0.07841093939819	0.831388755246882	34
-0.0733571621476901	0.825105299411808	5475
0.08931722660306	0.650273274268608	1
0.09359641443929	0.647190211436835	240
-0.0161564891964301	0.576700733308464	6
-0.02032538013449	0.58045220816518	6
-0.0233431592753299	0.580545475751851	2702
0.10758043184799	0.351807769829277	3002
-0.0224971716223601	0.579053587470265	768
0.02371954232839	0.916934181780596	768
0.10148789770049	0.353384284502155	768
0.10758043184799	0.351807769829277	3768
0.11092586756108	0.350415838742694	398
0.10647884198302	0.352309794326609	398
0.10647884198302	0.352309794326609	398
0.10716674266205	0.352132388893513	398
0.10716674266205	0.352132388893513	8
0.08949273347165	0.650191977967804	8
0.11081082229425	1.2616996113028	8
0.06174857370072	1.21877866793446	4
0.09994782588857	0.988536264719876	34
-0.00296637353564999	1.15903711649341	34
0.000138254736379961	1.15941657116126	34
-0.08561272175478	0.836339075674175	34
0.10716674266205	0.352132388893513	34
-0.01587168520504	0.57659573259799	34
-0.07388693645013	0.825206638977586	34
-0.0205075928915399	0.579490279223785	34
0.09720421319883	0.99759399511106	470
0.0572272946286001	1.2223735107407	1
0.08466769309659	0.654753086475839	5475
-0.0800845115686499	0.833342288425983	650
-0.0161564891964301	0.576700733308464	6
0.10647884198302	0.352309794326609	117
0.10826925398621	0.351630194981725	3002
-0.0145422476842101	0.575306259165605	928
-0.06802600388028	0.819090334087219	768
0.10716674266205	0.352132388893513	398
-0.0199377346304801	0.578438416169099	398
0.10758043184799	0.351807769829277	8
0.0660542300185301	1.20939260047111	8
0.0215223807929701	0.920576942644377	8
0.10716674266205	0.352132388893513	3629
0.10716674266205	0.352132388893513	1613
0.0335243469169999	1.42448659898189	4
0.10148789770049	0.353384284502155	34
-0.08758123656938	0.835156529799827	34
0.10785437586757	0.351215554477081	34
0.10758043184799	0.351807769829277	34
-0.0941555502748299	1.10014448871367	34
-0.01934295876728	1.37806011962152	470
-0.0971579095733901	1.53749747426098	5475
0.10258640259334	0.352883231159087	768
0.10758043184799	0.351807769829277	768
0.10716674266205	0.352132388893513	398
0.09841923176741	0.640695939728626	182
0.10716674266205	0.352132388893513	8
0.10758043184799	0.351807769829277	8
0.10826925398621	0.351630194981725	8
0.10758043184799	0.351807769829277	8
0.10647884198302	0.352309794326609	69
0.10826925398621	0.351630194981725	34
0.10328279028361	0.353197314225222	34
0.10218335279232	0.353699707342604	34
-0.01587168520504	0.57659573259799	34
0.10101566082672	0.991006119895259	7
-0.08534057150109	1.0863612910201	5475
0.0523279170950799	1.22867039078628	650
0.07786352108392	0.657043512654335	240
0.02152490366363	0.922273858660409	240
-0.0980462400064299	1.33725957748631	240
-0.08561272175478	0.836339075674175	6
-0.02032538013449	0.58045220816518	398
0.10647884198302	0.352309794326609	398
0.10647884198302	0.352309794326609	398
0.10328279028361	0.353197314225222	416
-0.0256210160689501	0.583695327776066	398
0.10785437586757	0.351215554477081	398
0.10579067361142	0.351785528543761	398
0.11092586756108	0.350415838742694	398
0.10148789770049	0.353384284502155	8
-0.01587168520504	0.57659573259799	8
0.10397890323872	0.352462565358244	8
0.11161804781962	0.350237547909829	8
-0.0342687967458599	0.5843999744477	4
0.10287853396258	0.35296389743942	952
0.10218335279232	0.353699707342604	1613
-0.0218118736752799	1.37881619475071	34
-0.0788059950000399	0.833098851203486	34
-0.08784425663655	0.838827240360376	34
0.0902201634281701	0.649500065308071	470
-0.0103960133337599	1.17518362804802	571
-0.0769091283304799	0.830971076182268	117
0.10785437586757	0.351215554477081	398
0.10647884198302	0.352309794326609	398
0.10148789770049	0.353384284502155	398
0.10647884198302	0.352309794326609	8
-0.02400836223229	0.581258703136909	8
0.10716674266205	0.352132388893513	1088
0.10785437586757	0.351215554477081	1088
0.10826925398621	0.351630194981725	4
-0.02428878983577	0.582639355082303	4
0.0950505422410799	0.64457218511105	34
0.10826925398621	0.351630194981725	34
-0.0976388378573501	1.34262707932634	34
0.06475344594788	1.20754512161776	34
0.10146758266999	0.990240785063206	34
0.10758043184799	0.351807769829277	34
0.0989630106853701	0.353478679518203	34
0.0972994057256999	0.998430777827098	470
-0.09561140401887	1.09793221305814	606
-0.02628763158757	0.583658225403998	4444
0.10826925398621	0.351630194981725	4444
0.10647884198302	0.352309794326609	768
0.10689134122138	0.351285302005725	3768
0.10258640259334	0.352883231159087	398
-0.01965711158767	0.579970689675105	398
-0.01926657529592	1.3722203893299	990
-0.02790345559029	0.582195629058972	8
0.10148789770049	0.353384284502155	8
0.0936712661822701	1.0003737936306	4
-0.02032538013449	0.58045220816518	1088
-0.07888779869732	0.834205282807095	4
0.10647884198302	0.352309794326609	34
-0.02495473558411	0.58335694060492	69
-0.0256210160689501	0.583695327776066	75
-0.07180549896509	0.824779730602868	240
-0.08323897166025	0.836854548113291	240
0.0896657887737	0.649980701034027	2656
-0.07849590914857	0.833815212107253	6
-0.0212754047183501	0.579737208933733	4444
0.10218335279232	0.353699707342604	117
0.11161804781962	0.350237547909829	398
0.10328279028361	0.353197314225222	398
0.10647884198302	0.352309794326609	398
0.11023341597372	0.349898349308083	398
0.10593382759709	0.35148923313409	398
0.10287853396258	0.35296389743942	398
-0.01235938680316	0.572491611501038	398
-0.1019709503784	1.34407485514005	8
0.02863574944223	1.42884522519923	8
0.0850176259342801	0.652419444182068	8
0.0229741267826	0.919551013388354	8
-0.02032538013449	0.58045220816518	8
0.10647884198302	0.352309794326609	8
0.10328279028361	0.353197314225222	1088
0.10716674266205	0.352132388893513	3629
0.10287853396258	0.35296389743942	3844
0.08987186698926	0.649530308387677	34
-0.02495473558411	0.58335694060492	34
0.09353550115341	1.0026891889984	34
-0.0211704534369199	0.579825727743365	75
-0.01235938680316	0.572491611501038	75
-0.0955346574965099	1.33220799587076	7
0.10593382759709	0.35148923313409	5475
-0.02071168876143	0.578406004795778	6
0.08487211935683	0.654515958017152	6
0.0243555019897099	0.920328771307225	6
0.10689134122138	0.351285302005725	1855
0.10826925398621	0.351630194981725	398
0.10328279028361	0.353197314225222	398
0.10826925398621	0.351630194981725	398
0.11023341597372	0.349898349308083	398
-0.0251626552633499	0.580620515914332	398
0.08612344995625	0.651987418512096	8
0.05570548536898	1.22394489148582	4
0.10397890323872	0.352462565358244	8
0.10785437586757	0.351215554477081	1088
0.11161804781962	0.350237547909829	3629
0.10785437586757	0.351215554477081	952
0.10647884198302	0.352309794326609	3844
0.10716674266205	0.352132388893513	4
0.0878589542234101	0.649782359675678	1163
0.10895780785609	0.350714860686515	34
-0.02183364624937	0.579789745439092	34
0.10826925398621	0.351630194981725	75
0.10148789770049	0.353384284502155	1430
0.10328279028361	0.353197314225222	1874
0.08931722660306	0.650273274268608	5475
0.0968781924403199	0.994006979285228	7
0.0232368144300601	0.917084635256968	7
0.0216908772550299	0.922886104206456	6
0.0205580137244501	0.922824886840433	6
-0.0737484919429701	0.827865968081847	6
0.10663361484863	0.351799503810815	398
0.10826925398621	0.351630194981725	398
-0.0256210160689501	0.583695327776066	936
0.0902201634281701	0.649500065308071	8
0.10826925398621	0.351630194981725	8
0.10328279028361	0.353197314225222	8
0.10785437586757	0.351215554477081	8
0.0839701967903499	0.653528558133648	8
-0.06982822110286	0.824564420176428	8
0.10758043184799	0.351807769829277	1088
0.10647884198302	0.352309794326609	1088
-0.02032538013449	0.58045220816518	4
-0.11519549845198	1.3560876803795	34
0.10959811887496	1.26206187458181	34
-0.0212754047183501	0.579737208933733	34
0.0982592360254899	0.353721534917221	34
-0.02099398512007	0.58063946719774	34
-0.00310888497732997	1.16736094886793	470
0.0907743109538099	0.648758219491063	240
-0.0145422476842101	0.575306259165605	240
-0.0168221136840501	0.577178479347997	117
-0.0798084916433699	0.832741341170684	1855
-0.02656840239241	0.58297122228144	635
0.0243555019897099	0.920328771307225	635
0.10287853396258	0.35296389743942	398
0.11230995697287	0.349325823144218	398
0.10716674266205	0.352132388893513	398
-0.0707480146886399	0.823705980665358	182
0.10716674266205	0.352132388893513	8
0.10733312446004	0.351067215845013	8
0.11161804781962	0.350237547909829	8
-0.02032538013449	0.58045220816518	8
0.0538815664836101	1.22769482101124	8
-0.03552116176495	1.98969250399454	869
-0.0817882828166601	0.833270503877947	8
-0.0256210160689501	0.583695327776066	1088
0.10826925398621	0.351630194981725	3629
-0.0205075928915399	0.579490279223785	3844
0.0949899903634199	1.00072767280274	69
0.0345288146149101	1.41628645287155	34
0.0896657887737	0.649980701034027	34
0.10528195281376	1.26843368854603	470
-0.01937561527664	0.578362564289604	1430
0.10716674266205	0.352132388893513	1874
-0.0989993477812701	1.33487031600672	240
-0.02866095646662	0.582384335707824	6
0.10826925398621	0.351630194981725	635
-0.02428878983577	0.582639355082303	398
-0.0259013793896701	0.582633022248989	398
0.10218335279232	0.353699707342604	398
-0.0206064013082601	0.579256545559091	398
0.10758043184799	0.351807769829277	8
0.02896831748076	0.912705307834054	4
0.10148789770049	0.353384284502155	4
0.11161804781962	0.350237547909829	3629
-0.02533977086171	0.581560371416527	34
0.0837647544950799	0.655529150841431	69
-0.10186026015757	1.11189442168948	34
-0.04261265597693	1.58958080403181	34
-0.01353389016165	1.17855997160629	34
0.0538680047037601	1.21994573418632	470
0.0832107315839501	0.655600676812176	606
-0.02755254741056	1.38564378326474	606
0.0159621640482199	0.92751320939181	1
-0.0737484919429701	0.827865968081847	6
-0.0309320665117701	0.585162590702791	6
0.10397890323872	0.352462565358244	117
0.0922302055470901	0.645309948854565	398
-0.0846903445879501	0.837811003657512	398
-0.0794173265377101	0.834766722893349	182
-0.0909026913394699	1.09655549511862	182
0.10328279028361	0.353197314225222	8
0.05357607944445	1.22630081857438	869
0.10647884198302	0.352309794326609	8
0.10716674266205	0.352132388893513	1088
-0.0251626552633499	0.580620515914332	1088
0.05237605763706	1.76521510520588	34
-0.01984506431962	0.578779752990184	34
0.0826830013925901	0.654219411560461	34
0.10826925398621	0.351630194981725	34
-0.02032538013449	0.58045220816518	375
0.10716674266205	0.352132388893513	4655
0.10003088136703	0.992537880056	34
0.10716674266205	0.352132388893513	650
-0.0960614566800599	1.10098452361213	2656
-0.0751994282328501	0.829206647171541	6
0.11092586756108	0.350415838742694	635
0.10716674266205	0.352132388893513	635
0.10397890323872	0.352462565358244	398
0.08896944749537	0.648561527057336	398
0.10895780785609	0.350714860686515	398
0.10647884198302	0.352309794326609	398
-0.09677843355547	1.10549942578576	42
0.0885909386274999	0.652090173543142	182
0.10647884198302	0.352309794326609	182
-0.02428878983577	0.582639355082303	8
-0.0779667799886701	0.833254538561395	4
-0.0246738993289199	0.581595777089794	133
-0.0145422476842101	0.575306259165605	69
0.0968470138653399	0.998758836181693	69
0.08989721738102	1.00579874481883	34
0.0989630106853701	0.353478679518203	34
0.11092586756108	0.350415838742694	4655
-0.0977727306535301	1.33774769183371	34
-0.04053552474184	1.58542632187155	34
0.11274528909816	1.25355537672798	5475
0.10785437586757	0.351215554477081	7
0.07966843983398	0.657264267464277	240
0.08466769309659	0.654753086475839	240
-0.01965711158767	0.579970689675105	398
0.10647884198302	0.352309794326609	398
0.10785437586757	0.351215554477081	416
-0.0212754047183501	0.579737208933733	398
0.10218335279232	0.353699707342604	5075
0.10716674266205	0.352132388893513	398
0.10826925398621	0.351630194981725	710
0.10287853396258	0.35296389743942	8
0.10218335279232	0.353699707342604	4
0.10895780785609	0.350714860686515	4
0.10895780785609	0.350714860686515	3844
0.10328279028361	0.353197314225222	75
0.07841774694255	1.01551514838437	34
0.10093320803751	0.989918789836543	34
0.10287853396258	0.35296389743942	1874
0.10647884198302	0.352309794326609	7
0.11161804781962	0.350237547909829	117
0.10287853396258	0.35296389743942	4365
0.10716674266205	0.352132388893513	398
-0.0180408851730201	0.577068127053539	398
-0.0180408851730201	0.577068127053539	479
0.0868614519720099	1.44046107985289	869
-0.0206064013082601	0.579256545559091	4
-0.0212754047183501	0.579737208933733	34
-0.08323897166025	0.836854548113291	4655
0.0883645787777501	1.43473917486269	34
0.10191936681466	0.989177974748469	470
0.11161804781962	0.350237547909829	1874
0.10328279028361	0.353197314225222	606
0.06804336981285	1.20336545732019	7
0.11735186131095	1.24775553952197	240
0.0243555019897099	0.920328771307225	240
0.0324089411877799	0.90366646877458	117
0.0837647544950799	0.655529150841431	117
0.10647884198302	0.352309794326609	117
-0.0205075928915399	0.579490279223785	635
0.10716674266205	0.352132388893513	479
0.10716674266205	0.352132388893513	479
0.11092586756108	0.350415838742694	182
0.10716674266205	0.352132388893513	8
0.08431855036541	0.655167690820231	8
0.10328279028361	0.353197314225222	133
0.11230995697287	0.349325823144218	133
0.10287853396258	0.35296389743942	4781
0.11295248085035	1.49069907264469	966
0.11230995697287	0.349325823144218	297
-0.10860220310825	1.1173378002061	297
0.10716674266205	0.352132388893513	375
0.0704287077885599	1.20031577487068	34
0.0885563574289101	0.650194172814921	470
0.10826925398621	0.351630194981725	22
0.0185530595404899	0.92432878906006	22
0.10579067361142	0.351785528543761	7
-0.02362317852698	0.581190591414601	240
-0.02261442293622	0.579780704461	6
0.11023341597372	0.349898349308083	6
0.10579067361142	0.351785528543761	117
0.10895780785609	0.350714860686515	117
-0.00378959216607999	1.16006491527034	635
0.10826925398621	0.351630194981725	635
0.10826925398621	0.351630194981725	398
-0.01832158261363	0.57762571413367	398
0.10716674266205	0.352132388893513	398
0.10826925398621	0.351630194981725	479
-0.0714135613256299	0.825739488694593	398
0.10785437586757	0.351215554477081	710
0.11230995697287	0.349325823144218	2705
-0.10742989002863	1.55787286295235	8
-0.0148262418915399	0.574376653983274	1088
0.0639648383723399	1.61715581673684	966
0.02249234714144	0.920481090637812	4
-0.00857797700621998	1.17107584694593	69
0.10826925398621	0.351630194981725	375
0.05680779663055	1.22345080299042	34
0.0639136988667199	1.20923376141476	34
-0.01870808245147	0.577883497327535	22
0.11161804781962	0.350237547909829	1874
-0.0205075928915399	0.579490279223785	6
0.0850176259342801	0.652419444182068	6
0.10689134122138	0.351285302005725	479
0.10716674266205	0.352132388893513	2705
0.10287853396258	0.35296389743942	8
0.10826925398621	0.351630194981725	8
0.0262847890234299	0.91767823062004	8
0.10148789770049	0.353384284502155	8
0.10826925398621	0.351630194981725	1551
0.0989630106853701	0.353478679518203	1551
0.10716674266205	0.352132388893513	4781
0.08265648146988	0.655317487706668	4
0.0902201634281701	0.649500065308071	297
0.08072983832105	1.45326009350868	297
-0.0745826480862599	0.830652290472693	34
-0.01937561527664	0.578362564289604	375
-0.0206064013082601	0.579256545559091	375
0.10579067361142	0.351785528543761	75
0.1167011899355	1.2496983574738	34
0.10647884198302	0.352309794326609	2855
0.10716674266205	0.352132388893513	7
-0.0336997370324701	1.39701101461732	7
0.10647884198302	0.352309794326609	7
0.10716674266205	0.352132388893513	240
0.0573783027825701	1.22153369028559	6
0.10826925398621	0.351630194981725	1003
-0.0302678201580699	0.585048846712041	479
0.10895780785609	0.350714860686515	936
-0.02495473558411	0.58335694060492	2705
0.11161804781962	0.350237547909829	2705
0.10218335279232	0.353699707342604	2705
0.10397890323872	0.352462565358244	182
0.10148789770049	0.353384284502155	8
-0.05684773838126	1.77554700959275	4
0.11161804781962	0.350237547909829	297
0.11161804781962	0.350237547909829	210
0.10328279028361	0.353197314225222	375
-0.0200434839469901	0.578549734222855	75
0.10287853396258	0.35296389743942	240
0.09115916346804	1.00013134883221	240
0.08783929390619	0.650342314973797	6
-0.10426016378361	1.35099691177337	117
0.10328279028361	0.353197314225222	117
0.10647884198302	0.352309794326609	479
0.08893814644033	0.647573567710348	8
0.10218335279232	0.353699707342604	8
0.0694602943439699	1.20205130500394	4
0.10785437586757	0.351215554477081	3527
0.10758043184799	0.351807769829277	1551
-0.07173230670077	0.824519349853188	4
0.0841141687861899	0.654824552022475	4
0.08713723158925	0.651890032056221	4
-0.0977817110604	1.33060105143226	297
-0.0786322328525999	0.830739639663377	34
0.10647884198302	0.352309794326609	375
0.11230995697287	0.349325823144218	375
0.0388470295874299	1.41400677355734	34
-0.10090052616274	1.73657588120869	34
-0.11280881636847	2.09319887535243	34
0.10708517398359	1.26558258856505	34
0.10733312446004	0.351067215845013	22
0.10647884198302	0.352309794326609	22
-0.07035646601997	0.825248140293113	7
0.10218335279232	0.353699707342604	240
-0.0912545968177001	1.09723815888082	240
0.03532045657889	1.42114159442361	6
0.08487211935683	0.654515958017152	398
-0.07413890813543	0.828125663215551	936
-0.0991790321738699	1.10519652782624	182
0.10287853396258	0.35296389743942	8
0.10579067361142	0.351785528543761	8
-0.0152067997466201	0.576118661909323	8
0.10785437586757	0.351215554477081	4772
0.10758043184799	0.351807769829277	133
0.10895780785609	0.350714860686515	1551
-0.09511929225581	1.10070647801779	1551
0.08667602254785	0.651340343074828	1551
-0.07902524070871	0.834045071633638	297
0.0958147078213201	0.990882916242955	297
0.0905692428887701	0.647595041048012	375
0.0919381769649299	0.647880740377681	34
0.0887923226131	0.649884352175995	22
-0.0201283887544399	0.577925349917484	240
-0.02099398512007	0.58063946719774	6
0.10397890323872	0.352462565358244	6
0.10287853396258	0.35296389743942	635
-0.02032538013449	0.58045220816518	8
0.0253177529953099	0.91880020409554	869
-0.0438795618635699	1.59165673099049	309
0.11476324674101	1.25544488222781	966
-0.0969028636889999	1.33541473308138	966
-0.11037307980379	1.35793558998685	297
-0.0972232461567699	1.10589452374101	69
0.10785437586757	0.351215554477081	210
0.0883906657203799	0.650621618170471	375
0.0939467201281301	0.645784338390518	5362
-0.09795142817779	2.05327068910428	34
0.08713723158925	0.651890032056221	240
-0.0817882828166601	0.833270503877947	240
-0.02032538013449	0.58045220816518	6
0.10716674266205	0.352132388893513	398
0.10287853396258	0.35296389743942	479
0.10716674266205	0.352132388893513	479
0.10895780785609	0.350714860686515	479
0.0880395164151999	0.652449440273683	869
0.10328279028361	0.353197314225222	8
0.10397890323872	0.352462565358244	8
-0.01340419018855	1.17983566845301	3527
-0.0747163118421399	0.828947905752136	4
0.10785437586757	0.351215554477081	4
-0.02628763158757	0.583658225403998	297
0.0617761137220501	2.15989960005288	69
-0.04409563382033	1.89904027240751	210
-0.0834960318089	0.833888991703008	5362
0.10716674266205	0.352132388893513	5362
0.10826925398621	0.351630194981725	34
-0.0418638132604101	0.585151703277674	34
-0.0293241189514	0.582953239357999	34
0.10758043184799	0.351807769829277	34
0.10716674266205	0.352132388893513	34
0.10148789770049	0.353384284502155	34
0.08713723158925	0.651890032056221	34
0.11092586756108	0.350415838742694	34
0.10287853396258	0.35296389743942	7
0.10716674266205	0.352132388893513	240
0.10328279028361	0.353197314225222	6
0.10785437586757	0.351215554477081	381
-0.0963552080405099	1.53488192721143	635
0.0837647544950799	0.655529150841431	635
-0.0206064013082601	0.579256545559091	635
0.10579067361142	0.351785528543761	398
0.11092586756108	0.350415838742694	479
0.10895780785609	0.350714860686515	479
0.10689134122138	0.351285302005725	479
0.0914061382479301	0.647216656522794	8
-0.0794173265377101	0.834766722893349	8
-0.0302678201580699	0.585048846712041	8
-0.10290419887018	1.11109353465543	4
0.10716674266205	0.352132388893513	72
-0.0152067997466201	0.576118661909323	69
0.11139437188524	1.26037817229291	69
-0.07413890813543	0.828125663215551	375
0.0837647544950799	0.655529150841431	375
0.10689134122138	0.351285302005725	34
0.11023341597372	0.349898349308083	34
-0.0256210160689501	0.583695327776066	34
0.0896657887737	0.649980701034027	34
-0.0168221136840501	0.577178479347997	34
0.09408579708075	1.00275626877492	240
0.10716674266205	0.352132388893513	4423
0.10758043184799	0.351807769829277	6
0.0982592360254899	0.353721534917221	6
-0.0252346917202799	0.58191737664116	117
0.08431855036541	0.655167690820231	635
-0.07173230670077	0.824519349853188	635
-0.02600597712709	0.58082284511866	635
-0.01965711158767	0.579970689675105	635
0.11161804781962	0.350237547909829	398
0.10826925398621	0.351630194981725	398
-0.07180549896509	0.824779730602868	479
0.10758043184799	0.351807769829277	479
0.10826925398621	0.351630194981725	479
0.08161401584817	1.78901939817207	8
0.02152490366363	0.922273858660409	297
-0.0139781074877501	1.17949956411778	297
0.0639878953083499	1.21434329325294	69
0.0830339831393301	0.654977959690159	375
-0.00859679673578007	1.17378674619214	34
-0.0985483161444101	1.10639312166741	34
-0.0168221136840501	0.577178479347997	34
0.02387413737171	0.920607959029751	34
-0.07888779869732	0.834205282807095	34
-0.0168221136840501	0.577178479347997	240
0.10397890323872	0.352462565358244	6
-0.0200434839469901	0.578549734222855	479
0.10785437586757	0.351215554477081	182
-0.02099398512007	0.58063946719774	182
-0.0245683390865099	0.580473910496962	8
-0.0139781074877501	1.17949956411778	8
0.10826925398621	0.351630194981725	1551
0.0830339831393301	0.654977959690159	1551
0.0924911489970699	0.647904639842956	4
0.0267654325128901	0.916367548353236	69
-0.01587168520504	0.57659573259799	69
0.10647884198302	0.352309794326609	210
-0.0201283887544399	0.577925349917484	375
-0.08323897166025	0.836854548113291	375
-0.0799470570269301	0.834996837205207	375
0.10647884198302	0.352309794326609	375
-0.0755893142410899	0.827371293184792	5362
-0.03143224367924	0.582325380224468	34
-0.0794173265377101	0.834766722893349	6
-0.0264839353201201	0.581300229956136	6
0.0972994057256999	0.998430777827098	635
-0.0206064013082601	0.579256545559091	6
0.11092586756108	0.350415838742694	4660
0.0882072633098401	0.650992030959653	398
-0.01587168520504	0.57659573259799	398
0.10826925398621	0.351630194981725	479
0.09782033651956	0.995673872692827	8
0.0878589542234101	0.649782359675678	4
0.09786574616812	0.353978519341629	72
0.10647884198302	0.352309794326609	1551
-0.0694359566063301	0.822779556033557	1551
-0.0985006512618001	1.10982670170027	4
0.0832335746052799	0.653693295787917	212
-0.01937561527664	0.578362564289604	69
-0.07985962218595	0.834277518094075	75
-0.0165369043550301	0.576781738217319	22
0.10826925398621	0.351630194981725	22
0.0837647544950799	0.655529150841431	34
0.08286183671648	0.6545394097211	381
0.02516710692654	0.915945725286258	6
0.0785767417444601	0.656545607647471	6
0.10758043184799	0.351807769829277	117
0.11161804781962	0.350237547909829	2004
0.08466769309659	0.654753086475839	635
0.10663361484863	0.351799503810815	4660
0.10647884198302	0.352309794326609	4660
0.11230995697287	0.349325823144218	413
-0.07088491271612	0.825639858099944	8
0.0841141687861899	0.654824552022475	1551
-0.0221182132134701	0.580408422501073	1551
0.10295437189924	1.27197059219722	4
0.00874174191748001	0.932075444743445	4
-0.02495473558411	0.58335694060492	297
0.02104027720589	0.921892238789281	212
-0.0259013793896701	0.582633022248989	375
0.0802206285856899	0.657069110109831	375
0.094498743992	0.645307607362446	75
0.0253177529953099	0.91880020409554	34
-0.0737484919429701	0.827865968081847	34
-0.0936618010933501	1.09833284853595	34
0.10328279028361	0.353197314225222	7
-0.0199377346304801	0.578438416169099	7
0.10218335279232	0.353699707342604	240
0.10716674266205	0.352132388893513	4660
0.10716674266205	0.352132388893513	4660
-0.0181543658115899	0.577220737180536	398
0.10758043184799	0.351807769829277	313
-0.01965711158767	0.579970689675105	8
-0.0970911466472999	1.10645140285007	8
0.0940653656982899	0.999807515956487	8
0.10218335279232	0.353699707342604	1551
0.01692684908841	0.926268054849153	4
0.0982592360254899	0.353721534917221	297
0.0802206285856899	0.657069110109831	297
0.08987186698926	0.649530308387677	375
-0.0214546059215199	0.580072466612979	34
0.10579067361142	0.351785528543761	34
-0.0293241189514	0.582953239357999	34
-0.02428878983577	0.582639355082303	240
0.10647884198302	0.352309794326609	240
-0.0665784158185501	0.818321064137044	240
-0.07466906671733	0.828812827260658	6
0.10895780785609	0.350714860686515	4660
-0.01748807245685	0.577364796631369	4660
0.10716674266205	0.352132388893513	4660
0.0936249251805099	0.99368094418157	8
0.02200692534856	0.921341396565078	8
0.0958661073715401	0.642701436121446	8
0.09466138356984	0.99794521452535	8
-0.0148287721490901	1.36582879769325	8
0.0684622681040801	1.20327538874252	4
0.01283405068164	0.929883039410651	4
-0.08033841776218	0.833301306316734	3527
-0.02079133119985	0.57936096462064	72
0.10716674266205	0.352132388893513	1551
0.10826925398621	0.351630194981725	1551
0.10218335279232	0.353699707342604	1551
0.10328279028361	0.353197314225222	75
0.11161804781962	0.350237547909829	75
-0.02400836223229	0.581258703136909	34
-0.08271050353359	0.836458145602786	34
0.09716291462318	0.354221264198155	22
0.10733312446004	0.351067215845013	240
-0.0821822373703201	0.835671513699384	240
-0.02656840239241	0.58297122228144	6
-0.0221182132134701	0.580408422501073	6
0.10826925398621	0.351630194981725	6
-0.02099398512007	0.58063946719774	6
0.09390967967812	0.353808839268374	6
0.10287853396258	0.35296389743942	313
0.11092586756108	0.350415838742694	479
0.0178956857389101	0.925718367547389	923
-0.0154911986975901	0.575887232891104	182
-0.0952998730418699	1.33106540724353	8
-0.0751102407520801	0.831210858504437	4
0.10238651216121	0.98928590345818	4
-0.07466906671733	0.828812827260658	1551
0.10758043184799	0.351807769829277	297
-0.00714625420027004	1.17300564989385	210
-0.0264839353201201	0.581300229956136	34
0.08487211935683	0.654515958017152	34
0.07841671617754	0.656847582683595	34
-0.0213802300192001	0.57758827802239	34
-0.01832158261363	0.57762571413367	381
-0.0883722425889699	0.839449743227902	6
-0.0813089991201099	0.833400695858997	4660
0.0900151349515701	0.647831785542205	4660
-0.0730010776497501	0.826004248414824	6
0.10826925398621	0.351630194981725	4660
0.10328279028361	0.353197314225222	413
0.10689134122138	0.351285302005725	313
0.10689134122138	0.351285302005725	313
0.06332812906532	1.21159410475085	309
0.02655581191471	0.912765980002963	4
0.09716291462318	0.354221264198155	1551
-0.0145422476842101	0.575306259165605	1551
0.0956673188398001	0.641763244556121	4
-0.0272357610266101	0.58293567232368	212
0.0793186645478301	0.657843294254402	297
0.10716674266205	0.352132388893513	212
-0.0945223077972801	1.10123922156622	375
0.0782253735067799	0.655618008736777	375
0.10826925398621	0.351630194981725	375
0.0878589542234101	0.649782359675678	375
0.10397890323872	0.352462565358244	75
-0.02628763158757	0.583658225403998	34
0.08597857735077	0.651730437398599	34
0.0924911489970699	0.647904639842956	34
0.10218335279232	0.353699707342604	1010
-0.0293241189514	0.582953239357999	6
0.10218335279232	0.353699707342604	6
-0.02495473558411	0.58335694060492	6
-0.07413890813543	0.828125663215551	4660
-0.03398818849074	0.58350669773355	4660
0.10647884198302	0.352309794326609	1542
0.10579067361142	0.351785528543761	413
-0.07704543603291	0.830073818425413	923
0.10826925398621	0.351630194981725	8
0.0832335746052799	0.653693295787917	72
0.0113799049238099	0.93023316020473	1551
0.10785437586757	0.351215554477081	212
-0.01898917918035	0.579150144945583	69
0.0925049896985399	0.646220024093877	375
0.10647884198302	0.352309794326609	75
0.10689134122138	0.351285302005725	1257
-0.04729091172143	1.59613446935597	240
0.0982592360254899	0.353721534917221	240
0.10826925398621	0.351630194981725	6
0.10758043184799	0.351807769829277	6
0.10758043184799	0.351807769829277	6
-0.02079133119985	0.57936096462064	6
0.10218335279232	0.353699707342604	6
0.0898800710634	1.00676978201277	6
-0.02032538013449	0.58045220816518	877
0.10218335279232	0.353699707342604	1542
0.10579067361142	0.351785528543761	313
0.10716674266205	0.352132388893513	313
0.08768915422257	0.651530929339694	309
0.094498743992	0.645307607362446	72
0.10218335279232	0.353699707342604	72
0.10218335279232	0.353699707342604	72
0.0677198931784899	1.2059438228505	1551
-0.0200434839469901	0.578549734222855	1551
0.10218335279232	0.353699707342604	212
-0.07933270807379	0.833882740653433	212
0.0908034413946199	1.00376737591041	212
0.10758043184799	0.351807769829277	212
0.10295437189924	1.27197059219722	69
0.11023341597372	0.349898349308083	69
0.10758043184799	0.351807769829277	69
0.0887923226131	0.649884352175995	375
0.11092586756108	0.350415838742694	34
-0.02032538013449	0.58045220816518	34
-0.02628763158757	0.583658225403998	1257
0.10148789770049	0.353384284502155	34
0.10328279028361	0.353197314225222	7
-0.02960390710866	0.58447674818335	7
0.08748786869031	0.652520255624373	6
0.0791160249640801	0.657078316762695	6
0.0939467201281301	0.645784338390518	6
0.11161804781962	0.350237547909829	479
0.08487211935683	0.654515958017152	8
0.0197525181637399	0.922774327849809	8
0.10647884198302	0.352309794326609	4
-0.01006785594028	1.17090479622349	72
0.10647884198302	0.352309794326609	72
-0.07466906671733	0.828812827260658	1551
-0.0165369043550301	0.576781738217319	212
0.10647884198302	0.352309794326609	1968
0.10826925398621	0.351630194981725	34
0.10895780785609	0.350714860686515	34
-0.0206064013082601	0.579256545559091	7
0.10826925398621	0.351630194981725	7
-0.00525225270662011	1.16959804964684	240
0.11023341597372	0.349898349308083	240
0.11092586756108	0.350415838742694	6
0.10218335279232	0.353699707342604	6
0.10716674266205	0.352132388893513	6
0.02401979009564	0.91625074279977	6
0.10758043184799	0.351807769829277	6
-0.02183364624937	0.579789745439092	6
0.10785437586757	0.351215554477081	1542
0.10218335279232	0.353699707342604	762
-0.0165369043550301	0.576781738217319	8
-0.02656840239241	0.58297122228144	8
0.08632690639061	0.652735113629601	4
0.05704874298165	1.22398107496428	4
-0.09306102821023	1.10282344244005	72
-0.0267291668287899	1.39078207351171	212
-0.0161564891964301	0.576700733308464	4
0.10716674266205	0.352132388893513	69
-0.0256210160689501	0.583695327776066	69
-0.0212754047183501	0.579737208933733	375
0.10758043184799	0.351807769829277	34
0.0137982047641301	0.929000120713336	22
-0.0139731232832301	1.17993598582789	22
0.10758043184799	0.351807769829277	7
-0.02181152857612	1.38322462850629	7
0.10287853396258	0.35296389743942	240
-0.02267829016192	0.579106936023567	6
-0.0211704534369199	0.579825727743365	6
0.10826925398621	0.351630194981725	6
0.0164491523035399	0.927040416978514	6
0.10663361484863	0.351799503810815	6
0.10328279028361	0.353197314225222	6
-0.02079133119985	0.57936096462064	413
0.10758043184799	0.351807769829277	479
0.10826925398621	0.351630194981725	1363
0.0852209906930499	0.654392144647465	4
-0.0232844383453501	0.578960155602578	72
-0.10275053607186	1.55133100021761	212
0.10218335279232	0.353699707342604	4
0.10758043184799	0.351807769829277	1968
0.10328279028361	0.353197314225222	212
0.10579067361142	0.351785528543761	212
0.10579067361142	0.351785528543761	34
0.00878175357486999	1.61631531626385	34
-0.02844137890163	1.39264394214274	34
0.10218335279232	0.353699707342604	6
0.10826925398621	0.351630194981725	6
0.10647884198302	0.352309794326609	6
0.10758043184799	0.351807769829277	6
0.10826925398621	0.351630194981725	762
0.10826925398621	0.351630194981725	479
-0.0723345442762899	0.824880271864117	8
0.0968470138653399	0.998758836181693	4
0.10895780785609	0.350714860686515	72
-0.02099398512007	0.58063946719774	212
-0.0674988839524999	0.818989459922804	2162
0.10218335279232	0.353699707342604	34
-0.0256210160689501	0.583695327776066	34
0.10758043184799	0.351807769829277	7
-0.02495473558411	0.58335694060492	240
0.10826925398621	0.351630194981725	240
0.10579067361142	0.351785528543761	6
-0.0152067997466201	0.576118661909323	6
0.10647884198302	0.352309794326609	6
0.10758043184799	0.351807769829277	6
0.10826925398621	0.351630194981725	1485
-0.0315157115436999	1.5704587826981	6
0.10218335279232	0.353699707342604	6
-0.02032538013449	0.58045220816518	6
0.10647884198302	0.352309794326609	762
-0.0199377346304801	0.578438416169099	4
0.0570342423171899	1.21930653474381	4
-0.0250941000451701	1.3859155879681	4
0.029446285541	0.911626738788338	72
-0.10572805998337	1.11506151501797	1551
0.10716674266205	0.352132388893513	4
0.0879891530008201	1.00680205251619	2162
0.00551341732000998	1.14832589057657	2162
-0.02362317852698	0.581190591414601	34
0.10148789770049	0.353384284502155	34
-0.01965711158767	0.579970689675105	34
0.11023996752334	1.2635671618802	22
0.0505924500378201	1.23092752304285	240
0.11092586756108	0.350415838742694	6
-0.0306514423245201	0.582440322892004	6
0.10397890323872	0.352462565358244	6
0.0885563574289101	0.650194172814921	6
0.0837647544950799	0.655529150841431	6
0.10826925398621	0.351630194981725	762
0.11161804781962	0.350237547909829	479
-0.07902524070871	0.834045071633638	8
0.10218335279232	0.353699707342604	212
-0.01965711158767	0.579970689675105	212
0.10758043184799	0.351807769829277	75
0.10218335279232	0.353699707342604	75
0.10716674266205	0.352132388893513	34
-0.0825752643776301	0.835353802342332	34
-0.0908147867370599	1.0949038881777	34
-0.02610680942434	0.58119911984102	240
0.10579067361142	0.351785528543761	240
0.10826925398621	0.351630194981725	7
0.10895780785609	0.350714860686515	364
0.11161804781962	0.350237547909829	6
-0.0165369043550301	0.576781738217319	6
0.10826925398621	0.351630194981725	877
0.11161804781962	0.350237547909829	652
0.10397890323872	0.352462565358244	8
0.0665629695943699	1.2017376580589	309
0.01662003148275	0.927172110054375	72
-0.02600597712709	0.58082284511866	212
0.10785437586757	0.351215554477081	4
-0.0302678201580699	0.585048846712041	212
0.09786574616812	0.353978519341629	212
0.11161804781962	0.350237547909829	212
-0.10806303272071	1.35144237619395	2162
0.0921410851526601	0.647122135526749	75
-0.02400836223229	0.581258703136909	34
0.10258640259334	0.352883231159087	34
0.0830222372974601	0.650200281917426	985
-0.01832158261363	0.57762571413367	240
-0.0200434839469901	0.578549734222855	7
-0.02628763158757	0.583658225403998	6
0.10287853396258	0.35296389743942	6
0.0254790880112601	0.914695403281965	6
0.09359641443929	0.647190211436835	6
0.10647884198302	0.352309794326609	6
-0.0751102407520801	0.831210858504437	42
-0.0232066797877299	1.38509309055175	309
-0.01721002821585	1.37098237297284	4
-0.0794173265377101	0.834766722893349	72
0.0885563574289101	0.650194172814921	1551
0.02200692534856	0.921341396565078	212
-0.0798084916433699	0.832741341170684	34
-0.0745826480862599	0.830652290472693	34
0.10716674266205	0.352132388893513	34
-0.0778293504229299	0.831918491026819	34
-0.0245683390865099	0.580473910496962	34
-0.02099398512007	0.58063946719774	34
0.0246845179220101	0.915769290102222	34
0.11159924162296	1.2614366293046	34
-0.0191828674279599	0.577346026506201	985
-0.0823032822905301	1.06304733600517	7
0.10258640259334	0.352883231159087	229
-0.0256210160689501	0.583695327776066	229
0.10895780785609	0.350714860686515	6
0.01959521747973	0.922660959332297	6
0.10218335279232	0.353699707342604	6
-0.02428878983577	0.582639355082303	6
0.10895780785609	0.350714860686515	6
0.10218335279232	0.353699707342604	652
-0.03121180177176	0.584322987944732	762
0.10647884198302	0.352309794326609	2438
-0.0298828099181101	0.58241606372645	72
-0.09817687617516	1.33615232466218	1551
-0.00511534367277999	1.16643215300021	212
-0.09511929225581	1.10070647801779	212
-0.0272357610266101	0.58293567232368	212
0.0869425214470301	0.649556106245305	212
-0.0723345442762899	0.824880271864117	212
-0.0252346917202799	0.58191737664116	212
-0.0305471390401799	0.583752148236366	2162
0.0978692983487599	0.641425137571665	34
0.0945324810814201	0.9949548197629	34
-0.09543550921712	1.10556590845868	7
0.10258640259334	0.352883231159087	1437
0.09359641443929	0.647190211436835	6
-0.02079133119985	0.57936096462064	6
0.0896657887737	0.649980701034027	6
0.0262847890234299	0.91767823062004	6
-0.02656840239241	0.58297122228144	6
0.10758043184799	0.351807769829277	6
0.10716674266205	0.352132388893513	6
-0.0259013793896701	0.582633022248989	6
-0.01748807245685	0.577364796631369	652
0.10647884198302	0.352309794326609	652
0.0837647544950799	0.655529150841431	309
-0.0219447451608401	0.579924971604282	309
0.10945857669185	1.26402350944109	417
0.092856761537	0.646292405535603	72
-0.07612007005444	0.827764605419885	1551
0.00304948132214	1.771118293359	212
-0.01870808245147	0.577883497327535	212
-0.02610680942434	0.58119911984102	212
0.10148789770049	0.353384284502155	212
-0.01937561527664	0.578362564289604	69
-0.02400836223229	0.581258703136909	69
0.10287853396258	0.35296389743942	69
0.0915878437528499	0.647358309178234	34
0.08713723158925	0.651890032056221	34
-0.01937561527664	0.578362564289604	985
0.0791160249640801	0.657078316762695	985
-0.10588260344159	1.35345159073409	7
0.0896657887737	0.649980701034027	1437
-0.0798084916433699	0.832741341170684	6
-0.0205075928915399	0.579490279223785	6
-0.02628763158757	0.583658225403998	6
-0.0168221136840501	0.577178479347997	6
0.10218335279232	0.353699707342604	6
-0.0755665442190101	0.826924207212718	72
0.10287853396258	0.35296389743942	212
-0.0689081082983001	0.822098808056114	212
0.10785437586757	0.351215554477081	212
-0.0090228226853899	1.17046344646199	2162
0.10397890323872	0.352462565358244	69
-0.0916543056638699	1.09754448878607	34
-0.0199377346304801	0.578438416169099	34
0.10716674266205	0.352132388893513	34
0.10826925398621	0.351630194981725	34
-0.0212754047183501	0.579737208933733	34
0.11161804781962	0.350237547909829	34
0.10785437586757	0.351215554477081	34
-0.000945701410280053	1.16073463261202	34
0.10716674266205	0.352132388893513	985
0.10716674266205	0.352132388893513	1437
-0.10220920489149	1.11269030957236	6
0.10148789770049	0.353384284502155	6
0.11092586756108	0.350415838742694	6
-0.0200434839469901	0.578549734222855	6
-0.02032538013449	0.58045220816518	6
-0.0976937319318301	1.10600130738814	6
0.10716674266205	0.352132388893513	6
-0.0219447451608401	0.579924971604282	8
0.10895780785609	0.350714860686515	8
0.11230995697287	0.349325823144218	417
0.08487211935683	0.654515958017152	417
-0.0896004913623301	1.51813423690986	4
0.0563881806733	1.22417099859675	72
-0.0221182132134701	0.580408422501073	4
-0.0989707849906301	1.11009980832992	1551
0.08213220310358	0.654413913177199	212
0.10758043184799	0.351807769829277	212
0.10689134122138	0.351285302005725	212
0.10328279028361	0.353197314225222	212
-0.02676803648149	0.581766483346834	69
0.0921410851526601	0.647122135526749	2316
0.10785437586757	0.351215554477081	34
0.10716674266205	0.352132388893513	34
0.10826925398621	0.351630194981725	34
-0.0181543658115899	0.577220737180536	34
-0.09309178376587	1.33261487888285	7
0.10579067361142	0.351785528543761	229
0.10895780785609	0.350714860686515	7
0.10826925398621	0.351630194981725	1437
0.10895780785609	0.350714860686515	6
0.10647884198302	0.352309794326609	6
0.10397890323872	0.352462565358244	6
0.10647884198302	0.352309794326609	2087
-0.07480862840562	0.82835962569904	6
-0.0798084916433699	0.832741341170684	568
0.109271492946	1.26388577257793	4
0.0795224266797201	0.655409398711473	72
-0.02628763158757	0.583658225403998	1551
0.08876235876415	0.650754614292679	212
0.0982592360254899	0.353721534917221	212
-0.01898917918035	0.579150144945583	212
-0.0221182132134701	0.580408422501073	212
-0.02032538013449	0.58045220816518	212
0.10218335279232	0.353699707342604	69
-0.00635572949780006	1.16848999188226	69
0.00418649980571995	1.15131415716498	69
0.10397890323872	0.352462565358244	34
0.10716674266205	0.352132388893513	34
-0.02656840239241	0.58297122228144	420
-0.03291634141272	1.56851029683186	34
0.11711397995783	1.47691689657968	7
0.10758043184799	0.351807769829277	229
0.10397890323872	0.352462565358244	7
0.10218335279232	0.353699707342604	6
0.10328279028361	0.353197314225222	4930
-0.0161564891964301	0.576700733308464	2438
0.10826925398621	0.351630194981725	568
0.11092586756108	0.350415838742694	8
-0.0299876141396001	0.583067451775322	1798
-0.07810309833827	0.830861438186035	1551
-0.0245683390865099	0.580473910496962	34
0.0410430663552801	1.40599538665533	34
0.10826925398621	0.351630194981725	985
0.09786574616812	0.353978519341629	7
-0.0259013793896701	0.582633022248989	7
0.0380923729057601	1.40626317774442	7
0.10218335279232	0.353699707342604	6
0.10716674266205	0.352132388893513	6
0.10716674266205	0.352132388893513	6
-0.09520972137011	1.10046894391561	6
0.10148789770049	0.353384284502155	6
0.0179013722018699	0.925163634570701	6
0.10647884198302	0.352309794326609	6
-0.07180549896509	0.824779730602868	3532
0.10579067361142	0.351785528543761	3772
-0.09328199523901	1.09960247390485	2438
-0.00969212261883001	1.16937591592548	42
-0.02267829016192	0.579106936023567	417
0.09910759861814	0.993801976511305	4
-0.0980306670165201	1.10914661319701	1551
0.01428809916264	0.927844808994135	1089
0.0174136678724199	0.926522234186164	212
0.0936334942052299	1.00324041336912	5216
0.07987113043911	0.657313340361156	420
-0.0264839353201201	0.581300229956136	34
0.0275804451232	0.909746961422626	34
0.10647884198302	0.352309794326609	34
0.0916767780246299	0.64637927008539	34
0.10218335279232	0.353699707342604	985
0.0299304038096699	0.911545057923848	985
0.0944113640389701	0.994890261545166	7
-0.02079133119985	0.57936096462064	229
0.11230995697287	0.349325823144218	6
0.10716674266205	0.352132388893513	6
0.10758043184799	0.351807769829277	6
0.0919381769649299	0.647880740377681	6
-0.02032538013449	0.58045220816518	309
0.10148789770049	0.353384284502155	309
-0.0233431592753299	0.580545475751851	309
0.08768915422257	0.651530929339694	1798
-0.0252346917202799	0.58191737664116	4
-0.11014074490684	1.75355982064755	212
-0.10592677829355	1.55680622457954	1089
-0.0199377346304801	0.578438416169099	212
-0.0272357610266101	0.58293567232368	212
0.10716674266205	0.352132388893513	69
0.08911118682812	0.650217800895839	5216
0.09123645070449	1.0020387647668	5217
-0.00168398837185002	1.16225944492695	5217
0.11092586756108	0.350415838742694	34
0.09786574616812	0.353978519341629	34
0.11230995697287	0.349325823144218	34
0.10716674266205	0.352132388893513	7
0.0175917224594999	0.926047313455014	7
0.09786574616812	0.353978519341629	229
0.10826925398621	0.351630194981725	7
0.10647884198302	0.352309794326609	6
0.09716291462318	0.354221264198155	6
0.10218335279232	0.353699707342604	6
-0.0246738993289199	0.581595777089794	6
-0.02428878983577	0.582639355082303	6
0.10758043184799	0.351807769829277	6
0.11230995697287	0.349325823144218	568
-0.0212754047183501	0.579737208933733	417
0.10218335279232	0.353699707342604	309
-0.06982822110286	0.824564420176428	1798
0.08989721738102	1.00579874481883	4
0.0885909386274999	0.652090173543142	4
0.08132432837806	0.655628440263254	1551
-0.02866095646662	0.582384335707824	212
0.10895780785609	0.350714860686515	69
0.0545838850356399	1.97729440072994	69
0.10826925398621	0.351630194981725	34
0.11230995697287	0.349325823144218	34
0.10826925398621	0.351630194981725	34
0.10895780785609	0.350714860686515	34
0.11161804781962	0.350237547909829	34
0.11161804781962	0.350237547909829	229
0.10895780785609	0.350714860686515	2572
0.11023341597372	0.349898349308083	6
0.0164491523035399	0.927040416978514	6
0.06076190198207	1.22055603697142	6
0.10689134122138	0.351285302005725	6
0.10785437586757	0.351215554477081	1671
-0.01129201097932	1.17767274392662	652
0.10785437586757	0.351215554477081	652
0.10218335279232	0.353699707342604	417
-0.10173869118768	1.11241692037146	1798
-0.0769091283304799	0.830971076182268	1941
0.10826925398621	0.351630194981725	1089
0.02468477839688	0.916384127518116	2534
0.10826925398621	0.351630194981725	212
0.10758043184799	0.351807769829277	212
-0.0154302619818201	1.18039935484197	5216
0.0885909386274999	0.652090173543142	75
0.08987186698926	0.649530308387677	75
0.10758043184799	0.351807769829277	290
-0.01937561527664	0.578362564289604	34
0.11230995697287	0.349325823144218	34
0.0149933939331699	0.925900502966241	34
0.08768915422257	0.651530929339694	34
-0.01587168520504	0.57659573259799	653
0.11342787751297	1.24987820146779	653
0.10758043184799	0.351807769829277	229
-0.0246738993289199	0.581595777089794	7
0.10785437586757	0.351215554477081	7
0.10785437586757	0.351215554477081	6
0.0911231238591399	0.647116713701421	6
0.00182821294926994	1.1551485087272	6
-0.01095626605947	1.17446627611185	6
0.0369309981353601	1.413738014055	6
0.0947007761259899	0.645379255468817	6
0.10218335279232	0.353699707342604	2231
0.09786574616812	0.353978519341629	417
-0.0907234049208601	1.32477460670305	4
0.08523851481239	1.01008242247394	4
-0.10227550347997	1.55424292715964	1551
0.10826925398621	0.351630194981725	212
0.11230995697287	0.349325823144218	212
0.06174857370072	1.21877866793446	212
0.10758043184799	0.351807769829277	69
-0.06982822110286	0.824564420176428	4042
-0.0256210160689501	0.583695327776066	2476
0.02629109562915	0.915890788897235	75
-0.0779667799886701	0.833254538561395	75
0.08487211935683	0.654515958017152	75
0.10716674266205	0.352132388893513	34
0.0880395164151999	0.652449440273683	290
0.10716674266205	0.352132388893513	2520
0.02483670716692	0.919730639223693	879
-0.0254199767861001	1.38451522489572	6
0.10785437586757	0.351215554477081	6
-0.02183364624937	0.579789745439092	6
0.10579067361142	0.351785528543761	652
0.11230995697287	0.349325823144218	309
-0.0949918473232201	1.10247508863857	417
-0.0927208885803701	1.09738532700795	309
-0.0206064013082601	0.579256545559091	1551
-0.0908147867370599	1.0949038881777	1551
0.0362890339015101	1.41961385423023	212
-0.0302678201580699	0.585048846712041	212
0.10716674266205	0.352132388893513	1089
0.10579067361142	0.351785528543761	2534
0.10287853396258	0.35296389743942	2534
0.10328279028361	0.353197314225222	2534
-0.00363458986767995	1.16245786552133	212
0.10716674266205	0.352132388893513	1198
0.10733312446004	0.351067215845013	2476
0.10785437586757	0.351215554477081	290
0.10287853396258	0.35296389743942	290
0.0349395625694	1.42136634699138	34
0.10895780785609	0.350714860686515	229
0.10647884198302	0.352309794326609	6
0.11092586756108	0.350415838742694	6
-0.0742784587630301	0.828259284544803	6
-0.09306102821023	1.10282344244005	6
0.10593382759709	0.35148923313409	652
-0.01984506431962	0.578779752990184	417
0.10716674266205	0.352132388893513	309
-0.01984506431962	0.578779752990184	417
-0.10572805998337	1.11506151501797	417
0.08896944749537	0.648561527057336	2534
-0.0227981158775299	1.38374938802623	212
-0.02960390710866	0.58447674818335	212
0.10895780785609	0.350714860686515	69
-0.0808685467783601	0.833531868826024	2030
0.10826925398621	0.351630194981725	290
0.0982592360254899	0.353721534917221	290
0.10826925398621	0.351630194981725	290
0.10895780785609	0.350714860686515	290
0.0889418121888199	0.650550150792748	34
0.0885909386274999	0.652090173543142	34
-0.10151451571407	1.34824078349426	229
0.10328279028361	0.353197314225222	229
0.10647884198302	0.352309794326609	7
0.10218335279232	0.353699707342604	879
-0.0252346917202799	0.58191737664116	6
0.07987113043911	0.657313340361156	6
-0.09321446670341	1.09852497890506	6
-0.0975086750657199	1.34284489327914	2071
0.10758043184799	0.351807769829277	4373
-0.01235938680316	0.572491611501038	417
-0.10187030586208	1.73876853704717	417
-0.07933270807379	0.833882740653433	417
-0.0305532600287599	1.3934249345659	417
0.0941849638391401	1.00135355751855	309
0.10152973045607	1.27483289181169	4
0.07987113043911	0.657313340361156	1551
-0.09546153804176	1.10331703373323	1551
-0.0845539718525701	0.835934876757901	1941
-0.10227550347997	1.55424292715964	212
-0.02495473558411	0.58335694060492	212
-0.02261442293622	0.579780704461	810
-0.02533977086171	0.581560371416527	2534
0.10397890323872	0.352462565358244	4801
-0.0245683390865099	0.580473910496962	4801
0.00970568043187003	0.92965043040751	2030
0.10038474536824	0.989630106242731	2030
0.08803862593178	0.64813845724172	2030
-0.03121180177176	0.584322987944732	75
0.10328279028361	0.353197314225222	75
0.10895780785609	0.350714860686515	34
0.09304389476812	0.647668753377714	34
0.0841141687861899	0.654824552022475	653
-0.0946033201601999	1.09789766656862	7
-0.0993603414891899	1.10687004574521	7
0.10758043184799	0.351807769829277	229
0.10287853396258	0.35296389743942	879
0.10758043184799	0.351807769829277	879
0.10785437586757	0.351215554477081	879
0.08667602254785	0.651340343074828	879
0.0874906853784401	0.649034904319458	6
0.10397890323872	0.352462565358244	4373
0.09716291462318	0.354221264198155	652
-0.0322855732162399	1.5731016505962	1302
0.08431855036541	0.655167690820231	42
-0.07841093939819	0.831388755246882	417
-0.10278669534972	1.55378562907416	309
0.0345466881087799	1.42017205185959	309
-0.0232066797877299	1.38509309055175	1551
0.07523183505783	1.46215187430122	212
-0.10128736820807	1.55374810232699	212
-0.00679991510354006	1.16972353488739	212
-0.0152067997466201	0.576118661909323	2534
-0.02656840239241	0.58297122228144	4801
0.10758043184799	0.351807769829277	4801
0.08612344995625	0.651987418512096	1198
-0.02656840239241	0.58297122228144	1198
-0.0949663363248301	1.334940339142	69
-0.09964215496632	1.34573575294608	4042
0.07987113043911	0.657313340361156	75
-0.02628763158757	0.583658225403998	75
0.0930831371848	1.00351877381766	75
-0.0755893142410899	0.827371293184792	34
-0.0251626552633499	0.580620515914332	34
0.10647884198302	0.352309794326609	34
-0.0181543658115899	0.577220737180536	34
0.01959300670875	0.923705052755737	34
0.08768915422257	0.651530929339694	653
-0.0846903445879501	0.837811003657512	7
0.11139437188524	1.26037817229291	7
-0.01898917918035	0.579150144945583	229
0.0900151349515701	0.647831785542205	229
-0.02656840239241	0.58297122228144	229
-0.07572999281747	0.829307037080084	879
0.11092586756108	0.350415838742694	879
0.10647884198302	0.352309794326609	84
-0.0935302374823499	1.10366682986264	6
-0.10290607527662	1.10595497998433	6
-0.0944961554619099	1.10498519766348	6
0.10785437586757	0.351215554477081	1671
0.10826925398621	0.351630194981725	4953
0.10218335279232	0.353699707342604	652
0.10826925398621	0.351630194981725	652
0.08944389838513	1.00628404975671	42
-0.0737484919429701	0.827865968081847	417
-0.0944961554619099	1.10498519766348	417
-0.10151111588233	1.73795850346135	309
-0.07888779869732	0.834205282807095	1551
0.07987113043911	0.657313340361156	1551
-0.10215577863706	1.34600383255762	4
0.0955235535127901	0.997396963870416	2534
-0.01937561527664	0.578362564289604	1198
0.0174136678724199	0.926522234186164	1198
-0.02032538013449	0.58045220816518	75
0.10397890323872	0.352462565358244	290
0.10218335279232	0.353699707342604	290
-0.10124051713031	1.11051296600747	34
0.0586066427769401	1.22298617529539	229
0.10716674266205	0.352132388893513	229
0.0928155627579701	0.354305410254477	229
-0.0293241189514	0.582953239357999	229
0.10895780785609	0.350714860686515	229
0.10397890323872	0.352462565358244	5064
-0.0256210160689501	0.583695327776066	5064
0.10328279028361	0.353197314225222	879
0.10785437586757	0.351215554477081	879
-0.02099398512007	0.58063946719774	879
-0.07418891881002	0.828719306568647	6
0.10826925398621	0.351630194981725	2071
-0.0737484919429701	0.827865968081847	2071
0.10716674266205	0.352132388893513	793
0.10758043184799	0.351807769829277	4953
-0.01720245749258	0.576637775977831	4953
0.10758043184799	0.351807769829277	652
0.11634296288949	1.24527127772952	417
0.0996590683847201	0.991584426895975	417
-0.00138945363753007	1.16109172225989	417
0.0284870353623601	0.912854830950349	4
0.07987113043911	0.657313340361156	4
0.10826925398621	0.351630194981725	2030
0.0834161303561301	0.654178336506151	2030
-0.0898233286005501	0.838147361322957	75
-0.01898917918035	0.579150144945583	290
-0.01965711158767	0.579970689675105	290
-0.07360895235181	0.82711047870906	34
-0.10414494998611	1.11112525956921	34
-0.0250941000451701	1.3859155879681	229
-0.02032538013449	0.58045220816518	229
0.09115916346804	1.00013134883221	229
-0.07418891881002	0.828719306568647	229
-0.0909274057962599	1.09758623461493	7
0.10287853396258	0.35296389743942	5064
0.0837647544950799	0.655529150841431	879
-0.0200434839469901	0.578549734222855	6
-0.0219447451608401	0.579924971604282	6
-0.02032538013449	0.58045220816518	6
0.10218335279232	0.353699707342604	4953
0.10895780785609	0.350714860686515	652
0.10758043184799	0.351807769829277	4
-0.0214546059215199	0.580072466612979	4
-0.09915561411758	1.10865653530461	1089
-0.0200434839469901	0.578549734222855	212
-0.10124051713031	1.11051296600747	212
0.08612344995625	0.651987418512096	4042
-0.08047699029971	0.834871868878997	75
0.00330123315182007	1.1517037840322	34
0.07632081041164	0.657658374274116	34
0.0908854819054401	1.00600608019698	34
-0.10789627174652	1.35703556330607	34
0.0197525181637399	0.922774327849809	653
-0.01129201097932	1.17767274392662	7
-0.07985962218595	0.834277518094075	229
-0.01748807245685	0.577364796631369	229
0.10826925398621	0.351630194981725	229
0.08876235876415	0.650754614292679	229
0.10826925398621	0.351630194981725	7
-0.0180408851730201	0.577068127053539	6
-0.00396772151944003	1.16188813927747	6
-0.0214546059215199	0.580072466612979	758
0.08466769309659	0.654753086475839	758
0.10287853396258	0.35296389743942	6
0.0978480156833099	0.996743179940076	6
0.10826925398621	0.351630194981725	1671
0.10716674266205	0.352132388893513	1671
0.10647884198302	0.352309794326609	4953
0.10148789770049	0.353384284502155	652
0.00406895894796011	1.15118797066766	417
0.0289652407419501	0.912659239984059	417
0.10099787128934	0.988092724426767	309
-0.02476633068347	1.38289911072964	212
-0.0302678201580699	0.585048846712041	212
-0.07035646601997	0.825248140293113	69
0.0956021150359101	0.643505432727063	69
0.08466769309659	0.654753086475839	4042
0.10148789770049	0.353384284502155	69
0.08431855036541	0.655167690820231	34
0.11161804781962	0.350237547909829	34
0.0924911489970699	0.647904639842956	563
-0.0750587616076399	0.826686329329098	563
0.0837647544950799	0.655529150841431	229
0.10716674266205	0.352132388893513	7
0.10826925398621	0.351630194981725	879
-0.0161564891964301	0.576700733308464	6
-0.0779667799886701	0.833254538561395	6
0.10785437586757	0.351215554477081	652
0.10579067361142	0.351785528543761	1883
0.0959931051476099	0.998708027848669	42
-0.10007657832464	1.34586381612692	309
0.10758043184799	0.351807769829277	4
-0.08310373117641	0.836620292385383	1849
0.08466769309659	0.654753086475839	69
0.10287853396258	0.35296389743942	69
-0.0949657567240201	1.10546047051022	1198
0.0281393010637101	0.911969997613926	1198
0.0841141687861899	0.654824552022475	2030
0.10785437586757	0.351215554477081	34
0.10647884198302	0.352309794326609	34
-0.0252346917202799	0.58191737664116	563
-0.0214546059215199	0.580072466612979	563
0.10895780785609	0.350714860686515	653
-0.09315988576002	1.33287355959012	653
0.0590171760286999	1.2190688731406	7
0.10758043184799	0.351807769829277	229
-0.07413890813543	0.828125663215551	229
0.10218335279232	0.353699707342604	7
-0.0309320665117701	0.585162590702791	7
0.10328279028361	0.353197314225222	879
0.10785437586757	0.351215554477081	879
0.08768915422257	0.651530929339694	758
-0.01937561527664	0.578362564289604	6
-0.0751102407520801	0.831210858504437	6
-0.01898917918035	0.579150144945583	1671
0.10218335279232	0.353699707342604	652
0.10397890323872	0.352462565358244	652
0.10826925398621	0.351630194981725	652
-0.0180408851730201	0.577068127053539	652
0.10647884198302	0.352309794326609	652
-0.08447385125699	0.834455079517533	42
0.08487211935683	0.654515958017152	42
-0.0883722425889699	0.839449743227902	417
-0.02099398512007	0.58063946719774	4
0.10689134122138	0.351285302005725	1551
0.10785437586757	0.351215554477081	4
0.0242021101282099	0.916495577401371	212
0.0837647544950799	0.655529150841431	1849
-0.0211704534369199	0.579825727743365	212
-0.02495473558411	0.58335694060492	2264
0.0915878437528499	0.647358309178234	69
-0.01965711158767	0.579970689675105	1198
0.10218335279232	0.353699707342604	7
0.10716674266205	0.352132388893513	229
0.10218335279232	0.353699707342604	879
-0.0246738993289199	0.581595777089794	6
0.10758043184799	0.351807769829277	6
0.10758043184799	0.351807769829277	758
0.10785437586757	0.351215554477081	652
0.10287853396258	0.35296389743942	652
-0.02099398512007	0.58063946719774	568
0.0191102629895299	0.923651478846146	309
-0.0726891662296401	0.826166043456925	4
0.10716674266205	0.352132388893513	4
0.09304389476812	0.647668753377714	3131
-0.0246738993289199	0.581595777089794	1849
0.0246845179220101	0.915769290102222	212
0.10895780785609	0.350714860686515	212
0.11092586756108	0.350415838742694	2264
0.0911231238591399	0.647116713701421	4042
0.0982592360254899	0.353721534917221	34
0.10148789770049	0.353384284502155	34
-0.07497545963571	0.828866649310839	563
-0.01937561527664	0.578362564289604	7
0.10716674266205	0.352132388893513	229
-0.07655943915553	0.830562999915865	879
-0.0791615697880099	0.830168175780855	879
0.10826925398621	0.351630194981725	879
0.10826925398621	0.351630194981725	879
0.10579067361142	0.351785528543761	879
-0.07550325116642	0.829776224136777	879
0.10647884198302	0.352309794326609	2615
0.11230995697287	0.349325823144218	1671
-0.02428878983577	0.582639355082303	2209
0.10785437586757	0.351215554477081	417
0.11161804781962	0.350237547909829	785
-0.10572805998337	1.11506151501797	309
-0.07902524070871	0.834045071633638	309
0.11063050222415	1.26285186768596	212
-0.0188209940453901	0.576403728252704	1849
0.10758043184799	0.351807769829277	212
-0.09845112096704	1.10859764235125	69
0.10758043184799	0.351807769829277	69
-0.0252346917202799	0.58191737664116	34
-0.0293241189514	0.582953239357999	997
0.10785437586757	0.351215554477081	290
0.11092586756108	0.350415838742694	238
-0.09222644850546	1.09345792284017	34
0.10397890323872	0.352462565358244	34
0.10647884198302	0.352309794326609	229
0.10895780785609	0.350714860686515	229
0.10716674266205	0.352132388893513	229
0.10328279028361	0.353197314225222	229
0.10689134122138	0.351285302005725	7
-0.01951139423892	1.37958911187245	6
0.10287853396258	0.35296389743942	460
0.07841671617754	0.656847582683595	460
-0.0245025107075001	0.579293512762132	460
0.10758043184799	0.351807769829277	1671
0.10647884198302	0.352309794326609	652
-0.02400836223229	0.581258703136909	652
0.10716674266205	0.352132388893513	568
0.10328279028361	0.353197314225222	568
-0.02032538013449	0.58045220816518	417
0.10258640259334	0.352883231159087	417
-0.0168221136840501	0.577178479347997	785
-0.10585368462227	1.54861946392823	1409
-0.0898494534531899	1.09582325732529	309
0.10879089025611	0.97525765494836	309
-0.0119603377478801	1.17493445489001	4
0.10056360121282	0.991487996869081	212
0.02559180577585	0.912087715270964	1849
-0.0760916894356301	0.826932346958586	810
0.1164390074824	1.48330708511397	69
0.10287853396258	0.35296389743942	4393
0.11161804781962	0.350237547909829	4393
0.0830339831393301	0.654977959690159	1683
-0.03121180177176	0.584322987944732	34
0.10716674266205	0.352132388893513	997
0.10328279028361	0.353197314225222	290
0.10785437586757	0.351215554477081	34
-0.0983396459949499	1.34282843334758	34
0.10397890323872	0.352462565358244	229
0.10647884198302	0.352309794326609	229
0.10579067361142	0.351785528543761	229
0.10647884198302	0.352309794326609	879
0.10826925398621	0.351630194981725	6
-0.00537318749195004	1.16934924972139	6
0.01428004194639	0.927920514032119	652
0.10218335279232	0.353699707342604	711
0.0887923226131	0.649884352175995	417
0.10826925398621	0.351630194981725	417
0.11092586756108	0.350415838742694	417
0.10689134122138	0.351285302005725	785
-0.0177074555429699	1.37579329884009	4
-0.0259013793896701	0.582633022248989	212
-0.02495473558411	0.58335694060492	212
0.0841141687861899	0.654824552022475	810
0.12212809804388	2.22082897831981	1683
0.10826925398621	0.351630194981725	69
0.0243555019897099	0.920328771307225	34
0.10647884198302	0.352309794326609	238
0.10716674266205	0.352132388893513	653
0.10579067361142	0.351785528543761	653
0.11023341597372	0.349898349308083	653
0.10647884198302	0.352309794326609	229
0.10758043184799	0.351807769829277	879
0.0917584681444701	0.646719961805486	879
-0.11313050618765	2.24668171587711	879
0.0857740617371201	0.653741388644674	6
-0.1103534985582	2.38285205323232	2615
-0.11747383565902	1.93920659871835	6
-0.0045561819887201	1.16872091603677	652
-0.0139731232832301	1.17993598582789	417
-0.0972040661328199	1.3414994399099	1409
-0.07572999281747	0.829307037080084	3131
-0.0127669583558201	1.35950876715976	1849
0.10895780785609	0.350714860686515	69
-0.02400836223229	0.581258703136909	4393
-0.08033841776218	0.833301306316734	34
-0.0148262418915399	0.574376653983274	290
0.10785437586757	0.351215554477081	34
0.10287853396258	0.35296389743942	34
0.10647884198302	0.352309794326609	34
0.10716674266205	0.352132388893513	34
0.02007559025623	0.923424698221672	34
0.0885563574289101	0.650194172814921	34
0.04793150451135	1.23329757878817	34
0.0919556760490201	0.646860540064004	653
-0.0200434839469901	0.578549734222855	7
0.0919556760490201	0.646860540064004	653
-0.02344642668563	0.579635522405198	879
0.10689134122138	0.351285302005725	6
0.0793186645478301	0.657843294254402	6
0.0622570627263701	1.21311420331429	417
0.05992567910888	1.22164212909669	785
0.10765650659086	1.26785928176341	309
-0.0212754047183501	0.579737208933733	309
-0.00256849591048991	1.16404815642891	3131
0.01783858723549	1.60150345245021	212
-0.0221182132134701	0.580408422501073	212
-0.0206064013082601	0.579256545559091	1849
0.0852209906930499	0.654392144647465	2716
-0.02032538013449	0.58045220816518	685
-0.07413890813543	0.828125663215551	685
-0.02428878983577	0.582639355082303	69
0.0902201634281701	0.649500065308071	69
0.02516710692654	0.915945725286258	34
-0.0206064013082601	0.579256545559091	34
0.0896657887737	0.649980701034027	34
-0.10447015436498	1.34326440272855	34
-0.0751102407520801	0.831210858504437	34
-0.09818970079986	1.10806467480942	563
0.10647884198302	0.352309794326609	653
-0.0212754047183501	0.579737208933733	653
-0.0273092540289701	1.38904847913287	7
0.0863941339793799	0.649749489598346	7
-0.07466906671733	0.828812827260658	7
-0.0309320665117701	0.585162590702791	879
-0.08363240005469	0.837408038208625	879
-0.02099398512007	0.58063946719774	879
0.09786574616812	0.353978519341629	758
-0.02166292684413	0.580493155786958	460
-0.07418891881002	0.828719306568647	460
0.10826925398621	0.351630194981725	767
0.10826925398621	0.351630194981725	652
0.08931722660306	0.650273274268608	42
0.07896968465565	0.656318924351277	42
0.11230995697287	0.349325823144218	417
-0.0206064013082601	0.579256545559091	1409
-0.01103526725176	0.571216149520167	4
0.10647884198302	0.352309794326609	212
-0.0251626552633499	0.580620515914332	212
0.10647884198302	0.352309794326609	1849
0.10647884198302	0.352309794326609	2716
0.11092586756108	0.350415838742694	840
0.11161804781962	0.350237547909829	1796
0.10231922993712	0.352082943164405	1683
0.0735686621584599	0.657572776399279	69
-0.02656840239241	0.58297122228144	69
0.10218335279232	0.353699707342604	69
0.10826925398621	0.351630194981725	69
0.10287853396258	0.35296389743942	290
0.11092586756108	0.350415838742694	238
0.10716674266205	0.352132388893513	34
0.10647884198302	0.352309794326609	34
0.08803862593178	0.64813845724172	563
0.10716674266205	0.352132388893513	653
0.11023341597372	0.349898349308083	653
-0.01898917918035	0.579150144945583	653
-0.02079133119985	0.57936096462064	653
0.10258640259334	0.352883231159087	653
0.10785437586757	0.351215554477081	7
0.11023341597372	0.349898349308083	7
0.10328279028361	0.353197314225222	7
0.10716674266205	0.352132388893513	7
0.10758043184799	0.351807769829277	879
0.09304389476812	0.647668753377714	879
-0.02656840239241	0.58297122228144	6
0.10218335279232	0.353699707342604	6
-0.01937561527664	0.578362564289604	2071
-0.0256210160689501	0.583695327776066	6
0.10758043184799	0.351807769829277	6
0.10689134122138	0.351285302005725	460
0.10758043184799	0.351807769829277	652
0.10758043184799	0.351807769829277	1121
-0.0687723360691701	0.822113690030357	42
0.10895780785609	0.350714860686515	417
-0.07186334701821	0.823957691891847	417
0.10758043184799	0.351807769829277	1072
0.10579067361142	0.351785528543761	1409
0.10716674266205	0.352132388893513	309
0.09716291462318	0.354221264198155	3131
-0.03159664646384	0.58452904588601	212
-0.01937561527664	0.578362564289604	212
0.10647884198302	0.352309794326609	212
-0.02032538013449	0.58045220816518	212
0.10758043184799	0.351807769829277	212
0.10328279028361	0.353197314225222	212
0.10716674266205	0.352132388893513	69
0.10647884198302	0.352309794326609	69
-0.0221182132134701	0.580408422501073	1683
-0.02428878983577	0.582639355082303	69
0.10148789770049	0.353384284502155	34
0.08876235876415	0.650754614292679	34
0.10218335279232	0.353699707342604	34
-0.02099398512007	0.58063946719774	653
0.10826925398621	0.351630194981725	653
0.10716674266205	0.352132388893513	7
0.10647884198302	0.352309794326609	6
0.10287853396258	0.35296389743942	6
0.10716674266205	0.352132388893513	6
-0.01965711158767	0.579970689675105	6
0.10218335279232	0.353699707342604	2209
-0.03493034680445	0.585592217145805	1072
0.10647884198302	0.352309794326609	1072
-0.0869218486852401	0.837881369369234	4
-0.0252346917202799	0.58191737664116	309
-0.02032538013449	0.58045220816518	3131
-0.07849590914857	0.833815212107253	212
-0.0309320665117701	0.585162590702791	212
0.10826925398621	0.351630194981725	1849
-0.02099398512007	0.58063946719774	1849
-0.01965711158767	0.579970689675105	2716
0.02007559025623	0.923424698221672	1796
-0.02656840239241	0.58297122228144	69
-0.01965711158767	0.579970689675105	34
-0.02809148422136	0.581253084448244	653
0.0802206285856899	0.657069110109831	653
-0.0787492475567999	0.830464243027037	653
0.10148789770049	0.353384284502155	7
-0.0256210160689501	0.583695327776066	1374
-0.0302678201580699	0.585048846712041	1374
-0.0846903445879501	0.837811003657512	322
-0.01937561527664	0.578362564289604	322
-0.0979436131707401	1.34280866622685	6
-0.0258231300371701	0.581187080143393	6
0.09324688884083	0.645906963789496	6
-0.01965711158767	0.579970689675105	6
-0.0342687967458599	0.5843999744477	758
0.0989630106853701	0.353478679518203	767
0.10758043184799	0.351807769829277	767
0.10785437586757	0.351215554477081	652
0.10758043184799	0.351807769829277	1121
0.0561235595513301	1.22262156380732	309
-0.0145422476842101	0.575306259165605	4
-0.10285300339445	1.11324573019071	212
0.10397890323872	0.352462565358244	212
-0.10296359484924	1.1064025305253	212
0.10785437586757	0.351215554477081	840
0.10785437586757	0.351215554477081	840
0.10328279028361	0.353197314225222	840
0.10826925398621	0.351630194981725	1932
0.0242021101282099	0.916495577401371	69
0.11161804781962	0.350237547909829	34
0.10258640259334	0.352883231159087	290
0.10647884198302	0.352309794326609	238
0.10826925398621	0.351630194981725	34
-0.01454093328322	1.17691532474633	34
0.10758043184799	0.351807769829277	7
0.10716674266205	0.352132388893513	7
-0.02032538013449	0.58045220816518	322
0.10362271885696	0.983119903682868	6
0.10785437586757	0.351215554477081	758
0.10895780785609	0.350714860686515	1121
-0.02428878983577	0.582639355082303	417
-0.07704543603291	0.830073818425413	309
-0.0472444769676601	1.76297114774274	3131
-0.08784425663655	0.838827240360376	212
0.10258640259334	0.352883231159087	212
0.10218335279232	0.353699707342604	212
-0.00563194281325008	1.16075633190494	212
0.10785437586757	0.351215554477081	2716
0.10397890323872	0.352462565358244	1932
0.10716674266205	0.352132388893513	69
0.0852209906930499	0.654392144647465	2431
0.0303792405798	1.42912556798039	34
0.08286183671648	0.6545394097211	34
0.10895780785609	0.350714860686515	238
0.10758043184799	0.351807769829277	238
0.10826925398621	0.351630194981725	238
0.10716674266205	0.352132388893513	238
0.02169932950682	0.920075603012711	34
0.10921326671798	1.26349238780329	34
0.06646348035159	2.0381407508097	34
0.10716674266205	0.352132388893513	653
0.10231922993712	0.352082943164405	6
-0.0165369043550301	0.576781738217319	6
0.0898950261263001	1.43365294994709	758
0.10716674266205	0.352132388893513	1121
0.10716674266205	0.352132388893513	568
0.0231414199921001	0.918762740668225	309
-0.0256210160689501	0.583695327776066	4
0.11092586756108	0.350415838742694	212
0.09765638907658	0.996286088791943	2036
-0.0161564891964301	0.576700733308464	69
0.09751807489995	0.641263307273673	2431
-0.0305471390401799	0.583752148236366	34
0.11092586756108	0.350415838742694	238
0.11230995697287	0.349325823144218	5160
0.10287853396258	0.35296389743942	1374
0.11161804781962	0.350237547909829	6
0.10287853396258	0.35296389743942	460
0.11092586756108	0.350415838742694	42
0.10895780785609	0.350714860686515	42
0.0960191752811299	0.996025242699163	785
0.0869359952923301	0.652238168620569	2491
0.10716674266205	0.352132388893513	2491
0.10785437586757	0.351215554477081	212
0.10716674266205	0.352132388893513	212
0.10826925398621	0.351630194981725	2036
-0.0211704534369199	0.579825727743365	5218
0.10895780785609	0.350714860686515	238
0.0899925817309	1.00499031572993	34
0.02104272212667	0.922873470954488	653
0.10716674266205	0.352132388893513	1145
0.10287853396258	0.35296389743942	3691
0.0629016368733999	1.61868401239574	6
0.0497562031766501	1.23285595786084	6
0.10287853396258	0.35296389743942	6
0.11230995697287	0.349325823144218	2615
-0.01720245749258	0.576637775977831	6
0.10785437586757	0.351215554477081	2382
-0.0774378530941899	0.832339460717058	417
0.09786574616812	0.353978519341629	417
0.10716674266205	0.352132388893513	417
0.0304153902198601	0.908991804726943	309
0.0937554982337101	0.997614101437828	42
-0.10926247884116	1.35649182294551	4
0.10716674266205	0.352132388893513	69
0.0989630106853701	0.353478679518203	5218
-0.02495473558411	0.58335694060492	5218
0.10287853396258	0.35296389743942	34
-0.0152067997466201	0.576118661909323	34
0.10758043184799	0.351807769829277	238
0.10397890323872	0.352462565358244	238
0.10785437586757	0.351215554477081	1492
0.10647884198302	0.352309794326609	34
0.0869887157065199	1.00511063484268	563
0.10895780785609	0.350714860686515	563
0.10716674266205	0.352132388893513	653
0.10758043184799	0.351807769829277	2303
0.10826925398621	0.351630194981725	322
0.11023341597372	0.349898349308083	6
-0.0250941000451701	1.3859155879681	6
-0.0984005406819099	1.10253035419265	6
-0.0412092978127001	1.74904853809714	6
-0.0394034908431	1.74005847668958	6
-0.07413890813543	0.828125663215551	460
0.10716674266205	0.352132388893513	767
0.10328279028361	0.353197314225222	3323
0.07841671617754	0.656847582683595	42
-0.0201283887544399	0.577925349917484	2382
0.11230995697287	0.349325823144218	417
0.10663361484863	0.351799503810815	417
0.10716674266205	0.352132388893513	417
0.10895780785609	0.350714860686515	309
-0.0206064013082601	0.579256545559091	42
0.10895780785609	0.350714860686515	4763
0.10758043184799	0.351807769829277	34
-0.07466906671733	0.828812827260658	34
0.10689134122138	0.351285302005725	5160
0.10758043184799	0.351807769829277	2422
0.10826925398621	0.351630194981725	6
0.10200299909524	0.989025806553744	6
0.0278408214958099	1.42864266333708	6
0.01105526642734	1.61186488503929	6
0.10148789770049	0.353384284502155	6
0.11092586756108	0.350415838742694	6
0.11158678229866	1.25954902771989	2615
-0.0922739891867199	1.09537657024298	767
0.10287853396258	0.35296389743942	42
-0.07841093939819	0.831388755246882	42
0.10647884198302	0.352309794326609	309
-0.0161564891964301	0.576700733308464	309
0.0837647544950799	0.655529150841431	309
0.10826925398621	0.351630194981725	212
0.11092586756108	0.350415838742694	4763
0.00348084398332005	1.7632278217961	69
0.02345574679871	0.918239554519319	69
-0.02079133119985	0.57936096462064	34
0.10785437586757	0.351215554477081	34
0.10218335279232	0.353699707342604	653
0.10895780785609	0.350714860686515	653
0.0880395164151999	0.652449440273683	322
0.05247589292057	1.22917762528412	6
0.10647884198302	0.352309794326609	6
0.10883631274575	1.26257275772583	758
0.10287853396258	0.35296389743942	767
-0.01898917918035	0.579150144945583	568
0.10758043184799	0.351807769829277	309
-0.02099398512007	0.58063946719774	309
0.10716674266205	0.352132388893513	212
0.08931722660306	0.650273274268608	34
-0.0192694043853101	0.576919618359868	34
-0.0739204808321099	0.825142904136243	34
0.05881173160345	1.219805656839	653
0.10758043184799	0.351807769829277	7
0.10758043184799	0.351807769829277	1145
0.10785437586757	0.351215554477081	322
0.0880395164151999	0.652449440273683	6
0.0497896882429501	1.99134246127897	6
0.10218335279232	0.353699707342604	6
0.10785437586757	0.351215554477081	4911
0.0889418121888199	0.650550150792748	4911
0.11230995697287	0.349325823144218	42
0.10287853396258	0.35296389743942	568
0.10328279028361	0.353197314225222	309
-0.0289403270686499	0.583135876548882	309
0.10785437586757	0.351215554477081	309
0.10716674266205	0.352132388893513	309
-0.10718921357414	1.1138644793492	309
-0.07888779869732	0.834205282807095	212
-0.0925795662001301	0.840257559551521	212
0.10328279028361	0.353197314225222	2036
0.08880329635868	1.00246248137539	69
0.09786574616812	0.353978519341629	34
-0.0168221136840501	0.577178479347997	34
-0.08025415993052	0.83299924878818	563
-0.0689081082983001	0.822098808056114	563
0.10287853396258	0.35296389743942	1145
0.10647884198302	0.352309794326609	758
0.10758043184799	0.351807769829277	767
0.11230995697287	0.349325823144218	4911
0.11092586756108	0.350415838742694	568
0.10785437586757	0.351215554477081	309
-0.0199377346304801	0.578438416169099	309
0.0243555019897099	0.920328771307225	309
-0.01748807245685	0.577364796631369	309
0.0921410851526601	0.647122135526749	4
0.0732165723084499	0.65690061987026	212
0.10826925398621	0.351630194981725	69
-0.01898917918035	0.579150144945583	34
0.10785437586757	0.351215554477081	34
0.0884143147476999	0.649302054491071	1651
0.10287853396258	0.35296389743942	2422
-0.0219447451608401	0.579924971604282	322
0.11092586756108	0.350415838742694	322
0.01068909652526	0.929732869208168	758
0.11161804781962	0.350237547909829	1573
-0.0221182132134701	0.580408422501073	568
0.10716674266205	0.352132388893513	309
0.10218335279232	0.353699707342604	309
-0.0199377346304801	0.578438416169099	309
0.0989630106853701	0.353478679518203	42
-0.10280501347722	1.10866328086735	309
0.10826925398621	0.351630194981725	212
0.0837647544950799	0.655529150841431	685
0.10716674266205	0.352132388893513	69
0.10826925398621	0.351630194981725	238
-0.0233431592753299	0.580545475751851	34
0.08431855036541	0.655167690820231	34
0.02629109562915	0.915890788897235	6
0.0268712875739201	1.43167285923627	6
-0.0233431592753299	0.580545475751851	4911
0.0266131336487101	0.912787592984656	4911
0.10785437586757	0.351215554477081	4911
-0.01965711158767	0.579970689675105	309
0.09786574616812	0.353978519341629	212
0.10758043184799	0.351807769829277	34
0.08632690639061	0.652735113629601	34
0.10785437586757	0.351215554477081	34
0.10895780785609	0.350714860686515	2232
0.0594405680702199	1.21989041847834	4112
0.10785437586757	0.351215554477081	653
-0.02656840239241	0.58297122228144	653
0.11230995697287	0.349325823144218	1145
0.10328279028361	0.353197314225222	1145
0.11161804781962	0.350237547909829	1145
0.0989630106853701	0.353478679518203	1544
0.10689134122138	0.351285302005725	2422
0.06076190198207	1.22055603697142	322
0.10287853396258	0.35296389743942	322
0.0548689769153901	1.22541128371973	6
0.11161804781962	0.350237547909829	214
-0.02495473558411	0.58335694060492	568
-0.0199377346304801	0.578438416169099	309
0.08042337020513	0.656400453451052	309
-0.0841612711469799	0.837804955574193	212
-0.02032538013449	0.58045220816518	212
0.10826925398621	0.351630194981725	212
0.10328279028361	0.353197314225222	685
0.10716674266205	0.352132388893513	69
-0.11636508081926	1.3629771798672	69
-0.0479724827747601	1.76040945039925	69
0.0907743109538099	0.648758219491063	2874
0.10716674266205	0.352132388893513	2874
0.07632081041164	0.657658374274116	34
-0.0199377346304801	0.578438416169099	34
0.10895780785609	0.350714860686515	1669
-0.02079133119985	0.57936096462064	34
0.0617539408191099	1.20927342489179	4112
0.10895780785609	0.350714860686515	1582
0.10287853396258	0.35296389743942	1582
0.10647884198302	0.352309794326609	563
0.0951141189069899	0.997616936121828	1651
0.10397890323872	0.352462565358244	1145
0.10716674266205	0.352132388893513	1145
0.10758043184799	0.351807769829277	772
0.10716674266205	0.352132388893513	322
-0.02495473558411	0.58335694060492	322
-0.01103526725176	0.571216149520167	322
-0.09818970079986	1.10806467480942	6
0.10647884198302	0.352309794326609	6
0.0896657887737	0.649980701034027	460
0.10218335279232	0.353699707342604	214
0.10826925398621	0.351630194981725	689
-0.00411253526819011	1.16820403478782	568
-0.02600597712709	0.58082284511866	309
-0.0751102407520801	0.831210858504437	309
0.0932800681603201	1.00045153078124	42
0.0947007761259899	0.645379255468817	309
0.0895284664417499	1.00687187403273	212
-0.03121180177176	0.584322987944732	212
0.10785437586757	0.351215554477081	69
0.10826925398621	0.351630194981725	1681
-0.0154911986975901	0.575887232891104	69
0.10785437586757	0.351215554477081	3894
0.10785437586757	0.351215554477081	238
-0.0937507601107701	1.10069531122458	34
0.11367041888751	1.49160618425459	34
-0.02495473558411	0.58335694060492	653
0.10758043184799	0.351807769829277	1651
-0.02495473558411	0.58335694060492	1544
0.10328279028361	0.353197314225222	322
-0.0206064013082601	0.579256545559091	6
0.10148789770049	0.353384284502155	758
-0.0737484919429701	0.827865968081847	460
0.10647884198302	0.352309794326609	689
-0.07366172701221	0.828162934778137	309
-0.10364825706778	1.11312896707106	42
-0.0970251331890599	1.09885107772705	212
-0.09444116650697	1.09910809192306	212
-0.07480862840562	0.82835962569904	212
-0.1063565978823	1.7446223571574	212
-0.02495473558411	0.58335694060492	212
0.10579067361142	0.351785528543761	1890
0.10579067361142	0.351785528543761	1681
0.10218335279232	0.353699707342604	1681
0.0818758397401	0.653928678288463	69
-0.02400836223229	0.581258703136909	69
-0.08376764188472	0.836860680576432	69
-0.0289403270686499	0.583135876548882	2874
0.10287853396258	0.35296389743942	34
0.10716674266205	0.352132388893513	34
0.10647884198302	0.352309794326609	248
0.10716674266205	0.352132388893513	248
0.10218335279232	0.353699707342604	34
-0.0853130512981199	1.08547548156819	34
0.0884143147476999	0.649302054491071	331
0.10826925398621	0.351630194981725	1544
-0.02495473558411	0.58335694060492	322
-0.01748807245685	0.577364796631369	6
0.10287853396258	0.35296389743942	6
0.10397890323872	0.352462565358244	758
-0.08784425663655	0.838827240360376	460
0.11161804781962	0.350237547909829	689
-0.0289403270686499	0.583135876548882	568
0.10716674266205	0.352132388893513	379
0.0841343437690301	0.654257008970129	42
0.0892662525902399	1.00329816121037	42
-0.07413890813543	0.828125663215551	42
0.000498715898439972	1.15922213714444	42
0.03103297677332	0.907772222645139	4
0.08748786869031	0.652520255624373	212
0.10895780785609	0.350714860686515	3759
-0.0259013793896701	0.582633022248989	69
0.08949273347165	0.650191977967804	69
0.10218335279232	0.353699707342604	248
0.10826925398621	0.351630194981725	2448
0.10785437586757	0.351215554477081	238
0.08876235876415	0.650754614292679	34
0.10895780785609	0.350714860686515	563
0.08931722660306	0.650273274268608	331
-0.02428878983577	0.582639355082303	1717
0.0835842758277401	0.654783910829574	7
0.10148789770049	0.353384284502155	1544
0.10758043184799	0.351807769829277	772
0.10758043184799	0.351807769829277	412
0.10579067361142	0.351785528543761	6
0.10579067361142	0.351785528543761	758
-0.07550325116642	0.829776224136777	42
-0.0406703634604799	1.57899963584974	4
0.10785437586757	0.351215554477081	212
0.10733312446004	0.351067215845013	1681
0.10716674266205	0.352132388893513	1681
0.10218335279232	0.353699707342604	1681
0.10826925398621	0.351630194981725	2448
0.07862338386742	2.00543672278207	1651
0.11230995697287	0.349325823144218	3263
0.10785437586757	0.351215554477081	1544
0.09786574616812	0.353978519341629	7
0.10647884198302	0.352309794326609	772
0.10758043184799	0.351807769829277	772
-0.02032538013449	0.58045220816518	772
0.0856109458684999	1.78095893691769	6
-0.06539241293898	0.815506590510885	6
0.10218335279232	0.353699707342604	689
0.10716674266205	0.352132388893513	568
0.11161804781962	0.350237547909829	1511
-0.0154911986975901	0.575887232891104	309
0.0243555019897099	0.920328771307225	309
-0.08578126232371	1.08610707928952	1158
0.10579067361142	0.351785528543761	685
0.10826925398621	0.351630194981725	4767
0.10716674266205	0.352132388893513	1681
0.10895780785609	0.350714860686515	3988
0.10218335279232	0.353699707342604	1518
-0.09575214483151	1.5301205617736	563
0.10785437586757	0.351215554477081	563
0.10785437586757	0.351215554477081	563
0.10785437586757	0.351215554477081	331
0.0913282315128601	0.647681819507928	772
0.10231922993712	0.352082943164405	322
0.0887923226131	0.649884352175995	6
-0.0164372172068901	1.17826301663828	6
0.10826925398621	0.351630194981725	6
0.10758043184799	0.351807769829277	6
-0.0181543658115899	0.577220737180536	214
0.08987186698926	0.649530308387677	309
-0.02428878983577	0.582639355082303	4
0.0595954047087399	1.21999592320213	4
0.10663361484863	0.351799503810815	212
0.11230995697287	0.349325823144218	69
0.10826925398621	0.351630194981725	34
0.10328279028361	0.353197314225222	1669
0.10716674266205	0.352132388893513	1518
0.10287853396258	0.35296389743942	563
0.10826925398621	0.351630194981725	563
0.10689005862162	0.976094921923904	331
0.03258679831878	1.81463245111304	1651
0.0982592360254899	0.353721534917221	1544
0.10287853396258	0.35296389743942	772
0.10716674266205	0.352132388893513	3718
0.10826925398621	0.351630194981725	3718
0.10218335279232	0.353699707342604	6
0.0834161303561301	0.654178336506151	2615
0.11230995697287	0.349325823144218	1618
0.10716674266205	0.352132388893513	4963
0.10826925398621	0.351630194981725	568
-0.01832158261363	0.57762571413367	309
0.0910343757672001	0.647335654749726	212
0.0233885277227901	0.919102062394618	212
-0.02960390710866	0.58447674818335	69
-0.0191828674279599	0.577346026506201	34
0.10733312446004	0.351067215845013	563
0.0120918521129501	1.61194447453666	1651
-0.0215208181709099	1.37583250607022	772
-0.0848255891652001	0.834886906353822	772
0.10785437586757	0.351215554477081	2615
0.02168225060761	1.96796260042283	2712
0.10647884198302	0.352309794326609	689
-0.07888779869732	0.834205282807095	42
-0.10273241116484	1.10907153770944	1511
-0.09281337914294	1.09802857712363	1511
0.08042337020513	0.656400453451052	42
-0.08534057150109	1.0863612910201	42
0.10758043184799	0.351807769829277	69
-0.11223565574588	1.93046873689943	34
0.10826925398621	0.351630194981725	248
0.10663361484863	0.351799503810815	1669
-0.0731347363150801	0.827255415223399	4112
0.0989630106853701	0.353478679518203	772
-0.02099398512007	0.58063946719774	772
-0.02673260605082	1.3874115374282	772
0.10716674266205	0.352132388893513	772
0.10826925398621	0.351630194981725	772
0.10758043184799	0.351807769829277	2615
-0.00366902011588	1.1673379769609	2712
0.10647884198302	0.352309794326609	214
0.10895780785609	0.350714860686515	214
0.01692684908841	0.926268054849153	689
0.08931722660306	0.650273274268608	42
0.07912564816193	0.656184276197409	212
-0.02495473558411	0.58335694060492	212
-0.0358726885832701	0.584868341546577	212
-0.01984506431962	0.578779752990184	212
-0.0212754047183501	0.579737208933733	4767
0.10148789770049	0.353384284502155	1890
0.0896657887737	0.649980701034027	69
-0.01302194373869	0.57267678940045	34
0.10785437586757	0.351215554477081	34
0.10287853396258	0.35296389743942	34
0.02752115027819	0.913970348903043	4112
0.0867475491926599	0.649998001219271	4112
-0.0199377346304801	0.578438416169099	563
-0.0730791992312601	0.825663068882387	653
0.0946372053147	1.00121491022345	1651
0.0246845179220101	0.915769290102222	1651
0.10148789770049	0.353384284502155	3263
0.08487211935683	0.654515958017152	3263
0.10328279028361	0.353197314225222	7
-0.01748807245685	0.577364796631369	772
0.10397890323872	0.352462565358244	686
-0.02495473558411	0.58335694060492	214
-0.07466906671733	0.828812827260658	214
0.10895780785609	0.350714860686515	4767
0.09408579708075	1.00275626877492	34
0.04724363591209	1.39073217335268	34
0.10287853396258	0.35296389743942	34
0.10287853396258	0.35296389743942	248
0.10397890323872	0.352462565358244	1518
0.02564927558353	0.915219630626735	563
-0.01965711158767	0.579970689675105	4112
-0.0298828099181101	0.58241606372645	1651
0.10218335279232	0.353699707342604	7
0.10826925398621	0.351630194981725	772
-0.02428878983577	0.582639355082303	772
0.0935059240423299	0.998917483600873	686
-0.07035646601997	0.825248140293113	686
-0.0517829063191599	1.76730375219714	214
0.10258640259334	0.352883231159087	214
-0.0233431592753299	0.580545475751851	214
0.11092586756108	0.350415838742694	214
0.10647884198302	0.352309794326609	689
0.0103109166383399	1.61198264017849	42
-0.0732187278101999	0.827179762016143	42
-0.02628763158757	0.583658225403998	212
0.03315715943829	1.42086094679875	212
0.01692684908841	0.926268054849153	212
0.0000179549460599393	1.16028259580818	212
0.10093390099239	0.991576406338083	212
-0.01900084973012	1.18367396444528	212
-0.0204784849719899	1.37500500340876	212
0.0272523729982399	0.914371776438635	4767
-0.00757460602913995	1.16942554754407	69
-0.02533977086171	0.581560371416527	34
-0.0739982653382201	0.824234396762722	34
0.0950505422410799	0.64457218511105	1518
0.10611757083115	1.266658221525	563
-0.02079133119985	0.57936096462064	563
0.05839253768264	1.22052385796569	1651
0.10826925398621	0.351630194981725	3263
-0.08376764188472	0.836860680576432	1357
0.0974114958074901	0.993089361612188	6
-0.0168221136840501	0.577178479347997	460
-0.02032538013449	0.58045220816518	689
-0.01965711158767	0.579970689675105	689
0.0101050891198899	0.923943492624431	379
-0.10082508589942	1.10738013284866	379
0.10866807519563	1.25807137905345	42
0.05923080776822	1.21873178195398	212
0.09720421319883	0.99759399511106	212
-0.02408765362485	1.38402973004742	69
-0.07360895235181	0.82711047870906	69
-0.10427772991118	1.34895525931791	69
0.0216833233657601	0.922002653942356	34
0.10716674266205	0.352132388893513	34
-0.02428878983577	0.582639355082303	34
-0.10223598882381	1.11232655499359	4541
0.0950893093098899	1.00073153866236	4112
0.0922286548811599	1.00179549889165	1651
0.10716674266205	0.352132388893513	3263
0.10733312446004	0.351067215845013	3263
-0.0221182132134701	0.580408422501073	1357
-0.0259013793896701	0.582633022248989	7
0.10218335279232	0.353699707342604	7
-0.0214546059215199	0.580072466612979	772
0.10716674266205	0.352132388893513	772
-0.0205075928915399	0.579490279223785	412
0.0863941339793799	0.649749489598346	686
-0.11181391630534	1.35982840752397	460
0.10785437586757	0.351215554477081	214
-0.08363240005469	0.837408038208625	214
-0.0259013793896701	0.582633022248989	689
-0.03121180177176	0.584322987944732	689
0.0930831371848	1.00351877381766	42
-0.10727365411834	1.5625694717578	42
0.0586478379084301	1.21957381167909	212
0.08748786869031	0.652520255624373	212
0.10593382759709	0.35148923313409	17
-0.02495473558411	0.58335694060492	34
0.10716674266205	0.352132388893513	248
0.10663361484863	0.351799503810815	34
0.10826925398621	0.351630194981725	563
0.0222369784951599	1.59012444800414	563
-0.00467163455891995	1.16556870501697	563
0.11092586756108	0.350415838742694	563
0.10758043184799	0.351807769829277	412
0.11161804781962	0.350237547909829	2615
0.10716674266205	0.352132388893513	460
0.10218335279232	0.353699707342604	214
0.10647884198302	0.352309794326609	689
0.08931722660306	0.650273274268608	42
0.10218335279232	0.353699707342604	42
-0.0214546059215199	0.580072466612979	42
-0.0807145935994999	0.829300181705227	212
0.10593382759709	0.35148923313409	4767
0.10647884198302	0.352309794326609	34
0.04511647575245	1.65149237390251	4112
0.10397890323872	0.352462565358244	7
0.10758043184799	0.351807769829277	7
0.09634593031923	0.993605971124173	343
0.10397890323872	0.352462565358244	343
0.10287853396258	0.35296389743942	772
0.06098692177841	2.27902177117686	6
0.10785437586757	0.351215554477081	6
0.11092586756108	0.350415838742694	686
0.0621662461014101	1.21770466281359	214
0.11161804781962	0.350237547909829	214
0.10328279028361	0.353197314225222	214
-0.11457699460157	1.93270382247576	42
-0.00247370541305991	1.78245217727037	42
0.10663361484863	0.351799503810815	69
-0.01499588300296	1.94862507875177	34
0.05453950851193	2.08273360215535	563
0.10733312446004	0.351067215845013	331
0.10663361484863	0.351799503810815	653
0.10647884198302	0.352309794326609	331
0.11092586756108	0.350415838742694	3845
0.10826925398621	0.351630194981725	343
0.0794790330900299	2.30889148240844	686
0.10785437586757	0.351215554477081	214
0.10826925398621	0.351630194981725	689
0.10647884198302	0.352309794326609	689
0.10969125030543	0.97285062313663	212
0.09765638907658	0.996286088791943	4767
0.0402156727198599	1.40688033032909	34
-0.01587168520504	0.57659573259799	34
-0.10326921561637	1.34722916219205	34
-0.0259013793896701	0.582633022248989	34
0.10579067361142	0.351785528543761	34
0.10785437586757	0.351215554477081	34
0.10785437586757	0.351215554477081	34
0.11161804781962	0.350237547909829	34
0.10647884198302	0.352309794326609	34
0.10397890323872	0.352462565358244	34
0.0880395164151999	0.652449440273683	4541
0.10716674266205	0.352132388893513	331
0.10826925398621	0.351630194981725	3263
0.08876235876415	0.650754614292679	3263
0.0982592360254899	0.353721534917221	7
0.02613128446017	0.914184890942966	343
-0.09913130406714	1.10787884937124	772
-0.00886956016717999	1.93105519990347	6
0.11720850329356	1.48460305712664	6
0.10647884198302	0.352309794326609	214
0.0732228371286501	1.46279679512173	214
0.10716674266205	0.352132388893513	214
0.10826925398621	0.351630194981725	214
-0.0354084657257501	1.57428439982921	212
0.10895780785609	0.350714860686515	3418
0.10826925398621	0.351630194981725	4767
0.0911532183355801	1.85797115852498	4767
0.11161804781962	0.350237547909829	69
0.10826925398621	0.351630194981725	34
-0.0319578204951001	1.39459892428584	34
0.07987113043911	0.657313340361156	34
0.10397890323872	0.352462565358244	34
0.11092586756108	0.350415838742694	34
0.10895780785609	0.350714860686515	34
0.10231922993712	0.352082943164405	34
0.10647884198302	0.352309794326609	1843
0.10689134122138	0.351285302005725	1651
-0.0119991309115799	1.93907504311993	1651
0.10287853396258	0.35296389743942	3263
0.10716674266205	0.352132388893513	7
0.10826925398621	0.351630194981725	343
0.10716674266205	0.352132388893513	772
0.11856127396587	1.48250322229108	6
0.0911231238591399	0.647116713701421	6
-0.0223896661273999	1.38197918162065	686
0.02104272212667	0.922873470954488	460
0.10689134122138	0.351285302005725	214
-0.00407900443040998	1.1631335136912	214
0.12297003239704	1.67965149919296	2337
0.0644066754788299	1.21412525025785	42
0.08560607948559	1.43404444998522	212
-0.0450033850542799	1.59222637703487	17
0.0935880756632901	1.00081895905658	212
-0.10654256601049	1.55022641782675	212
0.00274106914613004	1.15320382423942	34
0.08632690639061	0.652735113629601	34
0.0966177129958501	2.04458555485562	4541
0.0691864951932499	1.82829990024557	331
-0.00458412083326998	1.16430031266918	1651
-0.10078534438219	2.05807408933551	1651
-0.02628763158757	0.583658225403998	7
-0.01965711158767	0.579970689675105	3263
0.0773100992131399	0.656859795767195	343
0.10406026535885	1.505370421345	343
-0.02099398512007	0.58063946719774	343
0.10647884198302	0.352309794326609	772
0.10148789770049	0.353384284502155	460
-0.0779667799886701	0.833254538561395	214
0.10716674266205	0.352132388893513	214
-0.10324793489843	1.73962534568654	214
0.10716674266205	0.352132388893513	214
0.10647884198302	0.352309794326609	214
0.10716674266205	0.352132388893513	214
-0.01169716140508	0.572019285562981	214
0.11023341597372	0.349898349308083	212
-0.07068041030534	0.823066027770702	4767
0.10716674266205	0.352132388893513	34
-0.09462631954157	1.10045373991042	34
0.0592682649223999	1.21975297786381	34
0.07632081041164	0.657658374274116	331
0.0204842345741401	1.59418311163109	1651
0.02958619153664	0.911685493788845	7
-0.02495473558411	0.58335694060492	343
-0.08353774748293	1.07863686210766	343
-0.0783584733706999	0.833288890400322	460
0.08876235876415	0.650754614292679	214
0.08466769309659	0.654753086475839	214
0.07687118242575	0.656055742367393	212
-0.0258231300371701	0.581187080143393	212
0.0118624697835501	0.93043111066056	4767
0.10716674266205	0.352132388893513	34
0.10287853396258	0.35296389743942	34
-0.02495473558411	0.58335694060492	34
0.0826830013925901	0.654219411560461	34
-0.09995718047764	1.10844289157864	34
0.1189246431185	1.47706670948167	563
-0.09704246552657	1.33543125210891	7
-0.10038208390281	1.10800058932672	343
-0.0311415029044	1.39391259633555	772
0.0178956857389101	0.925718367547389	343
-0.0200434839469901	0.578549734222855	460
-0.02032538013449	0.58045220816518	460
0.08876235876415	0.650754614292679	214
-0.0855268860928	0.835245796393325	214
-0.01965711158767	0.579970689675105	214
0.11023341597372	0.349898349308083	212
-0.07413890813543	0.828125663215551	212
-0.02902445853406	1.39236486118627	4767
0.0885909386274999	0.652090173543142	34
0.10148789770049	0.353384284502155	34
-0.10173869118768	1.11241692037146	34
0.09810842753906	0.994561021731458	34
0.0857740617371201	0.653741388644674	34
0.04351924623193	1.40224832864157	1843
-0.09818970079986	1.10806467480942	331
-0.0117359724028201	1.17177596105055	7
0.0837647544950799	0.655529150841431	343
0.00194345619030001	1.15588672623636	343
0.10716674266205	0.352132388893513	214
0.10826925398621	0.351630194981725	214
0.10826925398621	0.351630194981725	214
0.10758043184799	0.351807769829277	212
-0.0259013793896701	0.582633022248989	212
-0.10192531700961	2.20986218078442	3418
0.11024131844943	0.971393208669592	4767
-0.11208461409432	1.92385419470682	4799
-0.0320913741017099	0.582669620397052	1391
-0.0904329709379901	1.09658687829284	1474
-0.00813326347520005	1.17127647162529	34
0.10716674266205	0.352132388893513	563
0.10647884198302	0.352309794326609	331
0.10934107832397	0.973180525932946	343
-0.0219447451608401	0.579924971604282	214
-0.0794641581814	0.831789239912616	42
0.10328279028361	0.353197314225222	42
0.10287853396258	0.35296389743942	212
0.0882367078583199	1.43761151312618	17
0.0837647544950799	0.655529150841431	34
-0.03653532618127	0.585214981246799	34
-0.0970495432290499	1.5439387327912	4541
0.02201477438598	0.917564425608685	4541
0.10826925398621	0.351630194981725	563
0.10148789770049	0.353384284502155	563
0.10647884198302	0.352309794326609	343
-0.0414337396564299	1.58615082300085	343
-0.01296964862855	1.17783701375773	343
0.10593382759709	0.35148923313409	686
-0.10694842853291	1.74561355809877	686
0.01959300670875	0.923705052755737	460
-0.09934194758437	1.34551255658932	460
0.0926819335267	1.00178736459428	214
0.02564927558353	0.915219630626735	214
0.10647884198302	0.352309794326609	357
0.11092586756108	0.350415838742694	212
-0.00183333752414994	1.16112385514651	17
0.0179013722018699	0.925163634570701	212
0.11561407727245	1.48885551713225	4767
-0.0731347363150801	0.827255415223399	34
0.02249234714144	0.920481090637812	34
0.0782130537447801	0.657852425330512	331
-0.0336806819534401	1.57173760537396	343
0.10984932569478	1.26395964396423	343
0.03450692550271	1.41762201382567	343
-0.08323897166025	0.836854548113291	343
0.10895780785609	0.350714860686515	343
0.03532045657889	1.42114159442361	686
0.10593382759709	0.35148923313409	918
0.0186273590059001	0.923212860883111	214
0.10579067361142	0.351785528543761	212
0.0754203179784601	0.658427878313075	212
0.12145894120201	1.23925962933124	4799
-0.0306514423245201	0.582440322892004	34
0.10895780785609	0.350714860686515	343
0.02942693165806	1.428343841486	686
-0.02099398512007	0.58063946719774	918
0.08286183671648	0.6545394097211	214
0.10328279028361	0.353197314225222	460
-0.02261442293622	0.579780704461	460
0.07987113043911	0.657313340361156	214
0.02896831748076	0.912705307834054	214
0.02468477839688	0.916384127518116	214
0.10716674266205	0.352132388893513	4067
-0.0206064013082601	0.579256545559091	34
0.10785437586757	0.351215554477081	34
0.10716674266205	0.352132388893513	34
-0.02099398512007	0.58063946719774	34
0.0852209906930499	0.654392144647465	34
0.0856236239260599	1.66907556518322	563
-0.0952044027794601	1.3379513936858	7
0.0337438380416699	1.41771756921467	343
-0.0149957487683201	1.36833660839036	686
-0.02032538013449	0.58045220816518	214
-0.0161564891964301	0.576700733308464	214
-0.03121180177176	0.584322987944732	17
-0.0192694043853101	0.576919618359868	4799
0.10716674266205	0.352132388893513	34
0.11161804781962	0.350237547909829	34
-0.0745826480862599	0.830652290472693	331
-0.0256210160689501	0.583695327776066	343
-0.09915561411758	1.10865653530461	343
-0.09915561411758	1.10865653530461	214
0.08911118682812	0.650217800895839	214
0.0215223807929701	0.920576942644377	212
0.10287853396258	0.35296389743942	212
0.10716674266205	0.352132388893513	462
0.08632690639061	0.652735113629601	17
0.10328279028361	0.353197314225222	212
0.10826925398621	0.351630194981725	212
-0.0687723360691701	0.822113690030357	212
0.06049483740753	1.2198726636405	17
0.11092586756108	0.350415838742694	1391
-0.10468706247979	1.11365532154776	34
0.0884143147476999	0.649302054491071	1474
-0.0751994282328501	0.829206647171541	563
0.10826925398621	0.351630194981725	331
-0.01898917918035	0.579150144945583	331
-0.10919615210828	1.56181309958779	331
-0.01898917918035	0.579150144945583	1549
-0.03501995462619	1.57456999237195	343
0.10758043184799	0.351807769829277	214
-0.09609457101986	1.53797022864717	214
-0.1023827732275	1.11323055137846	214
0.09778396398726	0.992176028595287	212
-0.0740552567697299	0.829740364208364	17
0.10663361484863	0.351799503810815	34
0.10397890323872	0.352462565358244	34
0.10647884198302	0.352309794326609	1391
0.08876235876415	0.650754614292679	2388
0.10716674266205	0.352132388893513	331
0.10663361484863	0.351799503810815	1549
0.10328279028361	0.353197314225222	1549
0.10148789770049	0.353384284502155	1549
0.11023341597372	0.349898349308083	343
-0.09945646758279	1.72657334760715	7
-0.0751994282328501	0.829206647171541	460
0.10826925398621	0.351630194981725	357
0.10716674266205	0.352132388893513	212
-0.07088491271612	0.825639858099944	212
0.10287853396258	0.35296389743942	17
0.10193540546252	0.990235110933916	17
0.0129601000909101	1.74460717837973	17
0.0793186645478301	0.657843294254402	4799
0.10716674266205	0.352132388893513	34
0.08466769309659	0.654753086475839	34
-0.00360006970986992	1.77696102898633	331
0.05564451445468	1.22342198529886	34
0.08931722660306	0.650273274268608	331
0.10328279028361	0.353197314225222	1549
-0.02032538013449	0.58045220816518	343
-0.1011501705888	1.34566512502377	343
-0.00343456043891011	1.16548060333032	214
-0.0256210160689501	0.583695327776066	214
-0.0200434839469901	0.578549734222855	214
0.0989630106853701	0.353478679518203	212
0.10716674266205	0.352132388893513	17
0.10826925398621	0.351630194981725	212
0.10663361484863	0.351799503810815	4799
0.11161804781962	0.350237547909829	34
0.08896944749537	0.648561527057336	331
0.10328279028361	0.353197314225222	331
0.10287853396258	0.35296389743942	331
-0.0809140540594799	0.833812124303817	331
0.10579067361142	0.351785528543761	343
-0.07985962218595	0.834277518094075	343
0.01959521747973	0.922660959332297	343
0.10328279028361	0.353197314225222	343
0.0793186645478301	0.657843294254402	343
0.10328279028361	0.353197314225222	460
-0.02099398512007	0.58063946719774	214
0.10328279028361	0.353197314225222	214
-0.0256210160689501	0.583695327776066	214
-0.0152067997466201	0.576118661909323	214
0.10258640259334	0.352883231159087	5219
0.0989630106853701	0.353478679518203	462
-0.0517614943043701	2.06327135729664	17
0.10785437586757	0.351215554477081	34
0.10647884198302	0.352309794326609	2388
0.0910343757672001	0.647335654749726	34
0.04986014180525	1.63890552838047	34
0.10716674266205	0.352132388893513	331
0.05528729117584	1.22486853825071	331
-0.0469244167237199	1.75930190847896	7
0.06273593720614	1.21579686542706	7
-0.10259199601466	1.34636076644267	343
0.08876235876415	0.650754614292679	214
0.0191090120289901	0.921824597558665	214
-0.00541304019821998	1.1632097733738	214
0.10218335279232	0.353699707342604	214
-0.0165369043550301	0.576781738217319	214
0.10895780785609	0.350714860686515	212
0.10218335279232	0.353699707342604	17
0.10785437586757	0.351215554477081	17
0.10647884198302	0.352309794326609	17
0.10647884198302	0.352309794326609	2388
0.0884143147476999	0.649302054491071	1474
0.10895780785609	0.350714860686515	331
0.10826925398621	0.351630194981725	331
-0.0256701889898701	1.38599735520727	331
-0.0900186507002601	1.32485696453197	343
0.0417762611914301	1.39790945039108	343
-0.0143024999658701	1.17809470909975	343
-0.00380139105791999	1.16372052335338	343
0.10258640259334	0.352883231159087	214
0.0635706438152599	1.21327710540095	214
-0.02032538013449	0.58045220816518	214
0.0878589542234101	0.649782359675678	214
-0.00399592151049011	1.1680444095308	42
-0.02400836223229	0.581258703136909	462
0.09584686035524	0.999519514504974	212
0.08154472737953	1.45143882472828	17
0.0194927153659701	1.58876462824473	34
-0.03330758204797	1.57079624918912	5001
0.08848118299898	1.43714454754206	5001
0.10647884198302	0.352309794326609	34
0.00811284621186004	1.75731776864508	34
0.08354032094675	1.4461347806758	460
0.0668818516826399	1.20763197681305	460
-0.10390783905878	1.35160955213107	214
0.10758043184799	0.351807769829277	214
0.0793186645478301	0.657843294254402	214
0.0191090120289901	0.921824597558665	214
0.11230995697287	0.349325823144218	2903
0.10328279028361	0.353197314225222	34
-0.0774378530941899	0.832339460717058	331
0.08286183671648	0.6545394097211	331
0.0928155627579701	0.354305410254477	214
0.10733312446004	0.351067215845013	214
-0.0986848005076999	1.10817974753552	214
-0.07888779869732	0.834205282807095	214
0.10148789770049	0.353384284502155	214
0.10258640259334	0.352883231159087	212
0.10716674266205	0.352132388893513	212
0.10397890323872	0.352462565358244	212
-0.0836485374301399	2.28078876818633	34
0.0820343423101699	1.45145705866201	5001
0.11161804781962	0.350237547909829	34
-0.1019126926446	1.11275333687958	34
0.11092586756108	0.350415838742694	2388
0.0978692983487599	0.641425137571665	1474
0.10328279028361	0.353197314225222	34
0.07464180418261	1.46049834664473	331
0.0858083852529701	1.43534712068708	331
-0.0190872146263801	1.36859701977811	331
-0.07849590914857	0.833815212107253	331
0.0989630106853701	0.353478679518203	331
0.10758043184799	0.351807769829277	1549
0.0904332810067801	1.00668050388414	343
0.10258640259334	0.352883231159087	214
0.10647884198302	0.352309794326609	214
-0.0211704534369199	0.579825727743365	214
-0.0161564891964301	0.576700733308464	214
0.10397890323872	0.352462565358244	17
-0.0206064013082601	0.579256545559091	17
0.12338837233726	1.86988774736073	17
0.0841343437690301	0.654257008970129	34
-0.0436858369462501	1.75497104653686	34
0.0299197242517699	1.81612910970619	34
0.11161804781962	0.350237547909829	34
0.11161804781962	0.350237547909829	2388
-0.0256210160689501	0.583695327776066	34
0.10716674266205	0.352132388893513	331
0.10218335279232	0.353699707342604	331
0.10826925398621	0.351630194981725	331
0.10716674266205	0.352132388893513	343
-0.07933270807379	0.833882740653433	214
0.10258640259334	0.352883231159087	214
0.02152490366363	0.922273858660409	214
0.10647884198302	0.352309794326609	214
-0.10662139627727	1.11537703552218	214
0.02516710692654	0.915945725286258	214
-0.07888779869732	0.834205282807095	214
-0.09665162158107	1.54274133422039	212
-0.0212754047183501	0.579737208933733	17
-0.02742959465009	0.581879879551057	17
0.0988975150787199	1.84677080850526	34
0.10231922993712	0.352082943164405	34
0.11023341597372	0.349898349308083	34
-0.01937561527664	0.578362564289604	1191
0.03960399129179	1.91758256917129	331
-0.0960512148463399	1.10365323530694	331
0.10895780785609	0.350714860686515	1549
0.10758043184799	0.351807769829277	214
-0.08784425663655	0.838827240360376	214
0.10258640259334	0.352883231159087	214
-0.01898917918035	0.579150144945583	212
0.10328279028361	0.353197314225222	17
0.10785437586757	0.351215554477081	34
0.0508790897227001	1.64451242304642	331
0.10785437586757	0.351215554477081	331
-0.00713008611479005	1.16962537041658	331
-0.10592677829355	1.55680622457954	331
0.0884143147476999	0.649302054491071	343
0.000170248840080101	1.15794460891861	343
0.1128975699948	1.48969169149825	343
-0.0751994282328501	0.829206647171541	343
0.0880395164151999	0.652449440273683	343
-0.0315157115436999	1.5704587826981	460
-0.02099398512007	0.58063946719774	212
0.08896944749537	0.648561527057336	212
0.10328279028361	0.353197314225222	212
0.10647884198302	0.352309794326609	212
0.0885224530228199	1.00763616322627	212
0.0300658531159099	0.910387222541062	462
0.10716674266205	0.352132388893513	17
-0.09821413865831	1.10733340719619	34
0.0356507922515901	1.41485050703095	331
0.0925338909086699	1.00128379988365	331
-0.10246092386487	1.34323227702968	343
-0.0219447451608401	0.579924971604282	1987
0.0900151349515701	0.647831785542205	214
0.08876235876415	0.650754614292679	214
0.09042628008524	0.64845225589603	5219
0.0902201634281701	0.649500065308071	34
-0.0879772081318599	0.838675877614107	34
0.0543001412547801	1.22715118348659	34
0.11181816938669	1.25646286105261	305
-0.00838600601252004	1.17299012121817	34
-0.0996265795722699	1.10876311421043	331
0.07841671617754	0.656847582683595	331
0.1082603630949	1.26342893019338	331
0.0921410851526601	0.647122135526749	331
0.10397890323872	0.352462565358244	331
0.0855706511387799	0.652347007412662	1856
-0.03254212924539	0.583808355887704	343
0.10785437586757	0.351215554477081	343
0.0807725913801201	0.656539941503435	343
-0.01965711158767	0.579970689675105	343
0.0921410851526601	0.647122135526749	214
0.10758043184799	0.351807769829277	214
0.10371064899656	0.985349471141559	17
0.08466769309659	0.654753086475839	331
0.094498743992	0.645307607362446	331
-0.02079133119985	0.57936096462064	331
-0.07180549896509	0.824779730602868	1742
-0.0689081082983001	0.822098808056114	331
-0.02960390710866	0.58447674818335	343
-0.0256210160689501	0.583695327776066	343
0.10218335279232	0.353699707342604	343
0.08431855036541	0.655167690820231	343
-0.00352323453954995	1.16185472049984	214
-0.0756380349010699	0.831439589392411	214
0.08542546163149	0.653508143571156	212
0.08431855036541	0.655167690820231	212
0.10716674266205	0.352132388893513	212
0.10689134122138	0.351285302005725	17
-0.0161564891964301	0.576700733308464	4638
0.1222496459837	1.47406887339271	34
-0.10320130550352	1.35036434403759	34
-0.08402490066582	0.835149918908457	34
-0.0941324847654199	1.09830203194894	331
-0.0869218486852401	0.837881369369234	342
0.11100814515972	1.25996707772179	343
0.0224861086531001	0.915721478851527	343
0.00595546143167991	1.14661106437819	343
-0.10312556854992	1.73345776137021	214
-0.10317734914385	1.11328119344477	214
0.0905692428887701	0.647595041048012	214
-0.01870808245147	0.577883497327535	214
-0.07572999281747	0.829307037080084	214
0.10716674266205	0.352132388893513	214
0.10826925398621	0.351630194981725	212
0.0884143147476999	0.649302054491071	212
0.10716674266205	0.352132388893513	462
0.08803862593178	0.64813845724172	17
-0.1012683291397	1.11173613099302	34
-0.10071427047288	1.34492613551455	34
-0.03563701872097	1.57859778905096	1742
-0.0199377346304801	0.578438416169099	1742
0.10826925398621	0.351630194981725	1742
-0.10202234987915	1.34598734883293	331
-0.10039183400075	1.89601182664145	331
0.10826925398621	0.351630194981725	343
0.000942012920819968	1.15822413226398	343
-0.0143024999658701	1.17809470909975	343
-0.10259921641325	1.34347963425567	214
-0.0751994282328501	0.829206647171541	214
-0.10841971683662	1.56067522865724	435
-0.01898917918035	0.579150144945583	212
-0.01937561527664	0.578362564289604	1164
0.10689134122138	0.351285302005725	462
0.10218335279232	0.353699707342604	4638
-0.0494004481061801	1.76643978734782	34
-0.0152067997466201	0.576118661909323	34
-0.0723829021410301	2.1126867094783	331
-0.0998994898336401	1.55082062759103	331
0.00121363757920001	1.90779643964846	1742
0.10716674266205	0.352132388893513	1742
-0.0305471390401799	0.583752148236366	331
-0.0259013793896701	0.582633022248989	343
0.0845026883601601	1.43741430488045	343
-0.02032538013449	0.58045220816518	214
0.11092586756108	0.350415838742694	1985
-0.10009769695618	1.10847126343208	214
-0.0972487043950301	1.106741966799	214
-0.11270879140341	1.75748420251291	42
-0.01898917918035	0.579150144945583	4638
0.08949273347165	0.650191977967804	34
0.10546589140363	1.26596639999603	331
0.10135931240424	1.8343357658725	1742
0.11161804781962	0.350237547909829	331
0.07009679096456	1.81985344320276	331
0.11776540094984	1.24122657126142	343
0.10647884198302	0.352309794326609	1429
0.0261326553266601	0.914169218912551	214
0.10733312446004	0.351067215845013	677
-0.0792787682866301	0.831828482540017	677
0.10328279028361	0.353197314225222	1246
-0.03187679840853	0.584437589685732	34
0.02352259323031	1.96031722745342	1742
-0.0246738993289199	0.581595777089794	343
-0.04731238289331	1.74849200798009	343
-0.02754554308416	1.39191622033941	343
0.10148789770049	0.353384284502155	214
0.10647884198302	0.352309794326609	214
0.10328279028361	0.353197314225222	1985
-0.10176553625913	1.11122123533478	214
-0.0894102722063601	1.08969036914426	435
0.10758043184799	0.351807769829277	212
-0.0214546059215199	0.580072466612979	212
0.10287853396258	0.35296389743942	677
0.10826925398621	0.351630194981725	677
0.10826925398621	0.351630194981725	677
0.10786874099821	1.26447215552968	1246
-0.0259013793896701	0.582633022248989	1246
-0.10072642380335	1.34498238780336	34
0.11092586756108	0.350415838742694	34
0.10716674266205	0.352132388893513	1642
-0.10289503499215	1.34460745379211	343
-0.0180408851730201	0.577068127053539	343
0.0625671021855301	1.21601920754603	343
0.10647884198302	0.352309794326609	214
-0.10377226744988	1.35274457951284	214
0.10758043184799	0.351807769829277	1429
0.10148789770049	0.353384284502155	214
0.10895780785609	0.350714860686515	742
0.10716674266205	0.352132388893513	742
0.10328279028361	0.353197314225222	462
0.10758043184799	0.351807769829277	34
0.0914168462984599	1.42745364315474	343
-0.0841612711469799	0.837804955574193	343
-0.0304074646480099	1.56925447281816	343
0.0919994234955801	0.998206178784734	214
0.11161804781962	0.350237547909829	1985
-0.01870808245147	0.577883497327535	214
0.0885563574289101	0.650194172814921	214
0.10218335279232	0.353699707342604	742
0.10287853396258	0.35296389743942	462
-0.0256210160689501	0.583695327776066	677
0.10287853396258	0.35296389743942	17
0.08931722660306	0.650273274268608	17
0.0213913617811301	2.08801847483301	34
-0.0246738993289199	0.581595777089794	34
0.10785437586757	0.351215554477081	34
-0.02428878983577	0.582639355082303	34
0.02655581191471	0.912765980002963	34
-0.04354812521289	2.28080860152829	1742
-0.0206064013082601	0.579256545559091	331
0.0149933939331699	0.925900502966241	342
0.11230995697287	0.349325823144218	343
0.10826925398621	0.351630194981725	1009
-0.07849590914857	0.833815212107253	214
-0.0233431592753299	0.580545475751851	214
0.0857740617371201	0.653741388644674	435
-0.0799470570269301	0.834996837205207	212
0.10218335279232	0.353699707342604	742
0.10758043184799	0.351807769829277	17
0.10218335279232	0.353699707342604	677
0.10895780785609	0.350714860686515	305
0.0852209906930499	0.654392144647465	2957
-0.01965711158767	0.579970689675105	1742
0.0781573444939501	1.45864277101989	331
0.0935880756632901	1.00081895905658	343
0.0908989619598799	1.0043661234683	661
0.10397890323872	0.352462565358244	1429
0.10647884198302	0.352309794326609	1985
0.02718550254593	0.912995833751517	1429
0.0787659723701499	0.658038712603471	214
-0.01937561527664	0.578362564289604	214
-0.0211704534369199	0.579825727743365	214
0.10785437586757	0.351215554477081	893
0.10716674266205	0.352132388893513	17
-0.10163628688259	1.54925249430713	34
-0.0693001778306199	0.823554179611836	34
-0.02183364624937	0.579789745439092	34
0.08042337020513	0.656400453451052	34
0.09821700033675	1.64220733349323	331
0.10716674266205	0.352132388893513	3259
0.10826925398621	0.351630194981725	343
-0.0955902985207699	1.101015966168	343
0.08876235876415	0.650754614292679	1429
0.10785437586757	0.351215554477081	1985
0.02516710692654	0.915945725286258	1429
0.0889062375279699	0.647457507315676	214
-0.07757416610979	0.830631655983589	214
-0.0986848005076999	1.10817974753552	212
-0.08262967141545	0.832852404296539	212
0.10161201644474	0.352326436107844	462
-0.02400836223229	0.581258703136909	677
0.10037001741054	1.27587424341654	1246
-0.07480862840562	0.82835962569904	34
0.10218335279232	0.353699707342604	34
-0.02400836223229	0.581258703136909	2957
0.0989630106853701	0.353478679518203	1742
0.10328279028361	0.353197314225222	3098
0.07122003286845	1.82255212385396	331
0.0631891867882699	1.61761127220248	343
0.00861107363115998	1.7588489816791	343
0.11003443798488	1.26245188337064	214
0.10647884198302	0.352309794326609	1429
-0.00552302865826992	1.16387289261682	1429
0.10328279028361	0.353197314225222	214
0.10579067361142	0.351785528543761	214
-0.0214546059215199	0.580072466612979	212
0.11161804781962	0.350237547909829	677
-0.01748807245685	0.577364796631369	34
-0.10482455669997	1.35035752203064	34
0.10663361484863	0.351799503810815	34
-0.02400836223229	0.581258703136909	305
0.10689134122138	0.351285302005725	343
-0.07718219176388	0.827641388296643	1103
0.11713751522589	1.25040977650574	343
-0.0931671891466199	1.09373866530437	343
0.0220104077830601	0.921079433700798	367
0.10826925398621	0.351630194981725	1429
0.10647884198302	0.352309794326609	367
-0.0689081082983001	0.822098808056114	893
0.0242021101282099	0.916495577401371	214
0.08542546163149	0.653508143571156	212
0.10148789770049	0.353384284502155	34
-0.0336298174054599	1.57175842976058	34
0.0262847890234299	0.91767823062004	34
0.0384652512010499	1.41441916760189	34
0.09304389476812	0.647668753377714	34
0.10826925398621	0.351630194981725	34
0.0118624697835501	0.93043111066056	331
-0.0687723360691701	0.822113690030357	1742
0.02104027720589	0.921892238789281	661
-0.0972232461567699	1.10589452374101	214
0.10647884198302	0.352309794326609	214
-0.01723213005836	1.81067596596725	214
0.10758043184799	0.351807769829277	214
0.0852209906930499	0.654392144647465	212
-0.01235938680316	0.572491611501038	212
-0.02866095646662	0.582384335707824	34
-0.0212754047183501	0.579737208933733	34
0.10218335279232	0.353699707342604	34
0.11161804781962	0.350237547909829	34
0.0908989619598799	1.0043661234683	331
0.0928419949131101	0.645997208961592	1742
0.10716674266205	0.352132388893513	343
-0.09405291938016	1.09954080453584	343
-0.10654515264762	1.91997671826145	661
0.10689134122138	0.351285302005725	214
0.11514100538404	1.25342638015406	741
0.10826925398621	0.351630194981725	1429
-0.0742784587630301	0.828259284544803	1429
0.10148789770049	0.353384284502155	214
0.10826925398621	0.351630194981725	212
0.08911118682812	0.650217800895839	17
-0.07704543603291	0.830073818425413	17
0.0952693738439201	1.28121600555726	34
-0.06797894087251	2.10175044751866	34
0.08518156080298	1.44227693146233	331
-0.08844216277031	1.08612121698863	331
-0.03001204370888	1.39379607131193	1742
0.00662349824515007	0.931653942263481	214
-0.0168221136840501	0.577178479347997	214
0.09716291462318	0.354221264198155	1429
-0.0281916335205701	1.56139305223057	1429
-0.0751102407520801	0.831210858504437	214
-0.0245683390865099	0.580473910496962	214
-0.0252346917202799	0.58191737664116	214
0.0900151349515701	0.647831785542205	214
0.0817525671716901	0.654332014627069	214
0.10148789770049	0.353384284502155	17
-0.0737484919429701	0.827865968081847	17
0.10668654585616	1.26927869022263	34
-0.0211704534369199	0.579825727743365	34
0.10716674266205	0.352132388893513	34
0.08987186698926	0.649530308387677	34
-0.09689663549283	1.53770890941128	331
0.11836321378315	1.24091678784563	367
-0.00546994136579992	1.16456625485077	661
-0.09820049801388	1.54713637622355	741
0.11092586756108	0.350415838742694	1429
0.11042820928362	1.26260693388883	1429
-0.0782199293188599	0.828092962503581	214
-0.0293241189514	0.582953239357999	214
0.0788710950585101	1.01478876816432	212
0.11860755964281	1.4816481635427	34
0.05455901193378	1.63388148583458	34
0.10317143260303	0.98387795721681	34
0.0978480156833099	0.996743179940076	34
0.08466769309659	0.654753086475839	34
0.0768927404159401	1.45636229954426	331
0.0612405231735	1.62005582921402	1742
0.0625837987475899	1.21625028174779	331
0.09004342972879	0.649546766482322	343
-0.0107226255448201	1.17308659434638	367
0.0880395164151999	0.652449440273683	367
0.01451056659366	0.925979460375656	661
-0.07572999281747	0.829307037080084	214
0.0896657887737	0.649980701034027	1429
0.02468477839688	0.916384127518116	1429
-0.0821822373703201	0.835671513699384	214
0.10785437586757	0.351215554477081	17
-0.11445216486035	1.93575347826078	34
0.11811123372335	1.2452584726213	34
0.0826830013925901	0.654219411560461	34
-0.0751102407520801	0.831210858504437	331
0.10245602947429	1.62301871604404	343
-0.0289379551031399	1.56125290702479	343
-0.08784425663655	0.838827240360376	661
0.0921467271774701	1.00182383870115	661
-0.07849590914857	0.833815212107253	661
0.0169370269660001	0.924913337405086	1429
0.08783929390619	0.650342314973797	1429
0.0826830013925901	0.654219411560461	745
0.0191090120289901	0.921824597558665	214
-0.0927361104743401	1.53126545747314	34
-0.0409589463779301	1.58840397019071	34
0.08899044130024	1.00642332833915	331
0.10193540546252	0.990235110933916	331
0.0191090120289901	0.921824597558665	331
-0.04469740189938	1.75786371370143	331
-0.0972040661328199	1.3414994399099	343
0.0852209906930499	0.654392144647465	661
-0.00443963714517004	1.16784273641081	661
-0.01340419018855	1.17983566845301	1429
-0.10825983487739	1.35616563056434	1429
0.09681573140722	0.997021759266218	367
0.0923543447366399	1.00108570876835	214
-0.0293241189514	0.582953239357999	214
0.10716674266205	0.352132388893513	214
0.08876235876415	0.650754614292679	212
-0.0256210160689501	0.583695327776066	34
-0.10048886128157	1.55174891606488	34
0.08542546163149	0.653508143571156	34
0.02024023311193	0.924451068974598	34
0.02007559025623	0.923424698221672	34
0.09865575643379	0.99552657176589	34
-0.10057956023927	1.34417739993341	331
0.0333353755574599	1.42121667536759	1742
-0.10158619703699	1.34602181923795	1742
0.09420851003621	0.99795483496135	331
0.0291143572591499	0.910850551770924	1741
0.0197588841555101	0.924527704200388	331
-0.0980462400064299	1.33725957748631	367
-0.104388983882	1.34895377956241	343
-0.09640137339243	1.10389843729512	343
0.11042820928362	1.26260693388883	1403
0.0844855558989701	0.652883681608437	1429
0.08835335896339	1.0016590620617	1429
0.0205565272144701	0.918987966960131	367
0.0920658366943601	0.998538473724539	367
0.08265648146988	0.655317487706668	34
0.0782130537447801	0.657852425330512	34
-0.0898233286005501	0.838147361322957	34
0.0930831371848	1.00351877381766	34
-0.0813089991201099	0.833400695858997	34
-0.09473129011522	1.32946171472282	1742
-0.10969969507704	1.92697703628407	1742
-0.09620462324279	1.34062511338418	331
0.03474983597287	1.4171405337846	343
-0.01965711158767	0.579970689675105	343
0.0857740617371201	0.653741388644674	343
-0.0977436284851101	1.10609070780557	343
0.0958661073715401	0.642701436121446	367
-0.08165417303619	0.834406870783564	343
-0.0977191267817501	1.10758811364727	1429
-0.09558179752547	1.10255706788859	1429
0.10826925398621	0.351630194981725	1429
0.10064701050732	0.989604674262195	367
-0.01965711158767	0.579970689675105	367
-0.10364825706778	1.11312896707106	17
0.0734628472415899	1.46089047560757	34
0.0237196413498499	0.916374496640608	34
0.08713723158925	0.651890032056221	34
-0.00996181849811006	1.17482662399626	34
0.08487211935683	0.654515958017152	34
-0.09901778634797	1.10749250590607	331
0.0857740617371201	0.653741388644674	1742
0.1168668840492	1.24100715217778	1742
0.0885563574289101	0.650194172814921	1741
0.11023341597372	0.349898349308083	1741
0.08265648146988	0.655317487706668	331
-0.08561272175478	0.836339075674175	343
0.0186261866624899	0.92210518577733	343
-0.0213802300192001	0.57758827802239	343
0.10716674266205	0.352132388893513	214
-0.09276011393816	1.097427644446	1429
0.10758043184799	0.351807769829277	4803
0.10895780785609	0.350714860686515	214
0.0266145846025501	0.913444813531549	214
0.1220435282076	1.47543645107394	34
0.10663361484863	0.351799503810815	34
-0.09704134636607	1.10779722629095	34
-0.02495473558411	0.58335694060492	331
0.0802206285856899	0.657069110109831	1742
0.10218335279232	0.353699707342604	343
0.10287853396258	0.35296389743942	343
0.10647884198302	0.352309794326609	343
-0.01870808245147	0.577883497327535	741
-0.0904156655348201	1.70318836091559	1429
0.10716674266205	0.352132388893513	4803
0.10647884198302	0.352309794326609	214
0.0837647544950799	0.655529150841431	212
0.10716674266205	0.352132388893513	34
0.10895780785609	0.350714860686515	34
-0.0245025107075001	0.579293512762132	17
0.10826925398621	0.351630194981725	34
0.11554535550832	1.25342589185056	34
0.10397890323872	0.352462565358244	34
0.10287853396258	0.35296389743942	331
-0.02495473558411	0.58335694060492	331
0.11161804781962	0.350237547909829	1742
0.10826925398621	0.351630194981725	1741
0.0922574981454101	1.00070519299474	343
-0.0233431592753299	0.580545475751851	343
0.11230995697287	0.349325823144218	343
0.10328279028361	0.353197314225222	343
0.10785437586757	0.351215554477081	343
0.09786574616812	0.353978519341629	661
-0.10682118669849	1.35399971755122	214
-0.0558338311025199	2.07578824282148	1429
-0.0986429428787701	1.34040914411154	1429
0.0982592360254899	0.353721534917221	367
0.11558374736996	1.98838699642554	42
-0.10121254861282	1.34875762413472	17
0.11774411730116	1.24677890991192	34
-0.10128372310501	1.34413664304953	34
-0.0259013793896701	0.582633022248989	34
-0.1076711522153	1.56243739810868	34
0.10076517843344	1.84180909296393	1742
-0.08047699029971	0.834871868878997	343
0.10716674266205	0.352132388893513	343
-0.0256210160689501	0.583695327776066	343
0.09042628008524	0.64845225589603	661
-0.0996265795722699	1.10876311421043	214
-0.03121180177176	0.584322987944732	367
-0.0269545824372	0.582913354723689	367
-0.00254764983284006	1.16551348026391	42
-0.10101552190389	1.34414342199942	212
0.0366828885442001	1.4139297593251	34
0.0832234082305501	1.78631042873631	331
0.0548962693256501	1.226513922182	331
0.11907838771986	1.24551896501192	331
-0.0291938158135101	1.39183121889889	1741
-0.0206631224089699	1.3760094699642	343
0.02564927558353	0.915219630626735	367
0.0964250992941	0.994490052199396	343
-0.07888779869732	0.834205282807095	343
-0.10369468673733	1.34970434766156	343
-0.02166292684413	0.580493155786958	661
-0.0794173265377101	0.834766722893349	661
-0.0382975522221101	1.57962052189948	1429
0.10746573859503	1.26782367112035	1429
-0.01937561527664	0.578362564289604	2186
0.10826925398621	0.351630194981725	367
-0.0299876141396001	0.583067451775322	367
0.0159621640482199	0.92751320939181	42
0.09316248896919	1.00077098890316	212
0.0332371461152099	0.905575159650253	212
-0.0199377346304801	0.578438416169099	4659
-0.05235504388588	1.77126067961984	34
-0.09937919644794	1.34322930212937	34
-0.0126458511038601	1.17524798628528	17
0.10758043184799	0.351807769829277	34
0.0357160822428	1.41600480381097	34
0.0972994057256999	0.998430777827098	1742
-0.07655943915553	0.830562999915865	331
-0.0949199222896699	1.72009733406129	1741
-0.0774378530941899	0.832339460717058	1429
0.0191090120289901	0.921824597558665	1429
-0.07603124429498	0.830333865261929	1429
0.10579067361142	0.351785528543761	2186
0.10218335279232	0.353699707342604	367
-0.01937561527664	0.578362564289604	214
0.08687952481454	0.650960163049442	34
0.10231922993712	0.352082943164405	34
-0.0224971716223601	0.579053587470265	331
0.10844487970846	1.26328797846806	331
-0.01587168520504	0.57659573259799	331
-0.1012683291397	1.11173613099302	1741
0.11042980370884	1.25696046069446	1741
0.0832107315839501	0.655600676812176	343
0.1080344454567	1.26501729419431	1429
0.08944389838513	1.00628404975671	1429
0.02516710692654	0.915945725286258	367
-0.0699640064468099	0.823170125254251	214
-0.0259013793896701	0.582633022248989	214
0.02305923974754	0.916765894081837	17
-0.0073842742910899	1.16842078553179	34
-0.10769175671345	1.35417289433618	34
-0.08902471635142	1.0946622578206	34
0.10681539504996	1.26363815238718	34
0.08949273347165	0.650191977967804	34
0.07911724542253	1.45251357368154	34
0.09566817503459	0.640881077626997	34
-0.107877140196	1.34724996800034	613
0.1135384092728	1.25566423979366	331
-0.0888671247244299	1.09257845406303	1741
0.0839357693251399	0.653077629604477	367
0.02104272212667	0.922873470954488	367
-0.07708783588191	0.830440072130666	343
-0.0223322056066999	0.579667431665503	343
-0.0726891662296401	0.826166043456925	367
0.0175818663419101	0.925451403324655	661
0.0598571804230399	1.21830440208982	1429
0.10785437586757	0.351215554477081	2186
0.10148789770049	0.353384284502155	1429
-0.000867466441649922	1.16096384946724	1429
-0.02099398512007	0.58063946719774	367
0.02371954232839	0.916934181780596	42
0.0716847784556101	1.19777909050179	17
0.10758043184799	0.351807769829277	34
-0.11492259760394	1.36295584427845	331
-0.0783584733706999	0.833288890400322	1741
0.0161388749209199	0.92740934140789	1741
-0.02079133119985	0.57936096462064	367
0.10647884198302	0.352309794326609	367
0.10258640259334	0.352883231159087	661
-0.00857797700621998	1.17107584694593	1429
-0.0188209940453901	0.576403728252704	1429
0.0876519400772999	0.650968305198471	1012
0.11211708677567	1.69970090015967	42
0.02885161244283	1.94060621215894	17
0.0871034029861	1.43914407686416	34
-0.0725496486386701	0.823227457707482	5
0.06382407316826	1.21537804046465	343
0.0256505663114801	0.914606893727347	661
-0.07466906671733	0.828812827260658	1429
0.09263063559722	1.00400314805696	1429
-0.08038673746998	0.834283143981661	2186
0.08768915422257	0.651530929339694	4803
-0.10869540184164	1.35601782083557	214
-0.0751994282328501	0.829206647171541	42
0.0945770037097899	0.999406427294097	42
0.11161804781962	0.350237547909829	42
-0.10086457138947	1.90555406172339	34
0.0885909386274999	0.652090173543142	34
0.03137667672178	0.907246505448478	34
-0.10021059395777	1.34788045995863	305
0.02709875547297	0.910467331995799	613
0.0154795813594499	0.927590728608008	613
-0.01680694782635	1.36861981893612	331
0.0324089411877799	0.90366646877458	1741
-0.0699640064468099	0.823170125254251	343
0.0215223807929701	0.920576942644377	367
-0.0103960133337599	1.17518362804802	661
-0.0794173265377101	0.834766722893349	1403
0.10826925398621	0.351630194981725	1429
0.08949273347165	0.650191977967804	367
-0.0302678201580699	0.585048846712041	1012
-0.10050948677704	1.536831652391	42
0.05811082327928	1.97185625998701	34
-0.000831963998809915	1.16028534529524	5
0.07987113043911	0.657313340361156	34
-0.0212754047183501	0.579737208933733	34
-0.04164925043682	1.58840571092315	305
-0.0774378530941899	0.832339460717058	331
-0.02032538013449	0.58045220816518	1741
0.08204778649362	1.01275457169843	331
0.0179013722018699	0.925163634570701	1741
0.0396282370705801	1.40582090606248	343
0.07966843983398	0.657264267464277	1401
0.10647884198302	0.352309794326609	4803
0.08466769309659	0.654753086475839	523
0.08578600170894	1.01062431584975	42
0.0985421041353201	1.27370809690919	42
0.01838330496804	0.924723483967925	34
0.0950296652003899	0.998448867574951	5
-0.10766058056555	1.11434224086411	34
-0.11314712606397	1.93420589669663	34
-0.11341501714644	1.56834745676638	1741
-0.0221182132134701	0.580408422501073	343
-0.0180408851730201	0.577068127053539	343
-0.0206064013082601	0.579256545559091	367
0.0693165272827201	0.660580458450123	367
0.10716674266205	0.352132388893513	367
-0.0200434839469901	0.578549734222855	661
-0.08310373117641	0.836620292385383	1429
0.10826925398621	0.351630194981725	1429
0.10148789770049	0.353384284502155	1421
-0.0212754047183501	0.579737208933733	17
0.09269410012819	0.646644202235759	5
-0.06796633229487	0.816626899402619	2141
0.0902201634281701	0.649500065308071	613
-0.07466906671733	0.828812827260658	1267
0.07111259368349	1.46686230907556	343
0.10826925398621	0.351630194981725	343
0.10716674266205	0.352132388893513	343
0.10579067361142	0.351785528543761	343
0.10758043184799	0.351807769829277	343
0.10579067361142	0.351785528543761	367
-0.01984506431962	0.578779752990184	1401
0.10647884198302	0.352309794326609	1401
-0.0707480146886399	0.823705980665358	1429
-0.07360895235181	0.82711047870906	1429
0.10579067361142	0.351785528543761	1421
-0.02000638651854	1.37392494288772	42
-0.0206064013082601	0.579256545559091	34
-0.0909274057962599	1.09758623461493	34
-0.02428878983577	0.582639355082303	2141
0.0921410851526601	0.647122135526749	305
0.10218335279232	0.353699707342604	1741
-0.10450563586276	1.74209352866063	1267
0.10218335279232	0.353699707342604	343
-0.0783584733706999	0.833288890400322	367
-0.0227981158775299	1.38374938802623	2582
-0.0904577493954899	1.09694700081053	1073
-0.01965711158767	0.579970689675105	1429
-0.0259013793896701	0.582633022248989	1429
0.10733312446004	0.351067215845013	1421
-0.02032538013449	0.58045220816518	214
-0.03576252528419	1.73105469940936	42
-0.01898917918035	0.579150144945583	17
0.11609479930451	1.24697315402727	907
0.100029100373	0.99174755332481	34
-0.06923511762291	0.821053493830782	5
-0.0892947338552701	0.837973538528139	5
-0.0794173265377101	0.834766722893349	2141
-0.10473730754944	1.11444494224579	2141
-0.02410772873471	1.38338010843577	613
0.0837647544950799	0.655529150841431	1741
-0.0943519230822201	1.09348073192473	1741
-0.0992642159611801	1.54398198485062	1267
0.10707619558599	1.26872556034372	343
0.0845240361816599	0.652524616558064	343
-0.01965711158767	0.579970689675105	343
-0.0956273089922799	1.100862087375	367
-0.01587168520504	0.57659573259799	661
-0.07418891881002	0.828719306568647	1401
-0.0164742995368701	1.36583302652496	2582
-0.01898917918035	0.579150144945583	523
-0.07366172701221	0.828162934778137	214
0.03039497431976	1.42625530664211	1376
-0.0221182132134701	0.580408422501073	34
0.0936334942052299	1.00324041336912	34
-0.0747163118421399	0.828947905752136	34
0.01662003148275	0.927172110054375	613
-0.10469577571079	1.35154473053324	613
0.0597735028389801	1.22109977452086	1267
0.11520689574811	1.24932306135473	1267
-0.0935302374823499	1.10366682986264	661
0.02564927558353	0.915219630626735	1401
-0.02099398512007	0.58063946719774	1401
0.08286183671648	0.6545394097211	2582
-0.02495473558411	0.58335694060492	2582
-0.0252346917202799	0.58191737664116	1421
0.10716674266205	0.352132388893513	214
0.0983171437645101	0.991841177734598	42
-0.0944961554619099	1.10498519766348	34
0.0659657966270699	1.83571301841179	5
0.0884229134585801	1.00602916622882	613
0.02814625472665	0.913477599020844	1741
-0.0220487555034701	1.38412378182843	343
0.0924911489970699	0.647904639842956	343
-0.0800845115686499	0.833342288425983	2552
-0.08271050353359	0.836458145602786	367
-0.00724423259057994	1.17059061317099	367
-0.0812604197754001	0.832488587640287	2582
0.0787659723701499	0.658038712603471	1429
-0.0154911986975901	0.575887232891104	4498
0.0243555019897099	0.920328771307225	523
0.10647884198302	0.352309794326609	214
0.10716674266205	0.352132388893513	214
-0.10436956644578	1.55908508151133	42
0.09699707304782	0.994698606382349	42
0.1220435282076	1.47543645107394	17
0.10804585646099	1.26730677160596	1376
0.07841671617754	0.656847582683595	1376
0.0609128694102199	1.21986336653262	613
-0.08271050353359	0.836458145602786	1741
0.08952435262926	0.647487705237952	2562
0.0267048878888301	0.912053783667027	4498
-0.0214546059215199	0.580072466612979	1421
-0.0972487043950301	1.106741966799	523
-0.01937561527664	0.578362564289604	214
-0.02866095646662	0.582384335707824	214
-0.09704134636607	1.10779722629095	214
-0.0751994282328501	0.829206647171541	42
-0.00758984963335996	1.17294052006682	42
-0.10270659309063	1.11300755458358	1376
-0.00768868202556994	1.17110848854209	34
0.0508532516907301	1.64341807980247	5
0.0139878805304901	0.927978290449381	34
-0.10077794516008	1.34779273224576	5
0.08914213548745	0.651442119559592	2141
-0.0712062582870201	0.823966640168784	2141
0.0939467201281301	0.645784338390518	613
-0.10538786723602	1.34631611660716	613
-0.0017466053186399	1.158481627062	1267
-0.08949398352774	1.09563967769053	1401
-0.0944961554619099	1.10498519766348	2582
0.10148789770049	0.353384284502155	2582
-0.00399592151049011	1.1680444095308	367
0.0232368144300601	0.917084635256968	214
0.0175729197055801	0.919733806118268	34
-0.03493034680445	0.585592217145805	34
-0.07849590914857	0.833815212107253	34
0.08632690639061	0.652735113629601	5
0.08713723158925	0.651890032056221	415
-0.02189185732326	1.37824175857932	1267
0.11161804781962	0.350237547909829	2562
0.10647884198302	0.352309794326609	343
0.10895780785609	0.350714860686515	1401
-0.0439512531883299	1.74756526077973	2582
-0.02495473558411	0.58335694060492	214
0.10689134122138	0.351285302005725	595
0.0848463933697201	1.44478598686554	42
-0.045553418605	1.59494426561972	17
0.0744253688426699	1.81471168006845	42
-0.0964841845534801	1.88886614325097	42
-0.02082425265858	1.38126776844685	1376
0.10985468779374	1.25923918683764	1376
0.0169314900914199	0.926963123360201	1376
0.094498743992	0.645307607362446	1376
-0.0985483161444101	1.10639312166741	34
-0.00392584096724002	1.78524361280918	34
-0.10476830603631	1.55967400627355	34
0.05839253768264	1.22052385796569	34
-0.0192694043853101	0.576919618359868	5
-0.02032538013449	0.58045220816518	415
0.0649117796872301	1.20953581714305	613
0.10758043184799	0.351807769829277	613
0.0197588841555101	0.924527704200388	2562
0.10785437586757	0.351215554477081	2812
-0.10317734914385	1.11328119344477	17
-0.0294863028124199	1.39350015830001	42
-0.08949398352774	1.09563967769053	34
0.0266131336487101	0.912787592984656	34
-0.0863944712970499	0.836746840492746	34
-0.10176553625913	1.11122123533478	358
0.0207149104534201	0.920772221469361	5
0.08899044130024	1.00642332833915	4733
-0.0733571621476901	0.825105299411808	2562
0.02040583414613	0.920320604341437	1267
0.0923116224390099	0.999274206045693	343
0.0887923226131	0.649884352175995	2552
0.10328279028361	0.353197314225222	2552
0.08931722660306	0.650273274268608	367
0.08487211935683	0.654515958017152	367
-0.10414567717976	1.74211899714184	1401
-0.10129523531237	1.10962827442987	2582
0.10647884198302	0.352309794326609	2582
0.10808914236745	1.49975243467122	42
-0.0154911986975901	0.575887232891104	42
-0.0678295898530701	1.95510043353376	34
-0.01965711158767	0.579970689675105	5
0.11092586756108	0.350415838742694	2141
0.11161804781962	0.350237547909829	613
0.10397890323872	0.352462565358244	4733
-0.01965711158767	0.579970689675105	4733
0.10218335279232	0.353699707342604	343
0.10716674266205	0.352132388893513	367
0.10716674266205	0.352132388893513	367
-0.00873354137571991	1.93519959028554	2582
0.10328279028361	0.353197314225222	2812
0.11092586756108	0.350415838742694	367
0.10716674266205	0.352132388893513	214
-0.02362317852698	0.581190591414601	214
-0.0154911986975901	0.575887232891104	34
0.00874174191748001	0.932075444743445	166
0.10258640259334	0.352883231159087	415
0.10328279028361	0.353197314225222	5
0.10218335279232	0.353699707342604	343
0.10287853396258	0.35296389743942	343
0.10716674266205	0.352132388893513	343
0.10397890323872	0.352462565358244	2812
-0.02183364624937	0.579789745439092	367
-0.02032538013449	0.58045220816518	367
0.10328279028361	0.353197314225222	214
0.10895780785609	0.350714860686515	214
-0.0245025107075001	0.579293512762132	42
-0.02676803648149	0.581766483346834	42
-0.000656122083380062	1.15937194955998	166
0.10218335279232	0.353699707342604	358
0.11335898331438	1.49085685521786	1267
0.0837839229014501	0.652787590638108	613
0.09408579708075	1.00275626877492	2562
-0.08047699029971	0.834871868878997	89
0.10785437586757	0.351215554477081	89
-0.0272289988959	1.38178648355719	367
-0.0108403531071299	1.17589190279249	214
0.10716674266205	0.352132388893513	42
0.02885461702686	1.42932210881378	34
0.0882408511769	0.650884112892455	5
-0.0693001778306199	0.823554179611836	5
-0.11026434092741	1.35383308666265	5
0.11531472176209	1.69316744086495	613
0.10895780785609	0.350714860686515	1267
-0.01173567164871	1.17776811990414	343
-0.10320310557795	1.11017218309091	367
-0.01587168520504	0.57659573259799	2147
0.11023341597372	0.349898349308083	214
0.0118692563595999	0.928927960098479	2141
0.02104027720589	0.921892238789281	358
-0.0977191267817501	1.10758811364727	358
0.05885843626744	1.21853118133176	2562
0.0902201634281701	0.649500065308071	343
-0.01965711158767	0.579970689675105	367
-0.10238888135421	1.3467905568406	367
-0.01965711158767	0.579970689675105	367
0.0105968857716301	0.927637509319311	34
0.10979386088845	1.26278263529565	5
0.08911118682812	0.650217800895839	2562
0.08911118682812	0.650217800895839	343
0.07988058903456	1.01440998308143	367
0.0793186645478301	0.657843294254402	367
0.11092586756108	0.350415838742694	367
0.10579067361142	0.351785528543761	2935
0.08431855036541	0.655167690820231	214
0.0916767780246299	0.64637927008539	3721
-0.0221182132134701	0.580408422501073	5
0.0793186645478301	0.657843294254402	166
-0.0689081082983001	0.822098808056114	358
-0.0221182132134701	0.580408422501073	358
0.02958619153664	0.911685493788845	178
0.0837647544950799	0.655529150841431	178
-0.109596427558	1.56240373238198	5
-0.02656840239241	0.58297122228144	343
-0.03254212924539	0.583808355887704	343
-0.0755893142410899	0.827371293184792	343
0.10058126334558	0.991205631105736	343
0.02483239420355	0.916270136211916	367
-0.0128492091888399	1.17414521022575	367
0.0614374302810601	1.21521824933666	89
0.10258640259334	0.352883231159087	214
0.0953941340975	0.999527199345284	3721
-0.09561140401887	1.09793221305814	595
-0.00266556394614992	1.16649521102989	34
0.0924911489970699	0.647904639842956	34
-0.00582997236626004	1.1669404708475	178
-0.03042132937549	1.3941594778559	1267
-0.0168221136840501	0.577178479347997	343
0.0878589542234101	0.649782359675678	367
-0.0665784158185501	0.818321064137044	367
0.09133754531036	1.00493596791511	367
0.0261326553266601	0.914169218912551	89
-0.01870808245147	0.577883497327535	2935
0.10785437586757	0.351215554477081	214
-0.0943998033387199	1.53312022081821	42
0.0180724706111	0.925404835091637	42
0.01644458659371	0.927072112028693	34
0.0954890124046399	0.997654872226487	613
-0.0152067997466201	0.576118661909323	2562
0.0280594149162301	0.909132086822549	343
0.0772213114104401	0.655260599262291	343
0.11092586756108	0.350415838742694	367
-0.0913725629836699	1.09615029106132	89
0.10716674266205	0.352132388893513	367
-0.0256210160689501	0.583695327776066	2935
0.0852209906930499	0.654392144647465	214
-0.02495473558411	0.58335694060492	214
0.10425822729999	0.984217233023502	166
0.10826925398621	0.351630194981725	358
0.11230995697287	0.349325823144218	2562
-0.0993603414891899	1.10687004574521	2562
-0.0221182132134701	0.580408422501073	343
0.0982592360254899	0.353721534917221	367
-0.0302678201580699	0.585048846712041	367
-0.0199377346304801	0.578438416169099	89
0.10647884198302	0.352309794326609	34
-0.0187649964738501	1.37716548347319	34
0.11023341597372	0.349898349308083	34
0.10758043184799	0.351807769829277	34
0.0880085165960001	1.43503022594789	166
0.0362821929124799	1.41350902183029	166
0.0267654325128901	0.916367548353236	166
0.10716674266205	0.352132388893513	358
0.10716674266205	0.352132388893513	358
0.11092586756108	0.350415838742694	178
0.0387970633418699	1.40871940621435	2562
-0.02960390710866	0.58447674818335	343
0.10689134122138	0.351285302005725	343
-0.0246738993289199	0.581595777089794	343
-0.02400836223229	0.581258703136909	370
-0.0694359566063301	0.822779556033557	367
0.11092586756108	0.350415838742694	42
0.10716674266205	0.352132388893513	34
0.11821512916559	1.68920612938388	166
0.10826925398621	0.351630194981725	166
-0.0212754047183501	0.579737208933733	5
0.11161804781962	0.350237547909829	613
0.02024023311193	0.924451068974598	613
-0.01167108755205	1.93884378847523	343
0.10785437586757	0.351215554477081	343
-0.09866042653354	1.10817099418239	367
0.10647884198302	0.352309794326609	370
-0.0471804133073199	1.7630598641057	89
0.10328279028361	0.353197314225222	89
0.10328279028361	0.353197314225222	42
0.03422847155431	1.80648785264415	34
-0.01870808245147	0.577883497327535	5
-0.01764577442338	2.09071466983623	613
0.09716291462318	0.354221264198155	1267
-0.00436637460493006	1.16698263244608	2562
0.10716674266205	0.352132388893513	343
0.10689134122138	0.351285302005725	367
0.10647884198302	0.352309794326609	89
0.10785437586757	0.351215554477081	89
0.10716674266205	0.352132388893513	89
-0.0252346917202799	0.58191737664116	89
0.10758043184799	0.351807769829277	214
0.10397890323872	0.352462565358244	5
-0.0305471390401799	0.583752148236366	166
0.10218335279232	0.353699707342604	358
0.10716674266205	0.352132388893513	5
-0.0256210160689501	0.583695327776066	178
0.12063749520736	1.68491305854864	613
-0.10208631008706	1.55410552960124	613
0.10785437586757	0.351215554477081	613
0.11230995697287	0.349325823144218	367
0.10895780785609	0.350714860686515	367
0.10258640259334	0.352883231159087	89
-0.09569370290451	1.5375567422404	89
-0.0665230343252701	1.94670044447887	89
0.10716674266205	0.352132388893513	214
0.10758043184799	0.351807769829277	595
0.11230995697287	0.349325823144218	595
0.10826925398621	0.351630194981725	42
0.10826925398621	0.351630194981725	1608
-0.0821822373703201	0.835671513699384	42
0.10148789770049	0.353384284502155	34
0.10895780785609	0.350714860686515	34
-0.01898917918035	0.579150144945583	34
0.0621662461014101	1.21770466281359	166
0.0936334942052299	1.00324041336912	166
0.10716674266205	0.352132388893513	178
0.10716674266205	0.352132388893513	178
0.10397890323872	0.352462565358244	178
0.11092586756108	0.350415838742694	178
0.11230995697287	0.349325823144218	1267
-0.0513953584123801	1.76555675605537	2562
0.10407386770464	0.982068617665305	2562
-0.10158619703699	1.34602181923795	343
-0.02261442293622	0.579780704461	343
0.10647884198302	0.352309794326609	343
0.10826925398621	0.351630194981725	343
0.10355186620006	1.26764303336643	1577
0.10593382759709	0.35148923313409	1886
0.08669558537495	1.00902845487906	89
-0.0534243256801701	1.92664627762303	932
0.08542546163149	0.653508143571156	1608
0.08542546163149	0.653508143571156	1608
-0.02628763158757	0.583658225403998	34
-0.0751102407520801	0.831210858504437	34
-0.02533977086171	0.581560371416527	5
-0.0798084916433699	0.832741341170684	166
-0.02610680942434	0.58119911984102	166
-0.02960390710866	0.58447674818335	5
-0.0199377346304801	0.578438416169099	178
-0.00493024923953001	1.16731409752377	613
-0.07888779869732	0.834205282807095	613
0.0837647544950799	0.655529150841431	1267
-0.10569608492662	1.35187094713009	343
-0.0168221136840501	0.577178479347997	367
0.10647884198302	0.352309794326609	367
0.10826925398621	0.351630194981725	367
0.11092586756108	0.350415838742694	89
0.0754203179784601	0.658427878313075	89
0.10758043184799	0.351807769829277	203
0.10785437586757	0.351215554477081	214
0.0989630106853701	0.353478679518203	214
0.11230995697287	0.349325823144218	595
-0.0214546059215199	0.580072466612979	1763
0.11161804781962	0.350237547909829	34
0.10647884198302	0.352309794326609	34
0.10716674266205	0.352132388893513	5
0.0137982047641301	0.929000120713336	166
0.09731914050615	0.641898229968564	166
0.01934669125805	0.922715807528215	166
0.10785437586757	0.351215554477081	358
0.10733312446004	0.351067215845013	5
0.11161804781962	0.350237547909829	5
0.10328279028361	0.353197314225222	178
0.10287853396258	0.35296389743942	11
-0.02495473558411	0.58335694060492	613
0.11092586756108	0.350415838742694	1267
0.10716674266205	0.352132388893513	1267
-0.02400836223229	0.581258703136909	343
-0.07933270807379	0.833882740653433	343
-0.02656840239241	0.58297122228144	1176
0.10785437586757	0.351215554477081	1176
0.10218335279232	0.353699707342604	1176
0.10758043184799	0.351807769829277	1176
0.10716674266205	0.352132388893513	1176
0.0989630106853701	0.353478679518203	343
0.10826925398621	0.351630194981725	367
0.08632690639061	0.652735113629601	367
0.09404093929929	0.999860002465036	89
-0.02032538013449	0.58045220816518	89
-0.07704543603291	0.830073818425413	89
-0.02428878983577	0.582639355082303	214
0.10758043184799	0.351807769829277	214
-0.0154911986975901	0.575887232891104	1608
0.10716674266205	0.352132388893513	34
0.0754203179784601	0.658427878313075	34
0.10647884198302	0.352309794326609	34
0.08632690639061	0.652735113629601	166
-0.0148262418915399	0.574376653983274	166
0.10148789770049	0.353384284502155	5
-0.02428878983577	0.582639355082303	358
0.10218335279232	0.353699707342604	358
0.10328279028361	0.353197314225222	613
0.10287853396258	0.35296389743942	1267
0.11092586756108	0.350415838742694	343
0.10328279028361	0.353197314225222	367
-0.02099398512007	0.58063946719774	89
0.0913282315128601	0.647681819507928	214
0.10397890323872	0.352462565358244	214
0.10758043184799	0.351807769829277	5
0.0908854819054401	1.00600608019698	166
-0.07550325116642	0.829776224136777	358
0.10647884198302	0.352309794326609	11
0.11230995697287	0.349325823144218	11
0.10148789770049	0.353384284502155	1267
0.10826925398621	0.351630194981725	1267
0.07025912060702	1.46987074353263	1267
0.10716674266205	0.352132388893513	343
0.10689134122138	0.351285302005725	1187
0.10758043184799	0.351807769829277	1187
0.10758043184799	0.351807769829277	367
0.10218335279232	0.353699707342604	682
0.08612344995625	0.651987418512096	89
-0.0103960133337599	1.17518362804802	89
0.02120245262517	0.923209316173972	89
0.10716674266205	0.352132388893513	3220
-0.03143224367924	0.582325380224468	214
0.10689134122138	0.351285302005725	214
0.10397890323872	0.352462565358244	34
-0.0980789970699501	1.10480904949436	166
-0.1004506520179	1.11046507241311	166
0.02486453506572	1.43237295852603	613
0.10579067361142	0.351785528543761	1267
-0.0977191267817501	1.10758811364727	343
-0.01965711158767	0.579970689675105	340
0.10716674266205	0.352132388893513	89
-0.0251626552633499	0.580620515914332	89
-0.0453605252059801	1.59047749361122	42
-0.00761525092370996	1.16613382049684	166
0.08542546163149	0.653508143571156	166
-0.0191828674279599	0.577346026506201	3376
0.11230995697287	0.349325823144218	5
0.11092586756108	0.350415838742694	2661
0.10647884198302	0.352309794326609	11
0.10895780785609	0.350714860686515	1187
0.10758043184799	0.351807769829277	340
-0.0996265795722699	1.10876311421043	89
0.0261326553266601	0.914169218912551	89
0.10826925398621	0.351630194981725	203
0.10716674266205	0.352132388893513	214
0.10148789770049	0.353384284502155	42
0.10895780785609	0.350714860686515	34
0.10826925398621	0.351630194981725	619
0.10716674266205	0.352132388893513	34
-0.0689081082983001	0.822098808056114	166
0.0878589542234101	0.649782359675678	166
-0.0293241189514	0.582953239357999	166
-0.01984506431962	0.578779752990184	3376
-0.0516156200846401	1.91987949256416	613
0.10716674266205	0.352132388893513	3030
0.11230995697287	0.349325823144218	343
0.10647884198302	0.352309794326609	1187
0.10826925398621	0.351630194981725	4406
0.09786574616812	0.353978519341629	340
0.10826925398621	0.351630194981725	682
-0.0321784607106601	1.39770740357004	89
0.10758043184799	0.351807769829277	89
0.10287853396258	0.35296389743942	89
-0.0867454719526299	1.08930020977838	89
0.08876235876415	0.650754614292679	42
-0.03187679840853	0.584437589685732	42
0.11161804781962	0.350237547909829	34
0.02007559025623	0.923424698221672	166
0.10663361484863	0.351799503810815	5
0.11230995697287	0.349325823144218	613
-0.0789374483294201	0.831782358900724	613
0.0907743109538099	0.648758219491063	613
0.10663361484863	0.351799503810815	89
-0.0259013793896701	0.582633022248989	89
0.01838330496804	0.924723483967925	89
-0.02099398512007	0.58063946719774	89
-0.01898917918035	0.579150144945583	214
0.10328279028361	0.353197314225222	214
-0.09310684225544	0.840656046660486	42
-0.01748807245685	0.577364796631369	42
0.10826925398621	0.351630194981725	34
-0.0751994282328501	0.829206647171541	34
0.0921410851526601	0.647122135526749	166
0.10785437586757	0.351215554477081	3376
-0.0985703076584901	1.10481604841246	613
0.0958661073715401	0.642701436121446	613
-0.0152067997466201	0.576118661909323	166
0.02613128446017	0.914184890942966	166
0.10258640259334	0.352883231159087	343
0.10287853396258	0.35296389743942	1187
-0.0256210160689501	0.583695327776066	367
0.10647884198302	0.352309794326609	89
0.10826925398621	0.351630194981725	203
0.10593382759709	0.35148923313409	203
0.10328279028361	0.353197314225222	214
0.10689134122138	0.351285302005725	214
0.11230995697287	0.349325823144218	214
0.0224251523427901	0.919329145735705	42
0.10785437586757	0.351215554477081	2174
0.0852209906930499	0.654392144647465	42
-0.0206064013082601	0.579256545559091	34
-0.0168221136840501	0.577178479347997	34
0.10328279028361	0.353197314225222	34
0.07946687491724	0.653714744417665	166
0.10218335279232	0.353699707342604	5
0.11161804781962	0.350237547909829	166
0.10716674266205	0.352132388893513	166
0.09786574616812	0.353978519341629	613
0.0880013004134901	0.649837394152127	613
-0.08047699029971	0.834871868878997	613
-0.02495473558411	0.58335694060492	3030
0.10258640259334	0.352883231159087	200
0.10647884198302	0.352309794326609	1187
0.10826925398621	0.351630194981725	340
0.10258640259334	0.352883231159087	340
0.10218335279232	0.353699707342604	89
-0.0722585556795401	0.824747317717633	89
0.10895780785609	0.350714860686515	89
0.10826925398621	0.351630194981725	214
0.10218335279232	0.353699707342604	214
0.10895780785609	0.350714860686515	932
-0.02032538013449	0.58045220816518	2174
0.10299111599828	0.98508507086224	34
0.0824754787173001	0.650976248661437	166
-0.08363240005469	0.837408038208625	5
-0.0302678201580699	0.585048846712041	5
-0.0219447451608401	0.579924971604282	2447
-0.07497545963571	0.828866649310839	613
0.10758043184799	0.351807769829277	1267
-0.0152067997466201	0.576118661909323	166
-0.0256210160689501	0.583695327776066	200
0.10579067361142	0.351785528543761	1187
-0.01870808245147	0.577883497327535	1877
0.11161804781962	0.350237547909829	340
0.10593382759709	0.35148923313409	340
-0.0212754047183501	0.579737208933733	340
-0.01898917918035	0.579150144945583	89
0.10895780785609	0.350714860686515	89
0.0937994514518099	0.644837608365371	89
0.10716674266205	0.352132388893513	214
-0.0259013793896701	0.582633022248989	214
0.10826925398621	0.351630194981725	214
-0.02165844125869	0.576511471326317	214
-0.0751994282328501	0.829206647171541	2174
0.10328279028361	0.353197314225222	42
0.10716674266205	0.352132388893513	34
0.11092586756108	0.350415838742694	34
-0.0252346917202799	0.58191737664116	34
0.10716674266205	0.352132388893513	34
-0.02544591318668	0.579870378715601	5
-0.08402490066582	0.835149918908457	5
-0.02428878983577	0.582639355082303	4618
0.10328279028361	0.353197314225222	166
-0.01720245749258	0.576637775977831	166
0.09408579708075	1.00275626877492	613
0.10785437586757	0.351215554477081	1267
-0.08262967141545	0.832852404296539	166
0.01886507795604	0.923921570336521	1267
0.10689134122138	0.351285302005725	200
0.10785437586757	0.351215554477081	1187
0.10328279028361	0.353197314225222	1187
-0.0152067997466201	0.576118661909323	340
0.10647884198302	0.352309794326609	340
-0.0779667799886701	0.833254538561395	89
0.0921410851526601	0.647122135526749	89
0.10689134122138	0.351285302005725	214
0.0857740617371201	0.653741388644674	42
0.0904806810340699	0.646982272796758	34
-0.00278238425043997	1.16446511056875	34
-0.02099398512007	0.58063946719774	34
-0.00175341270743989	1.16016161249544	166
0.10397890323872	0.352462565358244	166
0.10895780785609	0.350714860686515	4618
0.0915878437528499	0.647358309178234	600
0.10716674266205	0.352132388893513	2726
0.10826925398621	0.351630194981725	2726
-0.0233431592753299	0.580545475751851	166
0.11092586756108	0.350415838742694	340
0.10895780785609	0.350714860686515	340
0.10716674266205	0.352132388893513	340
0.10895780785609	0.350714860686515	89
0.0972994057256999	0.998430777827098	1155
-0.0252346917202799	0.58191737664116	4299
-0.02032538013449	0.58045220816518	214
0.10785437586757	0.351215554477081	214
-0.0161564891964301	0.576700733308464	2174
0.10733312446004	0.351067215845013	34
0.0233926132209801	0.920553756197955	166
0.09144863638025	1.00239650167097	166
-0.10144276156336	1.11181496810303	166
0.08468418712269	0.653349101940307	166
0.10287853396258	0.35296389743942	166
-0.0184516407555	1.37254925744542	166
-0.0212754047183501	0.579737208933733	200
0.10328279028361	0.353197314225222	200
0.10647884198302	0.352309794326609	1187
0.10716674266205	0.352132388893513	340
-0.08047699029971	0.834871868878997	89
0.10148789770049	0.353384284502155	89
-0.0311415029044	1.39391259633555	1006
-0.0708114544451	0.823850099617228	1006
0.10733312446004	0.351067215845013	896
-0.0813089991201099	0.833400695858997	214
0.10785437586757	0.351215554477081	932
0.10826925398621	0.351630194981725	34
0.11230995697287	0.349325823144218	34
0.11092586756108	0.350415838742694	166
0.10826925398621	0.351630194981725	166
0.10716674266205	0.352132388893513	5
-0.1003550879363	1.10360945964557	166
-0.0233431592753299	0.580545475751851	1267
0.10826925398621	0.351630194981725	200
0.10647884198302	0.352309794326609	200
0.0889418121888199	0.650550150792748	340
-0.03187679840853	0.584437589685732	89
-0.0232077039459799	1.38137781386459	1006
-0.02008836378505	1.372364372141	89
0.10313499603109	1.27426472822683	89
-0.0712766558140601	0.824388271855092	1155
0.0947007761259899	0.645379255468817	214
0.11161804781962	0.350237547909829	932
-0.0199377346304801	0.578438416169099	34
0.10826925398621	0.351630194981725	34
-0.03653532618127	0.585214981246799	34
0.0850776486917799	0.650754912031879	34
0.0793186645478301	0.657843294254402	34
-0.0259013793896701	0.582633022248989	166
0.10758043184799	0.351807769829277	166
0.10328279028361	0.353197314225222	5
0.10647884198302	0.352309794326609	5
0.10785437586757	0.351215554477081	166
-0.01898917918035	0.579150144945583	166
0.10758043184799	0.351807769829277	166
-0.0212754047183501	0.579737208933733	166
-0.00670279033590004	1.17267873531793	600
-0.08402490066582	0.835149918908457	166
0.10826925398621	0.351630194981725	200
-0.0798084916433699	0.832741341170684	89
0.11023341597372	0.349898349308083	896
0.10758043184799	0.351807769829277	214
-0.0821822373703201	0.835671513699384	932
0.10785437586757	0.351215554477081	34
-0.00219056495229997	1.15982420590672	166
0.10397890323872	0.352462565358244	166
0.10758043184799	0.351807769829277	166
-0.01937561527664	0.578362564289604	166
-0.07497545963571	0.828866649310839	166
0.08431855036541	0.655167690820231	613
0.10647884198302	0.352309794326609	1225
-0.01965711158767	0.579970689675105	1267
-0.0091701537342801	1.35040230321454	166
0.0887923226131	0.649884352175995	200
-0.0305471390401799	0.583752148236366	1187
0.10218335279232	0.353699707342604	1187
0.10758043184799	0.351807769829277	1187
-0.02600597712709	0.58082284511866	340
-0.01870808245147	0.577883497327535	89
0.10218335279232	0.353699707342604	89
-0.0766510291834099	0.827866180037177	132
-0.0732187278101999	0.827179762016143	89
0.10161201644474	0.352326436107844	214
0.10397890323872	0.352462565358244	203
0.11092586756108	0.350415838742694	896
0.08952435262926	0.647487705237952	34
0.07841671617754	0.656847582683595	34
0.10716674266205	0.352132388893513	5
0.10785437586757	0.351215554477081	34
0.10397890323872	0.352462565358244	34
0.08466769309659	0.654753086475839	34
-0.0302678201580699	0.585048846712041	166
0.10716674266205	0.352132388893513	166
0.10716674266205	0.352132388893513	5
-0.0252346917202799	0.58191737664116	166
0.10218335279232	0.353699707342604	5231
0.10826925398621	0.351630194981725	2058
0.10218335279232	0.353699707342604	166
0.02290691986677	0.919381483646647	166
0.0835155495466999	1.01095680396919	166
0.10785437586757	0.351215554477081	1225
0.10785437586757	0.351215554477081	1267
0.0205603806453201	0.923153613701468	166
0.10758043184799	0.351807769829277	200
0.10758043184799	0.351807769829277	200
-0.03493034680445	0.585592217145805	1187
0.10663361484863	0.351799503810815	1877
0.0883906657203799	0.650621618170471	1877
0.11161804781962	0.350237547909829	340
-0.09995718047764	1.10844289157864	89
-0.02032538013449	0.58045220816518	89
0.0269177140953101	0.912280286077954	2527
-0.0309320665117701	0.585162590702791	1155
0.10579067361142	0.351785528543761	214
-0.02866095646662	0.582384335707824	2843
0.10133225996071	1.27651944149004	34
0.0191102629895299	0.923651478846146	34
-0.0279981263911899	0.581052805298475	34
-0.0977191267817501	1.10758811364727	34
0.08987186698926	0.649530308387677	166
-0.01898917918035	0.579150144945583	166
-0.01748807245685	0.577364796631369	166
-0.07757416610979	0.830631655983589	166
0.0358957320744899	1.41912838384278	166
-0.01184520399815	1.17627293471789	1225
0.10287853396258	0.35296389743942	1225
0.0614374302810601	1.21521824933666	166
0.09786574616812	0.353978519341629	200
-0.0221182132134701	0.580408422501073	1187
0.0885909386274999	0.652090173543142	372
-0.0305471390401799	0.583752148236366	1187
0.08876235876415	0.650754614292679	1187
-0.0206064013082601	0.579256545559091	1187
0.08987186698926	0.649530308387677	1877
-0.02079133119985	0.57936096462064	340
-0.0302678201580699	0.585048846712041	340
0.10287853396258	0.35296389743942	340
0.0284840366597401	0.913383628276364	89
0.0233885277227901	0.919102062394618	89
0.08431855036541	0.655167690820231	1015
-0.0233431592753299	0.580545475751851	1015
-0.0808685467783601	0.833531868826024	2843
0.10716674266205	0.352132388893513	166
0.0884143147476999	0.649302054491071	5
0.11230995697287	0.349325823144218	5
0.08431855036541	0.655167690820231	166
-0.0732187278101999	0.827179762016143	166
0.0695558502283999	1.20119393823165	166
-0.00552302865826992	1.16387289261682	166
0.10716674266205	0.352132388893513	200
0.09841923176741	0.640695939728626	1187
-0.0145422476842101	0.575306259165605	1877
-0.0305471390401799	0.583752148236366	340
-0.02166292684413	0.580493155786958	340
0.02483670716692	0.919730639223693	132
-0.02495473558411	0.58335694060492	2843
0.08768915422257	0.651530929339694	34
-0.00995180548114005	1.17408479638215	34
0.09304389476812	0.647668753377714	166
0.07577021337391	0.65844706785752	166
0.0939541596304601	0.644664039720165	5510
0.10218335279232	0.353699707342604	166
0.10663361484863	0.351799503810815	166
-0.0206064013082601	0.579256545559091	166
0.10689134122138	0.351285302005725	166
-0.00452355096190993	1.16349157306473	166
0.10593382759709	0.35148923313409	200
0.10716674266205	0.352132388893513	200
-0.0788059950000399	0.833098851203486	1187
0.10287853396258	0.35296389743942	132
0.10758043184799	0.351807769829277	2120
0.10218335279232	0.353699707342604	1015
0.10647884198302	0.352309794326609	2843
0.10647884198302	0.352309794326609	2843
0.10826925398621	0.351630194981725	34
-0.09950054227488	1.54961637724021	166
0.07912564816193	0.656184276197409	5
0.10826925398621	0.351630194981725	166
-0.02428878983577	0.582639355082303	5
0.10895780785609	0.350714860686515	166
-0.01870808245147	0.577883497327535	2248
-0.04047484283828	1.58286375239596	166
-0.10780854541204	1.56074096357266	166
0.10895780785609	0.350714860686515	1187
0.10826925398621	0.351630194981725	1187
-0.02428878983577	0.582639355082303	89
-0.0972487043950301	1.106741966799	89
-0.09031768401469	1.09665965935602	89
-0.07603124429498	0.830333865261929	1015
0.10328279028361	0.353197314225222	1015
-0.0245683390865099	0.580473910496962	214
-0.0227821533700701	0.580372488261402	2843
0.02217166124116	0.922085024507874	5
0.10826925398621	0.351630194981725	166
0.11161804781962	0.350237547909829	5510
-0.10270659309063	1.11300755458358	5510
0.11161804781962	0.350237547909829	166
0.10785437586757	0.351215554477081	2248
-0.01898917918035	0.579150144945583	166
0.11893554568832	1.48028980651719	166
0.10218335279232	0.353699707342604	1225
0.08487211935683	0.654515958017152	1225
0.02677181385301	0.915295931751785	166
-0.0185249785477799	1.3776362852388	166
0.10647884198302	0.352309794326609	372
0.10785437586757	0.351215554477081	2586
0.02152490366363	0.922273858660409	89
0.0896657887737	0.649980701034027	1015
0.11023341597372	0.349898349308083	1015
0.10758043184799	0.351807769829277	1015
0.11161804781962	0.350237547909829	1015
0.10218335279232	0.353699707342604	2843
0.0253177529953099	0.91880020409554	34
0.10826925398621	0.351630194981725	5
-0.0975111218364999	1.10847652830436	5
-0.02362317852698	0.581190591414601	166
-0.02362317852698	0.581190591414601	5510
0.10895780785609	0.350714860686515	166
0.10579067361142	0.351785528543761	166
-0.0259013793896701	0.582633022248989	1225
0.10716674266205	0.352132388893513	166
0.10716674266205	0.352132388893513	166
-0.00186491053315008	1.91442412832622	166
0.10758043184799	0.351807769829277	200
0.11161804781962	0.350237547909829	1187
-0.01680009142434	1.37108167106114	89
-0.0136528678118799	1.17563112994012	1015
0.10826925398621	0.351630194981725	268
0.10716674266205	0.352132388893513	1015
0.10328279028361	0.353197314225222	2843
-0.02166292684413	0.580493155786958	2843
0.10287853396258	0.35296389743942	2843
0.08542546163149	0.653508143571156	34
0.01727686802775	0.922055864034409	34
0.08931722660306	0.650273274268608	166
0.11092586756108	0.350415838742694	166
0.10716674266205	0.352132388893513	166
0.11693402647888	1.68988204354471	166
0.10716674266205	0.352132388893513	166
0.10758043184799	0.351807769829277	1225
-0.02960390710866	0.58447674818335	1225
0.09810842753906	0.994561021731458	166
-0.01721513298396	1.36971080343277	166
0.10785437586757	0.351215554477081	200
-0.0199377346304801	0.578438416169099	340
0.10647884198302	0.352309794326609	340
0.0855844559521399	0.651455390564002	132
0.10492952848297	1.26617910317497	89
-0.00269182980154992	1.16381088217731	89
-0.0189838927880299	1.18174110851071	1015
0.11023341597372	0.349898349308083	214
0.10758043184799	0.351807769829277	214
0.10785437586757	0.351215554477081	34
0.09007903031208	0.645669045873573	34
-0.02213556942868	1.37943630077669	34
-0.0239679810734299	1.55121730832439	166
0.10785437586757	0.351215554477081	5
0.0834161303561301	0.654178336506151	5
0.10895780785609	0.350714860686515	166
0.10785437586757	0.351215554477081	166
-0.11347989688668	1.36083425571299	166
-0.0149857154228701	1.1798808418717	166
0.10826925398621	0.351630194981725	166
0.0079487745359399	1.76140597033969	166
0.10716674266205	0.352132388893513	1187
0.11161804781962	0.350237547909829	1877
0.10785437586757	0.351215554477081	542
-0.06218893522138	2.3664080103381	132
-0.00931507145827992	1.35061609063601	132
-0.11801038558927	2.40812719018173	2988
0.10826925398621	0.351630194981725	89
0.0934951532359301	1.95521970581495	89
0.04555006487614	2.32584368297015	89
-0.0214546059215199	0.580072466612979	89
0.0925049896985399	0.646220024093877	1015
-0.11015869273843	1.11534445223706	1015
0.08987186698926	0.649530308387677	1015
0.10218335279232	0.353699707342604	1015
0.10895780785609	0.350714860686515	2843
0.10647884198302	0.352309794326609	2843
0.10716674266205	0.352132388893513	4447
0.10785437586757	0.351215554477081	5491
0.10895780785609	0.350714860686515	166
0.10826925398621	0.351630194981725	166
0.11161804781962	0.350237547909829	4323
0.11161804781962	0.350237547909829	2586
-0.0186933645788701	1.37774333999706	132
-0.0221182132134701	0.580408422501073	89
0.10716674266205	0.352132388893513	4182
0.05713854403004	1.62593016426944	166
-0.01898917918035	0.579150144945583	5
0.10716674266205	0.352132388893513	166
0.11230995697287	0.349325823144218	166
-0.0799470570269301	0.834996837205207	166
0.10758043184799	0.351807769829277	1225
0.10785437586757	0.351215554477081	4940
0.11092586756108	0.350415838742694	3041
0.10716674266205	0.352132388893513	270
0.10826925398621	0.351630194981725	340
0.12160250319228	1.4719266069943	132
-0.0320913741017099	0.582669620397052	1015
0.11092586756108	0.350415838742694	2843
0.10328279028361	0.353197314225222	2843
0.10328279028361	0.353197314225222	214
0.10826925398621	0.351630194981725	166
0.10647884198302	0.352309794326609	166
0.10716674266205	0.352132388893513	166
0.10397890323872	0.352462565358244	4323
0.09716291462318	0.354221264198155	372
0.10716674266205	0.352132388893513	372
0.10328279028361	0.353197314225222	1187
0.10647884198302	0.352309794326609	1187
0.10895780785609	0.350714860686515	340
-0.0114006690180399	1.1755647314746	132
0.06984663562564	1.20093658293809	2988
0.09716291462318	0.354221264198155	268
0.10258640259334	0.352883231159087	2843
-0.0212754047183501	0.579737208933733	214
0.10647884198302	0.352309794326609	34
0.10258640259334	0.352883231159087	166
-0.0219447451608401	0.579924971604282	5
-0.07550325116642	0.829776224136777	5
-0.02610680942434	0.58119911984102	5
0.10663361484863	0.351799503810815	166
0.09390967967812	0.353808839268374	166
0.10785437586757	0.351215554477081	4323
0.11423990684093	1.24740163417307	132
0.0226522860503899	0.920879982407591	2988
0.10716674266205	0.352132388893513	132
0.10579067361142	0.351785528543761	1015
0.10716674266205	0.352132388893513	2843
-0.0807814788138299	0.833393762227025	214
-0.02362317852698	0.581190591414601	34
-0.0206064013082601	0.579256545559091	5
-0.04120328300363	0.58539513591923	5
0.10716674266205	0.352132388893513	975
-0.00537318749195004	1.16934924972139	166
-0.02071168876143	0.578406004795778	166
0.10826925398621	0.351630194981725	4584
0.10716674266205	0.352132388893513	1187
0.02731940115112	0.908469731660699	132
-0.0552800592593601	1.92464060747268	132
0.10328279028361	0.353197314225222	132
0.11057121573777	1.25904484937011	89
-0.0199377346304801	0.578438416169099	2527
0.10579067361142	0.351785528543761	1015
0.10758043184799	0.351807769829277	214
0.10785437586757	0.351215554477081	5
0.10758043184799	0.351807769829277	1809
0.10716674266205	0.352132388893513	1809
0.08487211935683	0.654515958017152	166
0.0381905130607501	1.4130947288739	132
0.10785437586757	0.351215554477081	372
0.0930831371848	1.00351877381766	89
0.10785437586757	0.351215554477081	5
0.11230995697287	0.349325823144218	975
0.10328279028361	0.353197314225222	166
-0.0214546059215199	0.580072466612979	166
-0.0233717358029799	1.38237294789638	166
0.10716674266205	0.352132388893513	2974
0.10895780785609	0.350714860686515	2684
-0.01832158261363	0.57762571413367	4584
0.10785437586757	0.351215554477081	542
0.09408579708075	1.00275626877492	89
-0.00995180548114005	1.17408479638215	89
0.10397890323872	0.352462565358244	214
-0.03187679840853	0.584437589685732	34
0.10716674266205	0.352132388893513	166
-0.0920524915791201	0.839287736289263	166
0.01959300670875	0.923705052755737	166
0.10287853396258	0.35296389743942	166
0.10895780785609	0.350714860686515	166
-0.01965711158767	0.579970689675105	166
0.10647884198302	0.352309794326609	975
-0.0181543658115899	0.577220737180536	5021
0.0961534625368401	0.64169824295387	166
0.10733312446004	0.351067215845013	166
-0.10882682133225	1.35617098776486	166
0.10716674266205	0.352132388893513	2974
-0.0568027059126499	1.93108584739682	166
-0.0233431592753299	0.580545475751851	372
-0.0246738993289199	0.581595777089794	1187
-0.0256210160689501	0.583695327776066	542
0.10647884198302	0.352309794326609	542
0.10287853396258	0.35296389743942	340
0.0818758397401	0.653928678288463	89
0.08931722660306	0.650273274268608	214
0.10716674266205	0.352132388893513	214
-0.10227948069623	1.90748044289874	34
-0.07497545963571	0.828866649310839	34
-0.0219447451608401	0.579924971604282	34
-0.0152067997466201	0.576118661909323	166
0.10785437586757	0.351215554477081	166
-0.0302678201580699	0.585048846712041	1809
-0.101159858987	1.34530058147277	166
0.10218335279232	0.353699707342604	542
0.10785437586757	0.351215554477081	1187
-0.0168221136840501	0.577178479347997	542
-0.01898917918035	0.579150144945583	340
0.10895780785609	0.350714860686515	340
0.0205603806453201	0.923153613701468	2701
0.10716674266205	0.352132388893513	268
0.10218335279232	0.353699707342604	214
0.0234520322135201	0.915171081198566	34
0.10826925398621	0.351630194981725	166
-0.0732187278101999	0.827179762016143	166
0.10900223663545	2.09031222468555	166
0.10895780785609	0.350714860686515	2974
-0.09816793716459	1.33844250614576	166
0.10716674266205	0.352132388893513	4438
0.10647884198302	0.352309794326609	4438
0.10716674266205	0.352132388893513	372
0.11161804781962	0.350237547909829	542
0.10895780785609	0.350714860686515	542
0.0341062061194399	1.8086839707562	89
0.10218335279232	0.353699707342604	132
0.06439756257992	1.95514557256253	89
-0.0174225537591499	2.21143731876361	89
0.0216766653111999	0.91610048288805	89
0.10785437586757	0.351215554477081	89
-0.0245683390865099	0.580473910496962	89
0.03860778457405	1.41261399511258	214
0.10716674266205	0.352132388893513	34
0.10785437586757	0.351215554477081	34
0.10785437586757	0.351215554477081	166
0.117469429781	1.24678948006868	166
-0.0869218486852401	0.837881369369234	166
0.10287853396258	0.35296389743942	2974
-0.01937561527664	0.578362564289604	166
0.10826925398621	0.351630194981725	1187
0.10826925398621	0.351630194981725	132
-0.02495473558411	0.58335694060492	89
0.10579067361142	0.351785528543761	89
0.10218335279232	0.353699707342604	166
0.0989689409213499	0.63963872014567	166
-0.01965711158767	0.579970689675105	166
0.10716674266205	0.352132388893513	166
0.10647884198302	0.352309794326609	166
0.0982592360254899	0.353721534917221	166
0.10733312446004	0.351067215845013	132
0.0882408511769	0.650884112892455	89
0.11092586756108	0.350415838742694	89
0.0925338909086699	1.00128379988365	89
-0.0931071331720601	1.5317858804999	94
0.10647884198302	0.352309794326609	34
0.10218335279232	0.353699707342604	166
0.10287853396258	0.35296389743942	5
0.10287853396258	0.35296389743942	166
0.0638309730156099	1.2066014048792	5
0.11230995697287	0.349325823144218	5
0.10785437586757	0.351215554477081	1809
0.0413709669623601	1.78667057927189	166
0.10287853396258	0.35296389743942	1187
0.10895780785609	0.350714860686515	89
0.11554535550832	1.25342589185056	34
0.10287853396258	0.35296389743942	5
0.11161804781962	0.350237547909829	166
-0.01832158261363	0.57762571413367	166
0.00921532265037994	0.925289406054078	166
-0.02960390710866	0.58447674818335	166
0.10716674266205	0.352132388893513	166
0.10785437586757	0.351215554477081	166
0.029446285541	0.911626738788338	89
0.0982592360254899	0.353721534917221	89
-0.01748807245685	0.577364796631369	1304
-0.0211704534369199	0.579825727743365	2635
0.10258640259334	0.352883231159087	1308
-0.10744693085945	1.7427589777891	166
-0.02495473558411	0.58335694060492	166
0.09098761192986	1.00494347009648	166
-0.10518036613038	1.90998129957677	21
0.10579067361142	0.351785528543761	132
0.10328279028361	0.353197314225222	3316
0.10785437586757	0.351215554477081	542
0.10716674266205	0.352132388893513	1187
0.10258640259334	0.352883231159087	1187
-0.0707480146886399	0.823705980665358	542
0.11160765652172	1.25714753569778	2701
-0.01893391147979	1.37802733007929	89
-0.0766510291834099	0.827866180037177	89
0.0982592360254899	0.353721534917221	214
0.10826925398621	0.351630194981725	214
-0.11057232840593	1.35828470523336	214
0.10258640259334	0.352883231159087	214
0.10895780785609	0.350714860686515	214
-0.02495473558411	0.58335694060492	1304
0.0889418121888199	0.650550150792748	166
0.11230995697287	0.349325823144218	166
-0.0726891662296401	0.826166043456925	166
0.0577722393687801	1.22445209919506	166
0.10287853396258	0.35296389743942	4438
0.10287853396258	0.35296389743942	542
0.11161804781962	0.350237547909829	542
0.0902201634281701	0.649500065308071	89
0.10716674266205	0.352132388893513	214
0.10218335279232	0.353699707342604	214
0.0989630106853701	0.353478679518203	214
0.10716674266205	0.352132388893513	166
0.0902201634281701	0.649500065308071	166
0.11161804781962	0.350237547909829	166
0.10716674266205	0.352132388893513	166
0.09786574616812	0.353978519341629	166
0.10826925398621	0.351630194981725	2974
0.12270552284168	1.96584359001727	166
0.0376225437823701	1.41519654947829	1304
0.10826925398621	0.351630194981725	166
0.0928155627579701	0.354305410254477	166
0.10785437586757	0.351215554477081	166
-0.03143224367924	0.582325380224468	166
0.10758043184799	0.351807769829277	1266
0.11161804781962	0.350237547909829	166
0.10663361484863	0.351799503810815	166
0.10716674266205	0.352132388893513	2974
0.10895780785609	0.350714860686515	166
0.10758043184799	0.351807769829277	166
-0.01898917918035	0.579150144945583	132
0.10647884198302	0.352309794326609	542
0.10785437586757	0.351215554477081	542
0.10716674266205	0.352132388893513	1082
-0.08310373117641	0.836620292385383	89
0.11092586756108	0.350415838742694	1304
0.11230995697287	0.349325823144218	166
-0.0293241189514	0.582953239357999	166
-0.03493034680445	0.585592217145805	5259
0.11682355729999	1.98322468456405	166
0.0844181647545099	2.17863316360439	166
0.0896657887737	0.649980701034027	166
0.10461356414011	0.984109673944111	166
-0.02124124275524	2.22938478451615	166
0.0484108471515701	2.11176814079446	166
0.10716674266205	0.352132388893513	542
0.11161804781962	0.350237547909829	542
0.10287853396258	0.35296389743942	542
-0.0740552567697299	0.829740364208364	542
-0.10317734914385	1.11328119344477	89
-0.0161564891964301	0.576700733308464	89
-0.01937561527664	0.578362564289604	214
0.11161804781962	0.350237547909829	214
0.10716674266205	0.352132388893513	214
0.11161804781962	0.350237547909829	132
0.10716674266205	0.352132388893513	214
-0.0938932122285101	1.33333424636921	1304
0.02007418221241	0.920297400678051	166
0.0197525181637399	0.922774327849809	166
-0.0212754047183501	0.579737208933733	132
0.10328279028361	0.353197314225222	542
0.08466769309659	0.654753086475839	1082
0.09269410012819	0.646644202235759	1082
-0.0755893142410899	0.827371293184792	89
0.08466769309659	0.654753086475839	89
-0.0955902985207699	1.101015966168	94
0.0000179549460599393	1.16028259580818	94
-0.01937561527664	0.578362564289604	214
-0.0256210160689501	0.583695327776066	214
0.09359641443929	0.647190211436835	1786
0.0660253091040699	1.83065091901418	166
-0.02742959465009	0.581879879551057	1304
-0.09992723596211	1.10724823063475	1304
0.02958619153664	0.911685493788845	166
-0.0305471390401799	0.583752148236366	166
0.0205580137244501	0.922824886840433	5259
0.05522683883738	1.22048470397102	166
-0.01351378865339	1.93751573863062	166
-0.07180549896509	0.824779730602868	166
0.0322827054035	0.904124533859617	542
-0.0302678201580699	0.585048846712041	540
-0.02428878983577	0.582639355082303	1082
0.0913282315128601	0.647681819507928	214
0.06464932686096	1.21292636477347	214
0.10758043184799	0.351807769829277	214
0.10826925398621	0.351630194981725	166
0.0215283086151901	0.921359378423402	166
0.0898800710634	1.00676978201277	166
-0.0977605011003699	2.35407180381188	166
-0.0305471390401799	0.583752148236366	1187
0.0928155627579701	0.354305410254477	542
0.11230995697287	0.349325823144218	1082
0.10258640259334	0.352883231159087	1082
0.10218335279232	0.353699707342604	1082
0.0782130537447801	0.657852425330512	89
-0.0259013793896701	0.582633022248989	89
0.0831556768506301	1.01147720977902	89
0.10593382759709	0.35148923313409	214
0.10716674266205	0.352132388893513	214
0.10826925398621	0.351630194981725	132
-0.01587168520504	0.57659573259799	1304
-0.03187679840853	0.584437589685732	166
0.0796743306149601	0.655398724204967	166
0.03420265962562	0.902979361484047	166
0.10258640259334	0.352883231159087	542
0.10647884198302	0.352309794326609	540
-0.00816743817763999	1.16845649467517	94
0.10895780785609	0.350714860686515	89
0.11023341597372	0.349898349308083	214
0.10647884198302	0.352309794326609	132
-0.11612493489972	1.76178399266932	5
0.0885563574289101	0.650194172814921	166
-0.0789374483294201	0.831782358900724	166
0.08466769309659	0.654753086475839	166
0.06507998570188	1.21173465266902	89
-0.0971073069413699	1.10152204020194	89
-0.04120328300363	0.58539513591923	94
-0.0102801437373501	1.17280168874598	166
0.05596844670181	1.22454086452877	166
0.0617752767188999	1.62129792112286	166
0.0913849785103899	0.647524893655861	166
-0.0751994282328501	0.829206647171541	132
-0.00446215779159997	1.16586569422084	132
-0.0116322402843201	1.17354656216403	542
0.0624044884627899	1.21648718412617	89
0.10785437586757	0.351215554477081	89
-0.0742784587630301	0.828259284544803	214
-0.03493034680445	0.585592217145805	214
-0.08271050353359	0.836458145602786	132
0.08876235876415	0.650754614292679	132
0.0824834655442099	0.654792221148453	166
0.11457781850768	1.25483514450853	166
0.10826925398621	0.351630194981725	166
-0.1012683291397	1.11173613099302	132
0.0367333993360199	1.41451600629594	542
-0.09462631954157	1.10045373991042	542
0.10280718528348	0.985450101271137	132
0.10895780785609	0.350714860686515	89
-0.0794173265377101	0.834766722893349	214
0.0572272946286001	1.2223735107407	166
0.08466769309659	0.654753086475839	166
-0.0165369043550301	0.576781738217319	166
0.10895780785609	0.350714860686515	89
0.10663361484863	0.351799503810815	89
0.11092586756108	0.350415838742694	89
-0.0723345442762899	0.824880271864117	94
0.0908034413946199	1.00376737591041	94
-0.0946033201601999	1.09789766656862	214
0.0855563813176501	1.44363837563202	132
-0.0783584733706999	0.833288890400322	166
-0.10397093531093	1.55805660570477	4197
-0.0201283887544399	0.577925349917484	1369
-0.0338997957390099	1.57173385438495	89
0.0983002106823401	0.99641537241926	998
0.11161804781962	0.350237547909829	998
-0.0745826480862599	0.830652290472693	214
0.07143887776463	1.19396873764813	214
0.09584686035524	0.999519514504974	1304
-0.0222198374264799	1.38456859902054	1304
-0.0719424119829399	0.82551236681541	166
-0.0795547748035701	0.833920396876194	166
0.08969310715554	0.65043980789045	166
0.01692684908841	0.926268054849153	89
-0.09305779548258	1.52934645935961	89
0.10647884198302	0.352309794326609	89
0.0180724706111	0.925404835091637	132
0.0350919595966901	1.41434372191358	166
-0.03493034680445	0.585592217145805	4197
0.02217166124116	0.922085024507874	4197
0.10785437586757	0.351215554477081	799
0.11947975279694	1.97787815776562	132
0.11572931221818	1.48804051480845	89
-0.03121180177176	0.584322987944732	998
-0.09316577582581	1.53522957357135	214
0.10716674266205	0.352132388893513	132
-0.0117881831226201	2.07231167155897	166
0.0841503248515001	1.44463944981728	166
-0.0219447451608401	0.579924971604282	166
0.10716674266205	0.352132388893513	166
-0.0956329153473101	1.10286315879405	21
-0.0293241189514	0.582953239357999	166
-0.10273241116484	1.10907153770944	166
0.08042337020513	0.656400453451052	132
0.10328279028361	0.353197314225222	799
-0.02099398512007	0.58063946719774	89
-0.07550325116642	0.829776224136777	89
-0.02886416305997	1.56416636705774	89
0.10093320803751	0.989918789836543	998
-0.02079133119985	0.57936096462064	998
0.11161804781962	0.350237547909829	132
-0.0750587616076399	0.826686329329098	132
-0.10144880316363	1.7290913625251	166
-0.0702195754543999	0.822698475091872	4197
0.02152490366363	0.922273858660409	21
0.09189174934087	1.00397620484044	21
0.12303009035475	1.4728525079612	166
0.02752115027819	0.913970348903043	89
-0.0980306670165201	1.10914661319701	89
0.08768915422257	0.651530929339694	214
-0.0879772081318599	0.838675877614107	1304
-0.0774378530941899	0.832339460717058	166
0.01402757888187	0.925653634652546	166
-0.08210427298231	0.831727295790068	166
0.0839701967903499	0.653528558133648	166
-0.10366287223833	1.55191916085833	799
-0.0251626552633499	0.580620515914332	1587
0.10689134122138	0.351285302005725	89
0.0941242040612	1.0000452377672	214
0.01642478140809	1.59908445656437	1304
0.08468418712269	0.653349101940307	1304
-0.10220920489149	1.11269030957236	166
0.01573286795772	0.924494735043346	166
0.12082563209793	1.47548443878725	21
0.10148789770049	0.353384284502155	166
-0.0150802660829701	2.08312925925877	166
0.00797718552077997	1.61620841045155	166
0.11946781878644	1.24497000969231	799
0.05620561561851	1.62848620976182	132
0.0162184522090001	1.84364221633716	89
-0.10001352077421	1.73465030637591	214
0.0938394359460499	1.41613452391362	214
0.0826312525255299	1.44986956016788	1304
-0.0212754047183501	0.579737208933733	1304
0.10716674266205	0.352132388893513	1304
0.10148789770049	0.353384284502155	166
0.10826925398621	0.351630194981725	166
0.10785437586757	0.351215554477081	5272
0.08112260688938	0.654660978698684	166
-0.0259131237347401	1.38743319337836	799
-0.0732187278101999	0.827179762016143	89
0.10091238805934	1.63043720155628	214
-0.00401937908496008	1.16592789302959	214
0.06361935598559	1.60806853844915	94
0.0902201634281701	0.649500065308071	132
0.10758043184799	0.351807769829277	132
-0.0192694043853101	0.576919618359868	1304
-0.11106032838267	1.11654930492557	166
0.07411637388102	0.657467204954671	166
-0.01273467028996	1.17653781657688	166
0.08669558537495	1.00902845487906	4668
-0.02267829016192	0.579106936023567	166
0.10397890323872	0.352462565358244	166
0.11526364900627	1.9931250748014	799
0.11092586756108	0.350415838742694	94
-0.0745826480862599	0.830652290472693	1304
0.0878589542234101	0.649782359675678	89
0.10826925398621	0.351630194981725	166
-0.07466906671733	0.828812827260658	166
0.10716674266205	0.352132388893513	166
-0.0707864983581199	2.11340930624332	166
0.0834161303561301	0.654178336506151	132
0.10758043184799	0.351807769829277	1587
0.02468477839688	0.916384127518116	214
0.10716674266205	0.352132388893513	214
0.10579067361142	0.351785528543761	214
-0.0813089991201099	0.833400695858997	166
-0.0205075928915399	0.579490279223785	166
-0.02520318793485	2.23674677353691	166
-0.00510110652660001	2.04752906126155	799
-0.02636937603763	2.11063376268075	89
0.0933944704887899	0.646019881766231	214
0.11198937177304	1.26039502328994	214
0.0339830414447699	1.41696696662178	132
0.07786352108392	0.657043512654335	166
-0.03121180177176	0.584322987944732	1304
0.10785437586757	0.351215554477081	166
-0.0259013793896701	0.582633022248989	166
-0.01984506431962	0.578779752990184	166
-0.02819237186016	2.2460335340598	166
0.0828300938579501	1.66928495425107	799
0.10319277594323	2.02428530511556	214
-0.09709798347816	2.05136046954206	214
0.02104272212667	0.922873470954488	132
0.10716674266205	0.352132388893513	1304
0.10758043184799	0.351807769829277	1240
0.10218335279232	0.353699707342604	166
-0.03245357137983	2.12479158861238	132
-0.0543237885880401	2.20790391296636	799
0.10328279028361	0.353197314225222	89
0.10397890323872	0.352462565358244	132
0.10148789770049	0.353384284502155	214
0.09768720716909	1.64127040687755	214
0.11092586756108	0.350415838742694	1304
0.10218335279232	0.353699707342604	166
-0.0256210160689501	0.583695327776066	1304
0.10785437586757	0.351215554477081	21
-0.0252346917202799	0.58191737664116	166
0.10541869508075	1.62422751279071	132
-0.01235938680316	0.572491611501038	89
0.0949678996788399	1.64996452484569	214
-0.01815116042189	2.08882380773644	214
0.11299969561187	1.25311776264168	214
-0.0745284120185099	0.825675234734154	166
-0.01832158261363	0.57762571413367	1304
0.10293775838139	0.986689828407904	1304
0.10758043184799	0.351807769829277	166
-0.07902524070871	0.834045071633638	21
0.10826925398621	0.351630194981725	21
0.10579067361142	0.351785528543761	166
-0.02032538013449	0.58045220816518	166
0.02751917928195	0.91217895308592	132
-0.0238608929803401	2.23816953179251	132
0.10328279028361	0.353197314225222	89
0.10287853396258	0.35296389743942	89
0.10716674266205	0.352132388893513	132
0.11859205118046	1.47721827301121	214
-0.0596343197818301	2.08127328194335	214
-0.03265799067214	1.57334529389052	132
0.11514100538404	1.25342638015406	166
0.02613128446017	0.914184890942966	1304
0.11161804781962	0.350237547909829	166
-0.0694359566063301	0.822779556033557	166
0.0368778660395299	1.41722981689337	77
0.0327571536098701	0.906292782911841	21
-0.07888779869732	0.834205282807095	166
0.10647884198302	0.352309794326609	166
-0.0233717358029799	1.38237294789638	166
-0.04411518020766	1.74622367060132	132
0.0669449714538599	2.25475568011545	89
0.07417847394578	2.23036517312208	89
0.10689134122138	0.351285302005725	89
0.10895780785609	0.350714860686515	89
0.0533038876698699	1.63685497002321	214
0.0885909386274999	0.652090173543142	132
-0.06545820086365	2.23167048120481	4029
0.00103227590400001	1.63091253788807	1304
0.08042337020513	0.656400453451052	166
-0.07849590914857	0.833815212107253	799
-0.08271050353359	0.836458145602786	799
-0.1075453570831	2.23723869105363	132
-0.02366859107986	2.35996018190768	89
-0.0628252261087801	2.09075270291363	89
-0.0949657567240201	1.10546047051022	132
0.09786574616812	0.353978519341629	132
0.11705286359853	2.34940153736305	1304
-0.02610680942434	0.58119911984102	1304
-0.00435007836591006	1.16396978386035	166
-0.0210982506950701	1.18583510454424	166
0.0509292552465599	1.23230914873529	166
-0.03254212924539	0.583808355887704	77
0.10579067361142	0.351785528543761	77
-0.0219447451608401	0.579924971604282	166
0.10328279028361	0.353197314225222	166
-0.01870808245147	0.577883497327535	166
-0.0302678201580699	0.585048846712041	132
-0.09421967384005	1.10136956016379	799
0.10826925398621	0.351630194981725	303
0.08638389606059	0.651196619149385	89
0.10647884198302	0.352309794326609	3101
-0.0219447451608401	0.579924971604282	132
0.0878589542234101	0.649782359675678	132
0.09321819000058	1.00038228783875	132
-0.0205075928915399	0.579490279223785	1304
0.0951141189069899	0.997616936121828	1304
-0.0180408851730201	0.577068127053539	77
-0.02610680942434	0.58119911984102	166
0.10826925398621	0.351630194981725	132
-0.01937561527664	0.578362564289604	132
0.10415354826522	1.26574045792845	89
-0.0702195754543999	0.822698475091872	214
0.0220104077830601	0.921079433700798	1304
0.11092586756108	0.350415838742694	166
-0.11050853630472	1.35818754753951	77
0.10430092190139	1.27203854497546	166
0.0220104077830601	0.921079433700798	132
0.0857889915577299	1.00999960771216	132
0.11416718622833	1.25513786821235	166
-0.0168221136840501	0.577178479347997	166
0.07060522057125	1.82465602479187	166
0.08503511805493	0.65235888959993	166
-0.03310779912489	1.57509521949084	132
-0.1155162119755	1.93362277451193	132
0.10218335279232	0.353699707342604	89
0.10218335279232	0.353699707342604	1738
0.10593382759709	0.35148923313409	89
-0.00516577225258996	1.92595838667223	89
0.11810766957174	1.2485512753463	132
0.0841141687861899	0.654824552022475	1030
0.0827420779313699	1.44934244750307	166
-0.10164727911317	1.34930436390472	77
0.0884143147476999	0.649302054491071	166
-0.103694255122	1.10895259874967	166
0.10038474536824	0.989630106242731	303
0.11536008830423	1.2514869943068	132
-0.02768005990691	1.39035683939394	89
0.10716674266205	0.352132388893513	1738
-0.0206064013082601	0.579256545559091	1304
-0.03858154921798	1.58643761997974	21
0.0926813714552699	1.65597217723016	166
-0.10171968768775	1.34526493615859	89
-0.02656840239241	0.58297122228144	89
-0.02099398512007	0.58063946719774	1030
0.0812835813167501	1.44361996545447	1304
0.02169932950682	0.920075603012711	1304
0.0979458420447701	0.990885382292163	1304
0.02595878862985	0.914259991145974	77
0.10449434115611	1.27247888594905	166
-0.10269590441884	1.90122007001384	166
-0.0972487043950301	1.106741966799	21
0.11475218165108	1.25480327815301	132
0.0577467482441201	1.62604225888354	303
-0.09950054227488	1.54961637724021	303
-0.1135152665392	1.75669304973349	132
0.09556671611999	0.996979764747436	89
0.10826925398621	0.351630194981725	89
0.10200299909524	0.989025806553744	132
0.0251683174647299	0.914757371582531	132
0.0262847890234299	0.91767823062004	166
-0.0201283887544399	0.577925349917484	77
-0.10203621474719	1.34661927351417	166
-0.00443963714517004	1.16784273641081	303
0.10861945117702	1.26425839313075	89
-0.10434331769402	1.33970148367276	89
0.11354269387648	1.80482822628892	1304
0.0135222990302499	1.6048992619331	166
-0.10196749654381	1.10731034343976	77
0.09004342972879	0.649546766482322	77
0.0985603286580199	0.992258649132639	77
-0.01179536588485	1.16985715567512	148
-0.10105189032134	1.54832258203099	166
0.07987113043911	0.657313340361156	303
-0.00724423259057994	1.17059061317099	303
-0.03604409939076	1.56604000510576	303
0.08834985849941	1.00365773786265	89
0.10758043184799	0.351807769829277	89
-0.00696672998772008	1.16182392891758	1030
-0.0882925405836399	0.836811402500069	132
-0.0726289400934099	2.39532016039576	1304
0.11178220997031	1.25982936130784	491
-0.03187679840853	0.584437589685732	1304
0.10733312446004	0.351067215845013	1304
0.07499632418392	1.45905215694865	132
0.0580358578420399	1.2234408278254	132
-0.10667022425912	1.116480261713	166
0.0935059240423299	0.998917483600873	166
-0.1012683291397	1.11173613099302	77
0.09269410012819	0.646644202235759	77
-0.03430102344151	1.72970347202354	1735
0.0650659523397199	1.21185876769591	132
-0.02550355458769	1.38686465634583	303
0.0896657887737	0.649980701034027	89
-0.00418921120761007	1.16183995250927	89
-0.10029311507119	1.3442142358962	1030
-0.0807814788138299	0.833393762227025	132
-0.0200434839469901	0.578549734222855	132
0.0908034413946199	1.00376737591041	77
-0.0431993309643901	1.74833941898025	166
0.0322770023621901	0.90672685505047	132
0.05680779663055	1.22345080299042	303
-0.0161564891964301	0.576700733308464	89
0.0280026732024801	0.913820819996367	1030
-0.00983465542143991	1.17423360028048	132
0.094498743992	0.645307607362446	802
-0.0892947338552701	0.837973538528139	21
0.01935349801727	0.920964744693744	1735
0.10785437586757	0.351215554477081	89
-0.02676803648149	0.581766483346834	89
0.10826925398621	0.351630194981725	89
0.01878948770676	0.923291316741892	1030
0.0551401654002599	1.22224370588274	132
-0.0120750307653299	1.17607337615001	303
-0.0258223549446299	1.38245194365543	303
0.10647884198302	0.352309794326609	89
-0.0813089991201099	0.833400695858997	1030
0.0511622641154901	1.2307816850486	132
-0.01564632753894	1.17936109463294	132
-0.0850832455039401	0.836331276164506	1030
-0.09866042653354	1.10817099418239	491
-0.0913972134001599	1.09789518646574	1304
-0.0309320665117701	0.585162590702791	4043
-0.0779667799886701	0.833254538561395	4043
0.10258640259334	0.352883231159087	166
-0.0879772081318599	0.838675877614107	148
-0.0391249474526001	1.74321022176745	166
0.0654824585429901	1.2104134281552	166
-0.0960512148463399	1.10365323530694	1039
-0.09913644042469	1.34051989551605	1039
0.01239902588664	1.74141637541056	89
0.10826925398621	0.351630194981725	89
-0.1089380003986	1.75303001778939	1030
0.0946372053147	1.00121491022345	132
-0.03985901442413	1.58340671562026	491
-0.0930256509166301	1.33301393683749	491
-0.07655943915553	0.830562999915865	491
0.0212099340002601	0.923325318240281	491
-0.0259013793896701	0.582633022248989	1304
0.01330920354554	0.928467989967924	166
0.10397890323872	0.352462565358244	148
-0.10149636631509	1.55150654585254	89
-0.0722585556795401	0.824747317717633	89
0.0253177529953099	0.91880020409554	89
0.10716674266205	0.352132388893513	132
0.10287853396258	0.35296389743942	132
-0.0975086750657199	1.34284489327914	1030
-0.1149553995105	1.93128841056912	1030
0.10716674266205	0.352132388893513	132
0.11161804781962	0.350237547909829	491
-0.02574521604172	1.3848746101209	1275
0.0751653984918701	1.80931812526909	166
0.08042337020513	0.656400453451052	166
0.07987113043911	0.657313340361156	1735
0.03925211048457	1.41154937060619	1752
0.10218335279232	0.353699707342604	132
-0.01965711158767	0.579970689675105	132
0.10579067361142	0.351785528543761	132
0.0885909386274999	0.652090173543142	132
0.10716674266205	0.352132388893513	89
0.0347335257507	1.4208373644585	1030
-0.0664452469728301	0.817925066483332	1030
0.11032199629156	1.4960322293087	1030
0.0885909386274999	0.652090173543142	132
-0.0783584733706999	0.833288890400322	132
0.10733312446004	0.351067215845013	491
-0.0219447451608401	0.579924971604282	491
-0.0246738993289199	0.581595777089794	802
0.10647884198302	0.352309794326609	4043
0.10647884198302	0.352309794326609	166
-0.0278848199074899	1.38899096880902	303
0.0769636154087801	1.45879841407344	1039
-0.09195008693948	1.32591272901037	1752
0.0150218092524701	1.60768777293743	303
0.10716674266205	0.352132388893513	132
0.10895780785609	0.350714860686515	132
-0.0846903445879501	0.837811003657512	3270
0.09786574616812	0.353978519341629	1030
-0.10267987033538	1.11253779302325	1030
0.10785437586757	0.351215554477081	491
0.10716674266205	0.352132388893513	1304
-0.01173567164871	1.17776811990414	1304
0.10689134122138	0.351285302005725	4043
0.0863941339793799	0.649749489598346	802
0.11314159305267	1.25588040482516	802
-0.0848725721513499	1.08458664161509	166
0.10647884198302	0.352309794326609	3270
0.02468477839688	0.916384127518116	132
0.0495004699631201	1.64378623606943	1030
-0.02960390710866	0.58447674818335	491
0.11092586756108	0.350415838742694	491
-0.09798104667605	1.10874948573511	4043
-0.10647898990104	1.56139683385415	3813
0.0362890339015101	1.41961385423023	166
0.11572235033126	1.25294069799474	166
-0.00614590410416005	1.16820607041373	303
0.0544191832763901	1.63528493806807	1752
-0.11080811355544	1.35797965897422	1752
0.10647884198302	0.352309794326609	132
-0.01965711158767	0.579970689675105	1030
0.0641763048086199	1.20755917661593	1030
-0.0403450376087799	1.58598955805286	1030
-0.0212754047183501	0.579737208933733	1030
-0.0154911986975901	0.575887232891104	491
0.10397890323872	0.352462565358244	166
0.08987186698926	0.649530308387677	166
0.10716674266205	0.352132388893513	132
0.10287853396258	0.35296389743942	3102
0.10689134122138	0.351285302005725	1030
-0.09781226246221	1.10145915072969	1030
0.11161804781962	0.350237547909829	491
-0.0246738993289199	0.581595777089794	491
0.08748786869031	0.652520255624373	491
-0.0681507544121101	2.24439217969908	166
0.0314528116547199	1.81470998713836	3813
0.10647884198302	0.352309794326609	166
0.10328279028361	0.353197314225222	1735
-0.10100181314635	1.89631586821925	89
0.12142022581646	1.47495566413676	1030
0.10826925398621	0.351630194981725	1030
-0.0968133196690399	1.54442032223412	491
0.08542546163149	0.653508143571156	166
-0.0201727337822699	1.37510891295418	3813
-0.02428878983577	0.582639355082303	166
0.00247782232138993	2.1358675877692	132
0.06678802982542	1.20865193011948	1752
-0.07888779869732	0.834205282807095	132
0.10647884198302	0.352309794326609	491
0.10895780785609	0.350714860686515	166
0.03532045657889	1.42114159442361	303
-0.01870808245147	0.577883497327535	132
0.11218325586636	1.25470233314651	1030
0.10716674266205	0.352132388893513	491
-0.01898917918035	0.579150144945583	491
0.0956295702429899	0.995547279457693	1275
0.039419459034	1.41293182275805	166
-0.0113626244935701	2.06934141895751	303
0.09786574616812	0.353978519341629	132
0.00353231779634	1.62785749087449	1030
-0.02960390710866	0.58447674818335	1030
-0.1137227097189	2.09314721584962	491
-0.01965711158767	0.579970689675105	1304
-0.0732187278101999	0.827179762016143	1304
-0.01273467028996	1.17653781657688	3813
-0.07761201505268	2.12016154473234	1039
0.11301198987865	1.25766345258498	1039
-0.01643286229512	2.08845629496431	89
0.0595954047087399	1.21999592320213	89
0.10716674266205	0.352132388893513	132
0.09169338476733	1.00215281438038	132
0.09556671611999	0.996979764747436	1759
0.0815167939437	1.99636376667828	491
0.0794250772996701	1.45358939039322	4043
-0.01240429198366	1.17545128068617	4043
0.02104272212667	0.922873470954488	1275
-0.0779667799886701	0.833254538561395	166
-0.0192694043853101	0.576919618359868	1350
0.09269410012819	0.646644202235759	303
-0.02428878983577	0.582639355082303	166
0.10785437586757	0.351215554477081	1350
0.11161804781962	0.350237547909829	1039
0.10758043184799	0.351807769829277	303
0.10716674266205	0.352132388893513	132
0.10826925398621	0.351630194981725	1030
0.10733312446004	0.351067215845013	1030
0.10785437586757	0.351215554477081	148
0.10758043184799	0.351807769829277	148
0.10826925398621	0.351630194981725	1350
0.10826925398621	0.351630194981725	1350
-0.02428878983577	0.582639355082303	1039
0.10716674266205	0.352132388893513	1039
0.10716674266205	0.352132388893513	1039
0.10716674266205	0.352132388893513	1039
-0.0259013793896701	0.582633022248989	442
-0.03008773537639	2.12343875685852	491
-0.0968984481482	1.72540051113933	4043
0.0261326553266601	0.914169218912551	148
0.08094117193823	1.99597942545204	1350
-0.0256210160689501	0.583695327776066	1039
-0.02099398512007	0.58063946719774	303
0.08931722660306	0.650273274268608	132
0.0195937372355901	2.31160013807415	132
0.0997537255499601	0.991780055086239	1030
0.0253177529953099	0.91880020409554	1759
0.10218335279232	0.353699707342604	132
0.0284907225378499	2.15775047443167	1185
-0.11473895002404	1.9372216991675	1185
0.0547185958337899	1.22622552651172	148
-0.10569608492662	1.35187094713009	166
-0.10659434930558	1.35217813887447	148
-0.000867466441649922	1.16096384946724	1039
-0.01013709062534	1.16954546497825	1039
0.05744009196112	1.21697058640704	303
0.0950893093098899	1.00073153866236	338
0.09739568318998	0.996751549321749	1759
-0.0063328186815399	1.92864542802968	1185
-0.0662243340929201	2.1038438558545	1185
-0.01103526725176	0.571216149520167	166
-0.10196406442189	1.10871083284939	166
0.0793186645478301	0.657843294254402	1039
-0.0152067997466201	0.576118661909323	338
-0.0777174801401099	2.27334816580211	1030
0.08042337020513	0.656400453451052	1759
0.0610589991158501	1.96251146320771	491
0.0597571380286599	1.62668489280474	491
-0.11683022354507	2.25601248942222	491
0.05373239829467	1.22754592203016	491
-0.02099398512007	0.58063946719774	166
-0.07413890813543	0.828125663215551	148
-0.0168221136840501	0.577178479347997	303
0.09172521927772	1.00390760162992	1350
-0.10651253943726	1.55687730127039	1752
0.0962994489100599	0.999191259441656	132
-0.08033841776218	0.833301306316734	1759
0.05205681701055	1.22893496834396	249
-0.03680813147572	1.57875964745033	1880
-0.10596517601862	1.55870888405877	166
-0.0664452469728301	0.817925066483332	166
0.04662210916679	1.23607278014132	1350
0.0908034413946199	1.00376737591041	132
0.02024023311193	0.924451068974598	338
0.10258640259334	0.352883231159087	132
0.06127630232894	1.21609644553078	132
0.0205603806453201	0.923153613701468	1759
0.10647884198302	0.352309794326609	491
-0.0726079465851399	0.825898748748902	4043
0.07893807872112	1.4507794369222	166
-0.0266549307513599	1.38612861969452	132
-0.0211704534369199	0.579825727743365	132
0.09341029622868	1.64927820321811	1185
-0.0272357610266101	0.58293567232368	491
-0.00310888497732997	1.16736094886793	166
0.0392156305914	1.79290361961306	1185
-0.0967529119680099	1.1054187726243	491
-0.0293241189514	0.582953239357999	1880
0.10380662263134	0.984119911433224	166
0.10716674266205	0.352132388893513	166
0.10716674266205	0.352132388893513	338
0.11159924162296	1.2614366293046	132
0.0982592360254899	0.353721534917221	132
0.0714878530396901	1.46006834560971	1185
-0.02656840239241	0.58297122228144	491
0.0937325848116399	1.00112111246548	166
0.08876235876415	0.650754614292679	166
0.09353550115341	1.0026891889984	166
-0.0264839353201201	0.581300229956136	1936
0.10716674266205	0.352132388893513	1936
0.09096610740488	1.65509465794793	132
-0.00653708427810007	2.05100639745771	1185
0.10883631274575	1.26257275772583	148
-0.01737402314317	0.575554514837542	1880
0.11397421495731	1.25654969528612	148
-0.06540458785898	2.09795486217163	166
-0.041327738201	1.58789623804153	148
0.04511647575245	1.65149237390251	303
0.0629162397699401	1.21056396211573	132
0.1001114037562	0.991685841548207	688
-0.01984506431962	0.578779752990184	491
-0.00770934477395002	1.17352459903684	1936
0.10218335279232	0.353699707342604	1936
-0.07841093939819	0.831388755246882	148
0.10826925398621	0.351630194981725	148
0.10733312446004	0.351067215845013	148
-0.02032538013449	0.58045220816518	303
0.0813262529951699	1.45228269684873	338
0.10258640259334	0.352883231159087	338
0.0778135258574	1.45465638217302	132
0.09584686035524	0.999519514504974	1759
-0.0198445386517401	1.37266058259351	491
-0.08784425663655	0.838827240360376	1936
0.06371603431008	1.95525330605264	303
-0.11252976419691	1.75100683534683	338
0.09359641443929	0.647190211436835	338
-0.02079133119985	0.57936096462064	132
0.0278741004807099	1.42867907529574	688
0.0242021101282099	0.916495577401371	2989
-0.01965711158767	0.579970689675105	491
0.01838330496804	0.924723483967925	491
-0.0693001778306199	0.823554179611836	1936
-0.0246738993289199	0.581595777089794	338
0.08431855036541	0.655167690820231	338
-0.0212754047183501	0.579737208933733	688
0.0606584490394599	1.62319732964983	1185
0.09004342972879	0.649546766482322	148
-0.10520810474624	1.11538494733139	166
0.11063050222415	1.26285186768596	166
0.10716674266205	0.352132388893513	620
0.10218335279232	0.353699707342604	1936
0.10826925398621	0.351630194981725	1936
-0.1068898310433	1.35615539149327	148
-0.0439514024393901	1.58962658819419	1039
0.10785437586757	0.351215554477081	132
0.10328279028361	0.353197314225222	132
0.0194442352272901	1.59692098039402	338
-0.10394947604857	1.73899523116271	688
0.0592103209343	1.62455107377846	688
-0.0340740150385901	1.57793034129478	132
0.0609128694102199	1.21986336653262	2989
-0.0572802924711899	2.21769155990747	1185
0.10716674266205	0.352132388893513	249
0.10785437586757	0.351215554477081	166
0.10218335279232	0.353699707342604	148
-0.10084788482719	1.34259302329031	303
0.0537305445848499	1.6396009008001	338
0.10148789770049	0.353384284502155	338
0.0263747182741201	2.29150256321719	1185
0.02249234714144	0.920481090637812	491
-0.0206064013082601	0.579256545559091	491
0.02484190345592	0.919483883144089	148
0.10218335279232	0.353699707342604	1936
0.0852209906930499	0.654392144647465	303
0.10895780785609	0.350714860686515	3465
0.10287853396258	0.35296389743942	3465
-0.0021043917144199	1.16499768797325	132
0.01935564125467	1.59433889444063	132
0.10511801627923	2.48875433130679	1185
-0.01898917918035	0.579150144945583	491
0.09042628008524	0.64845225589603	491
-0.02094237444577	1.96161745539847	166
0.09786574616812	0.353978519341629	1936
0.10716674266205	0.352132388893513	338
0.10013342581469	2.03463784997832	338
-0.0206064013082601	0.579256545559091	2343
0.0882207703353	1.98156383292536	132
-0.0391131498133901	1.58296485510358	688
-0.02656840239241	0.58297122228144	491
0.0941487081716199	0.646451404526215	491
0.0972994057256999	0.998430777827098	148
0.08487211935683	0.654515958017152	1936
0.10287853396258	0.35296389743942	1898
-0.00283267797465991	1.91502287232867	303
-0.00983465542143991	1.17423360028048	303
0.05905283291936	1.9680883346788	303
0.10593382759709	0.35148923313409	132
0.10397890323872	0.352462565358244	688
0.0329678545886001	2.15088479397113	166
-0.0256210160689501	0.583695327776066	1898
-0.02902445853406	1.39236486118627	303
-0.01965711158767	0.579970689675105	303
-0.0416873857390101	1.75035752221451	2989
-0.0821822373703201	0.835671513699384	491
-0.07933270807379	0.833882740653433	148
0.10287853396258	0.35296389743942	1936
0.10758043184799	0.351807769829277	166
0.10689134122138	0.351285302005725	148
0.02133149838464	1.5914064111745	1039
0.10287853396258	0.35296389743942	3465
0.10733312446004	0.351067215845013	3465
0.10716674266205	0.352132388893513	688
-0.0259013793896701	0.582633022248989	1185
0.09324688884083	0.645906963789496	491
0.00875106122579994	0.931935282331708	491
-0.0233431592753299	0.580545475751851	132
0.11230995697287	0.349325823144218	2343
0.12474549801355	2.04757608810537	688
-0.10543230318153	1.55493130420731	688
-0.01832158261363	0.57762571413367	491
-0.0867454719526299	1.08930020977838	2167
-0.0561870240498601	1.92809278643043	148
-0.0259013793896701	0.582633022248989	166
-0.02495473558411	0.58335694060492	166
0.0876519400772999	0.650968305198471	1898
0.0561235595513301	1.22262156380732	1039
-0.10144778118472	2.06573275163708	148
-0.0491262051231101	1.76523877655868	1039
-0.0293241189514	0.582953239357999	148
-0.00582997236626004	1.1669404708475	148
0.0904458408373501	1.00485091119142	148
0.09215025395453	1.85879196905251	1039
0.0565508125726399	1.22320738973675	1039
-0.0181543658115899	0.577220737180536	132
0.01282711900197	0.929547770571796	338
0.10826925398621	0.351630194981725	5088
0.10895780785609	0.350714860686515	688
-0.01095626605947	1.17446627611185	2989
0.0224251523427901	0.919329145735705	491
0.0985782494441601	2.03299538443086	148
0.0258039864119699	0.91860746365762	2167
0.09775166005935	0.997792030955	2989
-0.0221182132134701	0.580408422501073	148
-0.03254212924539	0.583808355887704	4071
0.10328279028361	0.353197314225222	132
0.0841343437690301	0.654257008970129	338
-0.00859679673578007	1.17378674619214	338
-0.07572999281747	0.829307037080084	338
-0.01592782715006	2.08732176687058	944
-0.01748807245685	0.577364796631369	148
0.11120900452239	1.2621511371461	166
0.0950649894945801	0.994153426802577	2989
-0.02656840239241	0.58297122228144	4853
-0.0712766558140601	0.824388271855092	4071
0.02944944026591	0.912268561660191	1039
-0.0279981263911899	0.581052805298475	303
0.0239372072817701	0.916415420832849	132
0.10895780785609	0.350714860686515	688
-0.0766510291834099	0.827866180037177	2989
-0.09699049708767	1.10460249036357	2989
0.0325044581220699	1.41981183862582	944
-0.0223871695701501	1.38095034328828	944
0.0919994234955801	0.998206178784734	944
-0.02428878983577	0.582639355082303	944
0.0889418121888199	0.650550150792748	4853
0.0707339296859999	2.21834871507733	1297
0.0967687580801799	0.642132545674737	1297
-0.07360895235181	0.82711047870906	1297
-0.0259013793896701	0.582633022248989	1039
-0.0180408851730201	0.577068127053539	303
0.0351330791576301	1.41672601189098	303
-0.07229822113558	0.824031087836264	132
-0.02428878983577	0.582639355082303	132
-0.02628763158757	0.583658225403998	338
-0.0481548871257	2.43297440211928	338
0.0384652512010499	1.41441916760189	688
0.07862026528795	1.45659485952601	4529
0.0306193221653299	1.42391844111063	944
-0.07480862840562	0.82835962569904	944
-0.0731347363150801	0.827255415223399	944
0.01692684908841	0.926268054849153	944
0.0917584681444701	0.646719961805486	944
0.08586869886209	1.43907089667495	4853
0.10663361484863	0.351799503810815	1297
0.0805709220742901	0.654856106382552	166
-0.0737484919429701	0.827865968081847	4071
0.07076725120971	0.659707041504674	303
0.0790545508281499	1.80287009840088	338
-0.01748807245685	0.577364796631369	148
-0.01748807245685	0.577364796631369	148
-0.0778846312544801	0.830608468620618	944
-0.0733571621476901	0.825105299411808	944
-0.0256210160689501	0.583695327776066	148
0.08876235876415	0.650754614292679	166
-0.02032538013449	0.58045220816518	1039
-0.10384464247925	1.74299055089486	338
-0.10864817542798	2.37971544260936	338
-0.0936609998640201	1.33223073567735	2343
0.0595954047087399	1.21999592320213	338
0.10148789770049	0.353384284502155	688
-0.02495473558411	0.58335694060492	688
0.11161804781962	0.350237547909829	944
0.0200459606586401	1.59592025147702	148
0.0973705583967199	1.64426639633478	1953
0.0715358519484799	1.82197254395145	1297
0.08431855036541	0.655167690820231	148
0.10328279028361	0.353197314225222	1297
0.0492839340546101	2.31290470804419	148
-0.0161564891964301	0.576700733308464	303
-0.07229822113558	0.824031087836264	303
-0.08271050353359	0.836458145602786	132
-0.02676803648149	0.581766483346834	688
0.10328279028361	0.353197314225222	148
-0.0232844383453501	0.578960155602578	148
0.10758043184799	0.351807769829277	944
0.11092586756108	0.350415838742694	1039
0.0611798334879301	1.21948030799584	148
0.10895780785609	0.350714860686515	3260
0.10785437586757	0.351215554477081	944
0.10287853396258	0.35296389743942	148
0.10287853396258	0.35296389743942	148
0.0325715254418499	1.42271722622675	1953
0.01959300670875	0.923705052755737	1953
0.11161804781962	0.350237547909829	148
0.0982592360254899	0.353721534917221	132
-0.0541489432306299	1.92999074435064	338
0.10785437586757	0.351215554477081	4510
-0.02676803648149	0.581766483346834	1953
0.10258640259334	0.352883231159087	1297
0.11230995697287	0.349325823144218	166
0.10647884198302	0.352309794326609	2607
0.10397890323872	0.352462565358244	2607
-0.02267829016192	0.579106936023567	1039
0.12341046816749	1.46687369466796	338
0.09786574616812	0.353978519341629	4539
-0.0302678201580699	0.585048846712041	148
0.10895780785609	0.350714860686515	148
0.10148789770049	0.353384284502155	148
0.0416099457158501	1.40507109547557	1953
0.11085336402304	2.36687620122507	1953
0.10647884198302	0.352309794326609	1297
0.10826925398621	0.351630194981725	2319
0.10826925398621	0.351630194981725	1039
0.11092586756108	0.350415838742694	132
0.10148789770049	0.353384284502155	132
-0.04368647605437	1.58909274909734	303
-0.01965711158767	0.579970689675105	338
0.10218335279232	0.353699707342604	4539
0.10716674266205	0.352132388893513	148
-0.0769091283304799	0.830971076182268	148
0.10785437586757	0.351215554477081	148
0.11138636612838	1.25721817632384	4529
-0.02032538013449	0.58045220816518	3260
-0.0168221136840501	0.577178479347997	166
0.10716674266205	0.352132388893513	132
0.10785437586757	0.351215554477081	132
0.02007418221241	0.920297400678051	944
0.1029426544268	1.27347556324205	1953
-0.0908870357587299	1.32629222169409	1953
0.0808644488970201	1.44538054410399	1953
-0.02859748358944	2.25135773966906	1953
0.10716674266205	0.352132388893513	166
-0.01587168520504	0.57659573259799	2319
0.10785437586757	0.351215554477081	132
0.10663361484863	0.351799503810815	132
-0.0201283887544399	0.577925349917484	132
0.0229741267826	0.919551013388354	132
-0.06258811210171	2.21773292923879	338
0.10647884198302	0.352309794326609	338
0.10785437586757	0.351215554477081	4510
0.10785437586757	0.351215554477081	148
0.03703032024971	1.41571537233083	148
0.10758043184799	0.351807769829277	944
0.09786574616812	0.353978519341629	148
-0.02079133119985	0.57936096462064	1297
0.10397890323872	0.352462565358244	1297
0.10716674266205	0.352132388893513	2319
0.10785437586757	0.351215554477081	303
0.11161804781962	0.350237547909829	4539
-0.0208854774336	1.37913220667908	148
-0.01870808245147	0.577883497327535	3260
-0.0289403270686499	0.583135876548882	148
0.10231922993712	0.352082943164405	944
0.05825280290425	2.17464953954717	1953
-0.02495473558411	0.58335694060492	166
-0.0246738993289199	0.581595777089794	132
-0.0214546059215199	0.580072466612979	132
0.10895780785609	0.350714860686515	1704
0.10457423573795	1.82555514312939	338
0.0682079571988401	1.20677165638105	1953
-0.03625444185405	0.585458143217029	1953
0.10287853396258	0.35296389743942	148
-0.0480053587249101	1.76339477448663	166
0.11230995697287	0.349325823144218	1039
0.10218335279232	0.353699707342604	2319
0.10785437586757	0.351215554477081	1550
0.10895780785609	0.350714860686515	1550
-0.11014074490684	1.75355982064755	338
0.10328279028361	0.353197314225222	148
0.08896944749537	0.648561527057336	3260
0.07987113043911	0.657313340361156	148
0.10663361484863	0.351799503810815	148
0.10218335279232	0.353699707342604	1953
0.0925999311450001	1.00118427334663	1953
0.10689134122138	0.351285302005725	148
0.10716674266205	0.352132388893513	148
0.10785437586757	0.351215554477081	132
0.10161201644474	0.352326436107844	132
0.0275779643052401	0.911019425845617	132
0.10647884198302	0.352309794326609	338
0.0413597420285801	2.44936297821955	338
0.09786574616812	0.353978519341629	338
0.10287853396258	0.35296389743942	338
-0.10038208390281	1.10800058932672	338
0.10716674266205	0.352132388893513	148
0.10895780785609	0.350714860686515	148
0.01212424162474	2.11210340292569	941
0.09269410012819	0.646644202235759	148
-0.0302678201580699	0.585048846712041	166
0.0942286299825199	1.65188142798115	1251
0.10758043184799	0.351807769829277	1406
0.0903323351146601	1.00569932776868	338
-0.01720245749258	0.576637775977831	338
0.10172941330247	1.27359809383204	338
0.12345732863013	1.23378366693136	338
-0.0199377346304801	0.578438416169099	338
-0.0693001778306199	0.823554179611836	148
0.09685042871841	1.64051017407243	941
0.10579067361142	0.351785528543761	148
-0.0219447451608401	0.579924971604282	3699
0.0766712228670801	0.656044521342789	3699
0.08487211935683	0.654515958017152	2990
-0.04362512333002	2.41645360804117	338
0.08319896383575	1.44731014876872	338
0.0896657887737	0.649980701034027	338
0.10716674266205	0.352132388893513	148
-0.0977436284851101	1.10609070780557	525
0.10716674266205	0.352132388893513	148
0.10716674266205	0.352132388893513	1953
0.10287853396258	0.35296389743942	148
0.09716291462318	0.354221264198155	166
0.10218335279232	0.353699707342604	166
0.12338837233726	1.86988774736073	166
0.10716674266205	0.352132388893513	1249
0.10647884198302	0.352309794326609	1249
0.10328279028361	0.353197314225222	1249
0.10826925398621	0.351630194981725	3699
0.10716674266205	0.352132388893513	132
-0.0212754047183501	0.579737208933733	1550
0.10647884198302	0.352309794326609	338
0.10579067361142	0.351785528543761	148
0.10148789770049	0.353384284502155	525
-0.02960390710866	0.58447674818335	2674
0.10647884198302	0.352309794326609	1953
-0.0302518892675601	1.39216730041305	1953
0.10895780785609	0.350714860686515	166
0.10785437586757	0.351215554477081	766
0.10647884198302	0.352309794326609	1406
0.10826925398621	0.351630194981725	1406
0.10579067361142	0.351785528543761	1406
0.10826925398621	0.351630194981725	2990
-0.02079133119985	0.57936096462064	338
0.11230995697287	0.349325823144218	419
-0.02495473558411	0.58335694060492	525
0.11475035687288	1.25181451525697	3260
-0.0464363997098301	1.59770773615937	3260
-0.11802111102101	1.36547833146977	2674
0.05573452320046	1.97728921645044	1953
0.0150773557489401	1.9756879553012	1953
0.10716674266205	0.352132388893513	1249
-0.0788059950000399	0.833098851203486	1249
0.0750161709611401	0.655578498503891	132
0.11494999012312	1.25390176850529	338
-0.03958271252458	1.58422780204566	338
-0.09780052717548	1.54654645326582	3260
0.0885563574289101	0.650194172814921	1953
0.0896657887737	0.649980701034027	941
-0.09818970079986	1.10806467480942	1249
0.0882072633098401	0.650992030959653	148
0.0882072633098401	0.650992030959653	148
-0.02079133119985	0.57936096462064	132
-0.0227821533700701	0.580372488261402	525
0.05984804108967	1.96814529908389	3260
-0.0982439571762701	1.54508338603416	3260
-0.11045532450284	1.11265124356349	3260
0.0721007477351801	1.19692572867375	3260
0.0175917224594999	0.926047313455014	2675
0.0359172565377399	1.4137565922979	1953
0.10826925398621	0.351630194981725	941
0.00508503777026004	1.62209130171153	148
0.0911231238591399	0.647116713701421	148
0.0939541596304601	0.644664039720165	148
0.0787659723701499	0.658038712603471	2990
0.05641165081733	2.29199396726147	3260
-0.10406990815204	1.34955506022568	2675
0.0787659723701499	0.658038712603471	1953
-0.00138945363753007	1.16109172225989	1953
0.07841671617754	0.656847582683595	148
-0.0699640064468099	0.823170125254251	132
-0.00759973333608999	1.16986075124998	338
-0.02032538013449	0.58045220816518	338
-0.0699640064468099	0.823170125254251	338
0.10218335279232	0.353699707342604	419
-0.02032538013449	0.58045220816518	148
0.0923077268324499	0.646648107851539	525
-0.01984506431962	0.578779752990184	525
0.08533343783354	1.01067766061873	2675
-0.0110728244592899	1.17261524067247	2675
-0.02099398512007	0.58063946719774	2675
0.01414199930083	2.43963905330259	1953
0.0543704775104801	1.63773916907628	1953
0.092856761537	0.646292405535603	148
-0.0735280666687601	0.828376469468683	1236
0.07987113043911	0.657313340361156	2990
0.0939467201281301	0.645784338390518	2990
0.10716674266205	0.352132388893513	338
0.10647884198302	0.352309794326609	419
-0.03121180177176	0.584322987944732	525
0.0441784460879799	1.39805240971843	3260
-0.09219055511028	1.3257488082578	2675
-0.0259013793896701	0.582633022248989	148
0.0308961129788301	0.908271823758523	338
-0.0813089991201099	0.833400695858997	338
-0.0983396459949499	1.34282843334758	338
0.11161804781962	0.350237547909829	338
-0.0962827292814801	1.10457470801944	338
0.10218335279232	0.353699707342604	338
-0.07933270807379	0.833882740653433	419
0.06273593720614	1.21579686542706	3260
0.0543366025707499	1.19808734058928	3260
0.05876152432015	1.22145784709427	3260
-0.0970738640842399	1.34248984920624	3260
-0.0752439062419199	0.828825229159885	2675
0.0558570805305201	1.22205507912715	2675
0.10056360121282	0.991487996869081	1953
0.01740895162471	0.925058813381335	1953
0.10663361484863	0.351799503810815	148
0.0183775437831899	0.924509297461505	1236
0.0885909386274999	0.652090173543142	338
0.10758043184799	0.351807769829277	338
0.10826925398621	0.351630194981725	148
0.10716674266205	0.352132388893513	525
0.10172941330247	1.27359809383204	3260
0.02339758331103	0.91803738887986	148
-0.1037457385046	1.11224010602349	766
0.0162378059788399	2.10379029993356	2674
0.0382703907126301	1.41089276715177	1953
-0.09610224320364	1.10510567831115	148
-0.02166292684413	0.580493155786958	3529
-0.0200434839469901	0.578549734222855	132
0.09324688884083	0.645906963789496	148
0.02483670716692	0.919730639223693	338
-0.07497545963571	0.828866649310839	148
0.0987522682588999	0.995777913822847	338
-0.0152067997466201	0.576118661909323	338
-0.0996265795722699	1.10876311421043	419
0.1113954925564	2.18622682615199	3260
0.06666391941227	1.20852400848824	3260
0.00462893657338004	1.15064502672101	3529
0.02266088232619	0.919559708273575	148
-0.0199377346304801	0.578438416169099	338
-0.0823163475706701	0.833665437461769	148
-0.0980462400064299	1.33725957748631	3260
0.02752115027819	0.913970348903043	3529
0.0985603286580199	0.992258649132639	338
0.06298621020984	1.21613980373583	338
-0.02362317852698	0.581190591414601	338
0.00082799223454999	1.15598511547667	419
-0.02267829016192	0.579106936023567	525
-0.00770934477395002	1.17352459903684	525
0.0827606022740699	1.44377596992468	2674
0.09359641443929	0.647190211436835	1953
-0.0972232461567699	1.10589452374101	338
0.06227636177244	1.21380742381755	338
-0.09662161035885	1.10420564836177	148
0.00146560457897005	1.15787749791165	1953
0.02007559025623	0.923424698221672	148
-0.0893813733406099	1.09459585444836	148
0.0261326553266601	0.914169218912551	132
0.0164491523035399	0.927040416978514	148
0.000138254736379961	1.15941657116126	148
0.0841343437690301	0.654257008970129	338
0.08870544066174	1.00513266231153	148
0.10253945892651	0.985564549445201	1236
0.08768915422257	0.651530929339694	338
-0.03121180177176	0.584322987944732	148
0.08949273347165	0.650191977967804	148
-0.10426666020489	1.11298978909839	419
0.08768915422257	0.651530929339694	525
0.01885924209745	0.922767313262887	148
0.11141125042879	1.26042285108702	3529
-0.0751994282328501	0.829206647171541	132
0.00972552021006989	0.930137900545946	132
0.05229118929326	1.6408204101282	148
-0.0302678201580699	0.585048846712041	148
0.08466769309659	0.654753086475839	148
-0.0985006512618001	1.10982670170027	148
-0.09743929560793	1.7270922153913	766
0.0175818663419101	0.925451403324655	148
-0.09970801574202	1.34308289304889	1263
-0.0309320665117701	0.585162590702791	148
-0.0756380349010699	0.831439589392411	419
-0.07154936650418	0.822393788758819	525
0.10101566082672	0.991006119895259	2674
-0.10092037198436	1.11140225100252	169
-0.02628763158757	0.583658225403998	169
-0.02656840239241	0.58297122228144	169
0.0858455228171899	0.649568822402081	148
-0.0102825008802101	1.17682496109907	148
-0.07550325116642	0.829776224136777	338
-0.0996265795722699	1.10876311421043	148
-0.0794173265377101	0.834766722893349	148
-0.0302678201580699	0.585048846712041	525
-0.10223598882381	1.11232655499359	169
0.10397890323872	0.352462565358244	766
-0.0850002681922899	0.835073301555823	139
-0.08271050353359	0.836458145602786	1062
0.07786352108392	0.657043512654335	148
-0.00378461107020001	1.16270711493377	549
-0.10766058056555	1.11434224086411	549
0.08987186698926	0.649530308387677	525
-0.0970738640842399	1.34248984920624	148
-0.10311165022156	1.55079338221763	148
0.10716674266205	0.352132388893513	766
-0.0021043917144199	1.16499768797325	283
0.02516710692654	0.915945725286258	139
-0.03892657114524	1.57675320559023	549
0.10747701131009	1.26518850119794	549
0.11230995697287	0.349325823144218	139
-0.02960390710866	0.58447674818335	148
0.0914397493649599	1.00464921959775	148
-0.02032538013449	0.58045220816518	148
0.10826925398621	0.351630194981725	148
-0.03159664646384	0.58452904588601	525
0.08949273347165	0.650191977967804	148
-0.04462968792709	1.75627952427753	882
0.10689134122138	0.351285302005725	148
-0.0256210160689501	0.583695327776066	2674
0.10785437586757	0.351215554477081	148
-0.01898917918035	0.579150144945583	139
-0.0233431592753299	0.580545475751851	148
0.10716674266205	0.352132388893513	148
0.11023341597372	0.349898349308083	148
0.02579863956673	0.917487736069522	148
0.10328279028361	0.353197314225222	1263
0.02752115027819	0.913970348903043	2674
0.0826830013925901	0.654219411560461	148
-0.0520172710461699	1.76700484066862	148
0.10397890323872	0.352462565358244	148
0.10287853396258	0.35296389743942	148
0.10826925398621	0.351630194981725	139
0.0880395164151999	0.652449440273683	139
0.10328279028361	0.353197314225222	148
0.01886507795604	0.923921570336521	148
0.10826925398621	0.351630194981725	148
0.0876519400772999	0.650968305198471	148
-0.0989707849906301	1.11009980832992	525
-0.0246738993289199	0.581595777089794	525
0.08876235876415	0.650754614292679	148
0.0852209906930499	0.654392144647465	148
0.10579067361142	0.351785528543761	148
0.02516710692654	0.915945725286258	549
0.0982592360254899	0.353721534917221	525
-0.02099398512007	0.58063946719774	525
-0.0909274057962599	1.09758623461493	2674
0.0911231238591399	0.647116713701421	766
-0.02628763158757	0.583658225403998	139
0.11161804781962	0.350237547909829	148
0.0178956857389101	0.925718367547389	148
0.10758043184799	0.351807769829277	148
0.0237196413498499	0.916374496640608	148
0.0682079571988401	1.20677165638105	148
0.0925049896985399	0.646220024093877	549
0.0785767417444601	0.656545607647471	148
0.08748786869031	0.652520255624373	525
-0.02166292684413	0.580493155786958	525
-0.03653532618127	0.585214981246799	169
-0.0245025107075001	0.579293512762132	882
-0.0778846312544801	0.830608468620618	766
-0.0168221136840501	0.577178479347997	148
-0.0214546059215199	0.580072466612979	148
-0.02428878983577	0.582639355082303	525
-0.0737484919429701	0.827865968081847	882
0.0169370269660001	0.924913337405086	139
0.10716674266205	0.352132388893513	148
-0.0499623522155599	2.06003176882016	169
-0.1090740118381	1.55853419977006	169
0.0852209906930499	0.654392144647465	169
0.08876235876415	0.650754614292679	882
-0.00266556394614992	1.16649521102989	148
-0.0794173265377101	0.834766722893349	766
-0.10290419887018	1.11109353465543	338
0.0844855558989701	0.652883681608437	148
-0.07497545963571	0.828866649310839	148
-0.0737484919429701	0.827865968081847	525
0.08946079988539	0.647809890682391	525
-0.06676487868874	2.09972675601823	2674
-0.10325929094247	1.34915714601826	148
0.0937994514518099	0.644837608365371	549
-0.0211704534369199	0.579825727743365	148
-0.0950972405747099	1.10042201048904	148
0.06356899752395	1.21422335683766	169
0.01662003148275	0.927172110054375	148
0.0522394865087401	1.23095887302248	148
0.09135194517055	1.00353668629294	1075
0.08042337020513	0.656400453451052	525
0.0166703825324199	1.60248890875125	169
0.0916125693190799	0.999493518032162	148
-0.07841093939819	0.831388755246882	525
0.09133754531036	1.00493596791511	169
-0.00407900443040998	1.1631335136912	766
-0.0712062582870201	0.823966640168784	148
-0.09913130406714	1.10787884937124	148
-0.00219056495229997	1.15982420590672	1075
-0.0165550822495999	1.37038017560819	549
0.0782130537447801	0.657852425330512	549
0.05893589054078	1.22218766456757	549
-0.07413890813543	0.828125663215551	766
0.0924911489970699	0.647904639842956	1075
0.0769902221823899	1.45930278787667	2849
0.0563660055802	1.22639504634621	549
0.0929863156636199	1.00008855314195	549
0.05772043649879	1.21651558430695	148
0.0220104077830601	0.921079433700798	283
0.0243555019897099	0.920328771307225	283
-0.0063791536914799	1.17019400659271	549
0.09681573140722	0.997021759266218	148
-0.104388983882	1.34895377956241	525
0.08987186698926	0.649530308387677	882
-0.07466906671733	0.828812827260658	283
0.0639136988667199	1.20923376141476	148
0.10733312446004	0.351067215845013	2849
-0.0201283887544399	0.577925349917484	549
-0.02742959465009	0.581879879551057	549
-0.0370535610907801	2.27358741924047	2674
0.0639911839057501	1.20986338499414	1075
0.08931722660306	0.650273274268608	148
0.0251683174647299	0.914757371582531	525
-0.00579731799328997	1.16807411767875	525
-0.06783755751629	1.95307548246537	169
0.10785437586757	0.351215554477081	169
0.01330920354554	0.928467989967924	882
0.06408811471649	1.61436169887461	231
0.0841141687861899	0.654824552022475	148
0.01644458659371	0.927072112028693	148
0.094498743992	0.645307607362446	2849
0.09263063559722	1.00400314805696	148
0.10218335279232	0.353699707342604	549
0.08542546163149	0.653508143571156	525
-0.0282648102880101	1.39317055625212	525
-0.02032538013449	0.58045220816518	148
-0.0012606242255	1.15484272217678	176
-0.03159664646384	0.58452904588601	176
0.10397890323872	0.352462565358244	148
0.10785437586757	0.351215554477081	549
0.10733312446004	0.351067215845013	525
0.0212099340002601	0.923325318240281	525
-0.07180549896509	0.824779730602868	525
-0.0154911986975901	0.575887232891104	766
0.10716674266205	0.352132388893513	549
-0.0152067997466201	0.576118661909323	549
0.05101039347541	1.22928299365372	525
0.0960725877663899	0.990374417319482	525
-0.02181152857612	1.38322462850629	231
0.0364757485984	1.41417623062525	148
-0.0869218486852401	0.837881369369234	766
-0.00895290288412998	1.17397986019646	148
0.09681573140722	0.997021759266218	148
0.01451056659366	0.925979460375656	1075
0.10895780785609	0.350714860686515	2453
0.11038230417752	1.25688778677868	525
0.11338953953666	1.49278701639657	283
0.10785437586757	0.351215554477081	1075
0.0839357693251399	0.653077629604477	1075
-0.09209432265659	1.87411436256168	525
0.10397890323872	0.352462565358244	231
-0.00480924802133997	1.1685034172925	176
0.00844790727433997	0.929098055745067	176
0.11230995697287	0.349325823144218	231
0.10647884198302	0.352309794326609	148
0.10579067361142	0.351785528543761	283
-0.0930882582235599	1.101194981721	176
-0.02656840239241	0.58297122228144	1075
-0.0783584733706999	0.833288890400322	1075
0.10328279028361	0.353197314225222	1075
0.06788106972653	1.20584982374442	274
0.0179013722018699	0.925163634570701	161
0.10716674266205	0.352132388893513	231
-0.02495473558411	0.58335694060492	148
-0.02628763158757	0.583658225403998	283
-0.0302678201580699	0.585048846712041	283
0.08931722660306	0.650273274268608	274
0.10647884198302	0.352309794326609	161
-0.02099398512007	0.58063946719774	525
0.0841343437690301	0.654257008970129	753
0.12313771034961	1.67674386065298	148
0.08876235876415	0.650754614292679	1075
-0.10302246461182	1.54989233737039	176
0.0841141687861899	0.654824552022475	148
0.01856396611407	0.9227153119401	176
0.0658566811866499	1.81999569676412	1075
0.10647884198302	0.352309794326609	525
0.07165846774596	1.46680951924808	753
-0.04743823378956	1.75571119949366	753
0.11161804781962	0.350237547909829	231
0.0837647544950799	0.655529150841431	176
0.00902287166928994	1.61719160711292	1075
0.10647884198302	0.352309794326609	274
0.10895780785609	0.350714860686515	274
-0.0817882828166601	0.833270503877947	520
0.0246845179220101	0.915769290102222	753
0.0602770054503901	1.21743464828631	753
0.109271492946	1.26388577257793	753
0.11092586756108	0.350415838742694	148
-0.0704922579537901	0.823270430998809	525
0.08470256322777	1.43448903903166	176
0.0896657887737	0.649980701034027	231
0.0885909386274999	0.652090173543142	148
-0.10294141943262	1.74250242236174	1075
0.10826925398621	0.351630194981725	1075
0.10287853396258	0.35296389743942	1075
0.10826925398621	0.351630194981725	274
0.11092586756108	0.350415838742694	525
0.10716674266205	0.352132388893513	148
0.10906301233436	1.26311033464131	148
-0.00658205503752996	1.17056627840896	176
0.11230995697287	0.349325823144218	274
-0.0152067997466201	0.576118661909323	520
0.07841671617754	0.656847582683595	753
-0.0232066797877299	1.38509309055175	176
0.10328279028361	0.353197314225222	140
-0.05674283015348	1.78046404679023	176
-0.0293241189514	0.582953239357999	525
-0.00671459070173008	1.16924993428461	176
0.10785437586757	0.351215554477081	148
-0.0233431592753299	0.580545475751851	274
0.10287853396258	0.35296389743942	520
-0.0737484919429701	0.827865968081847	140
-0.10490943586811	1.55285077982686	148
-0.10123516380674	1.54828116710903	176
0.11230995697287	0.349325823144218	1075
0.10785437586757	0.351215554477081	161
-0.0991786065691	1.33357179677565	176
0.10895780785609	0.350714860686515	148
0.02024023311193	0.924451068974598	140
-0.0206064013082601	0.579256545559091	148
0.11092586756108	0.350415838742694	148
0.0555551446417499	1.22312640667082	161
0.0946372053147	1.00121491022345	5169
-0.0821822373703201	0.835671513699384	140
-0.0349130809838301	1.73168014239652	148
-0.10421632558243	1.11317772945222	140
0.08542546163149	0.653508143571156	655
0.10397890323872	0.352462565358244	724
-0.03077344260409	0.581143786533778	969
-0.11084666499988	1.56697237493127	176
0.0137982047641301	0.929000120713336	176
0.10579067361142	0.351785528543761	148
0.10826925398621	0.351630194981725	148
-0.05617337513993	1.77393699048074	148
0.10218335279232	0.353699707342604	1075
-0.0180408851730201	0.577068127053539	655
-0.00411253526819011	1.16820403478782	5169
0.0967989466846899	0.992542063532748	753
0.10579067361142	0.351785528543761	161
-0.0249252738660399	1.38743007576188	176
0.10758043184799	0.351807769829277	148
0.0205580137244501	0.922824886840433	148
0.10647884198302	0.352309794326609	140
-0.10596517601862	1.55870888405877	148
-0.09984926711212	1.54540085166631	1075
0.10258640259334	0.352883231159087	1075
0.10148416180808	0.990868882308573	176
0.06746449360712	1.60728020157024	148
0.0779642606236299	1.01575998379324	176
0.0418208723069899	1.79298421144778	1075
0.08748786869031	0.652520255624373	655
0.10716674266205	0.352132388893513	161
-0.01965711158767	0.579970689675105	176
0.10218335279232	0.353699707342604	140
0.10785437586757	0.351215554477081	140
0.10689134122138	0.351285302005725	148
0.11092586756108	0.350415838742694	655
0.0896657887737	0.649980701034027	969
0.0436277703689101	1.7848594108767	161
-0.00613865614846998	1.17063026426275	176
0.10826925398621	0.351630194981725	148
0.08987186698926	0.649530308387677	140
0.0612405231735	1.62005582921402	1609
-0.00407900443040998	1.1631335136912	1609
-0.0517545715685901	2.06228467987443	1075
-0.10615014902738	1.11587919300534	655
0.10663361484863	0.351799503810815	655
-0.02181152857612	1.38322462850629	753
0.10218335279232	0.353699707342604	140
-0.11295190431719	1.35689855367133	176
0.0655628553016601	1.61215689444033	1075
0.0835842758277401	0.654783910829574	655
-0.03001204370888	1.39379607131193	176
0.07136452985376	1.93223838540268	148
0.000460468975860051	1.15942320270478	176
-0.02099398512007	0.58063946719774	655
0.10733312446004	0.351067215845013	148
-0.0272357610266101	0.58293567232368	140
0.10716674266205	0.352132388893513	969
0.0174136678724199	0.926522234186164	140
-0.01965711158767	0.579970689675105	140
-0.10518595193937	2.22720942659605	148
0.0717076728797701	1.4668813457161	655
-0.04469740189938	1.75786371370143	161
-0.09662161035885	1.10420564836177	176
0.0807646655709899	1.45224658908886	655
0.10287853396258	0.35296389743942	655
0.10826925398621	0.351630194981725	1264
-0.0152067997466201	0.576118661909323	140
0.10716674266205	0.352132388893513	140
-0.04402294517676	1.75629807327291	176
0.09716291462318	0.354221264198155	655
-0.0940273725488201	1.33472489195749	655
0.0291143572591499	0.910850551770924	161
0.09786574616812	0.353978519341629	148
0.08407465273646	1.01141192538489	1226
0.11479208379325	1.99377797121246	655
-0.10459052886539	1.11118080864735	1264
0.10397890323872	0.352462565358244	148
-0.0214546059215199	0.580072466612979	148
-0.0766942281838901	0.830737987178773	1264
-0.0752439062419199	0.828825229159885	176
0.10758043184799	0.351807769829277	148
0.10663361484863	0.351799503810815	176
0.12214462564702	1.87250296225988	148
0.10218335279232	0.353699707342604	1264
0.0616958003759101	1.21489137490386	176
0.08768915422257	0.651530929339694	176
0.10826925398621	0.351630194981725	176
-0.05321776993755	2.19958330728992	176
-0.02495473558411	0.58335694060492	176
0.0896657887737	0.649980701034027	140
0.10328279028361	0.353197314225222	140
0.08542546163149	0.653508143571156	176
-0.08296736514753	0.831600802830757	176
0.10218335279232	0.353699707342604	1372
0.0000247005596800687	2.14437706174055	176
0.0000552874485999499	1.15989649608064	176
-0.01965711158767	0.579970689675105	140
0.06735115241541	2.15147106278813	176
0.0535397812838401	1.76060596617542	176
-0.08949398352774	1.09563967769053	176
0.10397890323872	0.352462565358244	176
0.09288887908583	1.65525002582522	161
0.10647884198302	0.352309794326609	148
-0.01870808245147	0.577883497327535	140
-0.00657039091221989	1.16654767442584	140
0.10826925398621	0.351630194981725	176
0.0926819335267	1.00178736459428	176
-0.0252346917202799	0.58191737664116	176
0.08867166653591	1.97752588622694	176
0.0839701967903499	0.653528558133648	148
0.09630478339017	1.85248831286623	140
-0.00221539332627008	1.78413762409709	3747
-0.0727850053560299	0.82462725572268	176
0.10218335279232	0.353699707342604	1372
0.08876235876415	0.650754614292679	176
-0.00724423259057994	1.17059061317099	176
0.06575125036777	1.20527679937938	176
-0.09309178376587	1.33261487888285	176
0.06382407316826	1.21537804046465	3747
0.06539730759395	1.20726306884609	176
0.0932595021546301	0.998264319396004	176
0.12163338437878	1.67558305516119	176
0.11674878213039	1.47771107894401	176
-0.09790882388871	1.89581794358341	148
0.11133364748696	1.70517727076087	176
0.0295942500439399	0.910572681554665	3747
-0.0249840513125801	1.38599691075763	148
0.0893060032996	1.43414782399146	176
0.02241781710419	1.58855212049638	140
0.08931722660306	0.650273274268608	3747
0.0857889915577299	1.00999960771216	148
-0.09466417993539	1.33005201978333	176
0.12363955737824	1.47178482850563	176
-0.01766761049524	1.18140630119683	176
0.05822866855663	1.22103051215118	176
-0.03159664646384	0.58452904588601	176
0.10572532909457	1.26672454691214	140
-0.0794173265377101	0.834766722893349	176
-0.0563060396766899	1.77175749862182	176
0.10579067361142	0.351785528543761	176
0.10647884198302	0.352309794326609	176
-0.06982822110286	0.824564420176428	176
-0.09915561411758	1.10865653530461	3747
-0.08547214777032	0.833573333993213	176
-0.09934194758437	1.34551255658932	176
0.0156260652169899	1.60492664439395	176
-0.01072333996027	1.17449806189007	148
-0.0936849326902001	1.09950463545713	140
-0.10185597125377	1.73826935417862	176
-0.0966066281468001	1.33488467937722	176
-0.00939051101507005	1.17352625058068	235
-0.0678295898530701	1.95510043353376	176
-0.09370718398292	1.09773457774302	176
-0.09582542606941	1.54070701849423	176
0.07577021337391	0.65844706785752	153
0.10895780785609	0.350714860686515	148
-0.01984506431962	0.578779752990184	2756
0.10328279028361	0.353197314225222	176
0.10826925398621	0.351630194981725	176
-0.0252346917202799	0.58191737664116	176
0.08042337020513	0.656400453451052	140
0.10826925398621	0.351630194981725	176
-0.0161564891964301	0.576700733308464	176
0.10826925398621	0.351630194981725	176
0.11092586756108	0.350415838742694	176
0.10826925398621	0.351630194981725	176
0.10218335279232	0.353699707342604	176
0.10689134122138	0.351285302005725	148
0.0921410851526601	0.647122135526749	176
-0.10097297990146	1.11036197947246	148
0.10397890323872	0.352462565358244	140
-0.0199377346304801	0.578438416169099	1854
0.10895780785609	0.350714860686515	176
0.10716674266205	0.352132388893513	176
0.11092586756108	0.350415838742694	153
0.10218335279232	0.353699707342604	148
0.10287853396258	0.35296389743942	140
0.10218335279232	0.353699707342604	140
0.10716674266205	0.352132388893513	176
0.10579067361142	0.351785528543761	140
0.11230995697287	0.349325823144218	2497
0.10716674266205	0.352132388893513	176
0.10733312446004	0.351067215845013	140
0.09556671611999	0.996979764747436	140
0.10785437586757	0.351215554477081	176
0.10218335279232	0.353699707342604	235
0.10785437586757	0.351215554477081	235
0.10287853396258	0.35296389743942	148
0.10218335279232	0.353699707342604	148
0.10895780785609	0.350714860686515	148
0.10716674266205	0.352132388893513	148
0.10647884198302	0.352309794326609	140
0.10647884198302	0.352309794326609	148
0.10218335279232	0.353699707342604	140
0.10895780785609	0.350714860686515	148
0.11161804781962	0.350237547909829	1854
0.10758043184799	0.351807769829277	1854
0.10785437586757	0.351215554477081	153
0.10785437586757	0.351215554477081	235
0.08987186698926	0.649530308387677	148
0.11092586756108	0.350415838742694	148
0.10716674266205	0.352132388893513	148
-0.0693893747677601	2.38369982036416	140
0.10663361484863	0.351799503810815	148
0.10287853396258	0.35296389743942	148
0.10733312446004	0.351067215845013	148
0.0989630106853701	0.353478679518203	148
0.10716674266205	0.352132388893513	148
-0.0205075928915399	0.579490279223785	176
0.10258640259334	0.352883231159087	148
0.10647884198302	0.352309794326609	1460
0.08768915422257	0.651530929339694	176
-0.0161564891964301	0.576700733308464	176
0.0205580137244501	0.922824886840433	148
-0.10223598882381	1.11232655499359	148
0.01476171934563	0.92628580208521	176
-0.05453048421792	1.92668483698446	140
0.09324688884083	0.645906963789496	140
0.0623184043995499	1.21651225043327	140
0.07690306881286	1.80182778511324	140
0.04057737275403	1.4106808449012	148
0.01740895162471	0.925058813381335	176
-0.01984506431962	0.578779752990184	176
-0.0898233286005501	0.838147361322957	148
-0.02656840239241	0.58297122228144	140
-0.1004506520179	1.11046507241311	148
-0.08784425663655	0.838827240360376	176
0.02152490366363	0.922273858660409	148
-0.0200434839469901	0.578549734222855	235
0.0510670163023299	1.63590859735765	176
0.08987186698926	0.649530308387677	176
-0.10202457277392	2.0673640883637	148
0.0823073157091701	0.654612114470796	140
0.00181956241043002	1.62212563046573	176
0.10689134122138	0.351285302005725	235
0.11161804781962	0.350237547909829	148
0.10895780785609	0.350714860686515	176
0.10218335279232	0.353699707342604	176
0.0950505422410799	0.64457218511105	235
0.10647884198302	0.352309794326609	148
0.10716674266205	0.352132388893513	148
0.10663361484863	0.351799503810815	176
0.11161804781962	0.350237547909829	140
0.10647884198302	0.352309794326609	235
-0.09078606510844	1.0971315084301	148
0.0896657887737	0.649980701034027	140
0.10647884198302	0.352309794326609	140
0.08768915422257	0.651530929339694	140
-0.0272357610266101	0.58293567232368	140
-0.08271050353359	0.836458145602786	235
-0.11139241147959	1.7544695207119	176
0.10785437586757	0.351215554477081	176
0.08876235876415	0.650754614292679	235
-0.02960390710866	0.58447674818335	140
-0.0029910393855701	1.16568066704153	140
0.11161804781962	0.350237547909829	140
0.10826925398621	0.351630194981725	140
-0.0256210160689501	0.583695327776066	140
0.08487211935683	0.654515958017152	140
0.02792001963859	2.28184496671431	176
0.0880395164151999	0.652449440273683	176
0.07945176046695	2.00635171119047	140
0.0588515595286201	1.21951170692601	140
0.10148416180808	0.990868882308573	140
-0.11368268467532	2.25307639197833	140
-0.01898917918035	0.579150144945583	176
0.10637556399918	1.71015819093831	140
-0.0850832455039401	0.836331276164506	140
0.0422206708670401	1.79122328706088	140
0.10218335279232	0.353699707342604	176
0.0709622331545301	2.13654754038555	140
-0.07849590914857	0.833815212107253	140
0.08744256824582	1.00496981822295	140
0.10218335279232	0.353699707342604	440
0.10218335279232	0.353699707342604	1337
0.10328279028361	0.353197314225222	140
-0.02836237568194	1.39135135440241	176
0.10895780785609	0.350714860686515	1510
-0.02032538013449	0.58045220816518	140
0.07087299038783	1.82347417225204	140
0.0732165723084499	0.65690061987026	440
-0.10604862199475	1.9178904732913	176
-0.0545703038452701	2.07182814735709	140
0.03373531028911	1.42301548911528	2884
0.094498743992	0.645307607362446	140
0.0267654325128901	0.916367548353236	140
-0.08323897166025	0.836854548113291	633
0.0907743109538099	0.648758219491063	440
-0.10282402250224	1.34819276061817	140
0.01433337006405	1.60850098837539	440
0.06305426122115	1.9585535958376	176
-0.00677257409570009	1.79050981563854	633
0.11092586756108	0.350415838742694	140
0.10733312446004	0.351067215845013	140
0.05761857431322	1.22476786659041	176
-0.09894391592169	1.34368414250714	140
-0.0206064013082601	0.579256545559091	140
0.0581766988138399	1.21846430418429	221
-0.0736973893412001	2.26323008304725	2884
0.10218335279232	0.353699707342604	140
0.10328279028361	0.353197314225222	140
0.10287853396258	0.35296389743942	140
0.0878589542234101	0.649782359675678	176
-0.09818970079986	1.10806467480942	176
0.0795224266797201	0.655409398711473	140
0.10328279028361	0.353197314225222	440
0.0295942500439399	0.910572681554665	140
-0.0214546059215199	0.580072466612979	140
0.11092586756108	0.350415838742694	176
0.0901897316587701	2.05922971525251	235
-0.0251626552633499	0.580620515914332	235
-0.0264839353201201	0.581300229956136	140
-0.0788059950000399	0.833098851203486	440
0.10287853396258	0.35296389743942	176
0.0646614657050999	1.213303806471	176
0.11717018044154	1.24583661407434	140
-0.0754377141162801	0.826425382475358	160
-0.07827948283135	0.83183831932133	176
-0.0990782379613	1.34114534900177	176
-0.0159658468396999	1.17871743581579	2884
-0.0309320665117701	0.585162590702791	235
-0.0977191267817501	1.10758811364727	140
-0.02744570089723	1.56020797161367	2884
0.09004342972879	0.649546766482322	2884
0.09775166005935	0.997792030955	140
-0.01937561527664	0.578362564289604	633
-0.07035646601997	0.825248140293113	140
0.0916767780246299	0.64637927008539	140
-0.01748807245685	0.577364796631369	140
-0.03187679840853	0.584437589685732	176
-0.0378415343395899	1.58405097322101	160
-0.0192694043853101	0.576919618359868	176
-0.0759628662307099	0.827199952065694	140
0.10101566082672	0.991006119895259	140
0.10785437586757	0.351215554477081	160
0.10148789770049	0.353384284502155	176
0.09815668932982	1.84903446688314	2884
-0.01095626605947	1.17446627611185	140
0.10218335279232	0.353699707342604	440
0.03293513430714	1.42487755690963	176
0.10218335279232	0.353699707342604	176
-0.0985703076584901	1.10481604841246	140
-0.10077024601621	1.11023969048096	140
-0.03948603351004	1.58337380526875	2884
0.0130141426656101	0.929100395167138	2884
-0.02676803648149	0.581766483346834	933
-0.02099398512007	0.58063946719774	2884
-0.02079133119985	0.57936096462064	176
0.0841343437690301	0.654257008970129	235
0.11230995697287	0.349325823144218	1364
-0.02428878983577	0.582639355082303	140
0.10218335279232	0.353699707342604	140
0.10716674266205	0.352132388893513	176
0.10218335279232	0.353699707342604	235
0.10716674266205	0.352132388893513	2884
0.09004342972879	0.649546766482322	235
0.11161804781962	0.350237547909829	140
0.10647884198302	0.352309794326609	1364
0.10716674266205	0.352132388893513	633
0.10758043184799	0.351807769829277	633
0.02516710692654	0.915945725286258	440
-0.0145422476842101	0.575306259165605	1591
0.10647884198302	0.352309794326609	235
0.02484190345592	0.919483883144089	1364
0.09390967967812	0.353808839268374	933
0.10716674266205	0.352132388893513	235
-0.0520479704638499	1.9166700953135	2884
0.0921410851526601	0.647122135526749	1585
-0.10849651675407	1.55645885624072	1591
0.10218335279232	0.353699707342604	1591
-0.0220487555034701	1.38412378182843	235
-0.02428878983577	0.582639355082303	616
0.11092586756108	0.350415838742694	235
0.0869425214470301	0.649556106245305	235
0.10647884198302	0.352309794326609	616
-0.02495473558411	0.58335694060492	140
0.12127018278334	1.24005226598865	140
0.0958661073715401	0.642701436121446	235
-0.0252346917202799	0.58191737664116	235
-0.0188159427408101	1.95966264758471	616
-0.0383676739154499	1.58103040158844	616
-0.03481618444937	1.5791137964428	616
0.09269410012819	0.646644202235759	1585
-0.04995238315525	1.76544343554765	140
0.0830339831393301	0.654977959690159	140
-0.0246738993289199	0.581595777089794	235
-0.108437823472	1.56399489028023	3593
-0.10825983487739	1.35616563056434	616
0.02104272212667	0.922873470954488	616
0.08451485585493	1.010022349853	3183
0.10826925398621	0.351630194981725	140
-0.0161564891964301	0.576700733308464	1591
0.10758043184799	0.351807769829277	1591
0.10758043184799	0.351807769829277	235
0.10716674266205	0.352132388893513	235
-0.01587168520504	0.57659573259799	2347
-0.03762285405042	1.58483280188402	2347
-0.0211704534369199	0.579825727743365	2347
-0.10663052883658	1.55802584221854	3183
0.0793186645478301	0.657843294254402	1585
0.08748786869031	0.652520255624373	2347
-0.10751482802854	2.38403347452224	616
0.10716674266205	0.352132388893513	1591
0.09716291462318	0.354221264198155	1591
-0.01217416461809	1.17566095107634	1591
-0.10038820406974	2.06395066019507	3183
0.10148789770049	0.353384284502155	1591
0.10579067361142	0.351785528543761	1591
-0.0211704534369199	0.579825727743365	1902
-0.0148287721490901	1.36582879769325	140
-0.0583372241339699	1.93041407596587	1694
-0.11508077994754	2.25526817190864	140
-0.02099398512007	0.58063946719774	1694
0.08968212735106	1.97697803640085	1591
0.10826925398621	0.351630194981725	1591
0.05839253768264	1.22052385796569	140
0.0896657887737	0.649980701034027	1694
-0.0219447451608401	0.579924971604282	1902
-0.0723590709554201	2.1118448551338	235
-0.0205075928915399	0.579490279223785	1694
0.10328279028361	0.353197314225222	1694
0.10397890323872	0.352462565358244	1694
0.06315394009424	1.61730088749186	235
0.10579067361142	0.351785528543761	521
-0.0145422476842101	0.575306259165605	1694
0.0982592360254899	0.353721534917221	1694
-0.09812831618078	1.33454335846531	235
0.0517252473116501	1.63863220498681	140
0.0816396550310701	1.44380934682696	140
0.0178956857389101	0.925718367547389	1694
-0.0152067997466201	0.576118661909323	1045
0.10785437586757	0.351215554477081	1694
0.11348316790159	1.48957863338913	140
0.10716674266205	0.352132388893513	1694
0.01565477537474	2.21355651767508	235
0.10733312446004	0.351067215845013	1045
-0.0252346917202799	0.58191737664116	521
0.10826925398621	0.351630194981725	1045
0.10716674266205	0.352132388893513	1045
0.03435154088548	2.26723451875173	140
0.10785437586757	0.351215554477081	235
0.10287853396258	0.35296389743942	1694
0.0773100992131399	0.656859795767195	140
0.0844672417327501	0.64806427932237	140
0.10663361484863	0.351799503810815	1045
0.00551341732000998	1.14832589057657	140
-0.0115165152619101	1.17399915543775	235
0.10758043184799	0.351807769829277	140
-0.0986848005076999	1.10817974753552	140
0.10785437586757	0.351215554477081	235
0.11230995697287	0.349325823144218	140
-0.04796251579214	1.75727343295142	140
0.04302055253057	1.79069695200479	140
-0.0219447451608401	0.579924971604282	140
0.11092586756108	0.350415838742694	140
-0.0574846828054001	2.08223988658017	140
-0.01965711158767	0.579970689675105	140
-0.02261442293622	0.579780704461	140
0.0314410966842	0.904537904611665	235
-0.02099398512007	0.58063946719774	521
0.11023341597372	0.349898349308083	140
0.10785437586757	0.351215554477081	521
0.10397890323872	0.352462565358244	235
-0.04791304998229	2.42964769296229	140
0.0997493319896801	1.83993993793146	140
0.10895780785609	0.350714860686515	5082
0.10716674266205	0.352132388893513	140
0.10716674266205	0.352132388893513	140
0.10758043184799	0.351807769829277	140
-0.00579731799328997	1.16807411767875	140
-0.0767917317365301	0.828418824522184	235
0.10785437586757	0.351215554477081	235
0.11161804781962	0.350237547909829	140
0.11092586756108	0.350415838742694	140
-0.06496898444184	1.94900294854823	140
0.01796486241244	1.58981170610562	140
-0.0624740322834001	2.09004553563471	140
0.10826925398621	0.351630194981725	235
0.0683660597147899	1.20570617870746	140
0.0900151349515701	0.647831785542205	140
-0.0913972134001599	1.09789518646574	140
0.08952435262926	0.647487705237952	140
-0.02656840239241	0.58297122228144	140
0.11161804781962	0.350237547909829	541
0.10328279028361	0.353197314225222	541
0.10328279028361	0.353197314225222	235
0.10328279028361	0.353197314225222	235
0.10218335279232	0.353699707342604	541
0.08876235876415	0.650754614292679	140
0.02822922680217	1.81836432912053	140
-0.0420933564921799	2.41896918251112	140
0.0464602241316401	2.00202263552625	140
-0.1037457385046	1.11224010602349	140
0.10826925398621	0.351630194981725	140
0.11023341597372	0.349898349308083	140
0.10647884198302	0.352309794326609	140
0.11161804781962	0.350237547909829	235
-0.10520810474624	1.11538494733139	140
0.0905692428887701	0.647595041048012	140
-0.10172833273005	2.0661957909345	140
0.10287853396258	0.35296389743942	140
0.10826925398621	0.351630194981725	140
0.0795540675665001	1.44882191430549	140
-0.05153554092056	1.76627043539847	140
0.0644048721274699	1.20900350347949	140
0.02484190345592	0.919483883144089	140
0.0242021101282099	0.916495577401371	140
0.10895780785609	0.350714860686515	2481
0.0035100741157299	1.14859204238639	140
0.10647884198302	0.352309794326609	2481
-0.0707480146886399	0.823705980665358	140
-0.02183364624937	0.579789745439092	140
-0.09306102821023	1.10282344244005	140
-0.01359540170806	2.08067463797259	140
-0.02267829016192	0.579106936023567	140
0.10161201644474	0.352326436107844	140
-0.0917232792259099	1.09695177150974	140
0.0646357836043201	2.45933206469245	140
0.0212099340002601	0.923325318240281	140
-0.0168221136840501	0.577178479347997	140
0.0830339831393301	0.654977959690159	140
-0.0169585072237799	1.36876963138322	1099
0.10218335279232	0.353699707342604	140
0.10826925398621	0.351630194981725	1099
0.10826925398621	0.351630194981725	1099
0.10785437586757	0.351215554477081	140
-0.0740552567697299	0.829740364208364	140
-0.02656840239241	0.58297122228144	140
0.11230995697287	0.349325823144218	140
0.11230995697287	0.349325823144218	1920
0.10758043184799	0.351807769829277	140
0.10663361484863	0.351799503810815	1920
0.10218335279232	0.353699707342604	1099
-0.00518727804357	1.15976100792629	140
0.11161804781962	0.350237547909829	140
0.10647884198302	0.352309794326609	275
0.10647884198302	0.352309794326609	140
0.10689134122138	0.351285302005725	1099
0.10895780785609	0.350714860686515	140
0.10593382759709	0.35148923313409	140
-0.00895348459855994	1.1690695789698	140
0.10647884198302	0.352309794326609	140
0.11161804781962	0.350237547909829	1312
0.10663361484863	0.351799503810815	140
-0.0205075928915399	0.579490279223785	140
0.05165529333754	1.64160298177219	140
0.10647884198302	0.352309794326609	140
0.11972124316971	1.68698304055026	140
0.10826925398621	0.351630194981725	140
